🚀 VERONA CARD - GEOM + TEMPORAL + CLUSTER VERSION
================================================
⚠️ ATTENZIONE: Questo script aspetterà INDEFINITAMENTE il caricamento
Job ID: 23741937
Nodo: lrdn2572.leonardo.local
Data: Sat Nov  1 07:37:53 CET 2025

📦 Setup ambiente HPC...
Loading python/3.11.6--gcc--8.5.0
  Loading requirement: bzip2/1.0.8-gp5wcz5 libmd/1.0.4-wja3f5q
    libbsd/0.11.7-cgxjopl expat/2.5.0-bptl3xw ncurses/6.4-asx3jea
    readline/8.2-nyw6mp6 gdbm/1.23-fs6otck libiconv/1.17-d7yvx2s
    xz/5.4.1-hubmwr5 zlib-ng/2.1.4-6htiapk libxml2/2.10.3-5eeeokp
    pigz/2.7-bopr5vp zstd/1.5.5-gawytfl tar/1.34-amqus5s gettext/0.22.3-2g7elif
    libffi/3.4.4-6r7brdq libxcrypt/4.4.35-ss2rzin sqlite/3.43.2
    util-linux-uuid/2.38.1-jkdi7kv
✅ Python: Python 3.11.6
✅ CUDA: Cuda compilation tools, release 12.3, V12.3.103

🔍 GPU DETECTION:
0, NVIDIA A100-SXM-64GB, 65536 MiB, 42
1, NVIDIA A100-SXM-64GB, 65536 MiB, 42
2, NVIDIA A100-SXM-64GB, 65536 MiB, 44
3, NVIDIA A100-SXM-64GB, 65536 MiB, 42

📁 Directory temporanea: /leonardo_work/IscrC_LLM-Mob/tmp_ollama_23741937
💾 Spazio disponibile: 670GB

🧹 Cleanup preventivo...

🚀 AVVIO SISTEMA OLLAMA
========================

🔧 Avvio GPU 0 su porta 39001...
✅ GPU 0 PID: 78112 (NO TIMEOUT)
⏳ GPU 0 è MASTER - attesa caricamento modello SENZA LIMITI...
   🌐 API risponde, test modello...
   ⚠️ Modello non trovato, potrebbe essere in download...
   🌐 API risponde, test modello...
   ⚠️ Modello non trovato, potrebbe essere in download...
   🌐 API risponde, test modello...
   ⚠️ Modello non trovato, potrebbe essere in download...
   🌐 API risponde, test modello...
   ⚠️ Modello non trovato, potrebbe essere in download...
   🌐 API risponde, test modello...
   ⚠️ Modello non trovato, potrebbe essere in download...
   🌐 API risponde, test modello...
   ⚠️ Modello non trovato, potrebbe essere in download...
   🌐 API risponde, test modello...
   ⚠️ Modello non trovato, potrebbe essere in download...
   🌐 API risponde, test modello...
   ⚠️ Modello non trovato, potrebbe essere in download...
   🌐 API risponde, test modello...
   ⚠️ Modello non trovato, potrebbe essere in download...
   🌐 API risponde, test modello...
   ⚠️ Modello non trovato, potrebbe essere in download...
   ⏳ Tentativo 10 - GPU 0 ancora in caricamento...
   📊 Memoria GPU:
4 MiB, 65536 MiB
   🌐 API risponde, test modello...
   ⚠️ Modello non trovato, potrebbe essere in download...
   🌐 API risponde, test modello...
   ⚠️ Modello non trovato, potrebbe essere in download...
   🌐 API risponde, test modello...
   ⚠️ Modello non trovato, potrebbe essere in download...
   🌐 API risponde, test modello...
   ⚠️ Modello non trovato, potrebbe essere in download...
   🌐 API risponde, test modello...
   ⚠️ Modello non trovato, potrebbe essere in download...
   🌐 API risponde, test modello...
   ⚠️ Modello non trovato, potrebbe essere in download...
   🌐 API risponde, test modello...
   ⚠️ Modello non trovato, potrebbe essere in download...
   🌐 API risponde, test modello...
   ⚠️ Modello non trovato, potrebbe essere in download...
   🌐 API risponde, test modello...
   ⚠️ Modello non trovato, potrebbe essere in download...
   🌐 API risponde, test modello...
   ⚠️ Modello non trovato, potrebbe essere in download...
   ⏳ Tentativo 20 - GPU 0 ancora in caricamento...
   📊 Memoria GPU:
4 MiB, 65536 MiB
   🌐 API risponde, test modello...
   ⚠️ Modello non trovato, potrebbe essere in download...
   🌐 API risponde, test modello...
   ⚠️ Modello non trovato, potrebbe essere in download...
   🌐 API risponde, test modello...
   ⚠️ Modello non trovato, potrebbe essere in download...
   🌐 API risponde, test modello...
   ⚠️ Modello non trovato, potrebbe essere in download...
   🌐 API risponde, test modello...
   ⚠️ Modello non trovato, potrebbe essere in download...
   🌐 API risponde, test modello...
   ⚠️ Modello non trovato, potrebbe essere in download...
   🌐 API risponde, test modello...
   ⚠️ Modello non trovato, potrebbe essere in download...
   🌐 API risponde, test modello...
   ⚠️ Modello non trovato, potrebbe essere in download...
   🌐 API risponde, test modello...
   ⚠️ Modello non trovato, potrebbe essere in download...
   🌐 API risponde, test modello...
   ⚠️ Modello non trovato, potrebbe essere in download...
   ⏳ Tentativo 30 - GPU 0 ancora in caricamento...
   📊 Memoria GPU:
4 MiB, 65536 MiB
   🌐 API risponde, test modello...
   ⚠️ Modello non trovato, potrebbe essere in download...
   🌐 API risponde, test modello...
   ⚠️ Modello non trovato, potrebbe essere in download...
   🌐 API risponde, test modello...
   ⚠️ Modello non trovato, potrebbe essere in download...
   🌐 API risponde, test modello...
   ⚠️ Modello non trovato, potrebbe essere in download...
   🌐 API risponde, test modello...
   ⚠️ Modello non trovato, potrebbe essere in download...
   🌐 API risponde, test modello...
   ⚠️ Modello non trovato, potrebbe essere in download...
   🌐 API risponde, test modello...
   ⚠️ Modello non trovato, potrebbe essere in download...
   🌐 API risponde, test modello...
   ⚠️ Modello non trovato, potrebbe essere in download...
   🌐 API risponde, test modello...
   ⚠️ Modello non trovato, potrebbe essere in download...
   🌐 API risponde, test modello...
   ⚠️ Modello non trovato, potrebbe essere in download...
   ⏳ Tentativo 40 - GPU 0 ancora in caricamento...
   📊 Memoria GPU:
4 MiB, 65536 MiB
   🌐 API risponde, test modello...
   ⚠️ Modello non trovato, potrebbe essere in download...
   🌐 API risponde, test modello...
   ⚠️ Modello non trovato, potrebbe essere in download...
   🌐 API risponde, test modello...
   ⚠️ Modello non trovato, potrebbe essere in download...
   🌐 API risponde, test modello...
   ⚠️ Modello non trovato, potrebbe essere in download...
   🌐 API risponde, test modello...
   ⚠️ Modello non trovato, potrebbe essere in download...
   🌐 API risponde, test modello...
   ⚠️ Modello non trovato, potrebbe essere in download...
   🌐 API risponde, test modello...
   ⚠️ Modello non trovato, potrebbe essere in download...
   🌐 API risponde, test modello...
   ⚠️ Modello non trovato, potrebbe essere in download...
   🌐 API risponde, test modello...
   ⚠️ Modello non trovato, potrebbe essere in download...
   🌐 API risponde, test modello...
   ⚠️ Modello non trovato, potrebbe essere in download...
   ⏳ Tentativo 50 - GPU 0 ancora in caricamento...
   📊 Memoria GPU:
4 MiB, 65536 MiB
   🌐 API risponde, test modello...
   ⚠️ Modello non trovato, potrebbe essere in download...
   🌐 API risponde, test modello...
   ⚠️ Modello non trovato, potrebbe essere in download...
   🌐 API risponde, test modello...
   ⚠️ Modello non trovato, potrebbe essere in download...
   🌐 API risponde, test modello...
   ⚠️ Modello non trovato, potrebbe essere in download...
   🌐 API risponde, test modello...
   ⚠️ Modello non trovato, potrebbe essere in download...
   🌐 API risponde, test modello...
   ⚠️ Modello non trovato, potrebbe essere in download...
   🌐 API risponde, test modello...
   ⚠️ Modello non trovato, potrebbe essere in download...
   🌐 API risponde, test modello...
   ⚠️ Modello non trovato, potrebbe essere in download...
   🌐 API risponde, test modello...
   ⚠️ Modello non trovato, potrebbe essere in download...
   🌐 API risponde, test modello...
   ⚠️ Modello non trovato, potrebbe essere in download...
   ⏳ Tentativo 60 - GPU 0 ancora in caricamento...
   📊 Memoria GPU:
4 MiB, 65536 MiB
   🌐 API risponde, test modello...
   ⚠️ Modello non trovato, potrebbe essere in download...
   ⚠️ GPU 0 impiega più di 30 minuti...
   Continuo ad aspettare (Ctrl+C per interrompere)...
   🌐 API risponde, test modello...
   ⚠️ Modello non trovato, potrebbe essere in download...
   ⚠️ GPU 0 impiega più di 30 minuti...
   Continuo ad aspettare (Ctrl+C per interrompere)...
   🌐 API risponde, test modello...
   ⚠️ Modello non trovato, potrebbe essere in download...
   ⚠️ GPU 0 impiega più di 30 minuti...
   Continuo ad aspettare (Ctrl+C per interrompere)...
   🌐 API risponde, test modello...
   ⚠️ Modello non trovato, potrebbe essere in download...
   ⚠️ GPU 0 impiega più di 30 minuti...
   Continuo ad aspettare (Ctrl+C per interrompere)...
   🌐 API risponde, test modello...
   ⚠️ Modello non trovato, potrebbe essere in download...
   ⚠️ GPU 0 impiega più di 30 minuti...
   Continuo ad aspettare (Ctrl+C per interrompere)...
   🌐 API risponde, test modello...
   ⚠️ Modello non trovato, potrebbe essere in download...
   ⚠️ GPU 0 impiega più di 30 minuti...
   Continuo ad aspettare (Ctrl+C per interrompere)...
   🌐 API risponde, test modello...
   ⚠️ Modello non trovato, potrebbe essere in download...
   ⚠️ GPU 0 impiega più di 30 minuti...
   Continuo ad aspettare (Ctrl+C per interrompere)...
   🌐 API risponde, test modello...
   ⚠️ Modello non trovato, potrebbe essere in download...
   ⚠️ GPU 0 impiega più di 30 minuti...
   Continuo ad aspettare (Ctrl+C per interrompere)...
   🌐 API risponde, test modello...
   ⚠️ Modello non trovato, potrebbe essere in download...
   ⚠️ GPU 0 impiega più di 30 minuti...
   Continuo ad aspettare (Ctrl+C per interrompere)...
   🌐 API risponde, test modello...
   ⚠️ Modello non trovato, potrebbe essere in download...
   ⏳ Tentativo 70 - GPU 0 ancora in caricamento...
   📊 Memoria GPU:
4 MiB, 65536 MiB
   ⚠️ GPU 0 impiega più di 30 minuti...
   Continuo ad aspettare (Ctrl+C per interrompere)...
   🌐 API risponde, test modello...
   ⚠️ Modello non trovato, potrebbe essere in download...
   ⚠️ GPU 0 impiega più di 30 minuti...
   Continuo ad aspettare (Ctrl+C per interrompere)...
   🌐 API risponde, test modello...
   ⚠️ Modello non trovato, potrebbe essere in download...
   ⚠️ GPU 0 impiega più di 30 minuti...
   Continuo ad aspettare (Ctrl+C per interrompere)...
   🌐 API risponde, test modello...
   ⚠️ Modello non trovato, potrebbe essere in download...
   ⚠️ GPU 0 impiega più di 30 minuti...
   Continuo ad aspettare (Ctrl+C per interrompere)...
   🌐 API risponde, test modello...
   ⚠️ Modello non trovato, potrebbe essere in download...
   ⚠️ GPU 0 impiega più di 30 minuti...
   Continuo ad aspettare (Ctrl+C per interrompere)...
   🌐 API risponde, test modello...
   ⚠️ Modello non trovato, potrebbe essere in download...
   ⚠️ GPU 0 impiega più di 30 minuti...
   Continuo ad aspettare (Ctrl+C per interrompere)...
   🌐 API risponde, test modello...
   ⚠️ Modello non trovato, potrebbe essere in download...
   ⚠️ GPU 0 impiega più di 30 minuti...
   Continuo ad aspettare (Ctrl+C per interrompere)...
   🌐 API risponde, test modello...
   ⚠️ Modello non trovato, potrebbe essere in download...
   ⚠️ GPU 0 impiega più di 30 minuti...
   Continuo ad aspettare (Ctrl+C per interrompere)...
   🌐 API risponde, test modello...
   ⚠️ Modello non trovato, potrebbe essere in download...
   ⚠️ GPU 0 impiega più di 30 minuti...
   Continuo ad aspettare (Ctrl+C per interrompere)...
   🌐 API risponde, test modello...
   ⚠️ Modello non trovato, potrebbe essere in download...
   ⚠️ GPU 0 impiega più di 30 minuti...
   Continuo ad aspettare (Ctrl+C per interrompere)...
   🌐 API risponde, test modello...
   ⚠️ Modello non trovato, potrebbe essere in download...
   ⏳ Tentativo 80 - GPU 0 ancora in caricamento...
   📊 Memoria GPU:
4 MiB, 65536 MiB
   ⚠️ GPU 0 impiega più di 30 minuti...
   Continuo ad aspettare (Ctrl+C per interrompere)...
   🌐 API risponde, test modello...
   ⚠️ Modello non trovato, potrebbe essere in download...
   ⚠️ GPU 0 impiega più di 30 minuti...
   Continuo ad aspettare (Ctrl+C per interrompere)...
   🌐 API risponde, test modello...
   ⚠️ Modello non trovato, potrebbe essere in download...
   ⚠️ GPU 0 impiega più di 30 minuti...
   Continuo ad aspettare (Ctrl+C per interrompere)...
   🌐 API risponde, test modello...
   ⚠️ Modello non trovato, potrebbe essere in download...
   ⚠️ GPU 0 impiega più di 30 minuti...
   Continuo ad aspettare (Ctrl+C per interrompere)...
   🌐 API risponde, test modello...
   ⚠️ Modello non trovato, potrebbe essere in download...
   ⚠️ GPU 0 impiega più di 30 minuti...
   Continuo ad aspettare (Ctrl+C per interrompere)...
   🌐 API risponde, test modello...
   ⚠️ Modello non trovato, potrebbe essere in download...
   ⚠️ GPU 0 impiega più di 30 minuti...
   Continuo ad aspettare (Ctrl+C per interrompere)...
   🌐 API risponde, test modello...
   ⚠️ Modello non trovato, potrebbe essere in download...
   ⚠️ GPU 0 impiega più di 30 minuti...
   Continuo ad aspettare (Ctrl+C per interrompere)...
   🌐 API risponde, test modello...
   ⚠️ Modello non trovato, potrebbe essere in download...
   ⚠️ GPU 0 impiega più di 30 minuti...
   Continuo ad aspettare (Ctrl+C per interrompere)...
   🌐 API risponde, test modello...
   ⚠️ Modello non trovato, potrebbe essere in download...
   ⚠️ GPU 0 impiega più di 30 minuti...
   Continuo ad aspettare (Ctrl+C per interrompere)...
   🌐 API risponde, test modello...
   ⚠️ Modello non trovato, potrebbe essere in download...
   ⚠️ GPU 0 impiega più di 30 minuti...
   Continuo ad aspettare (Ctrl+C per interrompere)...
   🌐 API risponde, test modello...
   ⚠️ Modello non trovato, potrebbe essere in download...
   ⏳ Tentativo 90 - GPU 0 ancora in caricamento...
   📊 Memoria GPU:
4 MiB, 65536 MiB
   ⚠️ GPU 0 impiega più di 30 minuti...
   Continuo ad aspettare (Ctrl+C per interrompere)...
   🌐 API risponde, test modello...
   ⚠️ Modello non trovato, potrebbe essere in download...
   ⚠️ GPU 0 impiega più di 30 minuti...
   Continuo ad aspettare (Ctrl+C per interrompere)...
   🌐 API risponde, test modello...
   ⚠️ Modello non trovato, potrebbe essere in download...
   ⚠️ GPU 0 impiega più di 30 minuti...
   Continuo ad aspettare (Ctrl+C per interrompere)...
   🌐 API risponde, test modello...
   ⚠️ Modello non trovato, potrebbe essere in download...
   ⚠️ GPU 0 impiega più di 30 minuti...
   Continuo ad aspettare (Ctrl+C per interrompere)...
   🌐 API risponde, test modello...
   ⚠️ Modello non trovato, potrebbe essere in download...
   ⚠️ GPU 0 impiega più di 30 minuti...
   Continuo ad aspettare (Ctrl+C per interrompere)...
   🌐 API risponde, test modello...
   ⚠️ Modello non trovato, potrebbe essere in download...
   ⚠️ GPU 0 impiega più di 30 minuti...
   Continuo ad aspettare (Ctrl+C per interrompere)...
   🌐 API risponde, test modello...
   ⚠️ Modello non trovato, potrebbe essere in download...
   ⚠️ GPU 0 impiega più di 30 minuti...
   Continuo ad aspettare (Ctrl+C per interrompere)...
   🌐 API risponde, test modello...
   ⚠️ Modello non trovato, potrebbe essere in download...
   ⚠️ GPU 0 impiega più di 30 minuti...
   Continuo ad aspettare (Ctrl+C per interrompere)...
   🌐 API risponde, test modello...
   ⚠️ Modello non trovato, potrebbe essere in download...
   ⚠️ GPU 0 impiega più di 30 minuti...
   Continuo ad aspettare (Ctrl+C per interrompere)...
   🌐 API risponde, test modello...
   ⚠️ Modello non trovato, potrebbe essere in download...
   ⚠️ GPU 0 impiega più di 30 minuti...
   Continuo ad aspettare (Ctrl+C per interrompere)...
   🌐 API risponde, test modello...
   ⚠️ Modello non trovato, potrebbe essere in download...
   ⏳ Tentativo 100 - GPU 0 ancora in caricamento...
   📊 Memoria GPU:
4 MiB, 65536 MiB
   ⚠️ GPU 0 impiega più di 30 minuti...
   Continuo ad aspettare (Ctrl+C per interrompere)...
   🌐 API risponde, test modello...
   ⚠️ Modello non trovato, potrebbe essere in download...
   ⚠️ GPU 0 impiega più di 30 minuti...
   Continuo ad aspettare (Ctrl+C per interrompere)...
   🌐 API risponde, test modello...
   ⚠️ Modello non trovato, potrebbe essere in download...
   ⚠️ GPU 0 impiega più di 30 minuti...
   Continuo ad aspettare (Ctrl+C per interrompere)...
   🌐 API risponde, test modello...
   ⚠️ Modello non trovato, potrebbe essere in download...
   ⚠️ GPU 0 impiega più di 30 minuti...
   Continuo ad aspettare (Ctrl+C per interrompere)...
   🌐 API risponde, test modello...
   ⚠️ Modello non trovato, potrebbe essere in download...
   ⚠️ GPU 0 impiega più di 30 minuti...
   Continuo ad aspettare (Ctrl+C per interrompere)...
   🌐 API risponde, test modello...
   ⚠️ Modello non trovato, potrebbe essere in download...
   ⚠️ GPU 0 impiega più di 30 minuti...
   Continuo ad aspettare (Ctrl+C per interrompere)...
   🌐 API risponde, test modello...
   ⚠️ Modello non trovato, potrebbe essere in download...
   ⚠️ GPU 0 impiega più di 30 minuti...
   Continuo ad aspettare (Ctrl+C per interrompere)...
   🌐 API risponde, test modello...
   ⚠️ Modello non trovato, potrebbe essere in download...
   ⚠️ GPU 0 impiega più di 30 minuti...
   Continuo ad aspettare (Ctrl+C per interrompere)...
   🌐 API risponde, test modello...
   ⚠️ Modello non trovato, potrebbe essere in download...
   ⚠️ GPU 0 impiega più di 30 minuti...
   Continuo ad aspettare (Ctrl+C per interrompere)...
   🌐 API risponde, test modello...
   ⚠️ Modello non trovato, potrebbe essere in download...
   ⚠️ GPU 0 impiega più di 30 minuti...
   Continuo ad aspettare (Ctrl+C per interrompere)...
   🌐 API risponde, test modello...
   ⚠️ Modello non trovato, potrebbe essere in download...
   ⏳ Tentativo 110 - GPU 0 ancora in caricamento...
   📊 Memoria GPU:
4 MiB, 65536 MiB
   ⚠️ GPU 0 impiega più di 30 minuti...
   Continuo ad aspettare (Ctrl+C per interrompere)...
   🌐 API risponde, test modello...
   ⚠️ Modello non trovato, potrebbe essere in download...
   ⚠️ GPU 0 impiega più di 30 minuti...
   Continuo ad aspettare (Ctrl+C per interrompere)...
   🌐 API risponde, test modello...
   ⚠️ Modello non trovato, potrebbe essere in download...
   ⚠️ GPU 0 impiega più di 30 minuti...
   Continuo ad aspettare (Ctrl+C per interrompere)...
   🌐 API risponde, test modello...
   ⚠️ Modello non trovato, potrebbe essere in download...
   ⚠️ GPU 0 impiega più di 30 minuti...
   Continuo ad aspettare (Ctrl+C per interrompere)...
   🌐 API risponde, test modello...
   ⚠️ Modello non trovato, potrebbe essere in download...
   ⚠️ GPU 0 impiega più di 30 minuti...
   Continuo ad aspettare (Ctrl+C per interrompere)...
   🌐 API risponde, test modello...
   ⚠️ Modello non trovato, potrebbe essere in download...
   ⚠️ GPU 0 impiega più di 30 minuti...
   Continuo ad aspettare (Ctrl+C per interrompere)...
   🌐 API risponde, test modello...
   ⚠️ Modello non trovato, potrebbe essere in download...
   ⚠️ GPU 0 impiega più di 30 minuti...
   Continuo ad aspettare (Ctrl+C per interrompere)...
   🌐 API risponde, test modello...
   ⚠️ Modello non trovato, potrebbe essere in download...
   ⚠️ GPU 0 impiega più di 30 minuti...
   Continuo ad aspettare (Ctrl+C per interrompere)...
   🌐 API risponde, test modello...
   ⚠️ Modello non trovato, potrebbe essere in download...
   ⚠️ GPU 0 impiega più di 30 minuti...
   Continuo ad aspettare (Ctrl+C per interrompere)...
   🌐 API risponde, test modello...
   ⚠️ Modello non trovato, potrebbe essere in download...
   ⚠️ GPU 0 impiega più di 30 minuti...
   Continuo ad aspettare (Ctrl+C per interrompere)...
   🌐 API risponde, test modello...
   ⚠️ Modello non trovato, potrebbe essere in download...
   ⏳ Tentativo 120 - GPU 0 ancora in caricamento...
   📊 Memoria GPU:
4 MiB, 65536 MiB
   ⚠️ GPU 0 impiega più di 30 minuti...
   Continuo ad aspettare (Ctrl+C per interrompere)...
   🌐 API risponde, test modello...
   ⚠️ Modello non trovato, potrebbe essere in download...
   ⚠️ GPU 0 impiega più di 30 minuti...
   Continuo ad aspettare (Ctrl+C per interrompere)...
   🌐 API risponde, test modello...
   ⚠️ Modello non trovato, potrebbe essere in download...
   ⚠️ GPU 0 impiega più di 30 minuti...
   Continuo ad aspettare (Ctrl+C per interrompere)...
   🌐 API risponde, test modello...
   ⚠️ Modello non trovato, potrebbe essere in download...
   ⚠️ GPU 0 impiega più di 30 minuti...
   Continuo ad aspettare (Ctrl+C per interrompere)...
   🌐 API risponde, test modello...
   ⚠️ Modello non trovato, potrebbe essere in download...
   ⚠️ GPU 0 impiega più di 30 minuti...
   Continuo ad aspettare (Ctrl+C per interrompere)...
   🌐 API risponde, test modello...
   ⚠️ Modello non trovato, potrebbe essere in download...
   ⚠️ GPU 0 impiega più di 30 minuti...
   Continuo ad aspettare (Ctrl+C per interrompere)...
   🌐 API risponde, test modello...
   ⚠️ Modello non trovato, potrebbe essere in download...
   ⚠️ GPU 0 impiega più di 30 minuti...
   Continuo ad aspettare (Ctrl+C per interrompere)...
   🌐 API risponde, test modello...
   ⚠️ Modello non trovato, potrebbe essere in download...
   ⚠️ GPU 0 impiega più di 30 minuti...
   Continuo ad aspettare (Ctrl+C per interrompere)...
   🌐 API risponde, test modello...
   ⚠️ Modello non trovato, potrebbe essere in download...
   ⚠️ GPU 0 impiega più di 30 minuti...
   Continuo ad aspettare (Ctrl+C per interrompere)...
   🌐 API risponde, test modello...
   ⚠️ Modello non trovato, potrebbe essere in download...
   ⚠️ GPU 0 impiega più di 30 minuti...
   Continuo ad aspettare (Ctrl+C per interrompere)...
   🌐 API risponde, test modello...
   ⚠️ Modello non trovato, potrebbe essere in download...
   ⏳ Tentativo 130 - GPU 0 ancora in caricamento...
   📊 Memoria GPU:
4 MiB, 65536 MiB
   ⚠️ GPU 0 impiega più di 30 minuti...
   Continuo ad aspettare (Ctrl+C per interrompere)...
   🌐 API risponde, test modello...
   ⚠️ Modello non trovato, potrebbe essere in download...
   ⚠️ GPU 0 impiega più di 30 minuti...
   Continuo ad aspettare (Ctrl+C per interrompere)...
   🌐 API risponde, test modello...
   ⚠️ Modello non trovato, potrebbe essere in download...
   ⚠️ GPU 0 impiega più di 30 minuti...
   Continuo ad aspettare (Ctrl+C per interrompere)...
   🌐 API risponde, test modello...
   ⚠️ Modello non trovato, potrebbe essere in download...
   ⚠️ GPU 0 impiega più di 30 minuti...
   Continuo ad aspettare (Ctrl+C per interrompere)...
   🌐 API risponde, test modello...
   ⚠️ Modello non trovato, potrebbe essere in download...
   ⚠️ GPU 0 impiega più di 30 minuti...
   Continuo ad aspettare (Ctrl+C per interrompere)...
   🌐 API risponde, test modello...
   ⚠️ Modello non trovato, potrebbe essere in download...
   ⚠️ GPU 0 impiega più di 30 minuti...
   Continuo ad aspettare (Ctrl+C per interrompere)...
   🌐 API risponde, test modello...
   ⚠️ Modello non trovato, potrebbe essere in download...
   ⚠️ GPU 0 impiega più di 30 minuti...
   Continuo ad aspettare (Ctrl+C per interrompere)...
   🌐 API risponde, test modello...
   ⚠️ Modello non trovato, potrebbe essere in download...
   ⚠️ GPU 0 impiega più di 30 minuti...
   Continuo ad aspettare (Ctrl+C per interrompere)...
   🌐 API risponde, test modello...
   ⚠️ Modello non trovato, potrebbe essere in download...
   ⚠️ GPU 0 impiega più di 30 minuti...
   Continuo ad aspettare (Ctrl+C per interrompere)...
   🌐 API risponde, test modello...
   ⚠️ Modello non trovato, potrebbe essere in download...
   ⚠️ GPU 0 impiega più di 30 minuti...
   Continuo ad aspettare (Ctrl+C per interrompere)...
   🌐 API risponde, test modello...
   ⚠️ Modello non trovato, potrebbe essere in download...
   ⏳ Tentativo 140 - GPU 0 ancora in caricamento...
   📊 Memoria GPU:
4 MiB, 65536 MiB
   ⚠️ GPU 0 impiega più di 30 minuti...
   Continuo ad aspettare (Ctrl+C per interrompere)...
   🌐 API risponde, test modello...
   ⚠️ Modello non trovato, potrebbe essere in download...
   ⚠️ GPU 0 impiega più di 30 minuti...
   Continuo ad aspettare (Ctrl+C per interrompere)...
   🌐 API risponde, test modello...
   ⚠️ Modello non trovato, potrebbe essere in download...
   ⚠️ GPU 0 impiega più di 30 minuti...
   Continuo ad aspettare (Ctrl+C per interrompere)...
   🌐 API risponde, test modello...
   ⚠️ Modello non trovato, potrebbe essere in download...
   ⚠️ GPU 0 impiega più di 30 minuti...
   Continuo ad aspettare (Ctrl+C per interrompere)...
   🌐 API risponde, test modello...
   ⚠️ Modello non trovato, potrebbe essere in download...
   ⚠️ GPU 0 impiega più di 30 minuti...
   Continuo ad aspettare (Ctrl+C per interrompere)...
   🌐 API risponde, test modello...
   ⚠️ Modello non trovato, potrebbe essere in download...
   ⚠️ GPU 0 impiega più di 30 minuti...
   Continuo ad aspettare (Ctrl+C per interrompere)...
   🌐 API risponde, test modello...
   ⚠️ Modello non trovato, potrebbe essere in download...
   ⚠️ GPU 0 impiega più di 30 minuti...
   Continuo ad aspettare (Ctrl+C per interrompere)...
   🌐 API risponde, test modello...
   ⚠️ Modello non trovato, potrebbe essere in download...
   ⚠️ GPU 0 impiega più di 30 minuti...
   Continuo ad aspettare (Ctrl+C per interrompere)...
   🌐 API risponde, test modello...
   ⚠️ Modello non trovato, potrebbe essere in download...
   ⚠️ GPU 0 impiega più di 30 minuti...
   Continuo ad aspettare (Ctrl+C per interrompere)...
   🌐 API risponde, test modello...
   ⚠️ Modello non trovato, potrebbe essere in download...
   ⚠️ GPU 0 impiega più di 30 minuti...
   Continuo ad aspettare (Ctrl+C per interrompere)...
   🌐 API risponde, test modello...
   ⚠️ Modello non trovato, potrebbe essere in download...
   ⏳ Tentativo 150 - GPU 0 ancora in caricamento...
   📊 Memoria GPU:
4 MiB, 65536 MiB
   ⚠️ GPU 0 impiega più di 30 minuti...
   Continuo ad aspettare (Ctrl+C per interrompere)...
   🌐 API risponde, test modello...
   ⚠️ Modello non trovato, potrebbe essere in download...
   ⚠️ GPU 0 impiega più di 30 minuti...
   Continuo ad aspettare (Ctrl+C per interrompere)...
   🌐 API risponde, test modello...
   ⚠️ Modello non trovato, potrebbe essere in download...
   ⚠️ GPU 0 impiega più di 30 minuti...
   Continuo ad aspettare (Ctrl+C per interrompere)...
   🌐 API risponde, test modello...
   ⚠️ Modello non trovato, potrebbe essere in download...
   ⚠️ GPU 0 impiega più di 30 minuti...
   Continuo ad aspettare (Ctrl+C per interrompere)...
   🌐 API risponde, test modello...
   ⚠️ Modello non trovato, potrebbe essere in download...
   ⚠️ GPU 0 impiega più di 30 minuti...
   Continuo ad aspettare (Ctrl+C per interrompere)...
   🌐 API risponde, test modello...
   ⚠️ Modello non trovato, potrebbe essere in download...
   ⚠️ GPU 0 impiega più di 30 minuti...
   Continuo ad aspettare (Ctrl+C per interrompere)...
   🌐 API risponde, test modello...
   ⚠️ Modello non trovato, potrebbe essere in download...
   ⚠️ GPU 0 impiega più di 30 minuti...
   Continuo ad aspettare (Ctrl+C per interrompere)...
   🌐 API risponde, test modello...
   ⚠️ Modello non trovato, potrebbe essere in download...
   ⚠️ GPU 0 impiega più di 30 minuti...
   Continuo ad aspettare (Ctrl+C per interrompere)...
   🌐 API risponde, test modello...
   ⚠️ Modello non trovato, potrebbe essere in download...
   ⚠️ GPU 0 impiega più di 30 minuti...
   Continuo ad aspettare (Ctrl+C per interrompere)...
   🌐 API risponde, test modello...
   ⚠️ Modello non trovato, potrebbe essere in download...
   ⚠️ GPU 0 impiega più di 30 minuti...
   Continuo ad aspettare (Ctrl+C per interrompere)...
   🌐 API risponde, test modello...
   ⚠️ Modello non trovato, potrebbe essere in download...
   ⏳ Tentativo 160 - GPU 0 ancora in caricamento...
   📊 Memoria GPU:
4 MiB, 65536 MiB
   ⚠️ GPU 0 impiega più di 30 minuti...
   Continuo ad aspettare (Ctrl+C per interrompere)...
   🌐 API risponde, test modello...
   ⚠️ Modello non trovato, potrebbe essere in download...
   ⚠️ GPU 0 impiega più di 30 minuti...
   Continuo ad aspettare (Ctrl+C per interrompere)...
   🌐 API risponde, test modello...
   ⚠️ Modello non trovato, potrebbe essere in download...
   ⚠️ GPU 0 impiega più di 30 minuti...
   Continuo ad aspettare (Ctrl+C per interrompere)...
   🌐 API risponde, test modello...
   ⚠️ Modello non trovato, potrebbe essere in download...
   ⚠️ GPU 0 impiega più di 30 minuti...
   Continuo ad aspettare (Ctrl+C per interrompere)...
   🌐 API risponde, test modello...
   ⚠️ Modello non trovato, potrebbe essere in download...
   ⚠️ GPU 0 impiega più di 30 minuti...
   Continuo ad aspettare (Ctrl+C per interrompere)...
   🌐 API risponde, test modello...
   ⚠️ Modello non trovato, potrebbe essere in download...
   ⚠️ GPU 0 impiega più di 30 minuti...
   Continuo ad aspettare (Ctrl+C per interrompere)...
   🌐 API risponde, test modello...
   ⚠️ Modello non trovato, potrebbe essere in download...
   ⚠️ GPU 0 impiega più di 30 minuti...
   Continuo ad aspettare (Ctrl+C per interrompere)...
   🌐 API risponde, test modello...
   ⚠️ Modello non trovato, potrebbe essere in download...
   ⚠️ GPU 0 impiega più di 30 minuti...
   Continuo ad aspettare (Ctrl+C per interrompere)...
   🌐 API risponde, test modello...
   ⚠️ Modello non trovato, potrebbe essere in download...
   ⚠️ GPU 0 impiega più di 30 minuti...
   Continuo ad aspettare (Ctrl+C per interrompere)...
   🌐 API risponde, test modello...
   ⚠️ Modello non trovato, potrebbe essere in download...
   ⚠️ GPU 0 impiega più di 30 minuti...
   Continuo ad aspettare (Ctrl+C per interrompere)...
   🌐 API risponde, test modello...
   ⚠️ Modello non trovato, potrebbe essere in download...
   ⏳ Tentativo 170 - GPU 0 ancora in caricamento...
   📊 Memoria GPU:
4 MiB, 65536 MiB
   ⚠️ GPU 0 impiega più di 30 minuti...
   Continuo ad aspettare (Ctrl+C per interrompere)...
   🌐 API risponde, test modello...
   ⚠️ Modello non trovato, potrebbe essere in download...
   ⚠️ GPU 0 impiega più di 30 minuti...
   Continuo ad aspettare (Ctrl+C per interrompere)...
   🌐 API risponde, test modello...
   ⚠️ Modello non trovato, potrebbe essere in download...
   ⚠️ GPU 0 impiega più di 30 minuti...
   Continuo ad aspettare (Ctrl+C per interrompere)...
   🌐 API risponde, test modello...
   ⚠️ Modello non trovato, potrebbe essere in download...
   ⚠️ GPU 0 impiega più di 30 minuti...
   Continuo ad aspettare (Ctrl+C per interrompere)...
   🌐 API risponde, test modello...
   ⚠️ Modello non trovato, potrebbe essere in download...
   ⚠️ GPU 0 impiega più di 30 minuti...
   Continuo ad aspettare (Ctrl+C per interrompere)...
   🌐 API risponde, test modello...
   ⚠️ Modello non trovato, potrebbe essere in download...
   ⚠️ GPU 0 impiega più di 30 minuti...
   Continuo ad aspettare (Ctrl+C per interrompere)...
   🌐 API risponde, test modello...
   ⚠️ Modello non trovato, potrebbe essere in download...
   ⚠️ GPU 0 impiega più di 30 minuti...
   Continuo ad aspettare (Ctrl+C per interrompere)...
   🌐 API risponde, test modello...
   ⚠️ Modello non trovato, potrebbe essere in download...
   ⚠️ GPU 0 impiega più di 30 minuti...
   Continuo ad aspettare (Ctrl+C per interrompere)...
   🌐 API risponde, test modello...
   ⚠️ Modello non trovato, potrebbe essere in download...
   ⚠️ GPU 0 impiega più di 30 minuti...
   Continuo ad aspettare (Ctrl+C per interrompere)...
   🌐 API risponde, test modello...
   ⚠️ Modello non trovato, potrebbe essere in download...
   ⚠️ GPU 0 impiega più di 30 minuti...
   Continuo ad aspettare (Ctrl+C per interrompere)...
   🌐 API risponde, test modello...
   ⚠️ Modello non trovato, potrebbe essere in download...
   ⏳ Tentativo 180 - GPU 0 ancora in caricamento...
   📊 Memoria GPU:
4 MiB, 65536 MiB
   ⚠️ GPU 0 impiega più di 30 minuti...
   Continuo ad aspettare (Ctrl+C per interrompere)...
   🌐 API risponde, test modello...
   ⚠️ Modello non trovato, potrebbe essere in download...
   ⚠️ GPU 0 impiega più di 30 minuti...
   Continuo ad aspettare (Ctrl+C per interrompere)...
   🌐 API risponde, test modello...
   ⚠️ Modello non trovato, potrebbe essere in download...
   ⚠️ GPU 0 impiega più di 30 minuti...
   Continuo ad aspettare (Ctrl+C per interrompere)...
   🌐 API risponde, test modello...
   ⚠️ Modello non trovato, potrebbe essere in download...
   ⚠️ GPU 0 impiega più di 30 minuti...
   Continuo ad aspettare (Ctrl+C per interrompere)...
   🌐 API risponde, test modello...
   ⚠️ Modello non trovato, potrebbe essere in download...
   ⚠️ GPU 0 impiega più di 30 minuti...
   Continuo ad aspettare (Ctrl+C per interrompere)...
   🌐 API risponde, test modello...
   ⚠️ Modello non trovato, potrebbe essere in download...
   ⚠️ GPU 0 impiega più di 30 minuti...
   Continuo ad aspettare (Ctrl+C per interrompere)...
   🌐 API risponde, test modello...
   ⚠️ Modello non trovato, potrebbe essere in download...
   ⚠️ GPU 0 impiega più di 30 minuti...
   Continuo ad aspettare (Ctrl+C per interrompere)...
   🌐 API risponde, test modello...
   ⚠️ Modello non trovato, potrebbe essere in download...
   ⚠️ GPU 0 impiega più di 30 minuti...
   Continuo ad aspettare (Ctrl+C per interrompere)...
   🌐 API risponde, test modello...
   ⚠️ Modello non trovato, potrebbe essere in download...
   ⚠️ GPU 0 impiega più di 30 minuti...
   Continuo ad aspettare (Ctrl+C per interrompere)...
   🌐 API risponde, test modello...
   ⚠️ Modello non trovato, potrebbe essere in download...
   ⚠️ GPU 0 impiega più di 30 minuti...
   Continuo ad aspettare (Ctrl+C per interrompere)...
   🌐 API risponde, test modello...
   ⚠️ Modello non trovato, potrebbe essere in download...
   ⏳ Tentativo 190 - GPU 0 ancora in caricamento...
   📊 Memoria GPU:
4 MiB, 65536 MiB
   ⚠️ GPU 0 impiega più di 30 minuti...
   Continuo ad aspettare (Ctrl+C per interrompere)...
   🌐 API risponde, test modello...
   ⚠️ Modello non trovato, potrebbe essere in download...
   ⚠️ GPU 0 impiega più di 30 minuti...
   Continuo ad aspettare (Ctrl+C per interrompere)...
   🌐 API risponde, test modello...
   ⚠️ Modello non trovato, potrebbe essere in download...
   ⚠️ GPU 0 impiega più di 30 minuti...
   Continuo ad aspettare (Ctrl+C per interrompere)...
   🌐 API risponde, test modello...
   ⚠️ Modello non trovato, potrebbe essere in download...
   ⚠️ GPU 0 impiega più di 30 minuti...
   Continuo ad aspettare (Ctrl+C per interrompere)...
   🌐 API risponde, test modello...
   ⚠️ Modello non trovato, potrebbe essere in download...
   ⚠️ GPU 0 impiega più di 30 minuti...
   Continuo ad aspettare (Ctrl+C per interrompere)...
   🌐 API risponde, test modello...
   ⚠️ Modello non trovato, potrebbe essere in download...
   ⚠️ GPU 0 impiega più di 30 minuti...
   Continuo ad aspettare (Ctrl+C per interrompere)...
   🌐 API risponde, test modello...
   ⚠️ Modello non trovato, potrebbe essere in download...
   ⚠️ GPU 0 impiega più di 30 minuti...
   Continuo ad aspettare (Ctrl+C per interrompere)...
   🌐 API risponde, test modello...
   ⚠️ Modello non trovato, potrebbe essere in download...
   ⚠️ GPU 0 impiega più di 30 minuti...
   Continuo ad aspettare (Ctrl+C per interrompere)...
   🌐 API risponde, test modello...
   ⚠️ Modello non trovato, potrebbe essere in download...
   ⚠️ GPU 0 impiega più di 30 minuti...
   Continuo ad aspettare (Ctrl+C per interrompere)...
   🌐 API risponde, test modello...
   ⚠️ Modello non trovato, potrebbe essere in download...
   ⚠️ GPU 0 impiega più di 30 minuti...
   Continuo ad aspettare (Ctrl+C per interrompere)...
   🌐 API risponde, test modello...
   ⚠️ Modello non trovato, potrebbe essere in download...
   ⏳ Tentativo 200 - GPU 0 ancora in caricamento...
   📊 Memoria GPU:
4 MiB, 65536 MiB
   ⚠️ GPU 0 impiega più di 30 minuti...
   Continuo ad aspettare (Ctrl+C per interrompere)...
   🌐 API risponde, test modello...
   ⚠️ Modello non trovato, potrebbe essere in download...
   ⚠️ GPU 0 impiega più di 30 minuti...
   Continuo ad aspettare (Ctrl+C per interrompere)...
   🌐 API risponde, test modello...
   ⚠️ Modello non trovato, potrebbe essere in download...
   ⚠️ GPU 0 impiega più di 30 minuti...
   Continuo ad aspettare (Ctrl+C per interrompere)...
   🌐 API risponde, test modello...
   ⚠️ Modello non trovato, potrebbe essere in download...
   ⚠️ GPU 0 impiega più di 30 minuti...
   Continuo ad aspettare (Ctrl+C per interrompere)...
   🌐 API risponde, test modello...
   ⚠️ Modello non trovato, potrebbe essere in download...
   ⚠️ GPU 0 impiega più di 30 minuti...
   Continuo ad aspettare (Ctrl+C per interrompere)...
   🌐 API risponde, test modello...
   ⚠️ Modello non trovato, potrebbe essere in download...
   ⚠️ GPU 0 impiega più di 30 minuti...
   Continuo ad aspettare (Ctrl+C per interrompere)...
   🌐 API risponde, test modello...
   ⚠️ Modello non trovato, potrebbe essere in download...
   ⚠️ GPU 0 impiega più di 30 minuti...
   Continuo ad aspettare (Ctrl+C per interrompere)...
   🌐 API risponde, test modello...
   ⚠️ Modello non trovato, potrebbe essere in download...
   ⚠️ GPU 0 impiega più di 30 minuti...
   Continuo ad aspettare (Ctrl+C per interrompere)...
   🌐 API risponde, test modello...
   ⚠️ Modello non trovato, potrebbe essere in download...
   ⚠️ GPU 0 impiega più di 30 minuti...
   Continuo ad aspettare (Ctrl+C per interrompere)...
   🌐 API risponde, test modello...
   ⚠️ Modello non trovato, potrebbe essere in download...
   ⚠️ GPU 0 impiega più di 30 minuti...
   Continuo ad aspettare (Ctrl+C per interrompere)...
   🌐 API risponde, test modello...
   ⚠️ Modello non trovato, potrebbe essere in download...
   ⏳ Tentativo 210 - GPU 0 ancora in caricamento...
   📊 Memoria GPU:
4 MiB, 65536 MiB
   ⚠️ GPU 0 impiega più di 30 minuti...
   Continuo ad aspettare (Ctrl+C per interrompere)...
   🌐 API risponde, test modello...
   ⚠️ Modello non trovato, potrebbe essere in download...
   ⚠️ GPU 0 impiega più di 30 minuti...
   Continuo ad aspettare (Ctrl+C per interrompere)...
   🌐 API risponde, test modello...
   ⚠️ Modello non trovato, potrebbe essere in download...
   ⚠️ GPU 0 impiega più di 30 minuti...
   Continuo ad aspettare (Ctrl+C per interrompere)...
   🌐 API risponde, test modello...
   ⚠️ Modello non trovato, potrebbe essere in download...
   ⚠️ GPU 0 impiega più di 30 minuti...
   Continuo ad aspettare (Ctrl+C per interrompere)...
   🌐 API risponde, test modello...
   ⚠️ Modello non trovato, potrebbe essere in download...
   ⚠️ GPU 0 impiega più di 30 minuti...
   Continuo ad aspettare (Ctrl+C per interrompere)...
   🌐 API risponde, test modello...
   ⚠️ Modello non trovato, potrebbe essere in download...
   ⚠️ GPU 0 impiega più di 30 minuti...
   Continuo ad aspettare (Ctrl+C per interrompere)...
   🌐 API risponde, test modello...
   ⚠️ Modello non trovato, potrebbe essere in download...
   ⚠️ GPU 0 impiega più di 30 minuti...
   Continuo ad aspettare (Ctrl+C per interrompere)...
   🌐 API risponde, test modello...
   ⚠️ Modello non trovato, potrebbe essere in download...
   ⚠️ GPU 0 impiega più di 30 minuti...
   Continuo ad aspettare (Ctrl+C per interrompere)...
   🌐 API risponde, test modello...
   ⚠️ Modello non trovato, potrebbe essere in download...
   ⚠️ GPU 0 impiega più di 30 minuti...
   Continuo ad aspettare (Ctrl+C per interrompere)...
   🌐 API risponde, test modello...
   ⚠️ Modello non trovato, potrebbe essere in download...
   ⚠️ GPU 0 impiega più di 30 minuti...
   Continuo ad aspettare (Ctrl+C per interrompere)...
   🌐 API risponde, test modello...
   ⚠️ Modello non trovato, potrebbe essere in download...
   ⏳ Tentativo 220 - GPU 0 ancora in caricamento...
   📊 Memoria GPU:
4 MiB, 65536 MiB
   ⚠️ GPU 0 impiega più di 30 minuti...
   Continuo ad aspettare (Ctrl+C per interrompere)...
   🌐 API risponde, test modello...
   ⚠️ Modello non trovato, potrebbe essere in download...
   ⚠️ GPU 0 impiega più di 30 minuti...
   Continuo ad aspettare (Ctrl+C per interrompere)...
   🌐 API risponde, test modello...
   ⚠️ Modello non trovato, potrebbe essere in download...
   ⚠️ GPU 0 impiega più di 30 minuti...
   Continuo ad aspettare (Ctrl+C per interrompere)...
   🌐 API risponde, test modello...
   ⚠️ Modello non trovato, potrebbe essere in download...
   ⚠️ GPU 0 impiega più di 30 minuti...
   Continuo ad aspettare (Ctrl+C per interrompere)...
   🌐 API risponde, test modello...
   ⚠️ Modello non trovato, potrebbe essere in download...
   ⚠️ GPU 0 impiega più di 30 minuti...
   Continuo ad aspettare (Ctrl+C per interrompere)...
   🌐 API risponde, test modello...
   ⚠️ Modello non trovato, potrebbe essere in download...
   ⚠️ GPU 0 impiega più di 30 minuti...
   Continuo ad aspettare (Ctrl+C per interrompere)...
   🌐 API risponde, test modello...
   ⚠️ Modello non trovato, potrebbe essere in download...
   ⚠️ GPU 0 impiega più di 30 minuti...
   Continuo ad aspettare (Ctrl+C per interrompere)...
   🌐 API risponde, test modello...
   ⚠️ Modello non trovato, potrebbe essere in download...
   ⚠️ GPU 0 impiega più di 30 minuti...
   Continuo ad aspettare (Ctrl+C per interrompere)...
   🌐 API risponde, test modello...
   ⚠️ Modello non trovato, potrebbe essere in download...
   ⚠️ GPU 0 impiega più di 30 minuti...
   Continuo ad aspettare (Ctrl+C per interrompere)...
   🌐 API risponde, test modello...
   ⚠️ Modello non trovato, potrebbe essere in download...
   ⚠️ GPU 0 impiega più di 30 minuti...
   Continuo ad aspettare (Ctrl+C per interrompere)...
   🌐 API risponde, test modello...
   ⚠️ Modello non trovato, potrebbe essere in download...
   ⏳ Tentativo 230 - GPU 0 ancora in caricamento...
   📊 Memoria GPU:
4 MiB, 65536 MiB
   ⚠️ GPU 0 impiega più di 30 minuti...
   Continuo ad aspettare (Ctrl+C per interrompere)...
   🌐 API risponde, test modello...
   ⚠️ Modello non trovato, potrebbe essere in download...
   ⚠️ GPU 0 impiega più di 30 minuti...
   Continuo ad aspettare (Ctrl+C per interrompere)...
   🌐 API risponde, test modello...
   ⚠️ Modello non trovato, potrebbe essere in download...
   ⚠️ GPU 0 impiega più di 30 minuti...
   Continuo ad aspettare (Ctrl+C per interrompere)...
   🌐 API risponde, test modello...
   ⚠️ Modello non trovato, potrebbe essere in download...
   ⚠️ GPU 0 impiega più di 30 minuti...
   Continuo ad aspettare (Ctrl+C per interrompere)...
   🌐 API risponde, test modello...
   ⚠️ Modello non trovato, potrebbe essere in download...
   ⚠️ GPU 0 impiega più di 30 minuti...
   Continuo ad aspettare (Ctrl+C per interrompere)...
   🌐 API risponde, test modello...
   ⚠️ Modello non trovato, potrebbe essere in download...
   ⚠️ GPU 0 impiega più di 30 minuti...
   Continuo ad aspettare (Ctrl+C per interrompere)...
   🌐 API risponde, test modello...
   ⚠️ Modello non trovato, potrebbe essere in download...
   ⚠️ GPU 0 impiega più di 30 minuti...
   Continuo ad aspettare (Ctrl+C per interrompere)...
   🌐 API risponde, test modello...
   ⚠️ Modello non trovato, potrebbe essere in download...
   ⚠️ GPU 0 impiega più di 30 minuti...
   Continuo ad aspettare (Ctrl+C per interrompere)...
   🌐 API risponde, test modello...
   ⚠️ Modello non trovato, potrebbe essere in download...
   ⚠️ GPU 0 impiega più di 30 minuti...
   Continuo ad aspettare (Ctrl+C per interrompere)...
   🌐 API risponde, test modello...
   ⚠️ Modello non trovato, potrebbe essere in download...
   ⚠️ GPU 0 impiega più di 30 minuti...
   Continuo ad aspettare (Ctrl+C per interrompere)...
   🌐 API risponde, test modello...
   ⚠️ Modello non trovato, potrebbe essere in download...
   ⏳ Tentativo 240 - GPU 0 ancora in caricamento...
   📊 Memoria GPU:
4 MiB, 65536 MiB
   ⚠️ GPU 0 impiega più di 30 minuti...
   Continuo ad aspettare (Ctrl+C per interrompere)...
   🌐 API risponde, test modello...
   ⚠️ Modello non trovato, potrebbe essere in download...
   ⚠️ GPU 0 impiega più di 30 minuti...
   Continuo ad aspettare (Ctrl+C per interrompere)...
   🌐 API risponde, test modello...
   ⚠️ Modello non trovato, potrebbe essere in download...
   ⚠️ GPU 0 impiega più di 30 minuti...
   Continuo ad aspettare (Ctrl+C per interrompere)...
   🌐 API risponde, test modello...
   ⚠️ Modello non trovato, potrebbe essere in download...
   ⚠️ GPU 0 impiega più di 30 minuti...
   Continuo ad aspettare (Ctrl+C per interrompere)...
   🌐 API risponde, test modello...
   ⚠️ Modello non trovato, potrebbe essere in download...
   ⚠️ GPU 0 impiega più di 30 minuti...
   Continuo ad aspettare (Ctrl+C per interrompere)...
   🌐 API risponde, test modello...
   ⚠️ Modello non trovato, potrebbe essere in download...
   ⚠️ GPU 0 impiega più di 30 minuti...
   Continuo ad aspettare (Ctrl+C per interrompere)...
   🌐 API risponde, test modello...
   ⚠️ Modello non trovato, potrebbe essere in download...
   ⚠️ GPU 0 impiega più di 30 minuti...
   Continuo ad aspettare (Ctrl+C per interrompere)...
   🌐 API risponde, test modello...
   ⚠️ Modello non trovato, potrebbe essere in download...
   ⚠️ GPU 0 impiega più di 30 minuti...
   Continuo ad aspettare (Ctrl+C per interrompere)...
   🌐 API risponde, test modello...
   ⚠️ Modello non trovato, potrebbe essere in download...
   ⚠️ GPU 0 impiega più di 30 minuti...
   Continuo ad aspettare (Ctrl+C per interrompere)...
   🌐 API risponde, test modello...
   ⚠️ Modello non trovato, potrebbe essere in download...
   ⚠️ GPU 0 impiega più di 30 minuti...
   Continuo ad aspettare (Ctrl+C per interrompere)...
   🌐 API risponde, test modello...
   ⚠️ Modello non trovato, potrebbe essere in download...
   ⏳ Tentativo 250 - GPU 0 ancora in caricamento...
   📊 Memoria GPU:
4 MiB, 65536 MiB
   ⚠️ GPU 0 impiega più di 30 minuti...
   Continuo ad aspettare (Ctrl+C per interrompere)...
   🌐 API risponde, test modello...
   ⚠️ Modello non trovato, potrebbe essere in download...
   ⚠️ GPU 0 impiega più di 30 minuti...
   Continuo ad aspettare (Ctrl+C per interrompere)...
   🌐 API risponde, test modello...
   ⚠️ Modello non trovato, potrebbe essere in download...
   ⚠️ GPU 0 impiega più di 30 minuti...
   Continuo ad aspettare (Ctrl+C per interrompere)...
   🌐 API risponde, test modello...
   ⚠️ Modello non trovato, potrebbe essere in download...
   ⚠️ GPU 0 impiega più di 30 minuti...
   Continuo ad aspettare (Ctrl+C per interrompere)...
   🌐 API risponde, test modello...
   ⚠️ Modello non trovato, potrebbe essere in download...
   ⚠️ GPU 0 impiega più di 30 minuti...
   Continuo ad aspettare (Ctrl+C per interrompere)...
   🌐 API risponde, test modello...
   ⚠️ Modello non trovato, potrebbe essere in download...
   ⚠️ GPU 0 impiega più di 30 minuti...
   Continuo ad aspettare (Ctrl+C per interrompere)...
   🌐 API risponde, test modello...
   ⚠️ Modello non trovato, potrebbe essere in download...
   ⚠️ GPU 0 impiega più di 30 minuti...
   Continuo ad aspettare (Ctrl+C per interrompere)...
   🌐 API risponde, test modello...
   ⚠️ Modello non trovato, potrebbe essere in download...
   ⚠️ GPU 0 impiega più di 30 minuti...
   Continuo ad aspettare (Ctrl+C per interrompere)...
   🌐 API risponde, test modello...
   ⚠️ Modello non trovato, potrebbe essere in download...
   ⚠️ GPU 0 impiega più di 30 minuti...
   Continuo ad aspettare (Ctrl+C per interrompere)...
   🌐 API risponde, test modello...
   ⚠️ Modello non trovato, potrebbe essere in download...
   ⚠️ GPU 0 impiega più di 30 minuti...
   Continuo ad aspettare (Ctrl+C per interrompere)...
   🌐 API risponde, test modello...
   ⚠️ Modello non trovato, potrebbe essere in download...
   ⏳ Tentativo 260 - GPU 0 ancora in caricamento...
   📊 Memoria GPU:
4 MiB, 65536 MiB
   ⚠️ GPU 0 impiega più di 30 minuti...
   Continuo ad aspettare (Ctrl+C per interrompere)...
   🌐 API risponde, test modello...
   ⚠️ Modello non trovato, potrebbe essere in download...
   ⚠️ GPU 0 impiega più di 30 minuti...
   Continuo ad aspettare (Ctrl+C per interrompere)...
   🌐 API risponde, test modello...
   ⚠️ Modello non trovato, potrebbe essere in download...
   ⚠️ GPU 0 impiega più di 30 minuti...
   Continuo ad aspettare (Ctrl+C per interrompere)...
   🌐 API risponde, test modello...
   ⚠️ Modello non trovato, potrebbe essere in download...
   ⚠️ GPU 0 impiega più di 30 minuti...
   Continuo ad aspettare (Ctrl+C per interrompere)...
   🌐 API risponde, test modello...
   ⚠️ Modello non trovato, potrebbe essere in download...
   ⚠️ GPU 0 impiega più di 30 minuti...
   Continuo ad aspettare (Ctrl+C per interrompere)...
   🌐 API risponde, test modello...
   ⚠️ Modello non trovato, potrebbe essere in download...
   ⚠️ GPU 0 impiega più di 30 minuti...
   Continuo ad aspettare (Ctrl+C per interrompere)...
   🌐 API risponde, test modello...
   ⚠️ Modello non trovato, potrebbe essere in download...
   ⚠️ GPU 0 impiega più di 30 minuti...
   Continuo ad aspettare (Ctrl+C per interrompere)...
   🌐 API risponde, test modello...
   ⚠️ Modello non trovato, potrebbe essere in download...
   ⚠️ GPU 0 impiega più di 30 minuti...
   Continuo ad aspettare (Ctrl+C per interrompere)...
   🌐 API risponde, test modello...
   ⚠️ Modello non trovato, potrebbe essere in download...
   ⚠️ GPU 0 impiega più di 30 minuti...
   Continuo ad aspettare (Ctrl+C per interrompere)...
   🌐 API risponde, test modello...
   ⚠️ Modello non trovato, potrebbe essere in download...
   ⚠️ GPU 0 impiega più di 30 minuti...
   Continuo ad aspettare (Ctrl+C per interrompere)...
   🌐 API risponde, test modello...
   ⚠️ Modello non trovato, potrebbe essere in download...
   ⏳ Tentativo 270 - GPU 0 ancora in caricamento...
   📊 Memoria GPU:
4 MiB, 65536 MiB
   ⚠️ GPU 0 impiega più di 30 minuti...
   Continuo ad aspettare (Ctrl+C per interrompere)...
   🌐 API risponde, test modello...
   ⚠️ Modello non trovato, potrebbe essere in download...
   ⚠️ GPU 0 impiega più di 30 minuti...
   Continuo ad aspettare (Ctrl+C per interrompere)...
   🌐 API risponde, test modello...
   ⚠️ Modello non trovato, potrebbe essere in download...
   ⚠️ GPU 0 impiega più di 30 minuti...
   Continuo ad aspettare (Ctrl+C per interrompere)...
   🌐 API risponde, test modello...
   ⚠️ Modello non trovato, potrebbe essere in download...
   ⚠️ GPU 0 impiega più di 30 minuti...
   Continuo ad aspettare (Ctrl+C per interrompere)...
   🌐 API risponde, test modello...
   ⚠️ Modello non trovato, potrebbe essere in download...
   ⚠️ GPU 0 impiega più di 30 minuti...
   Continuo ad aspettare (Ctrl+C per interrompere)...
   🌐 API risponde, test modello...
   ⚠️ Modello non trovato, potrebbe essere in download...
   ⚠️ GPU 0 impiega più di 30 minuti...
   Continuo ad aspettare (Ctrl+C per interrompere)...
   🌐 API risponde, test modello...
   ⚠️ Modello non trovato, potrebbe essere in download...
   ⚠️ GPU 0 impiega più di 30 minuti...
   Continuo ad aspettare (Ctrl+C per interrompere)...
   🌐 API risponde, test modello...
   ⚠️ Modello non trovato, potrebbe essere in download...
   ⚠️ GPU 0 impiega più di 30 minuti...
   Continuo ad aspettare (Ctrl+C per interrompere)...
   🌐 API risponde, test modello...
   ⚠️ Modello non trovato, potrebbe essere in download...
   ⚠️ GPU 0 impiega più di 30 minuti...
   Continuo ad aspettare (Ctrl+C per interrompere)...
   🌐 API risponde, test modello...
   ⚠️ Modello non trovato, potrebbe essere in download...
   ⚠️ GPU 0 impiega più di 30 minuti...
   Continuo ad aspettare (Ctrl+C per interrompere)...
   🌐 API risponde, test modello...
   ⚠️ Modello non trovato, potrebbe essere in download...
   ⏳ Tentativo 280 - GPU 0 ancora in caricamento...
   📊 Memoria GPU:
4 MiB, 65536 MiB
   ⚠️ GPU 0 impiega più di 30 minuti...
   Continuo ad aspettare (Ctrl+C per interrompere)...
   🌐 API risponde, test modello...
   ⚠️ Modello non trovato, potrebbe essere in download...
   ⚠️ GPU 0 impiega più di 30 minuti...
   Continuo ad aspettare (Ctrl+C per interrompere)...
   🌐 API risponde, test modello...
   ⚠️ Modello non trovato, potrebbe essere in download...
   ⚠️ GPU 0 impiega più di 30 minuti...
   Continuo ad aspettare (Ctrl+C per interrompere)...
   🌐 API risponde, test modello...
   ⚠️ Modello non trovato, potrebbe essere in download...
   ⚠️ GPU 0 impiega più di 30 minuti...
   Continuo ad aspettare (Ctrl+C per interrompere)...
   🌐 API risponde, test modello...
   ⚠️ Modello non trovato, potrebbe essere in download...
   ⚠️ GPU 0 impiega più di 30 minuti...
   Continuo ad aspettare (Ctrl+C per interrompere)...
   🌐 API risponde, test modello...
   ⚠️ Modello non trovato, potrebbe essere in download...
   ⚠️ GPU 0 impiega più di 30 minuti...
   Continuo ad aspettare (Ctrl+C per interrompere)...
   🌐 API risponde, test modello...
   ⚠️ Modello non trovato, potrebbe essere in download...
   ⚠️ GPU 0 impiega più di 30 minuti...
   Continuo ad aspettare (Ctrl+C per interrompere)...
   🌐 API risponde, test modello...
   ⚠️ Modello non trovato, potrebbe essere in download...
   ⚠️ GPU 0 impiega più di 30 minuti...
   Continuo ad aspettare (Ctrl+C per interrompere)...
   🌐 API risponde, test modello...
   ⚠️ Modello non trovato, potrebbe essere in download...
   ⚠️ GPU 0 impiega più di 30 minuti...
   Continuo ad aspettare (Ctrl+C per interrompere)...
   🌐 API risponde, test modello...
   ⚠️ Modello non trovato, potrebbe essere in download...
   ⚠️ GPU 0 impiega più di 30 minuti...
   Continuo ad aspettare (Ctrl+C per interrompere)...
   🌐 API risponde, test modello...
   ⚠️ Modello non trovato, potrebbe essere in download...
   ⏳ Tentativo 290 - GPU 0 ancora in caricamento...
   📊 Memoria GPU:
4 MiB, 65536 MiB
   ⚠️ GPU 0 impiega più di 30 minuti...
   Continuo ad aspettare (Ctrl+C per interrompere)...
   🌐 API risponde, test modello...
   ⚠️ Modello non trovato, potrebbe essere in download...
   ⚠️ GPU 0 impiega più di 30 minuti...
   Continuo ad aspettare (Ctrl+C per interrompere)...
   🌐 API risponde, test modello...
   ⚠️ Modello non trovato, potrebbe essere in download...
   ⚠️ GPU 0 impiega più di 30 minuti...
   Continuo ad aspettare (Ctrl+C per interrompere)...
   🌐 API risponde, test modello...
   ⚠️ Modello non trovato, potrebbe essere in download...
   ⚠️ GPU 0 impiega più di 30 minuti...
   Continuo ad aspettare (Ctrl+C per interrompere)...
   🌐 API risponde, test modello...
   ⚠️ Modello non trovato, potrebbe essere in download...
   ⚠️ GPU 0 impiega più di 30 minuti...
   Continuo ad aspettare (Ctrl+C per interrompere)...
   🌐 API risponde, test modello...
   ⚠️ Modello non trovato, potrebbe essere in download...
   ⚠️ GPU 0 impiega più di 30 minuti...
   Continuo ad aspettare (Ctrl+C per interrompere)...
   🌐 API risponde, test modello...
   ⚠️ Modello non trovato, potrebbe essere in download...
   ⚠️ GPU 0 impiega più di 30 minuti...
   Continuo ad aspettare (Ctrl+C per interrompere)...
   🌐 API risponde, test modello...
   ⚠️ Modello non trovato, potrebbe essere in download...
   ⚠️ GPU 0 impiega più di 30 minuti...
   Continuo ad aspettare (Ctrl+C per interrompere)...
   🌐 API risponde, test modello...
   ⚠️ Modello non trovato, potrebbe essere in download...
   ⚠️ GPU 0 impiega più di 30 minuti...
   Continuo ad aspettare (Ctrl+C per interrompere)...
   🌐 API risponde, test modello...
   ⚠️ Modello non trovato, potrebbe essere in download...
   ⚠️ GPU 0 impiega più di 30 minuti...
   Continuo ad aspettare (Ctrl+C per interrompere)...
   🌐 API risponde, test modello...
   ⚠️ Modello non trovato, potrebbe essere in download...
   ⏳ Tentativo 300 - GPU 0 ancora in caricamento...
   📊 Memoria GPU:
4 MiB, 65536 MiB
   ⚠️ GPU 0 impiega più di 30 minuti...
   Continuo ad aspettare (Ctrl+C per interrompere)...
   🌐 API risponde, test modello...
   ⚠️ Modello non trovato, potrebbe essere in download...
   ⚠️ GPU 0 impiega più di 30 minuti...
   Continuo ad aspettare (Ctrl+C per interrompere)...
   🌐 API risponde, test modello...
   ⚠️ Modello non trovato, potrebbe essere in download...
   ⚠️ GPU 0 impiega più di 30 minuti...
   Continuo ad aspettare (Ctrl+C per interrompere)...
   🌐 API risponde, test modello...
   ⚠️ Modello non trovato, potrebbe essere in download...
   ⚠️ GPU 0 impiega più di 30 minuti...
   Continuo ad aspettare (Ctrl+C per interrompere)...
   🌐 API risponde, test modello...
   ⚠️ Modello non trovato, potrebbe essere in download...
   ⚠️ GPU 0 impiega più di 30 minuti...
   Continuo ad aspettare (Ctrl+C per interrompere)...
   🌐 API risponde, test modello...
   ⚠️ Modello non trovato, potrebbe essere in download...
   ⚠️ GPU 0 impiega più di 30 minuti...
   Continuo ad aspettare (Ctrl+C per interrompere)...
   🌐 API risponde, test modello...
   ⚠️ Modello non trovato, potrebbe essere in download...
   ⚠️ GPU 0 impiega più di 30 minuti...
   Continuo ad aspettare (Ctrl+C per interrompere)...
   🌐 API risponde, test modello...
   ⚠️ Modello non trovato, potrebbe essere in download...
   ⚠️ GPU 0 impiega più di 30 minuti...
   Continuo ad aspettare (Ctrl+C per interrompere)...
   🌐 API risponde, test modello...
   ⚠️ Modello non trovato, potrebbe essere in download...
   ⚠️ GPU 0 impiega più di 30 minuti...
   Continuo ad aspettare (Ctrl+C per interrompere)...
   🌐 API risponde, test modello...
   ⚠️ Modello non trovato, potrebbe essere in download...
   ⚠️ GPU 0 impiega più di 30 minuti...
   Continuo ad aspettare (Ctrl+C per interrompere)...
   🌐 API risponde, test modello...
   ⚠️ Modello non trovato, potrebbe essere in download...
   ⏳ Tentativo 310 - GPU 0 ancora in caricamento...
   📊 Memoria GPU:
4 MiB, 65536 MiB
   ⚠️ GPU 0 impiega più di 30 minuti...
   Continuo ad aspettare (Ctrl+C per interrompere)...
   🌐 API risponde, test modello...
   ⚠️ Modello non trovato, potrebbe essere in download...
   ⚠️ GPU 0 impiega più di 30 minuti...
   Continuo ad aspettare (Ctrl+C per interrompere)...
   🌐 API risponde, test modello...
   ⚠️ Modello non trovato, potrebbe essere in download...
   ⚠️ GPU 0 impiega più di 30 minuti...
   Continuo ad aspettare (Ctrl+C per interrompere)...
   🌐 API risponde, test modello...
   ⚠️ Modello non trovato, potrebbe essere in download...
   ⚠️ GPU 0 impiega più di 30 minuti...
   Continuo ad aspettare (Ctrl+C per interrompere)...
   🌐 API risponde, test modello...
   ⚠️ Modello non trovato, potrebbe essere in download...
   ⚠️ GPU 0 impiega più di 30 minuti...
   Continuo ad aspettare (Ctrl+C per interrompere)...
   🌐 API risponde, test modello...
   ⚠️ Modello non trovato, potrebbe essere in download...
   ⚠️ GPU 0 impiega più di 30 minuti...
   Continuo ad aspettare (Ctrl+C per interrompere)...
   🌐 API risponde, test modello...
   ⚠️ Modello non trovato, potrebbe essere in download...
   ⚠️ GPU 0 impiega più di 30 minuti...
   Continuo ad aspettare (Ctrl+C per interrompere)...
   🌐 API risponde, test modello...
   ⚠️ Modello non trovato, potrebbe essere in download...
   ⚠️ GPU 0 impiega più di 30 minuti...
   Continuo ad aspettare (Ctrl+C per interrompere)...
   🌐 API risponde, test modello...
   ⚠️ Modello non trovato, potrebbe essere in download...
   ⚠️ GPU 0 impiega più di 30 minuti...
   Continuo ad aspettare (Ctrl+C per interrompere)...
   🌐 API risponde, test modello...
   ⚠️ Modello non trovato, potrebbe essere in download...
   ⚠️ GPU 0 impiega più di 30 minuti...
   Continuo ad aspettare (Ctrl+C per interrompere)...
   🌐 API risponde, test modello...
   ⚠️ Modello non trovato, potrebbe essere in download...
   ⏳ Tentativo 320 - GPU 0 ancora in caricamento...
   📊 Memoria GPU:
4 MiB, 65536 MiB
   ⚠️ GPU 0 impiega più di 30 minuti...
   Continuo ad aspettare (Ctrl+C per interrompere)...
   🌐 API risponde, test modello...
   ⚠️ Modello non trovato, potrebbe essere in download...
   ⚠️ GPU 0 impiega più di 30 minuti...
   Continuo ad aspettare (Ctrl+C per interrompere)...
   🌐 API risponde, test modello...
   ⚠️ Modello non trovato, potrebbe essere in download...
   ⚠️ GPU 0 impiega più di 30 minuti...
   Continuo ad aspettare (Ctrl+C per interrompere)...
   🌐 API risponde, test modello...
   ⚠️ Modello non trovato, potrebbe essere in download...
   ⚠️ GPU 0 impiega più di 30 minuti...
   Continuo ad aspettare (Ctrl+C per interrompere)...
   🌐 API risponde, test modello...
   ⚠️ Modello non trovato, potrebbe essere in download...
   ⚠️ GPU 0 impiega più di 30 minuti...
   Continuo ad aspettare (Ctrl+C per interrompere)...
   🌐 API risponde, test modello...
   ⚠️ Modello non trovato, potrebbe essere in download...
   ⚠️ GPU 0 impiega più di 30 minuti...
   Continuo ad aspettare (Ctrl+C per interrompere)...
   🌐 API risponde, test modello...
   ⚠️ Modello non trovato, potrebbe essere in download...
   ⚠️ GPU 0 impiega più di 30 minuti...
   Continuo ad aspettare (Ctrl+C per interrompere)...
   🌐 API risponde, test modello...
   ⚠️ Modello non trovato, potrebbe essere in download...
   ⚠️ GPU 0 impiega più di 30 minuti...
   Continuo ad aspettare (Ctrl+C per interrompere)...
   🌐 API risponde, test modello...
   ⚠️ Modello non trovato, potrebbe essere in download...
   ⚠️ GPU 0 impiega più di 30 minuti...
   Continuo ad aspettare (Ctrl+C per interrompere)...
   🌐 API risponde, test modello...
   ⚠️ Modello non trovato, potrebbe essere in download...
   ⚠️ GPU 0 impiega più di 30 minuti...
   Continuo ad aspettare (Ctrl+C per interrompere)...
   🌐 API risponde, test modello...
   ⚠️ Modello non trovato, potrebbe essere in download...
   ⏳ Tentativo 330 - GPU 0 ancora in caricamento...
   📊 Memoria GPU:
4 MiB, 65536 MiB
   ⚠️ GPU 0 impiega più di 30 minuti...
   Continuo ad aspettare (Ctrl+C per interrompere)...
   🌐 API risponde, test modello...
   ⚠️ Modello non trovato, potrebbe essere in download...
   ⚠️ GPU 0 impiega più di 30 minuti...
   Continuo ad aspettare (Ctrl+C per interrompere)...
   🌐 API risponde, test modello...
   ⚠️ Modello non trovato, potrebbe essere in download...
   ⚠️ GPU 0 impiega più di 30 minuti...
   Continuo ad aspettare (Ctrl+C per interrompere)...
   🌐 API risponde, test modello...
   ⚠️ Modello non trovato, potrebbe essere in download...
   ⚠️ GPU 0 impiega più di 30 minuti...
   Continuo ad aspettare (Ctrl+C per interrompere)...
   🌐 API risponde, test modello...
   ⚠️ Modello non trovato, potrebbe essere in download...
   ⚠️ GPU 0 impiega più di 30 minuti...
   Continuo ad aspettare (Ctrl+C per interrompere)...
   🌐 API risponde, test modello...
   ⚠️ Modello non trovato, potrebbe essere in download...
   ⚠️ GPU 0 impiega più di 30 minuti...
   Continuo ad aspettare (Ctrl+C per interrompere)...
   🌐 API risponde, test modello...
   ⚠️ Modello non trovato, potrebbe essere in download...
   ⚠️ GPU 0 impiega più di 30 minuti...
   Continuo ad aspettare (Ctrl+C per interrompere)...
   🌐 API risponde, test modello...
   ⚠️ Modello non trovato, potrebbe essere in download...
   ⚠️ GPU 0 impiega più di 30 minuti...
   Continuo ad aspettare (Ctrl+C per interrompere)...
   🌐 API risponde, test modello...
   ⚠️ Modello non trovato, potrebbe essere in download...
   ⚠️ GPU 0 impiega più di 30 minuti...
   Continuo ad aspettare (Ctrl+C per interrompere)...
   🌐 API risponde, test modello...
   ⚠️ Modello non trovato, potrebbe essere in download...
   ⚠️ GPU 0 impiega più di 30 minuti...
   Continuo ad aspettare (Ctrl+C per interrompere)...
   🌐 API risponde, test modello...
   ⚠️ Modello non trovato, potrebbe essere in download...
   ⏳ Tentativo 340 - GPU 0 ancora in caricamento...
   📊 Memoria GPU:
4 MiB, 65536 MiB
   ⚠️ GPU 0 impiega più di 30 minuti...
   Continuo ad aspettare (Ctrl+C per interrompere)...
   🌐 API risponde, test modello...
   ⚠️ Modello non trovato, potrebbe essere in download...
   ⚠️ GPU 0 impiega più di 30 minuti...
   Continuo ad aspettare (Ctrl+C per interrompere)...
   🌐 API risponde, test modello...
   ⚠️ Modello non trovato, potrebbe essere in download...
   ⚠️ GPU 0 impiega più di 30 minuti...
   Continuo ad aspettare (Ctrl+C per interrompere)...
   🌐 API risponde, test modello...
   ⚠️ Modello non trovato, potrebbe essere in download...
   ⚠️ GPU 0 impiega più di 30 minuti...
   Continuo ad aspettare (Ctrl+C per interrompere)...
   🌐 API risponde, test modello...
   ⚠️ Modello non trovato, potrebbe essere in download...
   ⚠️ GPU 0 impiega più di 30 minuti...
   Continuo ad aspettare (Ctrl+C per interrompere)...
   🌐 API risponde, test modello...
   ⚠️ Modello non trovato, potrebbe essere in download...
   ⚠️ GPU 0 impiega più di 30 minuti...
   Continuo ad aspettare (Ctrl+C per interrompere)...
   🌐 API risponde, test modello...
   ⚠️ Modello non trovato, potrebbe essere in download...
   ⚠️ GPU 0 impiega più di 30 minuti...
   Continuo ad aspettare (Ctrl+C per interrompere)...
   🌐 API risponde, test modello...
   ⚠️ Modello non trovato, potrebbe essere in download...
   ⚠️ GPU 0 impiega più di 30 minuti...
   Continuo ad aspettare (Ctrl+C per interrompere)...
   🌐 API risponde, test modello...
   ⚠️ Modello non trovato, potrebbe essere in download...
   ⚠️ GPU 0 impiega più di 30 minuti...
   Continuo ad aspettare (Ctrl+C per interrompere)...
   🌐 API risponde, test modello...
   ⚠️ Modello non trovato, potrebbe essere in download...
   ⚠️ GPU 0 impiega più di 30 minuti...
   Continuo ad aspettare (Ctrl+C per interrompere)...
   🌐 API risponde, test modello...
   ⚠️ Modello non trovato, potrebbe essere in download...
   ⏳ Tentativo 350 - GPU 0 ancora in caricamento...
   📊 Memoria GPU:
4 MiB, 65536 MiB
   ⚠️ GPU 0 impiega più di 30 minuti...
   Continuo ad aspettare (Ctrl+C per interrompere)...
   🌐 API risponde, test modello...
   ⚠️ Modello non trovato, potrebbe essere in download...
   ⚠️ GPU 0 impiega più di 30 minuti...
   Continuo ad aspettare (Ctrl+C per interrompere)...
   🌐 API risponde, test modello...
   ⚠️ Modello non trovato, potrebbe essere in download...
   ⚠️ GPU 0 impiega più di 30 minuti...
   Continuo ad aspettare (Ctrl+C per interrompere)...
   🌐 API risponde, test modello...
   ⚠️ Modello non trovato, potrebbe essere in download...
   ⚠️ GPU 0 impiega più di 30 minuti...
   Continuo ad aspettare (Ctrl+C per interrompere)...
   🌐 API risponde, test modello...
   ⚠️ Modello non trovato, potrebbe essere in download...
   ⚠️ GPU 0 impiega più di 30 minuti...
   Continuo ad aspettare (Ctrl+C per interrompere)...
   🌐 API risponde, test modello...
   ⚠️ Modello non trovato, potrebbe essere in download...
   ⚠️ GPU 0 impiega più di 30 minuti...
   Continuo ad aspettare (Ctrl+C per interrompere)...
   🌐 API risponde, test modello...
   ⚠️ Modello non trovato, potrebbe essere in download...
   ⚠️ GPU 0 impiega più di 30 minuti...
   Continuo ad aspettare (Ctrl+C per interrompere)...
   🌐 API risponde, test modello...
   ⚠️ Modello non trovato, potrebbe essere in download...
   ⚠️ GPU 0 impiega più di 30 minuti...
   Continuo ad aspettare (Ctrl+C per interrompere)...
   🌐 API risponde, test modello...
   ⚠️ Modello non trovato, potrebbe essere in download...
   ⚠️ GPU 0 impiega più di 30 minuti...
   Continuo ad aspettare (Ctrl+C per interrompere)...
   🌐 API risponde, test modello...
   ⚠️ Modello non trovato, potrebbe essere in download...
   ⚠️ GPU 0 impiega più di 30 minuti...
   Continuo ad aspettare (Ctrl+C per interrompere)...
   🌐 API risponde, test modello...
   ⚠️ Modello non trovato, potrebbe essere in download...
   ⏳ Tentativo 360 - GPU 0 ancora in caricamento...
   📊 Memoria GPU:
4 MiB, 65536 MiB
   ⚠️ GPU 0 impiega più di 30 minuti...
   Continuo ad aspettare (Ctrl+C per interrompere)...
   🌐 API risponde, test modello...
   ⚠️ Modello non trovato, potrebbe essere in download...
   ⚠️ GPU 0 impiega più di 30 minuti...
   Continuo ad aspettare (Ctrl+C per interrompere)...
   🌐 API risponde, test modello...
   ⚠️ Modello non trovato, potrebbe essere in download...
   ⚠️ GPU 0 impiega più di 30 minuti...
   Continuo ad aspettare (Ctrl+C per interrompere)...
   🌐 API risponde, test modello...
   ⚠️ Modello non trovato, potrebbe essere in download...
   ⚠️ GPU 0 impiega più di 30 minuti...
   Continuo ad aspettare (Ctrl+C per interrompere)...
   🌐 API risponde, test modello...
   ⚠️ Modello non trovato, potrebbe essere in download...
   ⚠️ GPU 0 impiega più di 30 minuti...
   Continuo ad aspettare (Ctrl+C per interrompere)...
   🌐 API risponde, test modello...
   ⚠️ Modello non trovato, potrebbe essere in download...
   ⚠️ GPU 0 impiega più di 30 minuti...
   Continuo ad aspettare (Ctrl+C per interrompere)...
   🌐 API risponde, test modello...
   ⚠️ Modello non trovato, potrebbe essere in download...
   ⚠️ GPU 0 impiega più di 30 minuti...
   Continuo ad aspettare (Ctrl+C per interrompere)...
   🌐 API risponde, test modello...
   ⚠️ Modello non trovato, potrebbe essere in download...
   ⚠️ GPU 0 impiega più di 30 minuti...
   Continuo ad aspettare (Ctrl+C per interrompere)...
   🌐 API risponde, test modello...
   ⚠️ Modello non trovato, potrebbe essere in download...
   ⚠️ GPU 0 impiega più di 30 minuti...
   Continuo ad aspettare (Ctrl+C per interrompere)...
   🌐 API risponde, test modello...
   ⚠️ Modello non trovato, potrebbe essere in download...
   ⚠️ GPU 0 impiega più di 30 minuti...
   Continuo ad aspettare (Ctrl+C per interrompere)...
   🌐 API risponde, test modello...
   ⚠️ Modello non trovato, potrebbe essere in download...
   ⏳ Tentativo 370 - GPU 0 ancora in caricamento...
   📊 Memoria GPU:
4 MiB, 65536 MiB
   ⚠️ GPU 0 impiega più di 30 minuti...
   Continuo ad aspettare (Ctrl+C per interrompere)...
   🌐 API risponde, test modello...
   ⚠️ Modello non trovato, potrebbe essere in download...
   ⚠️ GPU 0 impiega più di 30 minuti...
   Continuo ad aspettare (Ctrl+C per interrompere)...
   🌐 API risponde, test modello...
   ⚠️ Modello non trovato, potrebbe essere in download...
   ⚠️ GPU 0 impiega più di 30 minuti...
   Continuo ad aspettare (Ctrl+C per interrompere)...
   🌐 API risponde, test modello...
   ⚠️ Modello non trovato, potrebbe essere in download...
   ⚠️ GPU 0 impiega più di 30 minuti...
   Continuo ad aspettare (Ctrl+C per interrompere)...
   🌐 API risponde, test modello...
   ⚠️ Modello non trovato, potrebbe essere in download...
   ⚠️ GPU 0 impiega più di 30 minuti...
   Continuo ad aspettare (Ctrl+C per interrompere)...
   🌐 API risponde, test modello...
   ⚠️ Modello non trovato, potrebbe essere in download...
   ⚠️ GPU 0 impiega più di 30 minuti...
   Continuo ad aspettare (Ctrl+C per interrompere)...
   🌐 API risponde, test modello...
   ⚠️ Modello non trovato, potrebbe essere in download...
   ⚠️ GPU 0 impiega più di 30 minuti...
   Continuo ad aspettare (Ctrl+C per interrompere)...
   🌐 API risponde, test modello...
   ⚠️ Modello non trovato, potrebbe essere in download...
   ⚠️ GPU 0 impiega più di 30 minuti...
   Continuo ad aspettare (Ctrl+C per interrompere)...
   🌐 API risponde, test modello...
   ⚠️ Modello non trovato, potrebbe essere in download...
   ⚠️ GPU 0 impiega più di 30 minuti...
   Continuo ad aspettare (Ctrl+C per interrompere)...
   🌐 API risponde, test modello...
   ⚠️ Modello non trovato, potrebbe essere in download...
   ⚠️ GPU 0 impiega più di 30 minuti...
   Continuo ad aspettare (Ctrl+C per interrompere)...
   🌐 API risponde, test modello...
   ⚠️ Modello non trovato, potrebbe essere in download...
   ⏳ Tentativo 380 - GPU 0 ancora in caricamento...
   📊 Memoria GPU:
4 MiB, 65536 MiB
   ⚠️ GPU 0 impiega più di 30 minuti...
   Continuo ad aspettare (Ctrl+C per interrompere)...
   🌐 API risponde, test modello...
   ⚠️ Modello non trovato, potrebbe essere in download...
   ⚠️ GPU 0 impiega più di 30 minuti...
   Continuo ad aspettare (Ctrl+C per interrompere)...
   🌐 API risponde, test modello...
   ⚠️ Modello non trovato, potrebbe essere in download...
   ⚠️ GPU 0 impiega più di 30 minuti...
   Continuo ad aspettare (Ctrl+C per interrompere)...
   🌐 API risponde, test modello...
   ⚠️ Modello non trovato, potrebbe essere in download...
   ⚠️ GPU 0 impiega più di 30 minuti...
   Continuo ad aspettare (Ctrl+C per interrompere)...
   🌐 API risponde, test modello...
   ⚠️ Modello non trovato, potrebbe essere in download...
   ⚠️ GPU 0 impiega più di 30 minuti...
   Continuo ad aspettare (Ctrl+C per interrompere)...
   🌐 API risponde, test modello...
   ⚠️ Modello non trovato, potrebbe essere in download...
   ⚠️ GPU 0 impiega più di 30 minuti...
   Continuo ad aspettare (Ctrl+C per interrompere)...
   🌐 API risponde, test modello...
   ⚠️ Modello non trovato, potrebbe essere in download...
   ⚠️ GPU 0 impiega più di 30 minuti...
   Continuo ad aspettare (Ctrl+C per interrompere)...
   🌐 API risponde, test modello...
   ⚠️ Modello non trovato, potrebbe essere in download...
   ⚠️ GPU 0 impiega più di 30 minuti...
   Continuo ad aspettare (Ctrl+C per interrompere)...
   🌐 API risponde, test modello...
   ⚠️ Modello non trovato, potrebbe essere in download...
   ⚠️ GPU 0 impiega più di 30 minuti...
   Continuo ad aspettare (Ctrl+C per interrompere)...
   🌐 API risponde, test modello...
   ⚠️ Modello non trovato, potrebbe essere in download...
   ⚠️ GPU 0 impiega più di 30 minuti...
   Continuo ad aspettare (Ctrl+C per interrompere)...
   🌐 API risponde, test modello...
   ⚠️ Modello non trovato, potrebbe essere in download...
   ⏳ Tentativo 390 - GPU 0 ancora in caricamento...
   📊 Memoria GPU:
4 MiB, 65536 MiB
   ⚠️ GPU 0 impiega più di 30 minuti...
   Continuo ad aspettare (Ctrl+C per interrompere)...
   🌐 API risponde, test modello...
   ⚠️ Modello non trovato, potrebbe essere in download...
   ⚠️ GPU 0 impiega più di 30 minuti...
   Continuo ad aspettare (Ctrl+C per interrompere)...
   🌐 API risponde, test modello...
   ⚠️ Modello non trovato, potrebbe essere in download...
   ⚠️ GPU 0 impiega più di 30 minuti...
   Continuo ad aspettare (Ctrl+C per interrompere)...
   🌐 API risponde, test modello...
   ⚠️ Modello non trovato, potrebbe essere in download...
   ⚠️ GPU 0 impiega più di 30 minuti...
   Continuo ad aspettare (Ctrl+C per interrompere)...
   🌐 API risponde, test modello...
   ⚠️ Modello non trovato, potrebbe essere in download...
   ⚠️ GPU 0 impiega più di 30 minuti...
   Continuo ad aspettare (Ctrl+C per interrompere)...
   🌐 API risponde, test modello...
   ⚠️ Modello non trovato, potrebbe essere in download...
   ⚠️ GPU 0 impiega più di 30 minuti...
   Continuo ad aspettare (Ctrl+C per interrompere)...
   🌐 API risponde, test modello...
   ⚠️ Modello non trovato, potrebbe essere in download...
   ⚠️ GPU 0 impiega più di 30 minuti...
   Continuo ad aspettare (Ctrl+C per interrompere)...
   🌐 API risponde, test modello...
   ⚠️ Modello non trovato, potrebbe essere in download...
   ⚠️ GPU 0 impiega più di 30 minuti...
   Continuo ad aspettare (Ctrl+C per interrompere)...
   🌐 API risponde, test modello...
   ⚠️ Modello non trovato, potrebbe essere in download...
   ⚠️ GPU 0 impiega più di 30 minuti...
   Continuo ad aspettare (Ctrl+C per interrompere)...
   🌐 API risponde, test modello...
   ⚠️ Modello non trovato, potrebbe essere in download...
   ⚠️ GPU 0 impiega più di 30 minuti...
   Continuo ad aspettare (Ctrl+C per interrompere)...
   🌐 API risponde, test modello...
   ⚠️ Modello non trovato, potrebbe essere in download...
   ⏳ Tentativo 400 - GPU 0 ancora in caricamento...
   📊 Memoria GPU:
4 MiB, 65536 MiB
   ⚠️ GPU 0 impiega più di 30 minuti...
   Continuo ad aspettare (Ctrl+C per interrompere)...
   🌐 API risponde, test modello...
   ⚠️ Modello non trovato, potrebbe essere in download...
   ⚠️ GPU 0 impiega più di 30 minuti...
   Continuo ad aspettare (Ctrl+C per interrompere)...
   🌐 API risponde, test modello...
   ⚠️ Modello non trovato, potrebbe essere in download...
   ⚠️ GPU 0 impiega più di 30 minuti...
   Continuo ad aspettare (Ctrl+C per interrompere)...
   🌐 API risponde, test modello...
   ⚠️ Modello non trovato, potrebbe essere in download...
   ⚠️ GPU 0 impiega più di 30 minuti...
   Continuo ad aspettare (Ctrl+C per interrompere)...
   🌐 API risponde, test modello...
   ⚠️ Modello non trovato, potrebbe essere in download...
   ⚠️ GPU 0 impiega più di 30 minuti...
   Continuo ad aspettare (Ctrl+C per interrompere)...
   🌐 API risponde, test modello...
   ⚠️ Modello non trovato, potrebbe essere in download...
   ⚠️ GPU 0 impiega più di 30 minuti...
   Continuo ad aspettare (Ctrl+C per interrompere)...
   🌐 API risponde, test modello...
   ⚠️ Modello non trovato, potrebbe essere in download...
   ⚠️ GPU 0 impiega più di 30 minuti...
   Continuo ad aspettare (Ctrl+C per interrompere)...
   🌐 API risponde, test modello...
   ⚠️ Modello non trovato, potrebbe essere in download...
   ⚠️ GPU 0 impiega più di 30 minuti...
   Continuo ad aspettare (Ctrl+C per interrompere)...
   🌐 API risponde, test modello...
   ⚠️ Modello non trovato, potrebbe essere in download...
   ⚠️ GPU 0 impiega più di 30 minuti...
   Continuo ad aspettare (Ctrl+C per interrompere)...
   🌐 API risponde, test modello...
   ⚠️ Modello non trovato, potrebbe essere in download...
   ⚠️ GPU 0 impiega più di 30 minuti...
   Continuo ad aspettare (Ctrl+C per interrompere)...
   🌐 API risponde, test modello...
   ⚠️ Modello non trovato, potrebbe essere in download...
   ⏳ Tentativo 410 - GPU 0 ancora in caricamento...
   📊 Memoria GPU:
4 MiB, 65536 MiB
   ⚠️ GPU 0 impiega più di 30 minuti...
   Continuo ad aspettare (Ctrl+C per interrompere)...
   🌐 API risponde, test modello...
   ⚠️ Modello non trovato, potrebbe essere in download...
   ⚠️ GPU 0 impiega più di 30 minuti...
   Continuo ad aspettare (Ctrl+C per interrompere)...
   🌐 API risponde, test modello...
   ⚠️ Modello non trovato, potrebbe essere in download...
   ⚠️ GPU 0 impiega più di 30 minuti...
   Continuo ad aspettare (Ctrl+C per interrompere)...
   🌐 API risponde, test modello...
   ⚠️ Modello non trovato, potrebbe essere in download...
   ⚠️ GPU 0 impiega più di 30 minuti...
   Continuo ad aspettare (Ctrl+C per interrompere)...
   🌐 API risponde, test modello...
   ⚠️ Modello non trovato, potrebbe essere in download...
   ⚠️ GPU 0 impiega più di 30 minuti...
   Continuo ad aspettare (Ctrl+C per interrompere)...
   🌐 API risponde, test modello...
   ⚠️ Modello non trovato, potrebbe essere in download...
   ⚠️ GPU 0 impiega più di 30 minuti...
   Continuo ad aspettare (Ctrl+C per interrompere)...
   🌐 API risponde, test modello...
   ⚠️ Modello non trovato, potrebbe essere in download...
   ⚠️ GPU 0 impiega più di 30 minuti...
   Continuo ad aspettare (Ctrl+C per interrompere)...
   🌐 API risponde, test modello...
   ⚠️ Modello non trovato, potrebbe essere in download...
   ⚠️ GPU 0 impiega più di 30 minuti...
   Continuo ad aspettare (Ctrl+C per interrompere)...
   🌐 API risponde, test modello...
   ⚠️ Modello non trovato, potrebbe essere in download...
   ⚠️ GPU 0 impiega più di 30 minuti...
   Continuo ad aspettare (Ctrl+C per interrompere)...
   🌐 API risponde, test modello...
   ⚠️ Modello non trovato, potrebbe essere in download...
   ⚠️ GPU 0 impiega più di 30 minuti...
   Continuo ad aspettare (Ctrl+C per interrompere)...
   🌐 API risponde, test modello...
   ⚠️ Modello non trovato, potrebbe essere in download...
   ⏳ Tentativo 420 - GPU 0 ancora in caricamento...
   📊 Memoria GPU:
4 MiB, 65536 MiB
   ⚠️ GPU 0 impiega più di 30 minuti...
   Continuo ad aspettare (Ctrl+C per interrompere)...
   🌐 API risponde, test modello...
   ⚠️ Modello non trovato, potrebbe essere in download...
   ⚠️ GPU 0 impiega più di 30 minuti...
   Continuo ad aspettare (Ctrl+C per interrompere)...
   🌐 API risponde, test modello...
   ⚠️ Modello non trovato, potrebbe essere in download...
   ⚠️ GPU 0 impiega più di 30 minuti...
   Continuo ad aspettare (Ctrl+C per interrompere)...
   🌐 API risponde, test modello...
   ⚠️ Modello non trovato, potrebbe essere in download...
   ⚠️ GPU 0 impiega più di 30 minuti...
   Continuo ad aspettare (Ctrl+C per interrompere)...
   🌐 API risponde, test modello...
   ⚠️ Modello non trovato, potrebbe essere in download...
   ⚠️ GPU 0 impiega più di 30 minuti...
   Continuo ad aspettare (Ctrl+C per interrompere)...
   🌐 API risponde, test modello...
   ⚠️ Modello non trovato, potrebbe essere in download...
   ⚠️ GPU 0 impiega più di 30 minuti...
   Continuo ad aspettare (Ctrl+C per interrompere)...
   🌐 API risponde, test modello...
   ⚠️ Modello non trovato, potrebbe essere in download...
   ⚠️ GPU 0 impiega più di 30 minuti...
   Continuo ad aspettare (Ctrl+C per interrompere)...
   🌐 API risponde, test modello...
   ⚠️ Modello non trovato, potrebbe essere in download...
   ⚠️ GPU 0 impiega più di 30 minuti...
   Continuo ad aspettare (Ctrl+C per interrompere)...
   🌐 API risponde, test modello...
   ⚠️ Modello non trovato, potrebbe essere in download...
   ⚠️ GPU 0 impiega più di 30 minuti...
   Continuo ad aspettare (Ctrl+C per interrompere)...
   🌐 API risponde, test modello...
   ⚠️ Modello non trovato, potrebbe essere in download...
   ⚠️ GPU 0 impiega più di 30 minuti...
   Continuo ad aspettare (Ctrl+C per interrompere)...
   🌐 API risponde, test modello...
   ⚠️ Modello non trovato, potrebbe essere in download...
   ⏳ Tentativo 430 - GPU 0 ancora in caricamento...
   📊 Memoria GPU:
4 MiB, 65536 MiB
   ⚠️ GPU 0 impiega più di 30 minuti...
   Continuo ad aspettare (Ctrl+C per interrompere)...
   🌐 API risponde, test modello...
   ⚠️ Modello non trovato, potrebbe essere in download...
   ⚠️ GPU 0 impiega più di 30 minuti...
   Continuo ad aspettare (Ctrl+C per interrompere)...
   🌐 API risponde, test modello...
   ⚠️ Modello non trovato, potrebbe essere in download...
   ⚠️ GPU 0 impiega più di 30 minuti...
   Continuo ad aspettare (Ctrl+C per interrompere)...
   🌐 API risponde, test modello...
   ⚠️ Modello non trovato, potrebbe essere in download...
   ⚠️ GPU 0 impiega più di 30 minuti...
   Continuo ad aspettare (Ctrl+C per interrompere)...
   🌐 API risponde, test modello...
   ⚠️ Modello non trovato, potrebbe essere in download...
   ⚠️ GPU 0 impiega più di 30 minuti...
   Continuo ad aspettare (Ctrl+C per interrompere)...
   🌐 API risponde, test modello...
   ⚠️ Modello non trovato, potrebbe essere in download...
   ⚠️ GPU 0 impiega più di 30 minuti...
   Continuo ad aspettare (Ctrl+C per interrompere)...
   🌐 API risponde, test modello...
   ⚠️ Modello non trovato, potrebbe essere in download...
   ⚠️ GPU 0 impiega più di 30 minuti...
   Continuo ad aspettare (Ctrl+C per interrompere)...
   🌐 API risponde, test modello...
   ⚠️ Modello non trovato, potrebbe essere in download...
   ⚠️ GPU 0 impiega più di 30 minuti...
   Continuo ad aspettare (Ctrl+C per interrompere)...
   🌐 API risponde, test modello...
   ⚠️ Modello non trovato, potrebbe essere in download...
   ⚠️ GPU 0 impiega più di 30 minuti...
   Continuo ad aspettare (Ctrl+C per interrompere)...
   🌐 API risponde, test modello...
   ⚠️ Modello non trovato, potrebbe essere in download...
   ⚠️ GPU 0 impiega più di 30 minuti...
   Continuo ad aspettare (Ctrl+C per interrompere)...
   🌐 API risponde, test modello...
   ⚠️ Modello non trovato, potrebbe essere in download...
   ⏳ Tentativo 440 - GPU 0 ancora in caricamento...
   📊 Memoria GPU:
4 MiB, 65536 MiB
   ⚠️ GPU 0 impiega più di 30 minuti...
   Continuo ad aspettare (Ctrl+C per interrompere)...
   🌐 API risponde, test modello...
   ⚠️ Modello non trovato, potrebbe essere in download...
   ⚠️ GPU 0 impiega più di 30 minuti...
   Continuo ad aspettare (Ctrl+C per interrompere)...
   🌐 API risponde, test modello...
   ⚠️ Modello non trovato, potrebbe essere in download...
   ⚠️ GPU 0 impiega più di 30 minuti...
   Continuo ad aspettare (Ctrl+C per interrompere)...
   🌐 API risponde, test modello...
   ⚠️ Modello non trovato, potrebbe essere in download...
   ⚠️ GPU 0 impiega più di 30 minuti...
   Continuo ad aspettare (Ctrl+C per interrompere)...
   🌐 API risponde, test modello...
   ⚠️ Modello non trovato, potrebbe essere in download...
   ⚠️ GPU 0 impiega più di 30 minuti...
   Continuo ad aspettare (Ctrl+C per interrompere)...
   🌐 API risponde, test modello...
   ⚠️ Modello non trovato, potrebbe essere in download...
   ⚠️ GPU 0 impiega più di 30 minuti...
   Continuo ad aspettare (Ctrl+C per interrompere)...
   🌐 API risponde, test modello...
   ⚠️ Modello non trovato, potrebbe essere in download...
   ⚠️ GPU 0 impiega più di 30 minuti...
   Continuo ad aspettare (Ctrl+C per interrompere)...
   🌐 API risponde, test modello...
   ⚠️ Modello non trovato, potrebbe essere in download...
   ⚠️ GPU 0 impiega più di 30 minuti...
   Continuo ad aspettare (Ctrl+C per interrompere)...
   🌐 API risponde, test modello...
   ⚠️ Modello non trovato, potrebbe essere in download...
   ⚠️ GPU 0 impiega più di 30 minuti...
   Continuo ad aspettare (Ctrl+C per interrompere)...
   🌐 API risponde, test modello...
   ⚠️ Modello non trovato, potrebbe essere in download...
   ⚠️ GPU 0 impiega più di 30 minuti...
   Continuo ad aspettare (Ctrl+C per interrompere)...
   🌐 API risponde, test modello...
   ⚠️ Modello non trovato, potrebbe essere in download...
   ⏳ Tentativo 450 - GPU 0 ancora in caricamento...
   📊 Memoria GPU:
4 MiB, 65536 MiB
   ⚠️ GPU 0 impiega più di 30 minuti...
   Continuo ad aspettare (Ctrl+C per interrompere)...
   🌐 API risponde, test modello...
   ⚠️ Modello non trovato, potrebbe essere in download...
   ⚠️ GPU 0 impiega più di 30 minuti...
   Continuo ad aspettare (Ctrl+C per interrompere)...
   🌐 API risponde, test modello...
   ⚠️ Modello non trovato, potrebbe essere in download...
   ⚠️ GPU 0 impiega più di 30 minuti...
   Continuo ad aspettare (Ctrl+C per interrompere)...
   🌐 API risponde, test modello...
   ⚠️ Modello non trovato, potrebbe essere in download...
   ⚠️ GPU 0 impiega più di 30 minuti...
   Continuo ad aspettare (Ctrl+C per interrompere)...
   🌐 API risponde, test modello...
   ⚠️ Modello non trovato, potrebbe essere in download...
   ⚠️ GPU 0 impiega più di 30 minuti...
   Continuo ad aspettare (Ctrl+C per interrompere)...
   🌐 API risponde, test modello...
   ⚠️ Modello non trovato, potrebbe essere in download...
   ⚠️ GPU 0 impiega più di 30 minuti...
   Continuo ad aspettare (Ctrl+C per interrompere)...
   🌐 API risponde, test modello...
   ⚠️ Modello non trovato, potrebbe essere in download...
   ⚠️ GPU 0 impiega più di 30 minuti...
   Continuo ad aspettare (Ctrl+C per interrompere)...
   🌐 API risponde, test modello...
   ⚠️ Modello non trovato, potrebbe essere in download...
   ⚠️ GPU 0 impiega più di 30 minuti...
   Continuo ad aspettare (Ctrl+C per interrompere)...
   🌐 API risponde, test modello...
   ⚠️ Modello non trovato, potrebbe essere in download...
   ⚠️ GPU 0 impiega più di 30 minuti...
   Continuo ad aspettare (Ctrl+C per interrompere)...
   🌐 API risponde, test modello...
   ⚠️ Modello non trovato, potrebbe essere in download...
   ⚠️ GPU 0 impiega più di 30 minuti...
   Continuo ad aspettare (Ctrl+C per interrompere)...
   🌐 API risponde, test modello...
   ⚠️ Modello non trovato, potrebbe essere in download...
   ⏳ Tentativo 460 - GPU 0 ancora in caricamento...
   📊 Memoria GPU:
4 MiB, 65536 MiB
   ⚠️ GPU 0 impiega più di 30 minuti...
   Continuo ad aspettare (Ctrl+C per interrompere)...
   🌐 API risponde, test modello...
   ⚠️ Modello non trovato, potrebbe essere in download...
   ⚠️ GPU 0 impiega più di 30 minuti...
   Continuo ad aspettare (Ctrl+C per interrompere)...
   🌐 API risponde, test modello...
   ⚠️ Modello non trovato, potrebbe essere in download...
   ⚠️ GPU 0 impiega più di 30 minuti...
   Continuo ad aspettare (Ctrl+C per interrompere)...
   🌐 API risponde, test modello...
   ⚠️ Modello non trovato, potrebbe essere in download...
   ⚠️ GPU 0 impiega più di 30 minuti...
   Continuo ad aspettare (Ctrl+C per interrompere)...
   🌐 API risponde, test modello...
   ⚠️ Modello non trovato, potrebbe essere in download...
   ⚠️ GPU 0 impiega più di 30 minuti...
   Continuo ad aspettare (Ctrl+C per interrompere)...
   🌐 API risponde, test modello...
   ⚠️ Modello non trovato, potrebbe essere in download...
   ⚠️ GPU 0 impiega più di 30 minuti...
   Continuo ad aspettare (Ctrl+C per interrompere)...
   🌐 API risponde, test modello...
   ⚠️ Modello non trovato, potrebbe essere in download...
   ⚠️ GPU 0 impiega più di 30 minuti...
   Continuo ad aspettare (Ctrl+C per interrompere)...
   🌐 API risponde, test modello...
   ⚠️ Modello non trovato, potrebbe essere in download...
   ⚠️ GPU 0 impiega più di 30 minuti...
   Continuo ad aspettare (Ctrl+C per interrompere)...
   🌐 API risponde, test modello...
   ⚠️ Modello non trovato, potrebbe essere in download...
   ⚠️ GPU 0 impiega più di 30 minuti...
   Continuo ad aspettare (Ctrl+C per interrompere)...
   🌐 API risponde, test modello...
   ⚠️ Modello non trovato, potrebbe essere in download...
   ⚠️ GPU 0 impiega più di 30 minuti...
   Continuo ad aspettare (Ctrl+C per interrompere)...
   🌐 API risponde, test modello...
   ⚠️ Modello non trovato, potrebbe essere in download...
   ⏳ Tentativo 470 - GPU 0 ancora in caricamento...
   📊 Memoria GPU:
4 MiB, 65536 MiB
   ⚠️ GPU 0 impiega più di 30 minuti...
   Continuo ad aspettare (Ctrl+C per interrompere)...
   🌐 API risponde, test modello...
   ⚠️ Modello non trovato, potrebbe essere in download...
   ⚠️ GPU 0 impiega più di 30 minuti...
   Continuo ad aspettare (Ctrl+C per interrompere)...
   🌐 API risponde, test modello...
   ⚠️ Modello non trovato, potrebbe essere in download...
   ⚠️ GPU 0 impiega più di 30 minuti...
   Continuo ad aspettare (Ctrl+C per interrompere)...
   🌐 API risponde, test modello...
   ⚠️ Modello non trovato, potrebbe essere in download...
   ⚠️ GPU 0 impiega più di 30 minuti...
   Continuo ad aspettare (Ctrl+C per interrompere)...
   🌐 API risponde, test modello...
   ⚠️ Modello non trovato, potrebbe essere in download...
   ⚠️ GPU 0 impiega più di 30 minuti...
   Continuo ad aspettare (Ctrl+C per interrompere)...
   🌐 API risponde, test modello...
   ⚠️ Modello non trovato, potrebbe essere in download...
   ⚠️ GPU 0 impiega più di 30 minuti...
   Continuo ad aspettare (Ctrl+C per interrompere)...
   🌐 API risponde, test modello...
   ⚠️ Modello non trovato, potrebbe essere in download...
   ⚠️ GPU 0 impiega più di 30 minuti...
   Continuo ad aspettare (Ctrl+C per interrompere)...
   🌐 API risponde, test modello...
   ⚠️ Modello non trovato, potrebbe essere in download...
   ⚠️ GPU 0 impiega più di 30 minuti...
   Continuo ad aspettare (Ctrl+C per interrompere)...
   🌐 API risponde, test modello...
   ⚠️ Modello non trovato, potrebbe essere in download...
   ⚠️ GPU 0 impiega più di 30 minuti...
   Continuo ad aspettare (Ctrl+C per interrompere)...
   🌐 API risponde, test modello...
   ⚠️ Modello non trovato, potrebbe essere in download...
   ⚠️ GPU 0 impiega più di 30 minuti...
   Continuo ad aspettare (Ctrl+C per interrompere)...
   🌐 API risponde, test modello...
   ⚠️ Modello non trovato, potrebbe essere in download...
   ⏳ Tentativo 480 - GPU 0 ancora in caricamento...
   📊 Memoria GPU:
4 MiB, 65536 MiB
   ⚠️ GPU 0 impiega più di 30 minuti...
   Continuo ad aspettare (Ctrl+C per interrompere)...
   🌐 API risponde, test modello...
   ⚠️ Modello non trovato, potrebbe essere in download...
   ⚠️ GPU 0 impiega più di 30 minuti...
   Continuo ad aspettare (Ctrl+C per interrompere)...
   🌐 API risponde, test modello...
   ⚠️ Modello non trovato, potrebbe essere in download...
   ⚠️ GPU 0 impiega più di 30 minuti...
   Continuo ad aspettare (Ctrl+C per interrompere)...
   🌐 API risponde, test modello...
   ⚠️ Modello non trovato, potrebbe essere in download...
   ⚠️ GPU 0 impiega più di 30 minuti...
   Continuo ad aspettare (Ctrl+C per interrompere)...
   🌐 API risponde, test modello...
   ⚠️ Modello non trovato, potrebbe essere in download...
   ⚠️ GPU 0 impiega più di 30 minuti...
   Continuo ad aspettare (Ctrl+C per interrompere)...
   🌐 API risponde, test modello...
   ⚠️ Modello non trovato, potrebbe essere in download...
   ⚠️ GPU 0 impiega più di 30 minuti...
   Continuo ad aspettare (Ctrl+C per interrompere)...
   🌐 API risponde, test modello...
   ⚠️ Modello non trovato, potrebbe essere in download...
   ⚠️ GPU 0 impiega più di 30 minuti...
   Continuo ad aspettare (Ctrl+C per interrompere)...
   🌐 API risponde, test modello...
   ⚠️ Modello non trovato, potrebbe essere in download...
   ⚠️ GPU 0 impiega più di 30 minuti...
   Continuo ad aspettare (Ctrl+C per interrompere)...
   🌐 API risponde, test modello...
   ⚠️ Modello non trovato, potrebbe essere in download...
   ⚠️ GPU 0 impiega più di 30 minuti...
   Continuo ad aspettare (Ctrl+C per interrompere)...
   🌐 API risponde, test modello...
   ⚠️ Modello non trovato, potrebbe essere in download...
   ⚠️ GPU 0 impiega più di 30 minuti...
   Continuo ad aspettare (Ctrl+C per interrompere)...
   🌐 API risponde, test modello...
   ⚠️ Modello non trovato, potrebbe essere in download...
   ⏳ Tentativo 490 - GPU 0 ancora in caricamento...
   📊 Memoria GPU:
4 MiB, 65536 MiB
   ⚠️ GPU 0 impiega più di 30 minuti...
   Continuo ad aspettare (Ctrl+C per interrompere)...
   🌐 API risponde, test modello...
   ⚠️ Modello non trovato, potrebbe essere in download...
   ⚠️ GPU 0 impiega più di 30 minuti...
   Continuo ad aspettare (Ctrl+C per interrompere)...
   🌐 API risponde, test modello...
   ⚠️ Modello non trovato, potrebbe essere in download...
   ⚠️ GPU 0 impiega più di 30 minuti...
   Continuo ad aspettare (Ctrl+C per interrompere)...
   🌐 API risponde, test modello...
   ⚠️ Modello non trovato, potrebbe essere in download...
   ⚠️ GPU 0 impiega più di 30 minuti...
   Continuo ad aspettare (Ctrl+C per interrompere)...
   🌐 API risponde, test modello...
   ⚠️ Modello non trovato, potrebbe essere in download...
   ⚠️ GPU 0 impiega più di 30 minuti...
   Continuo ad aspettare (Ctrl+C per interrompere)...
   🌐 API risponde, test modello...
   ⚠️ Modello non trovato, potrebbe essere in download...
   ⚠️ GPU 0 impiega più di 30 minuti...
   Continuo ad aspettare (Ctrl+C per interrompere)...
   🌐 API risponde, test modello...
   ⚠️ Modello non trovato, potrebbe essere in download...
   ⚠️ GPU 0 impiega più di 30 minuti...
   Continuo ad aspettare (Ctrl+C per interrompere)...
   🌐 API risponde, test modello...
   ⚠️ Modello non trovato, potrebbe essere in download...
   ⚠️ GPU 0 impiega più di 30 minuti...
   Continuo ad aspettare (Ctrl+C per interrompere)...
   🌐 API risponde, test modello...
   ⚠️ Modello non trovato, potrebbe essere in download...
   ⚠️ GPU 0 impiega più di 30 minuti...
   Continuo ad aspettare (Ctrl+C per interrompere)...
   🌐 API risponde, test modello...
   ⚠️ Modello non trovato, potrebbe essere in download...
   ⚠️ GPU 0 impiega più di 30 minuti...
   Continuo ad aspettare (Ctrl+C per interrompere)...
   🌐 API risponde, test modello...
   ⚠️ Modello non trovato, potrebbe essere in download...
   ⏳ Tentativo 500 - GPU 0 ancora in caricamento...
   📊 Memoria GPU:
4 MiB, 65536 MiB
   ⚠️ GPU 0 impiega più di 30 minuti...
   Continuo ad aspettare (Ctrl+C per interrompere)...
   🌐 API risponde, test modello...
   ⚠️ Modello non trovato, potrebbe essere in download...
   ⚠️ GPU 0 impiega più di 30 minuti...
   Continuo ad aspettare (Ctrl+C per interrompere)...
   🌐 API risponde, test modello...
   ⚠️ Modello non trovato, potrebbe essere in download...
   ⚠️ GPU 0 impiega più di 30 minuti...
   Continuo ad aspettare (Ctrl+C per interrompere)...
   🌐 API risponde, test modello...
   ⚠️ Modello non trovato, potrebbe essere in download...
   ⚠️ GPU 0 impiega più di 30 minuti...
   Continuo ad aspettare (Ctrl+C per interrompere)...
   🌐 API risponde, test modello...
   ⚠️ Modello non trovato, potrebbe essere in download...
   ⚠️ GPU 0 impiega più di 30 minuti...
   Continuo ad aspettare (Ctrl+C per interrompere)...
   🌐 API risponde, test modello...
   ⚠️ Modello non trovato, potrebbe essere in download...
   ⚠️ GPU 0 impiega più di 30 minuti...
   Continuo ad aspettare (Ctrl+C per interrompere)...
   🌐 API risponde, test modello...
   ⚠️ Modello non trovato, potrebbe essere in download...
   ⚠️ GPU 0 impiega più di 30 minuti...
   Continuo ad aspettare (Ctrl+C per interrompere)...
   🌐 API risponde, test modello...
   ⚠️ Modello non trovato, potrebbe essere in download...
   ⚠️ GPU 0 impiega più di 30 minuti...
   Continuo ad aspettare (Ctrl+C per interrompere)...
   🌐 API risponde, test modello...
   ⚠️ Modello non trovato, potrebbe essere in download...
   ⚠️ GPU 0 impiega più di 30 minuti...
   Continuo ad aspettare (Ctrl+C per interrompere)...
   🌐 API risponde, test modello...
   ⚠️ Modello non trovato, potrebbe essere in download...
   ⚠️ GPU 0 impiega più di 30 minuti...
   Continuo ad aspettare (Ctrl+C per interrompere)...
   🌐 API risponde, test modello...
   ⚠️ Modello non trovato, potrebbe essere in download...
   ⏳ Tentativo 510 - GPU 0 ancora in caricamento...
   📊 Memoria GPU:
4 MiB, 65536 MiB
   ⚠️ GPU 0 impiega più di 30 minuti...
   Continuo ad aspettare (Ctrl+C per interrompere)...
   🌐 API risponde, test modello...
   ⚠️ Modello non trovato, potrebbe essere in download...
   ⚠️ GPU 0 impiega più di 30 minuti...
   Continuo ad aspettare (Ctrl+C per interrompere)...
   🌐 API risponde, test modello...
   ⚠️ Modello non trovato, potrebbe essere in download...
   ⚠️ GPU 0 impiega più di 30 minuti...
   Continuo ad aspettare (Ctrl+C per interrompere)...
   🌐 API risponde, test modello...
   ⚠️ Modello non trovato, potrebbe essere in download...
   ⚠️ GPU 0 impiega più di 30 minuti...
   Continuo ad aspettare (Ctrl+C per interrompere)...
   🌐 API risponde, test modello...
   ⚠️ Modello non trovato, potrebbe essere in download...
   ⚠️ GPU 0 impiega più di 30 minuti...
   Continuo ad aspettare (Ctrl+C per interrompere)...
   🌐 API risponde, test modello...
   ⚠️ Modello non trovato, potrebbe essere in download...
   ⚠️ GPU 0 impiega più di 30 minuti...
   Continuo ad aspettare (Ctrl+C per interrompere)...
   🌐 API risponde, test modello...
   ⚠️ Modello non trovato, potrebbe essere in download...
   ⚠️ GPU 0 impiega più di 30 minuti...
   Continuo ad aspettare (Ctrl+C per interrompere)...
   🌐 API risponde, test modello...
   ⚠️ Modello non trovato, potrebbe essere in download...
   ⚠️ GPU 0 impiega più di 30 minuti...
   Continuo ad aspettare (Ctrl+C per interrompere)...
   🌐 API risponde, test modello...
   ⚠️ Modello non trovato, potrebbe essere in download...
   ⚠️ GPU 0 impiega più di 30 minuti...
   Continuo ad aspettare (Ctrl+C per interrompere)...
   🌐 API risponde, test modello...
   ⚠️ Modello non trovato, potrebbe essere in download...
   ⚠️ GPU 0 impiega più di 30 minuti...
   Continuo ad aspettare (Ctrl+C per interrompere)...
   🌐 API risponde, test modello...
   ⚠️ Modello non trovato, potrebbe essere in download...
   ⏳ Tentativo 520 - GPU 0 ancora in caricamento...
   📊 Memoria GPU:
4 MiB, 65536 MiB
   ⚠️ GPU 0 impiega più di 30 minuti...
   Continuo ad aspettare (Ctrl+C per interrompere)...
   🌐 API risponde, test modello...
   ⚠️ Modello non trovato, potrebbe essere in download...
   ⚠️ GPU 0 impiega più di 30 minuti...
   Continuo ad aspettare (Ctrl+C per interrompere)...
   🌐 API risponde, test modello...
   ⚠️ Modello non trovato, potrebbe essere in download...
   ⚠️ GPU 0 impiega più di 30 minuti...
   Continuo ad aspettare (Ctrl+C per interrompere)...
   🌐 API risponde, test modello...
   ⚠️ Modello non trovato, potrebbe essere in download...
   ⚠️ GPU 0 impiega più di 30 minuti...
   Continuo ad aspettare (Ctrl+C per interrompere)...
   🌐 API risponde, test modello...
   ⚠️ Modello non trovato, potrebbe essere in download...
   ⚠️ GPU 0 impiega più di 30 minuti...
   Continuo ad aspettare (Ctrl+C per interrompere)...
   🌐 API risponde, test modello...
   ⚠️ Modello non trovato, potrebbe essere in download...
   ⚠️ GPU 0 impiega più di 30 minuti...
   Continuo ad aspettare (Ctrl+C per interrompere)...
   🌐 API risponde, test modello...
   ⚠️ Modello non trovato, potrebbe essere in download...
   ⚠️ GPU 0 impiega più di 30 minuti...
   Continuo ad aspettare (Ctrl+C per interrompere)...
   🌐 API risponde, test modello...
   ⚠️ Modello non trovato, potrebbe essere in download...
   ⚠️ GPU 0 impiega più di 30 minuti...
   Continuo ad aspettare (Ctrl+C per interrompere)...
   🌐 API risponde, test modello...
   ⚠️ Modello non trovato, potrebbe essere in download...
   ⚠️ GPU 0 impiega più di 30 minuti...
   Continuo ad aspettare (Ctrl+C per interrompere)...
   🌐 API risponde, test modello...
   ⚠️ Modello non trovato, potrebbe essere in download...
   ⚠️ GPU 0 impiega più di 30 minuti...
   Continuo ad aspettare (Ctrl+C per interrompere)...
   🌐 API risponde, test modello...
   ⚠️ Modello non trovato, potrebbe essere in download...
   ⏳ Tentativo 530 - GPU 0 ancora in caricamento...
   📊 Memoria GPU:
4 MiB, 65536 MiB
   ⚠️ GPU 0 impiega più di 30 minuti...
   Continuo ad aspettare (Ctrl+C per interrompere)...
   🌐 API risponde, test modello...
   ⚠️ Modello non trovato, potrebbe essere in download...
   ⚠️ GPU 0 impiega più di 30 minuti...
   Continuo ad aspettare (Ctrl+C per interrompere)...
   🌐 API risponde, test modello...
   ⚠️ Modello non trovato, potrebbe essere in download...
   ⚠️ GPU 0 impiega più di 30 minuti...
   Continuo ad aspettare (Ctrl+C per interrompere)...
   🌐 API risponde, test modello...
   ⚠️ Modello non trovato, potrebbe essere in download...
   ⚠️ GPU 0 impiega più di 30 minuti...
   Continuo ad aspettare (Ctrl+C per interrompere)...
   🌐 API risponde, test modello...
   ⚠️ Modello non trovato, potrebbe essere in download...
   ⚠️ GPU 0 impiega più di 30 minuti...
   Continuo ad aspettare (Ctrl+C per interrompere)...
   🌐 API risponde, test modello...
   ⚠️ Modello non trovato, potrebbe essere in download...
   ⚠️ GPU 0 impiega più di 30 minuti...
   Continuo ad aspettare (Ctrl+C per interrompere)...
   🌐 API risponde, test modello...
   ⚠️ Modello non trovato, potrebbe essere in download...
   ⚠️ GPU 0 impiega più di 30 minuti...
   Continuo ad aspettare (Ctrl+C per interrompere)...
   🌐 API risponde, test modello...
   ⚠️ Modello non trovato, potrebbe essere in download...
   ⚠️ GPU 0 impiega più di 30 minuti...
   Continuo ad aspettare (Ctrl+C per interrompere)...
   🌐 API risponde, test modello...
   ⚠️ Modello non trovato, potrebbe essere in download...
   ⚠️ GPU 0 impiega più di 30 minuti...
   Continuo ad aspettare (Ctrl+C per interrompere)...
   🌐 API risponde, test modello...
   ⚠️ Modello non trovato, potrebbe essere in download...
   ⚠️ GPU 0 impiega più di 30 minuti...
   Continuo ad aspettare (Ctrl+C per interrompere)...
   🌐 API risponde, test modello...
   ⚠️ Modello non trovato, potrebbe essere in download...
   ⏳ Tentativo 540 - GPU 0 ancora in caricamento...
   📊 Memoria GPU:
4 MiB, 65536 MiB
   ⚠️ GPU 0 impiega più di 30 minuti...
   Continuo ad aspettare (Ctrl+C per interrompere)...
   🌐 API risponde, test modello...
   ⚠️ Modello non trovato, potrebbe essere in download...
   ⚠️ GPU 0 impiega più di 30 minuti...
   Continuo ad aspettare (Ctrl+C per interrompere)...
   🌐 API risponde, test modello...
   ⚠️ Modello non trovato, potrebbe essere in download...
   ⚠️ GPU 0 impiega più di 30 minuti...
   Continuo ad aspettare (Ctrl+C per interrompere)...
   🌐 API risponde, test modello...
   ⚠️ Modello non trovato, potrebbe essere in download...
   ⚠️ GPU 0 impiega più di 30 minuti...
   Continuo ad aspettare (Ctrl+C per interrompere)...
   🌐 API risponde, test modello...
   ⚠️ Modello non trovato, potrebbe essere in download...
   ⚠️ GPU 0 impiega più di 30 minuti...
   Continuo ad aspettare (Ctrl+C per interrompere)...
   🌐 API risponde, test modello...
   ⚠️ Modello non trovato, potrebbe essere in download...
   ⚠️ GPU 0 impiega più di 30 minuti...
   Continuo ad aspettare (Ctrl+C per interrompere)...
   🌐 API risponde, test modello...
   ⚠️ Modello non trovato, potrebbe essere in download...
   ⚠️ GPU 0 impiega più di 30 minuti...
   Continuo ad aspettare (Ctrl+C per interrompere)...
   🌐 API risponde, test modello...
   ⚠️ Modello non trovato, potrebbe essere in download...
   ⚠️ GPU 0 impiega più di 30 minuti...
   Continuo ad aspettare (Ctrl+C per interrompere)...
   🌐 API risponde, test modello...
   ⚠️ Modello non trovato, potrebbe essere in download...
   ⚠️ GPU 0 impiega più di 30 minuti...
   Continuo ad aspettare (Ctrl+C per interrompere)...
   🌐 API risponde, test modello...
   ⚠️ Modello non trovato, potrebbe essere in download...
   ⚠️ GPU 0 impiega più di 30 minuti...
   Continuo ad aspettare (Ctrl+C per interrompere)...
   🌐 API risponde, test modello...
   ⚠️ Modello non trovato, potrebbe essere in download...
   ⏳ Tentativo 550 - GPU 0 ancora in caricamento...
   📊 Memoria GPU:
4 MiB, 65536 MiB
   ⚠️ GPU 0 impiega più di 30 minuti...
   Continuo ad aspettare (Ctrl+C per interrompere)...
   🌐 API risponde, test modello...
   ⚠️ Modello non trovato, potrebbe essere in download...
   ⚠️ GPU 0 impiega più di 30 minuti...
   Continuo ad aspettare (Ctrl+C per interrompere)...
   🌐 API risponde, test modello...
   ⚠️ Modello non trovato, potrebbe essere in download...
   ⚠️ GPU 0 impiega più di 30 minuti...
   Continuo ad aspettare (Ctrl+C per interrompere)...
   🌐 API risponde, test modello...
   ⚠️ Modello non trovato, potrebbe essere in download...
   ⚠️ GPU 0 impiega più di 30 minuti...
   Continuo ad aspettare (Ctrl+C per interrompere)...
   🌐 API risponde, test modello...
   ⚠️ Modello non trovato, potrebbe essere in download...
   ⚠️ GPU 0 impiega più di 30 minuti...
   Continuo ad aspettare (Ctrl+C per interrompere)...
   🌐 API risponde, test modello...
   ⚠️ Modello non trovato, potrebbe essere in download...
   ⚠️ GPU 0 impiega più di 30 minuti...
   Continuo ad aspettare (Ctrl+C per interrompere)...
   🌐 API risponde, test modello...
   ⚠️ Modello non trovato, potrebbe essere in download...
   ⚠️ GPU 0 impiega più di 30 minuti...
   Continuo ad aspettare (Ctrl+C per interrompere)...
   🌐 API risponde, test modello...
   ⚠️ Modello non trovato, potrebbe essere in download...
   ⚠️ GPU 0 impiega più di 30 minuti...
   Continuo ad aspettare (Ctrl+C per interrompere)...
   🌐 API risponde, test modello...
   ⚠️ Modello non trovato, potrebbe essere in download...
   ⚠️ GPU 0 impiega più di 30 minuti...
   Continuo ad aspettare (Ctrl+C per interrompere)...
   🌐 API risponde, test modello...
   ⚠️ Modello non trovato, potrebbe essere in download...
   ⚠️ GPU 0 impiega più di 30 minuti...
   Continuo ad aspettare (Ctrl+C per interrompere)...
   🌐 API risponde, test modello...
   ⚠️ Modello non trovato, potrebbe essere in download...
   ⏳ Tentativo 560 - GPU 0 ancora in caricamento...
   📊 Memoria GPU:
4 MiB, 65536 MiB
   ⚠️ GPU 0 impiega più di 30 minuti...
   Continuo ad aspettare (Ctrl+C per interrompere)...
   🌐 API risponde, test modello...
   ⚠️ Modello non trovato, potrebbe essere in download...
   ⚠️ GPU 0 impiega più di 30 minuti...
   Continuo ad aspettare (Ctrl+C per interrompere)...
   🌐 API risponde, test modello...
   ⚠️ Modello non trovato, potrebbe essere in download...
   ⚠️ GPU 0 impiega più di 30 minuti...
   Continuo ad aspettare (Ctrl+C per interrompere)...
   🌐 API risponde, test modello...
   ⚠️ Modello non trovato, potrebbe essere in download...
   ⚠️ GPU 0 impiega più di 30 minuti...
   Continuo ad aspettare (Ctrl+C per interrompere)...
   🌐 API risponde, test modello...
   ⚠️ Modello non trovato, potrebbe essere in download...
   ⚠️ GPU 0 impiega più di 30 minuti...
   Continuo ad aspettare (Ctrl+C per interrompere)...
   🌐 API risponde, test modello...
   ⚠️ Modello non trovato, potrebbe essere in download...
   ⚠️ GPU 0 impiega più di 30 minuti...
   Continuo ad aspettare (Ctrl+C per interrompere)...
   🌐 API risponde, test modello...
   ⚠️ Modello non trovato, potrebbe essere in download...
   ⚠️ GPU 0 impiega più di 30 minuti...
   Continuo ad aspettare (Ctrl+C per interrompere)...
   🌐 API risponde, test modello...
   ⚠️ Modello non trovato, potrebbe essere in download...
   ⚠️ GPU 0 impiega più di 30 minuti...
   Continuo ad aspettare (Ctrl+C per interrompere)...
   🌐 API risponde, test modello...
   ⚠️ Modello non trovato, potrebbe essere in download...
   ⚠️ GPU 0 impiega più di 30 minuti...
   Continuo ad aspettare (Ctrl+C per interrompere)...
   🌐 API risponde, test modello...
   ⚠️ Modello non trovato, potrebbe essere in download...
   ⚠️ GPU 0 impiega più di 30 minuti...
   Continuo ad aspettare (Ctrl+C per interrompere)...
   🌐 API risponde, test modello...
   ⚠️ Modello non trovato, potrebbe essere in download...
   ⏳ Tentativo 570 - GPU 0 ancora in caricamento...
   📊 Memoria GPU:
4 MiB, 65536 MiB
   ⚠️ GPU 0 impiega più di 30 minuti...
   Continuo ad aspettare (Ctrl+C per interrompere)...
   🌐 API risponde, test modello...
   ⚠️ Modello non trovato, potrebbe essere in download...
   ⚠️ GPU 0 impiega più di 30 minuti...
   Continuo ad aspettare (Ctrl+C per interrompere)...
   🌐 API risponde, test modello...
   ⚠️ Modello non trovato, potrebbe essere in download...
   ⚠️ GPU 0 impiega più di 30 minuti...
   Continuo ad aspettare (Ctrl+C per interrompere)...
   🌐 API risponde, test modello...
   ⚠️ Modello non trovato, potrebbe essere in download...
   ⚠️ GPU 0 impiega più di 30 minuti...
   Continuo ad aspettare (Ctrl+C per interrompere)...
   🌐 API risponde, test modello...
   ⚠️ Modello non trovato, potrebbe essere in download...
   ⚠️ GPU 0 impiega più di 30 minuti...
   Continuo ad aspettare (Ctrl+C per interrompere)...
   🌐 API risponde, test modello...
   ⚠️ Modello non trovato, potrebbe essere in download...
   ⚠️ GPU 0 impiega più di 30 minuti...
   Continuo ad aspettare (Ctrl+C per interrompere)...
   🌐 API risponde, test modello...
   ⚠️ Modello non trovato, potrebbe essere in download...
   ⚠️ GPU 0 impiega più di 30 minuti...
   Continuo ad aspettare (Ctrl+C per interrompere)...
   🌐 API risponde, test modello...
   ⚠️ Modello non trovato, potrebbe essere in download...
   ⚠️ GPU 0 impiega più di 30 minuti...
   Continuo ad aspettare (Ctrl+C per interrompere)...
   🌐 API risponde, test modello...
   ⚠️ Modello non trovato, potrebbe essere in download...
   ⚠️ GPU 0 impiega più di 30 minuti...
   Continuo ad aspettare (Ctrl+C per interrompere)...
   🌐 API risponde, test modello...
   ⚠️ Modello non trovato, potrebbe essere in download...
   ⚠️ GPU 0 impiega più di 30 minuti...
   Continuo ad aspettare (Ctrl+C per interrompere)...
   🌐 API risponde, test modello...
   ⚠️ Modello non trovato, potrebbe essere in download...
   ⏳ Tentativo 580 - GPU 0 ancora in caricamento...
   📊 Memoria GPU:
4 MiB, 65536 MiB
   ⚠️ GPU 0 impiega più di 30 minuti...
   Continuo ad aspettare (Ctrl+C per interrompere)...
   🌐 API risponde, test modello...
   ⚠️ Modello non trovato, potrebbe essere in download...
   ⚠️ GPU 0 impiega più di 30 minuti...
   Continuo ad aspettare (Ctrl+C per interrompere)...
   🌐 API risponde, test modello...
   ⚠️ Modello non trovato, potrebbe essere in download...
   ⚠️ GPU 0 impiega più di 30 minuti...
   Continuo ad aspettare (Ctrl+C per interrompere)...
   🌐 API risponde, test modello...
   ⚠️ Modello non trovato, potrebbe essere in download...
   ⚠️ GPU 0 impiega più di 30 minuti...
   Continuo ad aspettare (Ctrl+C per interrompere)...
   🌐 API risponde, test modello...
   ⚠️ Modello non trovato, potrebbe essere in download...
   ⚠️ GPU 0 impiega più di 30 minuti...
   Continuo ad aspettare (Ctrl+C per interrompere)...
   🌐 API risponde, test modello...
   ⚠️ Modello non trovato, potrebbe essere in download...
   ⚠️ GPU 0 impiega più di 30 minuti...
   Continuo ad aspettare (Ctrl+C per interrompere)...
   🌐 API risponde, test modello...
   ⚠️ Modello non trovato, potrebbe essere in download...
   ⚠️ GPU 0 impiega più di 30 minuti...
   Continuo ad aspettare (Ctrl+C per interrompere)...
   🌐 API risponde, test modello...
   ⚠️ Modello non trovato, potrebbe essere in download...
   ⚠️ GPU 0 impiega più di 30 minuti...
   Continuo ad aspettare (Ctrl+C per interrompere)...
   🌐 API risponde, test modello...
   ⚠️ Modello non trovato, potrebbe essere in download...
   ⚠️ GPU 0 impiega più di 30 minuti...
   Continuo ad aspettare (Ctrl+C per interrompere)...
   🌐 API risponde, test modello...
   ⚠️ Modello non trovato, potrebbe essere in download...
   ⚠️ GPU 0 impiega più di 30 minuti...
   Continuo ad aspettare (Ctrl+C per interrompere)...
   🌐 API risponde, test modello...
   ⚠️ Modello non trovato, potrebbe essere in download...
   ⏳ Tentativo 590 - GPU 0 ancora in caricamento...
   📊 Memoria GPU:
4 MiB, 65536 MiB
   ⚠️ GPU 0 impiega più di 30 minuti...
   Continuo ad aspettare (Ctrl+C per interrompere)...
   🌐 API risponde, test modello...
   ⚠️ Modello non trovato, potrebbe essere in download...
   ⚠️ GPU 0 impiega più di 30 minuti...
   Continuo ad aspettare (Ctrl+C per interrompere)...
   🌐 API risponde, test modello...
   ⚠️ Modello non trovato, potrebbe essere in download...
   ⚠️ GPU 0 impiega più di 30 minuti...
   Continuo ad aspettare (Ctrl+C per interrompere)...
   🌐 API risponde, test modello...
   ⚠️ Modello non trovato, potrebbe essere in download...
   ⚠️ GPU 0 impiega più di 30 minuti...
   Continuo ad aspettare (Ctrl+C per interrompere)...
   🌐 API risponde, test modello...
   ⚠️ Modello non trovato, potrebbe essere in download...
   ⚠️ GPU 0 impiega più di 30 minuti...
   Continuo ad aspettare (Ctrl+C per interrompere)...
   🌐 API risponde, test modello...
   ⚠️ Modello non trovato, potrebbe essere in download...
   ⚠️ GPU 0 impiega più di 30 minuti...
   Continuo ad aspettare (Ctrl+C per interrompere)...
   🌐 API risponde, test modello...
   ⚠️ Modello non trovato, potrebbe essere in download...
   ⚠️ GPU 0 impiega più di 30 minuti...
   Continuo ad aspettare (Ctrl+C per interrompere)...
   🌐 API risponde, test modello...
   ⚠️ Modello non trovato, potrebbe essere in download...
   ⚠️ GPU 0 impiega più di 30 minuti...
   Continuo ad aspettare (Ctrl+C per interrompere)...
   🌐 API risponde, test modello...
   ⚠️ Modello non trovato, potrebbe essere in download...
   ⚠️ GPU 0 impiega più di 30 minuti...
   Continuo ad aspettare (Ctrl+C per interrompere)...
   🌐 API risponde, test modello...
   ⚠️ Modello non trovato, potrebbe essere in download...
   ⚠️ GPU 0 impiega più di 30 minuti...
   Continuo ad aspettare (Ctrl+C per interrompere)...
   🌐 API risponde, test modello...
   ⚠️ Modello non trovato, potrebbe essere in download...
   ⏳ Tentativo 600 - GPU 0 ancora in caricamento...
   📊 Memoria GPU:
4 MiB, 65536 MiB
   ⚠️ GPU 0 impiega più di 30 minuti...
   Continuo ad aspettare (Ctrl+C per interrompere)...
   🌐 API risponde, test modello...
   ⚠️ Modello non trovato, potrebbe essere in download...
   ⚠️ GPU 0 impiega più di 30 minuti...
   Continuo ad aspettare (Ctrl+C per interrompere)...
   🌐 API risponde, test modello...
   ⚠️ Modello non trovato, potrebbe essere in download...
   ⚠️ GPU 0 impiega più di 30 minuti...
   Continuo ad aspettare (Ctrl+C per interrompere)...
   🌐 API risponde, test modello...
   ⚠️ Modello non trovato, potrebbe essere in download...
   ⚠️ GPU 0 impiega più di 30 minuti...
   Continuo ad aspettare (Ctrl+C per interrompere)...
   🌐 API risponde, test modello...
   ⚠️ Modello non trovato, potrebbe essere in download...
   ⚠️ GPU 0 impiega più di 30 minuti...
   Continuo ad aspettare (Ctrl+C per interrompere)...
   🌐 API risponde, test modello...
   ⚠️ Modello non trovato, potrebbe essere in download...
   ⚠️ GPU 0 impiega più di 30 minuti...
   Continuo ad aspettare (Ctrl+C per interrompere)...
   🌐 API risponde, test modello...
   ⚠️ Modello non trovato, potrebbe essere in download...
   ⚠️ GPU 0 impiega più di 30 minuti...
   Continuo ad aspettare (Ctrl+C per interrompere)...
   🌐 API risponde, test modello...
   ⚠️ Modello non trovato, potrebbe essere in download...
   ⚠️ GPU 0 impiega più di 30 minuti...
   Continuo ad aspettare (Ctrl+C per interrompere)...
   🌐 API risponde, test modello...
   ⚠️ Modello non trovato, potrebbe essere in download...
   ⚠️ GPU 0 impiega più di 30 minuti...
   Continuo ad aspettare (Ctrl+C per interrompere)...
   🌐 API risponde, test modello...
   ⚠️ Modello non trovato, potrebbe essere in download...
   ⚠️ GPU 0 impiega più di 30 minuti...
   Continuo ad aspettare (Ctrl+C per interrompere)...
   🌐 API risponde, test modello...
   ⚠️ Modello non trovato, potrebbe essere in download...
   ⏳ Tentativo 610 - GPU 0 ancora in caricamento...
   📊 Memoria GPU:
4 MiB, 65536 MiB
   ⚠️ GPU 0 impiega più di 30 minuti...
   Continuo ad aspettare (Ctrl+C per interrompere)...
   🌐 API risponde, test modello...
   ⚠️ Modello non trovato, potrebbe essere in download...
   ⚠️ GPU 0 impiega più di 30 minuti...
   Continuo ad aspettare (Ctrl+C per interrompere)...
   🌐 API risponde, test modello...
   ⚠️ Modello non trovato, potrebbe essere in download...
   ⚠️ GPU 0 impiega più di 30 minuti...
   Continuo ad aspettare (Ctrl+C per interrompere)...
   🌐 API risponde, test modello...
   ⚠️ Modello non trovato, potrebbe essere in download...
   ⚠️ GPU 0 impiega più di 30 minuti...
   Continuo ad aspettare (Ctrl+C per interrompere)...
   🌐 API risponde, test modello...
   ⚠️ Modello non trovato, potrebbe essere in download...
   ⚠️ GPU 0 impiega più di 30 minuti...
   Continuo ad aspettare (Ctrl+C per interrompere)...
   🌐 API risponde, test modello...
   ⚠️ Modello non trovato, potrebbe essere in download...
   ⚠️ GPU 0 impiega più di 30 minuti...
   Continuo ad aspettare (Ctrl+C per interrompere)...
   🌐 API risponde, test modello...
   ⚠️ Modello non trovato, potrebbe essere in download...
   ⚠️ GPU 0 impiega più di 30 minuti...
   Continuo ad aspettare (Ctrl+C per interrompere)...
   🌐 API risponde, test modello...
   ⚠️ Modello non trovato, potrebbe essere in download...
   ⚠️ GPU 0 impiega più di 30 minuti...
   Continuo ad aspettare (Ctrl+C per interrompere)...
   🌐 API risponde, test modello...
   ⚠️ Modello non trovato, potrebbe essere in download...
   ⚠️ GPU 0 impiega più di 30 minuti...
   Continuo ad aspettare (Ctrl+C per interrompere)...
   🌐 API risponde, test modello...
   ⚠️ Modello non trovato, potrebbe essere in download...
   ⚠️ GPU 0 impiega più di 30 minuti...
   Continuo ad aspettare (Ctrl+C per interrompere)...
   🌐 API risponde, test modello...
   ⚠️ Modello non trovato, potrebbe essere in download...
   ⏳ Tentativo 620 - GPU 0 ancora in caricamento...
   📊 Memoria GPU:
4 MiB, 65536 MiB
   ⚠️ GPU 0 impiega più di 30 minuti...
   Continuo ad aspettare (Ctrl+C per interrompere)...
   🌐 API risponde, test modello...
   ⚠️ Modello non trovato, potrebbe essere in download...
   ⚠️ GPU 0 impiega più di 30 minuti...
   Continuo ad aspettare (Ctrl+C per interrompere)...
   🌐 API risponde, test modello...
   ⚠️ Modello non trovato, potrebbe essere in download...
   ⚠️ GPU 0 impiega più di 30 minuti...
   Continuo ad aspettare (Ctrl+C per interrompere)...
   🌐 API risponde, test modello...
   ⚠️ Modello non trovato, potrebbe essere in download...
   ⚠️ GPU 0 impiega più di 30 minuti...
   Continuo ad aspettare (Ctrl+C per interrompere)...
   🌐 API risponde, test modello...
   ⚠️ Modello non trovato, potrebbe essere in download...
   ⚠️ GPU 0 impiega più di 30 minuti...
   Continuo ad aspettare (Ctrl+C per interrompere)...
   🌐 API risponde, test modello...
   ⚠️ Modello non trovato, potrebbe essere in download...
   ⚠️ GPU 0 impiega più di 30 minuti...
   Continuo ad aspettare (Ctrl+C per interrompere)...
   🌐 API risponde, test modello...
   ⚠️ Modello non trovato, potrebbe essere in download...
   ⚠️ GPU 0 impiega più di 30 minuti...
   Continuo ad aspettare (Ctrl+C per interrompere)...
   🌐 API risponde, test modello...
   ⚠️ Modello non trovato, potrebbe essere in download...
   ⚠️ GPU 0 impiega più di 30 minuti...
   Continuo ad aspettare (Ctrl+C per interrompere)...
   🌐 API risponde, test modello...
   ⚠️ Modello non trovato, potrebbe essere in download...
   ⚠️ GPU 0 impiega più di 30 minuti...
   Continuo ad aspettare (Ctrl+C per interrompere)...
   🌐 API risponde, test modello...
   ⚠️ Modello non trovato, potrebbe essere in download...
   ⚠️ GPU 0 impiega più di 30 minuti...
   Continuo ad aspettare (Ctrl+C per interrompere)...
   🌐 API risponde, test modello...
   ⚠️ Modello non trovato, potrebbe essere in download...
   ⏳ Tentativo 630 - GPU 0 ancora in caricamento...
   📊 Memoria GPU:
4 MiB, 65536 MiB
   ⚠️ GPU 0 impiega più di 30 minuti...
   Continuo ad aspettare (Ctrl+C per interrompere)...
   🌐 API risponde, test modello...
   ⚠️ Modello non trovato, potrebbe essere in download...
   ⚠️ GPU 0 impiega più di 30 minuti...
   Continuo ad aspettare (Ctrl+C per interrompere)...
   🌐 API risponde, test modello...
   ⚠️ Modello non trovato, potrebbe essere in download...
   ⚠️ GPU 0 impiega più di 30 minuti...
   Continuo ad aspettare (Ctrl+C per interrompere)...
   🌐 API risponde, test modello...
   ⚠️ Modello non trovato, potrebbe essere in download...
   ⚠️ GPU 0 impiega più di 30 minuti...
   Continuo ad aspettare (Ctrl+C per interrompere)...
   🌐 API risponde, test modello...
   ⚠️ Modello non trovato, potrebbe essere in download...
   ⚠️ GPU 0 impiega più di 30 minuti...
   Continuo ad aspettare (Ctrl+C per interrompere)...
   🌐 API risponde, test modello...
   ⚠️ Modello non trovato, potrebbe essere in download...
   ⚠️ GPU 0 impiega più di 30 minuti...
   Continuo ad aspettare (Ctrl+C per interrompere)...
   🌐 API risponde, test modello...
   ⚠️ Modello non trovato, potrebbe essere in download...
   ⚠️ GPU 0 impiega più di 30 minuti...
   Continuo ad aspettare (Ctrl+C per interrompere)...
   🌐 API risponde, test modello...
   ⚠️ Modello non trovato, potrebbe essere in download...
   ⚠️ GPU 0 impiega più di 30 minuti...
   Continuo ad aspettare (Ctrl+C per interrompere)...
   🌐 API risponde, test modello...
   ⚠️ Modello non trovato, potrebbe essere in download...
   ⚠️ GPU 0 impiega più di 30 minuti...
   Continuo ad aspettare (Ctrl+C per interrompere)...
   🌐 API risponde, test modello...
   ⚠️ Modello non trovato, potrebbe essere in download...
   ⚠️ GPU 0 impiega più di 30 minuti...
   Continuo ad aspettare (Ctrl+C per interrompere)...
   🌐 API risponde, test modello...
   ⚠️ Modello non trovato, potrebbe essere in download...
   ⏳ Tentativo 640 - GPU 0 ancora in caricamento...
   📊 Memoria GPU:
4 MiB, 65536 MiB
   ⚠️ GPU 0 impiega più di 30 minuti...
   Continuo ad aspettare (Ctrl+C per interrompere)...
   🌐 API risponde, test modello...
   ⚠️ Modello non trovato, potrebbe essere in download...
   ⚠️ GPU 0 impiega più di 30 minuti...
   Continuo ad aspettare (Ctrl+C per interrompere)...
   🌐 API risponde, test modello...
   ⚠️ Modello non trovato, potrebbe essere in download...
   ⚠️ GPU 0 impiega più di 30 minuti...
   Continuo ad aspettare (Ctrl+C per interrompere)...
   🌐 API risponde, test modello...
   ⚠️ Modello non trovato, potrebbe essere in download...
   ⚠️ GPU 0 impiega più di 30 minuti...
   Continuo ad aspettare (Ctrl+C per interrompere)...
   🌐 API risponde, test modello...
   ⚠️ Modello non trovato, potrebbe essere in download...
   ⚠️ GPU 0 impiega più di 30 minuti...
   Continuo ad aspettare (Ctrl+C per interrompere)...
   🌐 API risponde, test modello...
   ⚠️ Modello non trovato, potrebbe essere in download...
   ⚠️ GPU 0 impiega più di 30 minuti...
   Continuo ad aspettare (Ctrl+C per interrompere)...
   🌐 API risponde, test modello...
   ⚠️ Modello non trovato, potrebbe essere in download...
   ⚠️ GPU 0 impiega più di 30 minuti...
   Continuo ad aspettare (Ctrl+C per interrompere)...
   🌐 API risponde, test modello...
   ⚠️ Modello non trovato, potrebbe essere in download...
   ⚠️ GPU 0 impiega più di 30 minuti...
   Continuo ad aspettare (Ctrl+C per interrompere)...
   🌐 API risponde, test modello...
   ⚠️ Modello non trovato, potrebbe essere in download...
   ⚠️ GPU 0 impiega più di 30 minuti...
   Continuo ad aspettare (Ctrl+C per interrompere)...
   🌐 API risponde, test modello...
   ⚠️ Modello non trovato, potrebbe essere in download...
   ⚠️ GPU 0 impiega più di 30 minuti...
   Continuo ad aspettare (Ctrl+C per interrompere)...
   🌐 API risponde, test modello...
   ⚠️ Modello non trovato, potrebbe essere in download...
   ⏳ Tentativo 650 - GPU 0 ancora in caricamento...
   📊 Memoria GPU:
4 MiB, 65536 MiB
   ⚠️ GPU 0 impiega più di 30 minuti...
   Continuo ad aspettare (Ctrl+C per interrompere)...
   🌐 API risponde, test modello...
   ⚠️ Modello non trovato, potrebbe essere in download...
   ⚠️ GPU 0 impiega più di 30 minuti...
   Continuo ad aspettare (Ctrl+C per interrompere)...
   🌐 API risponde, test modello...
   ⚠️ Modello non trovato, potrebbe essere in download...
   ⚠️ GPU 0 impiega più di 30 minuti...
   Continuo ad aspettare (Ctrl+C per interrompere)...
   🌐 API risponde, test modello...
   ⚠️ Modello non trovato, potrebbe essere in download...
   ⚠️ GPU 0 impiega più di 30 minuti...
   Continuo ad aspettare (Ctrl+C per interrompere)...
   🌐 API risponde, test modello...
   ⚠️ Modello non trovato, potrebbe essere in download...
   ⚠️ GPU 0 impiega più di 30 minuti...
   Continuo ad aspettare (Ctrl+C per interrompere)...
   🌐 API risponde, test modello...
   ⚠️ Modello non trovato, potrebbe essere in download...
   ⚠️ GPU 0 impiega più di 30 minuti...
   Continuo ad aspettare (Ctrl+C per interrompere)...
   🌐 API risponde, test modello...
   ⚠️ Modello non trovato, potrebbe essere in download...
   ⚠️ GPU 0 impiega più di 30 minuti...
   Continuo ad aspettare (Ctrl+C per interrompere)...
   🌐 API risponde, test modello...
   ⚠️ Modello non trovato, potrebbe essere in download...
   ⚠️ GPU 0 impiega più di 30 minuti...
   Continuo ad aspettare (Ctrl+C per interrompere)...
   🌐 API risponde, test modello...
   ⚠️ Modello non trovato, potrebbe essere in download...
   ⚠️ GPU 0 impiega più di 30 minuti...
   Continuo ad aspettare (Ctrl+C per interrompere)...
   🌐 API risponde, test modello...
   ⚠️ Modello non trovato, potrebbe essere in download...
   ⚠️ GPU 0 impiega più di 30 minuti...
   Continuo ad aspettare (Ctrl+C per interrompere)...
   🌐 API risponde, test modello...
   ⚠️ Modello non trovato, potrebbe essere in download...
   ⏳ Tentativo 660 - GPU 0 ancora in caricamento...
   📊 Memoria GPU:
4 MiB, 65536 MiB
   ⚠️ GPU 0 impiega più di 30 minuti...
   Continuo ad aspettare (Ctrl+C per interrompere)...
   🌐 API risponde, test modello...
   ⚠️ Modello non trovato, potrebbe essere in download...
   ⚠️ GPU 0 impiega più di 30 minuti...
   Continuo ad aspettare (Ctrl+C per interrompere)...
   🌐 API risponde, test modello...
   ⚠️ Modello non trovato, potrebbe essere in download...
   ⚠️ GPU 0 impiega più di 30 minuti...
   Continuo ad aspettare (Ctrl+C per interrompere)...
   🌐 API risponde, test modello...
   ⚠️ Modello non trovato, potrebbe essere in download...
   ⚠️ GPU 0 impiega più di 30 minuti...
   Continuo ad aspettare (Ctrl+C per interrompere)...
   🌐 API risponde, test modello...
   ⚠️ Modello non trovato, potrebbe essere in download...
   ⚠️ GPU 0 impiega più di 30 minuti...
   Continuo ad aspettare (Ctrl+C per interrompere)...
   🌐 API risponde, test modello...
   ⚠️ Modello non trovato, potrebbe essere in download...
   ⚠️ GPU 0 impiega più di 30 minuti...
   Continuo ad aspettare (Ctrl+C per interrompere)...
   🌐 API risponde, test modello...
   ⚠️ Modello non trovato, potrebbe essere in download...
   ⚠️ GPU 0 impiega più di 30 minuti...
   Continuo ad aspettare (Ctrl+C per interrompere)...
   🌐 API risponde, test modello...
   ⚠️ Modello non trovato, potrebbe essere in download...
   ⚠️ GPU 0 impiega più di 30 minuti...
   Continuo ad aspettare (Ctrl+C per interrompere)...
   🌐 API risponde, test modello...
   ⚠️ Modello non trovato, potrebbe essere in download...
   ⚠️ GPU 0 impiega più di 30 minuti...
   Continuo ad aspettare (Ctrl+C per interrompere)...
   🌐 API risponde, test modello...
   ⚠️ Modello non trovato, potrebbe essere in download...
   ⚠️ GPU 0 impiega più di 30 minuti...
   Continuo ad aspettare (Ctrl+C per interrompere)...
   🌐 API risponde, test modello...
   ⚠️ Modello non trovato, potrebbe essere in download...
   ⏳ Tentativo 670 - GPU 0 ancora in caricamento...
   📊 Memoria GPU:
4 MiB, 65536 MiB
   ⚠️ GPU 0 impiega più di 30 minuti...
   Continuo ad aspettare (Ctrl+C per interrompere)...
   🌐 API risponde, test modello...
   ⚠️ Modello non trovato, potrebbe essere in download...
   ⚠️ GPU 0 impiega più di 30 minuti...
   Continuo ad aspettare (Ctrl+C per interrompere)...
   🌐 API risponde, test modello...
   ⚠️ Modello non trovato, potrebbe essere in download...
   ⚠️ GPU 0 impiega più di 30 minuti...
   Continuo ad aspettare (Ctrl+C per interrompere)...
   🌐 API risponde, test modello...
   ⚠️ Modello non trovato, potrebbe essere in download...
   ⚠️ GPU 0 impiega più di 30 minuti...
   Continuo ad aspettare (Ctrl+C per interrompere)...
   🌐 API risponde, test modello...
   ⚠️ Modello non trovato, potrebbe essere in download...
   ⚠️ GPU 0 impiega più di 30 minuti...
   Continuo ad aspettare (Ctrl+C per interrompere)...
   🌐 API risponde, test modello...
   ⚠️ Modello non trovato, potrebbe essere in download...
   ⚠️ GPU 0 impiega più di 30 minuti...
   Continuo ad aspettare (Ctrl+C per interrompere)...
   🌐 API risponde, test modello...
   ⚠️ Modello non trovato, potrebbe essere in download...
   ⚠️ GPU 0 impiega più di 30 minuti...
   Continuo ad aspettare (Ctrl+C per interrompere)...
   🌐 API risponde, test modello...
   ⚠️ Modello non trovato, potrebbe essere in download...
   ⚠️ GPU 0 impiega più di 30 minuti...
   Continuo ad aspettare (Ctrl+C per interrompere)...
   🌐 API risponde, test modello...
   ⚠️ Modello non trovato, potrebbe essere in download...
   ⚠️ GPU 0 impiega più di 30 minuti...
   Continuo ad aspettare (Ctrl+C per interrompere)...
   🌐 API risponde, test modello...
   ⚠️ Modello non trovato, potrebbe essere in download...
   ⚠️ GPU 0 impiega più di 30 minuti...
   Continuo ad aspettare (Ctrl+C per interrompere)...
   🌐 API risponde, test modello...
   ⚠️ Modello non trovato, potrebbe essere in download...
   ⏳ Tentativo 680 - GPU 0 ancora in caricamento...
   📊 Memoria GPU:
4 MiB, 65536 MiB
   ⚠️ GPU 0 impiega più di 30 minuti...
   Continuo ad aspettare (Ctrl+C per interrompere)...
   🌐 API risponde, test modello...
   ⚠️ Modello non trovato, potrebbe essere in download...
   ⚠️ GPU 0 impiega più di 30 minuti...
   Continuo ad aspettare (Ctrl+C per interrompere)...
   🌐 API risponde, test modello...
   ⚠️ Modello non trovato, potrebbe essere in download...
   ⚠️ GPU 0 impiega più di 30 minuti...
   Continuo ad aspettare (Ctrl+C per interrompere)...
   🌐 API risponde, test modello...
   ⚠️ Modello non trovato, potrebbe essere in download...
   ⚠️ GPU 0 impiega più di 30 minuti...
   Continuo ad aspettare (Ctrl+C per interrompere)...
   🌐 API risponde, test modello...
   ⚠️ Modello non trovato, potrebbe essere in download...
   ⚠️ GPU 0 impiega più di 30 minuti...
   Continuo ad aspettare (Ctrl+C per interrompere)...
   🌐 API risponde, test modello...
   ⚠️ Modello non trovato, potrebbe essere in download...
   ⚠️ GPU 0 impiega più di 30 minuti...
   Continuo ad aspettare (Ctrl+C per interrompere)...
   🌐 API risponde, test modello...
   ⚠️ Modello non trovato, potrebbe essere in download...
   ⚠️ GPU 0 impiega più di 30 minuti...
   Continuo ad aspettare (Ctrl+C per interrompere)...
   🌐 API risponde, test modello...
   ⚠️ Modello non trovato, potrebbe essere in download...
   ⚠️ GPU 0 impiega più di 30 minuti...
   Continuo ad aspettare (Ctrl+C per interrompere)...
   🌐 API risponde, test modello...
   ⚠️ Modello non trovato, potrebbe essere in download...
   ⚠️ GPU 0 impiega più di 30 minuti...
   Continuo ad aspettare (Ctrl+C per interrompere)...
   🌐 API risponde, test modello...
   ⚠️ Modello non trovato, potrebbe essere in download...
   ⚠️ GPU 0 impiega più di 30 minuti...
   Continuo ad aspettare (Ctrl+C per interrompere)...
   🌐 API risponde, test modello...
   ⚠️ Modello non trovato, potrebbe essere in download...
   ⏳ Tentativo 690 - GPU 0 ancora in caricamento...
   📊 Memoria GPU:
4 MiB, 65536 MiB
   ⚠️ GPU 0 impiega più di 30 minuti...
   Continuo ad aspettare (Ctrl+C per interrompere)...
   🌐 API risponde, test modello...
   ⚠️ Modello non trovato, potrebbe essere in download...
   ⚠️ GPU 0 impiega più di 30 minuti...
   Continuo ad aspettare (Ctrl+C per interrompere)...
   🌐 API risponde, test modello...
   ⚠️ Modello non trovato, potrebbe essere in download...
   ⚠️ GPU 0 impiega più di 30 minuti...
   Continuo ad aspettare (Ctrl+C per interrompere)...
   🌐 API risponde, test modello...
   ⚠️ Modello non trovato, potrebbe essere in download...
   ⚠️ GPU 0 impiega più di 30 minuti...
   Continuo ad aspettare (Ctrl+C per interrompere)...
   🌐 API risponde, test modello...
   ⚠️ Modello non trovato, potrebbe essere in download...
   ⚠️ GPU 0 impiega più di 30 minuti...
   Continuo ad aspettare (Ctrl+C per interrompere)...
   🌐 API risponde, test modello...
   ⚠️ Modello non trovato, potrebbe essere in download...
   ⚠️ GPU 0 impiega più di 30 minuti...
   Continuo ad aspettare (Ctrl+C per interrompere)...
   🌐 API risponde, test modello...
   ⚠️ Modello non trovato, potrebbe essere in download...
   ⚠️ GPU 0 impiega più di 30 minuti...
   Continuo ad aspettare (Ctrl+C per interrompere)...
   🌐 API risponde, test modello...
   ⚠️ Modello non trovato, potrebbe essere in download...
   ⚠️ GPU 0 impiega più di 30 minuti...
   Continuo ad aspettare (Ctrl+C per interrompere)...
   🌐 API risponde, test modello...
   ⚠️ Modello non trovato, potrebbe essere in download...
   ⚠️ GPU 0 impiega più di 30 minuti...
   Continuo ad aspettare (Ctrl+C per interrompere)...
   🌐 API risponde, test modello...
   ⚠️ Modello non trovato, potrebbe essere in download...
   ⚠️ GPU 0 impiega più di 30 minuti...
   Continuo ad aspettare (Ctrl+C per interrompere)...
   🌐 API risponde, test modello...
   ⚠️ Modello non trovato, potrebbe essere in download...
   ⏳ Tentativo 700 - GPU 0 ancora in caricamento...
   📊 Memoria GPU:
4 MiB, 65536 MiB
   ⚠️ GPU 0 impiega più di 30 minuti...
   Continuo ad aspettare (Ctrl+C per interrompere)...
   🌐 API risponde, test modello...
   ⚠️ Modello non trovato, potrebbe essere in download...
   ⚠️ GPU 0 impiega più di 30 minuti...
   Continuo ad aspettare (Ctrl+C per interrompere)...
   🌐 API risponde, test modello...
   ⚠️ Modello non trovato, potrebbe essere in download...
   ⚠️ GPU 0 impiega più di 30 minuti...
   Continuo ad aspettare (Ctrl+C per interrompere)...
   🌐 API risponde, test modello...
   ⚠️ Modello non trovato, potrebbe essere in download...
   ⚠️ GPU 0 impiega più di 30 minuti...
   Continuo ad aspettare (Ctrl+C per interrompere)...
   🌐 API risponde, test modello...
   ⚠️ Modello non trovato, potrebbe essere in download...
   ⚠️ GPU 0 impiega più di 30 minuti...
   Continuo ad aspettare (Ctrl+C per interrompere)...
   🌐 API risponde, test modello...
   ⚠️ Modello non trovato, potrebbe essere in download...
   ⚠️ GPU 0 impiega più di 30 minuti...
   Continuo ad aspettare (Ctrl+C per interrompere)...
   🌐 API risponde, test modello...
   ⚠️ Modello non trovato, potrebbe essere in download...
   ⚠️ GPU 0 impiega più di 30 minuti...
   Continuo ad aspettare (Ctrl+C per interrompere)...
   🌐 API risponde, test modello...
   ⚠️ Modello non trovato, potrebbe essere in download...
   ⚠️ GPU 0 impiega più di 30 minuti...
   Continuo ad aspettare (Ctrl+C per interrompere)...
   🌐 API risponde, test modello...
   ⚠️ Modello non trovato, potrebbe essere in download...
   ⚠️ GPU 0 impiega più di 30 minuti...
   Continuo ad aspettare (Ctrl+C per interrompere)...
   🌐 API risponde, test modello...
   ⚠️ Modello non trovato, potrebbe essere in download...
   ⚠️ GPU 0 impiega più di 30 minuti...
   Continuo ad aspettare (Ctrl+C per interrompere)...
   🌐 API risponde, test modello...
   ⚠️ Modello non trovato, potrebbe essere in download...
   ⏳ Tentativo 710 - GPU 0 ancora in caricamento...
   📊 Memoria GPU:
4 MiB, 65536 MiB
   ⚠️ GPU 0 impiega più di 30 minuti...
   Continuo ad aspettare (Ctrl+C per interrompere)...
   🌐 API risponde, test modello...
   ⚠️ Modello non trovato, potrebbe essere in download...
   ⚠️ GPU 0 impiega più di 30 minuti...
   Continuo ad aspettare (Ctrl+C per interrompere)...
   🌐 API risponde, test modello...
   ⚠️ Modello non trovato, potrebbe essere in download...
   ⚠️ GPU 0 impiega più di 30 minuti...
   Continuo ad aspettare (Ctrl+C per interrompere)...
   🌐 API risponde, test modello...
   ⚠️ Modello non trovato, potrebbe essere in download...
   ⚠️ GPU 0 impiega più di 30 minuti...
   Continuo ad aspettare (Ctrl+C per interrompere)...
   🌐 API risponde, test modello...
   ⚠️ Modello non trovato, potrebbe essere in download...
   ⚠️ GPU 0 impiega più di 30 minuti...
   Continuo ad aspettare (Ctrl+C per interrompere)...
   🌐 API risponde, test modello...
   ⚠️ Modello non trovato, potrebbe essere in download...
   ⚠️ GPU 0 impiega più di 30 minuti...
   Continuo ad aspettare (Ctrl+C per interrompere)...
   🌐 API risponde, test modello...
   ⚠️ Modello non trovato, potrebbe essere in download...
   ⚠️ GPU 0 impiega più di 30 minuti...
   Continuo ad aspettare (Ctrl+C per interrompere)...
   🌐 API risponde, test modello...
   ⚠️ Modello non trovato, potrebbe essere in download...
   ⚠️ GPU 0 impiega più di 30 minuti...
   Continuo ad aspettare (Ctrl+C per interrompere)...
   🌐 API risponde, test modello...
   ⚠️ Modello non trovato, potrebbe essere in download...
   ⚠️ GPU 0 impiega più di 30 minuti...
   Continuo ad aspettare (Ctrl+C per interrompere)...
   🌐 API risponde, test modello...
   ⚠️ Modello non trovato, potrebbe essere in download...
   ⚠️ GPU 0 impiega più di 30 minuti...
   Continuo ad aspettare (Ctrl+C per interrompere)...
   🌐 API risponde, test modello...
   ⚠️ Modello non trovato, potrebbe essere in download...
   ⏳ Tentativo 720 - GPU 0 ancora in caricamento...
   📊 Memoria GPU:
4 MiB, 65536 MiB
   ⚠️ GPU 0 impiega più di 30 minuti...
   Continuo ad aspettare (Ctrl+C per interrompere)...
   🌐 API risponde, test modello...
   ⚠️ Modello non trovato, potrebbe essere in download...
   ⚠️ GPU 0 impiega più di 30 minuti...
   Continuo ad aspettare (Ctrl+C per interrompere)...
   🌐 API risponde, test modello...
   ⚠️ Modello non trovato, potrebbe essere in download...
   ⚠️ GPU 0 impiega più di 30 minuti...
   Continuo ad aspettare (Ctrl+C per interrompere)...
   🌐 API risponde, test modello...
   ⚠️ Modello non trovato, potrebbe essere in download...
   ⚠️ GPU 0 impiega più di 30 minuti...
   Continuo ad aspettare (Ctrl+C per interrompere)...
   🌐 API risponde, test modello...
   ⚠️ Modello non trovato, potrebbe essere in download...
   ⚠️ GPU 0 impiega più di 30 minuti...
   Continuo ad aspettare (Ctrl+C per interrompere)...
   🌐 API risponde, test modello...
   ⚠️ Modello non trovato, potrebbe essere in download...
   ⚠️ GPU 0 impiega più di 30 minuti...
   Continuo ad aspettare (Ctrl+C per interrompere)...
   🌐 API risponde, test modello...
   ⚠️ Modello non trovato, potrebbe essere in download...
   ⚠️ GPU 0 impiega più di 30 minuti...
   Continuo ad aspettare (Ctrl+C per interrompere)...
   🌐 API risponde, test modello...
   ⚠️ Modello non trovato, potrebbe essere in download...
   ⚠️ GPU 0 impiega più di 30 minuti...
   Continuo ad aspettare (Ctrl+C per interrompere)...
   🌐 API risponde, test modello...
   ⚠️ Modello non trovato, potrebbe essere in download...
   ⚠️ GPU 0 impiega più di 30 minuti...
   Continuo ad aspettare (Ctrl+C per interrompere)...
   🌐 API risponde, test modello...
   ⚠️ Modello non trovato, potrebbe essere in download...
   ⚠️ GPU 0 impiega più di 30 minuti...
   Continuo ad aspettare (Ctrl+C per interrompere)...
   🌐 API risponde, test modello...
   ⚠️ Modello non trovato, potrebbe essere in download...
   ⏳ Tentativo 730 - GPU 0 ancora in caricamento...
   📊 Memoria GPU:
4 MiB, 65536 MiB
   ⚠️ GPU 0 impiega più di 30 minuti...
   Continuo ad aspettare (Ctrl+C per interrompere)...
   🌐 API risponde, test modello...
   ⚠️ Modello non trovato, potrebbe essere in download...
   ⚠️ GPU 0 impiega più di 30 minuti...
   Continuo ad aspettare (Ctrl+C per interrompere)...
   🌐 API risponde, test modello...
   ⚠️ Modello non trovato, potrebbe essere in download...
   ⚠️ GPU 0 impiega più di 30 minuti...
   Continuo ad aspettare (Ctrl+C per interrompere)...
   🌐 API risponde, test modello...
   ⚠️ Modello non trovato, potrebbe essere in download...
   ⚠️ GPU 0 impiega più di 30 minuti...
   Continuo ad aspettare (Ctrl+C per interrompere)...
   🌐 API risponde, test modello...
   ⚠️ Modello non trovato, potrebbe essere in download...
   ⚠️ GPU 0 impiega più di 30 minuti...
   Continuo ad aspettare (Ctrl+C per interrompere)...
   🌐 API risponde, test modello...
   ⚠️ Modello non trovato, potrebbe essere in download...
   ⚠️ GPU 0 impiega più di 30 minuti...
   Continuo ad aspettare (Ctrl+C per interrompere)...
   🌐 API risponde, test modello...
   ⚠️ Modello non trovato, potrebbe essere in download...
   ⚠️ GPU 0 impiega più di 30 minuti...
   Continuo ad aspettare (Ctrl+C per interrompere)...
   🌐 API risponde, test modello...
   ⚠️ Modello non trovato, potrebbe essere in download...
   ⚠️ GPU 0 impiega più di 30 minuti...
   Continuo ad aspettare (Ctrl+C per interrompere)...
   🌐 API risponde, test modello...
   ⚠️ Modello non trovato, potrebbe essere in download...
   ⚠️ GPU 0 impiega più di 30 minuti...
   Continuo ad aspettare (Ctrl+C per interrompere)...
   🌐 API risponde, test modello...
   ⚠️ Modello non trovato, potrebbe essere in download...
   ⚠️ GPU 0 impiega più di 30 minuti...
   Continuo ad aspettare (Ctrl+C per interrompere)...
   🌐 API risponde, test modello...
   ⚠️ Modello non trovato, potrebbe essere in download...
   ⏳ Tentativo 740 - GPU 0 ancora in caricamento...
   📊 Memoria GPU:
4 MiB, 65536 MiB
   ⚠️ GPU 0 impiega più di 30 minuti...
   Continuo ad aspettare (Ctrl+C per interrompere)...
   🌐 API risponde, test modello...
   ⚠️ Modello non trovato, potrebbe essere in download...
   ⚠️ GPU 0 impiega più di 30 minuti...
   Continuo ad aspettare (Ctrl+C per interrompere)...
   🌐 API risponde, test modello...
   ⚠️ Modello non trovato, potrebbe essere in download...
   ⚠️ GPU 0 impiega più di 30 minuti...
   Continuo ad aspettare (Ctrl+C per interrompere)...
   🌐 API risponde, test modello...
   ⚠️ Modello non trovato, potrebbe essere in download...
   ⚠️ GPU 0 impiega più di 30 minuti...
   Continuo ad aspettare (Ctrl+C per interrompere)...
   🌐 API risponde, test modello...
   ⚠️ Modello non trovato, potrebbe essere in download...
   ⚠️ GPU 0 impiega più di 30 minuti...
   Continuo ad aspettare (Ctrl+C per interrompere)...
   🌐 API risponde, test modello...
   ⚠️ Modello non trovato, potrebbe essere in download...
   ⚠️ GPU 0 impiega più di 30 minuti...
   Continuo ad aspettare (Ctrl+C per interrompere)...
   🌐 API risponde, test modello...
   ⚠️ Modello non trovato, potrebbe essere in download...
   ⚠️ GPU 0 impiega più di 30 minuti...
   Continuo ad aspettare (Ctrl+C per interrompere)...
   🌐 API risponde, test modello...
   ⚠️ Modello non trovato, potrebbe essere in download...
   ⚠️ GPU 0 impiega più di 30 minuti...
   Continuo ad aspettare (Ctrl+C per interrompere)...
   🌐 API risponde, test modello...
   ⚠️ Modello non trovato, potrebbe essere in download...
   ⚠️ GPU 0 impiega più di 30 minuti...
   Continuo ad aspettare (Ctrl+C per interrompere)...
   🌐 API risponde, test modello...
   ⚠️ Modello non trovato, potrebbe essere in download...
   ⚠️ GPU 0 impiega più di 30 minuti...
   Continuo ad aspettare (Ctrl+C per interrompere)...
   🌐 API risponde, test modello...
   ⚠️ Modello non trovato, potrebbe essere in download...
   ⏳ Tentativo 750 - GPU 0 ancora in caricamento...
   📊 Memoria GPU:
4 MiB, 65536 MiB
   ⚠️ GPU 0 impiega più di 30 minuti...
   Continuo ad aspettare (Ctrl+C per interrompere)...
   🌐 API risponde, test modello...
   ⚠️ Modello non trovato, potrebbe essere in download...
   ⚠️ GPU 0 impiega più di 30 minuti...
   Continuo ad aspettare (Ctrl+C per interrompere)...
   🌐 API risponde, test modello...
   ⚠️ Modello non trovato, potrebbe essere in download...
   ⚠️ GPU 0 impiega più di 30 minuti...
   Continuo ad aspettare (Ctrl+C per interrompere)...
   🌐 API risponde, test modello...
   ⚠️ Modello non trovato, potrebbe essere in download...
   ⚠️ GPU 0 impiega più di 30 minuti...
   Continuo ad aspettare (Ctrl+C per interrompere)...
   🌐 API risponde, test modello...
   ⚠️ Modello non trovato, potrebbe essere in download...
   ⚠️ GPU 0 impiega più di 30 minuti...
   Continuo ad aspettare (Ctrl+C per interrompere)...
   🌐 API risponde, test modello...
   ⚠️ Modello non trovato, potrebbe essere in download...
   ⚠️ GPU 0 impiega più di 30 minuti...
   Continuo ad aspettare (Ctrl+C per interrompere)...
   🌐 API risponde, test modello...
   ⚠️ Modello non trovato, potrebbe essere in download...
   ⚠️ GPU 0 impiega più di 30 minuti...
   Continuo ad aspettare (Ctrl+C per interrompere)...
   🌐 API risponde, test modello...
   ⚠️ Modello non trovato, potrebbe essere in download...
   ⚠️ GPU 0 impiega più di 30 minuti...
   Continuo ad aspettare (Ctrl+C per interrompere)...
   🌐 API risponde, test modello...
   ⚠️ Modello non trovato, potrebbe essere in download...
   ⚠️ GPU 0 impiega più di 30 minuti...
   Continuo ad aspettare (Ctrl+C per interrompere)...
   🌐 API risponde, test modello...
   ⚠️ Modello non trovato, potrebbe essere in download...
   ⚠️ GPU 0 impiega più di 30 minuti...
   Continuo ad aspettare (Ctrl+C per interrompere)...
   🌐 API risponde, test modello...
   ⚠️ Modello non trovato, potrebbe essere in download...
   ⏳ Tentativo 760 - GPU 0 ancora in caricamento...
   📊 Memoria GPU:
4 MiB, 65536 MiB
   ⚠️ GPU 0 impiega più di 30 minuti...
   Continuo ad aspettare (Ctrl+C per interrompere)...
   🌐 API risponde, test modello...
   ⚠️ Modello non trovato, potrebbe essere in download...
   ⚠️ GPU 0 impiega più di 30 minuti...
   Continuo ad aspettare (Ctrl+C per interrompere)...
   🌐 API risponde, test modello...
   ⚠️ Modello non trovato, potrebbe essere in download...
   ⚠️ GPU 0 impiega più di 30 minuti...
   Continuo ad aspettare (Ctrl+C per interrompere)...
   🌐 API risponde, test modello...
   ⚠️ Modello non trovato, potrebbe essere in download...
   ⚠️ GPU 0 impiega più di 30 minuti...
   Continuo ad aspettare (Ctrl+C per interrompere)...
   🌐 API risponde, test modello...
   ⚠️ Modello non trovato, potrebbe essere in download...
   ⚠️ GPU 0 impiega più di 30 minuti...
   Continuo ad aspettare (Ctrl+C per interrompere)...
   🌐 API risponde, test modello...
   ⚠️ Modello non trovato, potrebbe essere in download...
   ⚠️ GPU 0 impiega più di 30 minuti...
   Continuo ad aspettare (Ctrl+C per interrompere)...
   🌐 API risponde, test modello...
   ⚠️ Modello non trovato, potrebbe essere in download...
   ⚠️ GPU 0 impiega più di 30 minuti...
   Continuo ad aspettare (Ctrl+C per interrompere)...
   🌐 API risponde, test modello...
   ⚠️ Modello non trovato, potrebbe essere in download...
   ⚠️ GPU 0 impiega più di 30 minuti...
   Continuo ad aspettare (Ctrl+C per interrompere)...
   🌐 API risponde, test modello...
   ⚠️ Modello non trovato, potrebbe essere in download...
   ⚠️ GPU 0 impiega più di 30 minuti...
   Continuo ad aspettare (Ctrl+C per interrompere)...
   🌐 API risponde, test modello...
   ⚠️ Modello non trovato, potrebbe essere in download...
   ⚠️ GPU 0 impiega più di 30 minuti...
   Continuo ad aspettare (Ctrl+C per interrompere)...
   🌐 API risponde, test modello...
   ⚠️ Modello non trovato, potrebbe essere in download...
   ⏳ Tentativo 770 - GPU 0 ancora in caricamento...
   📊 Memoria GPU:
4 MiB, 65536 MiB
   ⚠️ GPU 0 impiega più di 30 minuti...
   Continuo ad aspettare (Ctrl+C per interrompere)...
   🌐 API risponde, test modello...
   ⚠️ Modello non trovato, potrebbe essere in download...
   ⚠️ GPU 0 impiega più di 30 minuti...
   Continuo ad aspettare (Ctrl+C per interrompere)...
   🌐 API risponde, test modello...
   ⚠️ Modello non trovato, potrebbe essere in download...
   ⚠️ GPU 0 impiega più di 30 minuti...
   Continuo ad aspettare (Ctrl+C per interrompere)...
   🌐 API risponde, test modello...
   ⚠️ Modello non trovato, potrebbe essere in download...
   ⚠️ GPU 0 impiega più di 30 minuti...
   Continuo ad aspettare (Ctrl+C per interrompere)...
   🌐 API risponde, test modello...
   ⚠️ Modello non trovato, potrebbe essere in download...
   ⚠️ GPU 0 impiega più di 30 minuti...
   Continuo ad aspettare (Ctrl+C per interrompere)...
   🌐 API risponde, test modello...
   ⚠️ Modello non trovato, potrebbe essere in download...
   ⚠️ GPU 0 impiega più di 30 minuti...
   Continuo ad aspettare (Ctrl+C per interrompere)...
   🌐 API risponde, test modello...
   ⚠️ Modello non trovato, potrebbe essere in download...
   ⚠️ GPU 0 impiega più di 30 minuti...
   Continuo ad aspettare (Ctrl+C per interrompere)...
   🌐 API risponde, test modello...
   ⚠️ Modello non trovato, potrebbe essere in download...
   ⚠️ GPU 0 impiega più di 30 minuti...
   Continuo ad aspettare (Ctrl+C per interrompere)...
   🌐 API risponde, test modello...
   ⚠️ Modello non trovato, potrebbe essere in download...
   ⚠️ GPU 0 impiega più di 30 minuti...
   Continuo ad aspettare (Ctrl+C per interrompere)...
   🌐 API risponde, test modello...
   ⚠️ Modello non trovato, potrebbe essere in download...
   ⚠️ GPU 0 impiega più di 30 minuti...
   Continuo ad aspettare (Ctrl+C per interrompere)...
   🌐 API risponde, test modello...
   ⚠️ Modello non trovato, potrebbe essere in download...
   ⏳ Tentativo 780 - GPU 0 ancora in caricamento...
   📊 Memoria GPU:
4 MiB, 65536 MiB
   ⚠️ GPU 0 impiega più di 30 minuti...
   Continuo ad aspettare (Ctrl+C per interrompere)...
   🌐 API risponde, test modello...
   ⚠️ Modello non trovato, potrebbe essere in download...
   ⚠️ GPU 0 impiega più di 30 minuti...
   Continuo ad aspettare (Ctrl+C per interrompere)...
   🌐 API risponde, test modello...
   ⚠️ Modello non trovato, potrebbe essere in download...
   ⚠️ GPU 0 impiega più di 30 minuti...
   Continuo ad aspettare (Ctrl+C per interrompere)...
   🌐 API risponde, test modello...
   ⚠️ Modello non trovato, potrebbe essere in download...
   ⚠️ GPU 0 impiega più di 30 minuti...
   Continuo ad aspettare (Ctrl+C per interrompere)...
   🌐 API risponde, test modello...
   ⚠️ Modello non trovato, potrebbe essere in download...
   ⚠️ GPU 0 impiega più di 30 minuti...
   Continuo ad aspettare (Ctrl+C per interrompere)...
   🌐 API risponde, test modello...
   ⚠️ Modello non trovato, potrebbe essere in download...
   ⚠️ GPU 0 impiega più di 30 minuti...
   Continuo ad aspettare (Ctrl+C per interrompere)...
   🌐 API risponde, test modello...
   ⚠️ Modello non trovato, potrebbe essere in download...
   ⚠️ GPU 0 impiega più di 30 minuti...
   Continuo ad aspettare (Ctrl+C per interrompere)...
   🌐 API risponde, test modello...
   ⚠️ Modello non trovato, potrebbe essere in download...
   ⚠️ GPU 0 impiega più di 30 minuti...
   Continuo ad aspettare (Ctrl+C per interrompere)...
   🌐 API risponde, test modello...
   ⚠️ Modello non trovato, potrebbe essere in download...
   ⚠️ GPU 0 impiega più di 30 minuti...
   Continuo ad aspettare (Ctrl+C per interrompere)...
   🌐 API risponde, test modello...
   ⚠️ Modello non trovato, potrebbe essere in download...
   ⚠️ GPU 0 impiega più di 30 minuti...
   Continuo ad aspettare (Ctrl+C per interrompere)...
   🌐 API risponde, test modello...
   ⚠️ Modello non trovato, potrebbe essere in download...
   ⏳ Tentativo 790 - GPU 0 ancora in caricamento...
   📊 Memoria GPU:
4 MiB, 65536 MiB
   ⚠️ GPU 0 impiega più di 30 minuti...
   Continuo ad aspettare (Ctrl+C per interrompere)...
   🌐 API risponde, test modello...
   ⚠️ Modello non trovato, potrebbe essere in download...
   ⚠️ GPU 0 impiega più di 30 minuti...
   Continuo ad aspettare (Ctrl+C per interrompere)...
   🌐 API risponde, test modello...
   ⚠️ Modello non trovato, potrebbe essere in download...
   ⚠️ GPU 0 impiega più di 30 minuti...
   Continuo ad aspettare (Ctrl+C per interrompere)...
   🌐 API risponde, test modello...
   ⚠️ Modello non trovato, potrebbe essere in download...
   ⚠️ GPU 0 impiega più di 30 minuti...
   Continuo ad aspettare (Ctrl+C per interrompere)...
   🌐 API risponde, test modello...
   ⚠️ Modello non trovato, potrebbe essere in download...
   ⚠️ GPU 0 impiega più di 30 minuti...
   Continuo ad aspettare (Ctrl+C per interrompere)...
   🌐 API risponde, test modello...
   ⚠️ Modello non trovato, potrebbe essere in download...
   ⚠️ GPU 0 impiega più di 30 minuti...
   Continuo ad aspettare (Ctrl+C per interrompere)...
   🌐 API risponde, test modello...
   ⚠️ Modello non trovato, potrebbe essere in download...
   ⚠️ GPU 0 impiega più di 30 minuti...
   Continuo ad aspettare (Ctrl+C per interrompere)...
   🌐 API risponde, test modello...
   ⚠️ Modello non trovato, potrebbe essere in download...
   ⚠️ GPU 0 impiega più di 30 minuti...
   Continuo ad aspettare (Ctrl+C per interrompere)...
   🌐 API risponde, test modello...
   ⚠️ Modello non trovato, potrebbe essere in download...
   ⚠️ GPU 0 impiega più di 30 minuti...
   Continuo ad aspettare (Ctrl+C per interrompere)...
   🌐 API risponde, test modello...
   ⚠️ Modello non trovato, potrebbe essere in download...
   ⚠️ GPU 0 impiega più di 30 minuti...
   Continuo ad aspettare (Ctrl+C per interrompere)...
   🌐 API risponde, test modello...
   ⚠️ Modello non trovato, potrebbe essere in download...
   ⏳ Tentativo 800 - GPU 0 ancora in caricamento...
   📊 Memoria GPU:
4 MiB, 65536 MiB
   ⚠️ GPU 0 impiega più di 30 minuti...
   Continuo ad aspettare (Ctrl+C per interrompere)...
   🌐 API risponde, test modello...
   ⚠️ Modello non trovato, potrebbe essere in download...
   ⚠️ GPU 0 impiega più di 30 minuti...
   Continuo ad aspettare (Ctrl+C per interrompere)...
   🌐 API risponde, test modello...
   ⚠️ Modello non trovato, potrebbe essere in download...
   ⚠️ GPU 0 impiega più di 30 minuti...
   Continuo ad aspettare (Ctrl+C per interrompere)...
   🌐 API risponde, test modello...
   ⚠️ Modello non trovato, potrebbe essere in download...
   ⚠️ GPU 0 impiega più di 30 minuti...
   Continuo ad aspettare (Ctrl+C per interrompere)...
   🌐 API risponde, test modello...
   ⚠️ Modello non trovato, potrebbe essere in download...
   ⚠️ GPU 0 impiega più di 30 minuti...
   Continuo ad aspettare (Ctrl+C per interrompere)...
   🌐 API risponde, test modello...
   ⚠️ Modello non trovato, potrebbe essere in download...
   ⚠️ GPU 0 impiega più di 30 minuti...
   Continuo ad aspettare (Ctrl+C per interrompere)...
   🌐 API risponde, test modello...
   ⚠️ Modello non trovato, potrebbe essere in download...
   ⚠️ GPU 0 impiega più di 30 minuti...
   Continuo ad aspettare (Ctrl+C per interrompere)...
   🌐 API risponde, test modello...
   ⚠️ Modello non trovato, potrebbe essere in download...
   ⚠️ GPU 0 impiega più di 30 minuti...
   Continuo ad aspettare (Ctrl+C per interrompere)...
   🌐 API risponde, test modello...
   ⚠️ Modello non trovato, potrebbe essere in download...
   ⚠️ GPU 0 impiega più di 30 minuti...
   Continuo ad aspettare (Ctrl+C per interrompere)...
   🌐 API risponde, test modello...
   ⚠️ Modello non trovato, potrebbe essere in download...
   ⚠️ GPU 0 impiega più di 30 minuti...
   Continuo ad aspettare (Ctrl+C per interrompere)...
   🌐 API risponde, test modello...
   ⚠️ Modello non trovato, potrebbe essere in download...
   ⏳ Tentativo 810 - GPU 0 ancora in caricamento...
   📊 Memoria GPU:
4 MiB, 65536 MiB
   ⚠️ GPU 0 impiega più di 30 minuti...
   Continuo ad aspettare (Ctrl+C per interrompere)...
   🌐 API risponde, test modello...
   ⚠️ Modello non trovato, potrebbe essere in download...
   ⚠️ GPU 0 impiega più di 30 minuti...
   Continuo ad aspettare (Ctrl+C per interrompere)...
   🌐 API risponde, test modello...
   ⚠️ Modello non trovato, potrebbe essere in download...
   ⚠️ GPU 0 impiega più di 30 minuti...
   Continuo ad aspettare (Ctrl+C per interrompere)...
   🌐 API risponde, test modello...
   ⚠️ Modello non trovato, potrebbe essere in download...
   ⚠️ GPU 0 impiega più di 30 minuti...
   Continuo ad aspettare (Ctrl+C per interrompere)...
   🌐 API risponde, test modello...
   ⚠️ Modello non trovato, potrebbe essere in download...
   ⚠️ GPU 0 impiega più di 30 minuti...
   Continuo ad aspettare (Ctrl+C per interrompere)...
   🌐 API risponde, test modello...
   ⚠️ Modello non trovato, potrebbe essere in download...
   ⚠️ GPU 0 impiega più di 30 minuti...
   Continuo ad aspettare (Ctrl+C per interrompere)...
   🌐 API risponde, test modello...
   ⚠️ Modello non trovato, potrebbe essere in download...
   ⚠️ GPU 0 impiega più di 30 minuti...
   Continuo ad aspettare (Ctrl+C per interrompere)...
   🌐 API risponde, test modello...
   ⚠️ Modello non trovato, potrebbe essere in download...
   ⚠️ GPU 0 impiega più di 30 minuti...
   Continuo ad aspettare (Ctrl+C per interrompere)...
   🌐 API risponde, test modello...
   ⚠️ Modello non trovato, potrebbe essere in download...
   ⚠️ GPU 0 impiega più di 30 minuti...
   Continuo ad aspettare (Ctrl+C per interrompere)...
   🌐 API risponde, test modello...
   ⚠️ Modello non trovato, potrebbe essere in download...
   ⚠️ GPU 0 impiega più di 30 minuti...
   Continuo ad aspettare (Ctrl+C per interrompere)...
   🌐 API risponde, test modello...
   ⚠️ Modello non trovato, potrebbe essere in download...
   ⏳ Tentativo 820 - GPU 0 ancora in caricamento...
   📊 Memoria GPU:
4 MiB, 65536 MiB
   ⚠️ GPU 0 impiega più di 30 minuti...
   Continuo ad aspettare (Ctrl+C per interrompere)...
   🌐 API risponde, test modello...
   ⚠️ Modello non trovato, potrebbe essere in download...
   ⚠️ GPU 0 impiega più di 30 minuti...
   Continuo ad aspettare (Ctrl+C per interrompere)...
   🌐 API risponde, test modello...
   ⚠️ Modello non trovato, potrebbe essere in download...
   ⚠️ GPU 0 impiega più di 30 minuti...
   Continuo ad aspettare (Ctrl+C per interrompere)...
   🌐 API risponde, test modello...
   ⚠️ Modello non trovato, potrebbe essere in download...
   ⚠️ GPU 0 impiega più di 30 minuti...
   Continuo ad aspettare (Ctrl+C per interrompere)...
   🌐 API risponde, test modello...
   ⚠️ Modello non trovato, potrebbe essere in download...
   ⚠️ GPU 0 impiega più di 30 minuti...
   Continuo ad aspettare (Ctrl+C per interrompere)...
   🌐 API risponde, test modello...
   ⚠️ Modello non trovato, potrebbe essere in download...
   ⚠️ GPU 0 impiega più di 30 minuti...
   Continuo ad aspettare (Ctrl+C per interrompere)...
   🌐 API risponde, test modello...
   ⚠️ Modello non trovato, potrebbe essere in download...
   ⚠️ GPU 0 impiega più di 30 minuti...
   Continuo ad aspettare (Ctrl+C per interrompere)...
   🌐 API risponde, test modello...
   ⚠️ Modello non trovato, potrebbe essere in download...
   ⚠️ GPU 0 impiega più di 30 minuti...
   Continuo ad aspettare (Ctrl+C per interrompere)...
   🌐 API risponde, test modello...
   ⚠️ Modello non trovato, potrebbe essere in download...
   ⚠️ GPU 0 impiega più di 30 minuti...
   Continuo ad aspettare (Ctrl+C per interrompere)...
   🌐 API risponde, test modello...
   ⚠️ Modello non trovato, potrebbe essere in download...
   ⚠️ GPU 0 impiega più di 30 minuti...
   Continuo ad aspettare (Ctrl+C per interrompere)...
   🌐 API risponde, test modello...
   ⚠️ Modello non trovato, potrebbe essere in download...
   ⏳ Tentativo 830 - GPU 0 ancora in caricamento...
   📊 Memoria GPU:
4 MiB, 65536 MiB
   ⚠️ GPU 0 impiega più di 30 minuti...
   Continuo ad aspettare (Ctrl+C per interrompere)...
   🌐 API risponde, test modello...
   ⚠️ Modello non trovato, potrebbe essere in download...
   ⚠️ GPU 0 impiega più di 30 minuti...
   Continuo ad aspettare (Ctrl+C per interrompere)...
   🌐 API risponde, test modello...
   ⚠️ Modello non trovato, potrebbe essere in download...
   ⚠️ GPU 0 impiega più di 30 minuti...
   Continuo ad aspettare (Ctrl+C per interrompere)...
   🌐 API risponde, test modello...
   ⚠️ Modello non trovato, potrebbe essere in download...
   ⚠️ GPU 0 impiega più di 30 minuti...
   Continuo ad aspettare (Ctrl+C per interrompere)...
   🌐 API risponde, test modello...
   ⚠️ Modello non trovato, potrebbe essere in download...
   ⚠️ GPU 0 impiega più di 30 minuti...
   Continuo ad aspettare (Ctrl+C per interrompere)...
   🌐 API risponde, test modello...
   ⚠️ Modello non trovato, potrebbe essere in download...
   ⚠️ GPU 0 impiega più di 30 minuti...
   Continuo ad aspettare (Ctrl+C per interrompere)...
   🌐 API risponde, test modello...
   ⚠️ Modello non trovato, potrebbe essere in download...
   ⚠️ GPU 0 impiega più di 30 minuti...
   Continuo ad aspettare (Ctrl+C per interrompere)...
   🌐 API risponde, test modello...
   ⚠️ Modello non trovato, potrebbe essere in download...
   ⚠️ GPU 0 impiega più di 30 minuti...
   Continuo ad aspettare (Ctrl+C per interrompere)...
   🌐 API risponde, test modello...
   ⚠️ Modello non trovato, potrebbe essere in download...
   ⚠️ GPU 0 impiega più di 30 minuti...
   Continuo ad aspettare (Ctrl+C per interrompere)...
   🌐 API risponde, test modello...
   ⚠️ Modello non trovato, potrebbe essere in download...
   ⚠️ GPU 0 impiega più di 30 minuti...
   Continuo ad aspettare (Ctrl+C per interrompere)...
   🌐 API risponde, test modello...
   ⚠️ Modello non trovato, potrebbe essere in download...
   ⏳ Tentativo 840 - GPU 0 ancora in caricamento...
   📊 Memoria GPU:
4 MiB, 65536 MiB
   ⚠️ GPU 0 impiega più di 30 minuti...
   Continuo ad aspettare (Ctrl+C per interrompere)...
   🌐 API risponde, test modello...
   ⚠️ Modello non trovato, potrebbe essere in download...
   ⚠️ GPU 0 impiega più di 30 minuti...
   Continuo ad aspettare (Ctrl+C per interrompere)...
   🌐 API risponde, test modello...
   ⚠️ Modello non trovato, potrebbe essere in download...
   ⚠️ GPU 0 impiega più di 30 minuti...
   Continuo ad aspettare (Ctrl+C per interrompere)...
   🌐 API risponde, test modello...
   ⚠️ Modello non trovato, potrebbe essere in download...
   ⚠️ GPU 0 impiega più di 30 minuti...
   Continuo ad aspettare (Ctrl+C per interrompere)...
   🌐 API risponde, test modello...
   ⚠️ Modello non trovato, potrebbe essere in download...
   ⚠️ GPU 0 impiega più di 30 minuti...
   Continuo ad aspettare (Ctrl+C per interrompere)...
   🌐 API risponde, test modello...
   ⚠️ Modello non trovato, potrebbe essere in download...
   ⚠️ GPU 0 impiega più di 30 minuti...
   Continuo ad aspettare (Ctrl+C per interrompere)...
   🌐 API risponde, test modello...
   ⚠️ Modello non trovato, potrebbe essere in download...
   ⚠️ GPU 0 impiega più di 30 minuti...
   Continuo ad aspettare (Ctrl+C per interrompere)...
   🌐 API risponde, test modello...
   ⚠️ Modello non trovato, potrebbe essere in download...
   ⚠️ GPU 0 impiega più di 30 minuti...
   Continuo ad aspettare (Ctrl+C per interrompere)...
   🌐 API risponde, test modello...
   ⚠️ Modello non trovato, potrebbe essere in download...
   ⚠️ GPU 0 impiega più di 30 minuti...
   Continuo ad aspettare (Ctrl+C per interrompere)...
   🌐 API risponde, test modello...
   ⚠️ Modello non trovato, potrebbe essere in download...
   ⚠️ GPU 0 impiega più di 30 minuti...
   Continuo ad aspettare (Ctrl+C per interrompere)...
   🌐 API risponde, test modello...
   ⚠️ Modello non trovato, potrebbe essere in download...
   ⏳ Tentativo 850 - GPU 0 ancora in caricamento...
   📊 Memoria GPU:
4 MiB, 65536 MiB
   ⚠️ GPU 0 impiega più di 30 minuti...
   Continuo ad aspettare (Ctrl+C per interrompere)...
   🌐 API risponde, test modello...
   ⚠️ Modello non trovato, potrebbe essere in download...
   ⚠️ GPU 0 impiega più di 30 minuti...
   Continuo ad aspettare (Ctrl+C per interrompere)...
   🌐 API risponde, test modello...
   ⚠️ Modello non trovato, potrebbe essere in download...
   ⚠️ GPU 0 impiega più di 30 minuti...
   Continuo ad aspettare (Ctrl+C per interrompere)...
   🌐 API risponde, test modello...
   ⚠️ Modello non trovato, potrebbe essere in download...
   ⚠️ GPU 0 impiega più di 30 minuti...
   Continuo ad aspettare (Ctrl+C per interrompere)...
   🌐 API risponde, test modello...
   ⚠️ Modello non trovato, potrebbe essere in download...
   ⚠️ GPU 0 impiega più di 30 minuti...
   Continuo ad aspettare (Ctrl+C per interrompere)...
   🌐 API risponde, test modello...
   ⚠️ Modello non trovato, potrebbe essere in download...
   ⚠️ GPU 0 impiega più di 30 minuti...
   Continuo ad aspettare (Ctrl+C per interrompere)...
   🌐 API risponde, test modello...
   ⚠️ Modello non trovato, potrebbe essere in download...
   ⚠️ GPU 0 impiega più di 30 minuti...
   Continuo ad aspettare (Ctrl+C per interrompere)...
   🌐 API risponde, test modello...
   ⚠️ Modello non trovato, potrebbe essere in download...
   ⚠️ GPU 0 impiega più di 30 minuti...
   Continuo ad aspettare (Ctrl+C per interrompere)...
   🌐 API risponde, test modello...
   ⚠️ Modello non trovato, potrebbe essere in download...
   ⚠️ GPU 0 impiega più di 30 minuti...
   Continuo ad aspettare (Ctrl+C per interrompere)...
   🌐 API risponde, test modello...
   ⚠️ Modello non trovato, potrebbe essere in download...
   ⚠️ GPU 0 impiega più di 30 minuti...
   Continuo ad aspettare (Ctrl+C per interrompere)...
   🌐 API risponde, test modello...
   ⚠️ Modello non trovato, potrebbe essere in download...
   ⏳ Tentativo 860 - GPU 0 ancora in caricamento...
   📊 Memoria GPU:
4 MiB, 65536 MiB
   ⚠️ GPU 0 impiega più di 30 minuti...
   Continuo ad aspettare (Ctrl+C per interrompere)...
   🌐 API risponde, test modello...
   ⚠️ Modello non trovato, potrebbe essere in download...
   ⚠️ GPU 0 impiega più di 30 minuti...
   Continuo ad aspettare (Ctrl+C per interrompere)...
   🌐 API risponde, test modello...
   ⚠️ Modello non trovato, potrebbe essere in download...
   ⚠️ GPU 0 impiega più di 30 minuti...
   Continuo ad aspettare (Ctrl+C per interrompere)...
   🌐 API risponde, test modello...
   ⚠️ Modello non trovato, potrebbe essere in download...
   ⚠️ GPU 0 impiega più di 30 minuti...
   Continuo ad aspettare (Ctrl+C per interrompere)...
   🌐 API risponde, test modello...
   ⚠️ Modello non trovato, potrebbe essere in download...
   ⚠️ GPU 0 impiega più di 30 minuti...
   Continuo ad aspettare (Ctrl+C per interrompere)...
   🌐 API risponde, test modello...
   ⚠️ Modello non trovato, potrebbe essere in download...
   ⚠️ GPU 0 impiega più di 30 minuti...
   Continuo ad aspettare (Ctrl+C per interrompere)...
   🌐 API risponde, test modello...
   ⚠️ Modello non trovato, potrebbe essere in download...
   ⚠️ GPU 0 impiega più di 30 minuti...
   Continuo ad aspettare (Ctrl+C per interrompere)...
   🌐 API risponde, test modello...
   ⚠️ Modello non trovato, potrebbe essere in download...
   ⚠️ GPU 0 impiega più di 30 minuti...
   Continuo ad aspettare (Ctrl+C per interrompere)...
   🌐 API risponde, test modello...
   ⚠️ Modello non trovato, potrebbe essere in download...
   ⚠️ GPU 0 impiega più di 30 minuti...
   Continuo ad aspettare (Ctrl+C per interrompere)...
   🌐 API risponde, test modello...
   ⚠️ Modello non trovato, potrebbe essere in download...
   ⚠️ GPU 0 impiega più di 30 minuti...
   Continuo ad aspettare (Ctrl+C per interrompere)...
   🌐 API risponde, test modello...
   ⚠️ Modello non trovato, potrebbe essere in download...
   ⏳ Tentativo 870 - GPU 0 ancora in caricamento...
   📊 Memoria GPU:
4 MiB, 65536 MiB
   ⚠️ GPU 0 impiega più di 30 minuti...
   Continuo ad aspettare (Ctrl+C per interrompere)...
   🌐 API risponde, test modello...
   ⚠️ Modello non trovato, potrebbe essere in download...
   ⚠️ GPU 0 impiega più di 30 minuti...
   Continuo ad aspettare (Ctrl+C per interrompere)...
   🌐 API risponde, test modello...
   ⚠️ Modello non trovato, potrebbe essere in download...
   ⚠️ GPU 0 impiega più di 30 minuti...
   Continuo ad aspettare (Ctrl+C per interrompere)...
   🌐 API risponde, test modello...
   ⚠️ Modello non trovato, potrebbe essere in download...
   ⚠️ GPU 0 impiega più di 30 minuti...
   Continuo ad aspettare (Ctrl+C per interrompere)...
   🌐 API risponde, test modello...
   ⚠️ Modello non trovato, potrebbe essere in download...
   ⚠️ GPU 0 impiega più di 30 minuti...
   Continuo ad aspettare (Ctrl+C per interrompere)...
   🌐 API risponde, test modello...
   ⚠️ Modello non trovato, potrebbe essere in download...
   ⚠️ GPU 0 impiega più di 30 minuti...
   Continuo ad aspettare (Ctrl+C per interrompere)...
   🌐 API risponde, test modello...
   ⚠️ Modello non trovato, potrebbe essere in download...
   ⚠️ GPU 0 impiega più di 30 minuti...
   Continuo ad aspettare (Ctrl+C per interrompere)...
   🌐 API risponde, test modello...
   ⚠️ Modello non trovato, potrebbe essere in download...
   ⚠️ GPU 0 impiega più di 30 minuti...
   Continuo ad aspettare (Ctrl+C per interrompere)...
   🌐 API risponde, test modello...
   ⚠️ Modello non trovato, potrebbe essere in download...
   ⚠️ GPU 0 impiega più di 30 minuti...
   Continuo ad aspettare (Ctrl+C per interrompere)...
   🌐 API risponde, test modello...
   ⚠️ Modello non trovato, potrebbe essere in download...
   ⚠️ GPU 0 impiega più di 30 minuti...
   Continuo ad aspettare (Ctrl+C per interrompere)...
   🌐 API risponde, test modello...
   ⚠️ Modello non trovato, potrebbe essere in download...
   ⏳ Tentativo 880 - GPU 0 ancora in caricamento...
   📊 Memoria GPU:
4 MiB, 65536 MiB
   ⚠️ GPU 0 impiega più di 30 minuti...
   Continuo ad aspettare (Ctrl+C per interrompere)...
   🌐 API risponde, test modello...
   ⚠️ Modello non trovato, potrebbe essere in download...
   ⚠️ GPU 0 impiega più di 30 minuti...
   Continuo ad aspettare (Ctrl+C per interrompere)...
   🌐 API risponde, test modello...
   ⚠️ Modello non trovato, potrebbe essere in download...
   ⚠️ GPU 0 impiega più di 30 minuti...
   Continuo ad aspettare (Ctrl+C per interrompere)...
   🌐 API risponde, test modello...
   ⚠️ Modello non trovato, potrebbe essere in download...
   ⚠️ GPU 0 impiega più di 30 minuti...
   Continuo ad aspettare (Ctrl+C per interrompere)...
   🌐 API risponde, test modello...
   ⚠️ Modello non trovato, potrebbe essere in download...
   ⚠️ GPU 0 impiega più di 30 minuti...
   Continuo ad aspettare (Ctrl+C per interrompere)...
   🌐 API risponde, test modello...
   ⚠️ Modello non trovato, potrebbe essere in download...
   ⚠️ GPU 0 impiega più di 30 minuti...
   Continuo ad aspettare (Ctrl+C per interrompere)...
   🌐 API risponde, test modello...
   ⚠️ Modello non trovato, potrebbe essere in download...
   ⚠️ GPU 0 impiega più di 30 minuti...
   Continuo ad aspettare (Ctrl+C per interrompere)...
   🌐 API risponde, test modello...
   ⚠️ Modello non trovato, potrebbe essere in download...
   ⚠️ GPU 0 impiega più di 30 minuti...
   Continuo ad aspettare (Ctrl+C per interrompere)...
   🌐 API risponde, test modello...
   ⚠️ Modello non trovato, potrebbe essere in download...
   ⚠️ GPU 0 impiega più di 30 minuti...
   Continuo ad aspettare (Ctrl+C per interrompere)...
   🌐 API risponde, test modello...
   ⚠️ Modello non trovato, potrebbe essere in download...
   ⚠️ GPU 0 impiega più di 30 minuti...
   Continuo ad aspettare (Ctrl+C per interrompere)...
   🌐 API risponde, test modello...
   ⚠️ Modello non trovato, potrebbe essere in download...
   ⏳ Tentativo 890 - GPU 0 ancora in caricamento...
   📊 Memoria GPU:
4 MiB, 65536 MiB
   ⚠️ GPU 0 impiega più di 30 minuti...
   Continuo ad aspettare (Ctrl+C per interrompere)...
   🌐 API risponde, test modello...
   ⚠️ Modello non trovato, potrebbe essere in download...
   ⚠️ GPU 0 impiega più di 30 minuti...
   Continuo ad aspettare (Ctrl+C per interrompere)...
   🌐 API risponde, test modello...
   ⚠️ Modello non trovato, potrebbe essere in download...
   ⚠️ GPU 0 impiega più di 30 minuti...
   Continuo ad aspettare (Ctrl+C per interrompere)...
   🌐 API risponde, test modello...
   ⚠️ Modello non trovato, potrebbe essere in download...
   ⚠️ GPU 0 impiega più di 30 minuti...
   Continuo ad aspettare (Ctrl+C per interrompere)...
   🌐 API risponde, test modello...
   ⚠️ Modello non trovato, potrebbe essere in download...
   ⚠️ GPU 0 impiega più di 30 minuti...
   Continuo ad aspettare (Ctrl+C per interrompere)...
   🌐 API risponde, test modello...
   ⚠️ Modello non trovato, potrebbe essere in download...
   ⚠️ GPU 0 impiega più di 30 minuti...
   Continuo ad aspettare (Ctrl+C per interrompere)...
   🌐 API risponde, test modello...
   ⚠️ Modello non trovato, potrebbe essere in download...
   ⚠️ GPU 0 impiega più di 30 minuti...
   Continuo ad aspettare (Ctrl+C per interrompere)...
   🌐 API risponde, test modello...
   ⚠️ Modello non trovato, potrebbe essere in download...
   ⚠️ GPU 0 impiega più di 30 minuti...
   Continuo ad aspettare (Ctrl+C per interrompere)...
   🌐 API risponde, test modello...
   ⚠️ Modello non trovato, potrebbe essere in download...
   ⚠️ GPU 0 impiega più di 30 minuti...
   Continuo ad aspettare (Ctrl+C per interrompere)...
   🌐 API risponde, test modello...
   ⚠️ Modello non trovato, potrebbe essere in download...
   ⚠️ GPU 0 impiega più di 30 minuti...
   Continuo ad aspettare (Ctrl+C per interrompere)...
   🌐 API risponde, test modello...
   ⚠️ Modello non trovato, potrebbe essere in download...
   ⏳ Tentativo 900 - GPU 0 ancora in caricamento...
   📊 Memoria GPU:
4 MiB, 65536 MiB
   ⚠️ GPU 0 impiega più di 30 minuti...
   Continuo ad aspettare (Ctrl+C per interrompere)...
   🌐 API risponde, test modello...
   ⚠️ Modello non trovato, potrebbe essere in download...
   ⚠️ GPU 0 impiega più di 30 minuti...
   Continuo ad aspettare (Ctrl+C per interrompere)...
   🌐 API risponde, test modello...
   ⚠️ Modello non trovato, potrebbe essere in download...
   ⚠️ GPU 0 impiega più di 30 minuti...
   Continuo ad aspettare (Ctrl+C per interrompere)...
   🌐 API risponde, test modello...
   ⚠️ Modello non trovato, potrebbe essere in download...
   ⚠️ GPU 0 impiega più di 30 minuti...
   Continuo ad aspettare (Ctrl+C per interrompere)...
   🌐 API risponde, test modello...
   ⚠️ Modello non trovato, potrebbe essere in download...
   ⚠️ GPU 0 impiega più di 30 minuti...
   Continuo ad aspettare (Ctrl+C per interrompere)...
   🌐 API risponde, test modello...
   ⚠️ Modello non trovato, potrebbe essere in download...
   ⚠️ GPU 0 impiega più di 30 minuti...
   Continuo ad aspettare (Ctrl+C per interrompere)...
   🌐 API risponde, test modello...
   ⚠️ Modello non trovato, potrebbe essere in download...
   ⚠️ GPU 0 impiega più di 30 minuti...
   Continuo ad aspettare (Ctrl+C per interrompere)...
   🌐 API risponde, test modello...
   ⚠️ Modello non trovato, potrebbe essere in download...
   ⚠️ GPU 0 impiega più di 30 minuti...
   Continuo ad aspettare (Ctrl+C per interrompere)...
   🌐 API risponde, test modello...
   ⚠️ Modello non trovato, potrebbe essere in download...
   ⚠️ GPU 0 impiega più di 30 minuti...
   Continuo ad aspettare (Ctrl+C per interrompere)...
   🌐 API risponde, test modello...
   ⚠️ Modello non trovato, potrebbe essere in download...
   ⚠️ GPU 0 impiega più di 30 minuti...
   Continuo ad aspettare (Ctrl+C per interrompere)...
   🌐 API risponde, test modello...
   ⚠️ Modello non trovato, potrebbe essere in download...
   ⏳ Tentativo 910 - GPU 0 ancora in caricamento...
   📊 Memoria GPU:
4 MiB, 65536 MiB
   ⚠️ GPU 0 impiega più di 30 minuti...
   Continuo ad aspettare (Ctrl+C per interrompere)...
   🌐 API risponde, test modello...
   ⚠️ Modello non trovato, potrebbe essere in download...
   ⚠️ GPU 0 impiega più di 30 minuti...
   Continuo ad aspettare (Ctrl+C per interrompere)...
   🌐 API risponde, test modello...
   ⚠️ Modello non trovato, potrebbe essere in download...
   ⚠️ GPU 0 impiega più di 30 minuti...
   Continuo ad aspettare (Ctrl+C per interrompere)...
   🌐 API risponde, test modello...
   ⚠️ Modello non trovato, potrebbe essere in download...
   ⚠️ GPU 0 impiega più di 30 minuti...
   Continuo ad aspettare (Ctrl+C per interrompere)...
   🌐 API risponde, test modello...
   ⚠️ Modello non trovato, potrebbe essere in download...
   ⚠️ GPU 0 impiega più di 30 minuti...
   Continuo ad aspettare (Ctrl+C per interrompere)...
   🌐 API risponde, test modello...
   ⚠️ Modello non trovato, potrebbe essere in download...
   ⚠️ GPU 0 impiega più di 30 minuti...
   Continuo ad aspettare (Ctrl+C per interrompere)...
   🌐 API risponde, test modello...
   ⚠️ Modello non trovato, potrebbe essere in download...
   ⚠️ GPU 0 impiega più di 30 minuti...
   Continuo ad aspettare (Ctrl+C per interrompere)...
   🌐 API risponde, test modello...
   ⚠️ Modello non trovato, potrebbe essere in download...
   ⚠️ GPU 0 impiega più di 30 minuti...
   Continuo ad aspettare (Ctrl+C per interrompere)...
   🌐 API risponde, test modello...
   ⚠️ Modello non trovato, potrebbe essere in download...
   ⚠️ GPU 0 impiega più di 30 minuti...
   Continuo ad aspettare (Ctrl+C per interrompere)...
   🌐 API risponde, test modello...
   ⚠️ Modello non trovato, potrebbe essere in download...
   ⚠️ GPU 0 impiega più di 30 minuti...
   Continuo ad aspettare (Ctrl+C per interrompere)...
   🌐 API risponde, test modello...
   ⚠️ Modello non trovato, potrebbe essere in download...
   ⏳ Tentativo 920 - GPU 0 ancora in caricamento...
   📊 Memoria GPU:
4 MiB, 65536 MiB
   ⚠️ GPU 0 impiega più di 30 minuti...
   Continuo ad aspettare (Ctrl+C per interrompere)...
   🌐 API risponde, test modello...
   ⚠️ Modello non trovato, potrebbe essere in download...
   ⚠️ GPU 0 impiega più di 30 minuti...
   Continuo ad aspettare (Ctrl+C per interrompere)...
   🌐 API risponde, test modello...
   ⚠️ Modello non trovato, potrebbe essere in download...
   ⚠️ GPU 0 impiega più di 30 minuti...
   Continuo ad aspettare (Ctrl+C per interrompere)...
   🌐 API risponde, test modello...
   ⚠️ Modello non trovato, potrebbe essere in download...
   ⚠️ GPU 0 impiega più di 30 minuti...
   Continuo ad aspettare (Ctrl+C per interrompere)...
   🌐 API risponde, test modello...
   ⚠️ Modello non trovato, potrebbe essere in download...
   ⚠️ GPU 0 impiega più di 30 minuti...
   Continuo ad aspettare (Ctrl+C per interrompere)...
   🌐 API risponde, test modello...
   ⚠️ Modello non trovato, potrebbe essere in download...
   ⚠️ GPU 0 impiega più di 30 minuti...
   Continuo ad aspettare (Ctrl+C per interrompere)...
   🌐 API risponde, test modello...
   ⚠️ Modello non trovato, potrebbe essere in download...
   ⚠️ GPU 0 impiega più di 30 minuti...
   Continuo ad aspettare (Ctrl+C per interrompere)...
   🌐 API risponde, test modello...
   ⚠️ Modello non trovato, potrebbe essere in download...
   ⚠️ GPU 0 impiega più di 30 minuti...
   Continuo ad aspettare (Ctrl+C per interrompere)...
   🌐 API risponde, test modello...
   ⚠️ Modello non trovato, potrebbe essere in download...
slurmstepd: error: *** JOB 23741937 ON lrdn2572 CANCELLED AT 2025-11-01T15:23:28 ***

🧹 Cleanup finale...
Stopping PID 78112...
Removing /leonardo_work/IscrC_LLM-Mob/tmp_ollama_23741937...
✅ Cleanup completato
