card_id,cluster,PC1,PC2
040010121B6781,0,-0.8444037241214475,-0.9497888372304841
04001D4A216285,5,3.5120841333344615,1.1422796391004224
04001E4A216285,2,1.737035768870411,-2.2350713345282722
0400214A216285,1,-0.5992082115500883,1.0509105383557578
0400244A216285,4,-0.23500298997834557,-0.5548878657834596
04002C4A216285,0,-0.3785878570781692,-0.6240344382459769
04003D121B6781,0,-0.9110030042625226,1.6168995180137151
040046121B6781,0,-0.3972486394744067,1.4836353621642862
040047121B6781,0,-1.5319127587129044,-0.06005287174132128
040070121B6781,4,0.46004610750236935,-1.6302585173988955
04007F121B6781,0,-2.0381270606117625,-0.11242340201816521
0400AE121B6781,0,-2.0381270606117625,-0.11242340201816521
0400BB121B6781,4,0.919394724732649,-0.6594148201600506
0400E1121B6781,5,1.9810354905578247,1.2956416661617935
0400E3121B6781,2,1.324837425603105,-1.8536532646543238
0401034A216285,0,-2.0381270606117625,-0.11242340201816521
040110121B6781,0,-0.8444037241214475,-0.9497888372304841
040117121B6781,0,-1.3506180260203053,-1.0021593675073281
04011D4A216285,5,3.5120841333344615,1.1422796391004224
040122121B6781,2,0.4683079953570369,0.157063277396221
0401254A216285,1,-1.0650240785933665,0.7251561393712507
040127121B6781,0,-0.8011448765746138,-0.08991726988686331
0401274A216285,1,0.3299797599727048,0.3170128537210895
040129121B6781,1,1.0456675163324793,0.6584178278280929
04012B121B6781,1,0.3581584817410224,1.5481537933172558
04012C4A216285,0,-1.0660968916696263,0.2657015272431859
04012E121B6781,0,-1.3506180260203053,-1.0021593675073281
0401304A216285,1,0.0958408859306267,-0.02446011325967774
0401314A216285,0,-0.18484741789167086,-0.009177602557546426
0401364A216285,0,-1.0660968916696263,0.2657015272431859
040147121B6781,0,-1.5319127587129044,-0.06005287174132128
04014A121B6781,2,1.4873541564217423,0.5999226925587139
04014A4A216285,1,0.9487634790549504,-0.256831921004601
040152121B6781,1,-0.5992082115500883,1.0509105383557578
040157121B6781,1,-0.8837293459007675,-0.21695035639475618
04015B121B6781,4,0.45250604461311134,-1.4446238312726227
04015D121B6781,1,-0.5992082115500883,1.0509105383557578
040168121B6781,2,1.0138079496213783,-2.390841622509003
04016A121B6781,0,-0.8086849394638718,0.09571741623940944
040178121B6781,0,-1.338172319526406,0.5548039639471093
04018B121B6781,4,0.5787788362129412,-0.12679118328447891
0401AE121B6781,4,2.0694290441339986,-0.006769341638186873
0401BB121B6781,2,0.2355581892795772,-0.2866727667355836
0401BE121B6781,2,3.943684502949661,0.45514610915191334
0401C04A216281,1,-1.0574840157041085,0.539521453244978
0401C14A216281,1,-0.4103734159682312,-0.07683064353652166
0401D2121B6781,0,-0.8319580176275481,0.6071744942239532
0401DB4A216281,1,1.7001732935251677,1.796237984858485
040217121B6781,0,-1.3506180260203053,-1.0021593675073281
040219121B6781,4,0.7223637033127649,-0.057644610821961824
04021A4A216285,4,-0.00576975954090891,-1.9560129163834028
04021E4A216285,4,0.3521800250601213,-0.6538988363915189
0402204A216285,1,-0.7326044159116858,-0.3334384700585117
0402214A216285,4,2.9117354904304813,-1.1819157839721515
040222121B6781,2,-0.006120747651759013,-0.44251104759007825
0402224A216285,0,-2.0381270606117625,-0.11242340201816521
0402254A216285,1,-1.0650240785933665,0.7251561393712507
0402274A216285,1,-0.17623454192615312,0.2646423234442456
040229121B6781,0,-1.5723111935684841,0.21333099696634197
04022B121B6781,6,0.6257576768412947,0.6806501687294689
0402304A216285,1,0.0958408859306267,-0.02446011325967774
0402314A216285,0,-0.18484741789167086,-0.009177602557546426
040238121B6781,0,-0.43182020791871556,0.3826564530272292
040242121B6781,0,-0.24135302031361985,-1.1978112200979036
040244121B6781,6,0.7504106802223044,-1.6346326435585345
0402474A216285,2,2.2124369297163344,-1.4856090401406123
04024A4A216285,0,-1.5723111935684841,0.21333099696634197
04024B4A216285,5,0.7497471739071813,1.2044532296644723
04024E121B6781,0,-1.3506180260203053,-1.0021593675073281
040253121B6781,4,1.6880438419196269,-0.3224430358750544
040255121B6781,5,0.5570795477969426,1.0490510061041063
04025D121B6781,0,-1.3148992413627296,0.043346885962565515
040263121B6781,0,-0.8648163895938697,0.6949236768053438
040278121B6781,0,-1.5243726958236463,-0.245687557867594
04028B121B6781,4,0.5787788362129412,-0.12679118328447891
0402B6121B6781,6,1.0590716031345164,-0.8450792858093392
0402B8121B6781,1,0.0958408859306267,-0.02446011325967774
0402BE121B6781,2,3.2484838151993163,-2.0458986467861457
0402C04A216281,1,-1.0574840157041085,0.539521453244978
0402C1121B6781,0,-1.369278808416543,1.1055104329029353
0402C24A216281,1,-1.0574840157041085,0.539521453244978
0402C94A216281,0,-1.207033158920482,-0.9330127950448109
0402DC121B6781,4,0.6819652684571852,0.2157392578857016
0402DF121B6781,6,2.1118586723739754,-2.8811590433096548
0402E4121B6781,5,1.6596712010122265,1.0721833806230285
040303121B6785,0,-1.0660968916696263,0.2657015272431859
040319121B6781,4,0.7223637033127649,-0.057644610821961824
04031A4A216285,0,-0.8011448765746138,-0.08991726988686331
0403224A216285,0,-2.0381270606117625,-0.11242340201816521
040328121B6781,0,-1.5243726958236463,-0.245687557867594
040329121B6781,0,-1.5723111935684841,0.21333099696634197
04032B121B6781,0,-2.0381270606117625,-0.11242340201816521
0403334A216285,0,-1.5319127587129044,-0.06005287174132128
040338121B6781,0,-0.43182020791871556,0.3826564530272292
040344121B6781,6,0.7504106802223044,-1.6346326435585345
0403474A216285,1,0.28204126222786713,0.7760314085550255
04034B4A216285,0,-0.3428690724205936,0.4214718152239167
040354121B6781,6,0.32865470910707606,-2.328716756457122
040355121B6781,6,0.32111464621781804,-2.143082070330849
040356121B6781,1,-0.3417962593443339,0.8809264273519815
040358121B6781,0,-0.8444037241214475,-0.9497888372304841
040359121B6781,6,0.32865470910707606,-2.328716756457122
04035C121B6781,2,-0.9781509165938952,-0.8206359768514293
04035E121B6781,1,0.31285440328080133,0.07893964444420905
040363121B6781,0,-0.8648163895938697,0.6949236768053438
04036F121B6781,0,-0.8011448765746138,-0.08991726988686331
040387121B6781,0,0.05390375191784583,1.9285080868489404
04038A121B6781,0,-0.8368636612321894,-1.1354235233567571
0403A14A216281,4,1.00053480732817,0.5672929296141085
0403B6121B6781,6,-0.4067928232292187,-0.9799622361340229
0403B8121B6781,1,-0.3417962593443339,0.8809264273519815
0403BD121B6781,4,1.8191830025255509,-1.810259794866975
0403C1121B6781,1,1.196792446321561,0.5419297141643374
0403C24A216281,1,-1.0574840157041085,0.539521453244978
0403C34A216281,0,-1.5319127587129044,-0.06005287174132128
0403C7121B6781,0,-1.5723111935684841,0.21333099696634197
0403C94A216281,2,-0.5123350495506169,-0.49488157786692216
0403D6121B6781,4,2.3089535963700083,1.354509353879982
0403DC121B6781,4,0.6819652684571852,0.2157392578857016
0403DD121B6781,2,2.0659242954946917,0.22709179594886264
0403DD4A216281,1,1.1892523834323028,0.7275644002906102
0403DE121B6781,5,1.1019087786951383,3.155159282157064
0403DF121B6781,6,2.1118586723739754,-2.8811590433096548
0403E4121B6781,5,1.6596712010122265,1.0721833806230285
040403121B6785,0,-1.0660968916696263,0.2657015272431859
0404054A216285,1,-1.1054225134489462,0.998540008078914
0404224A216285,1,2.180331635570977,2.2021060617337005
040428121B6781,6,0.30920919099388394,1.0531325220514642
0404294A216285,2,0.2231124827856778,-1.843636098190021
0404334A216285,0,-1.5319127587129044,-0.06005287174132128
040438121B6781,1,-1.1054225134489462,0.998540008078914
040439121B6781,1,0.1315596705882023,1.0210461402102158
0404394A216285,4,1.1768066769384034,-0.8293989311638271
040445121B6781,1,-1.0650240785933665,0.7251561393712507
04044C121B6781,1,-0.4619733747855389,0.4771337565038313
04044E121B6781,4,0.4882248292706869,-0.39911757780272894
040451121B6781,1,-1.1054225134489462,0.998540008078914
040452121B6781,0,-0.8368636612321894,-1.1354235233567571
040454121B6781,6,-1.0161935573723204,-1.3748632075810474
040455121B6781,0,-1.5319127587129044,-0.06005287174132128
040456121B6781,1,-0.3417962593443339,0.8809264273519815
040457121B6781,0,-1.3430779631310472,-1.187794053633601
040458121B6781,5,-1.2546573988019918,1.217695543867609
04045C121B6781,2,-0.9781509165938952,-0.8206359768514293
04045E121B6781,1,0.4892976423469466,0.06033703432533575
040460121B6781,0,-0.8848021589770272,-0.6764049685228208
040467121B6781,4,1.1757338638621437,-1.2888535432918922
040469121B6781,4,-0.017989472628171046,-0.45148810807957285
04046B121B6781,0,-1.3073591784734717,-0.14228780016370723
04046C121B6781,4,1.1768066769384034,-0.8293989311638271
04046F121B6781,0,-1.3148992413627296,0.043346885962565515
04048A121B6781,5,0.36082190880355175,1.0744142215538772
040491121B6781,5,1.0214510281095879,2.47448006835488
0404AE4A216281,1,0.9626535722794827,0.2004567471835702
0404BC121B6781,2,2.2575419727659214,-0.7426898545572447
0404BD121B6781,0,0.32136688400718705,0.0431929277192975
0404BF121B6781,2,2.7025986879995485,-1.2118571070125843
0404C1121B6781,4,0.46004610750236935,-1.6302585173988955
0404C34A216281,0,-0.3785878570781692,-0.6240344382459769
0404C4121B6781,4,-0.0537082572857466,-1.4969943615494665
0404CE121B6781,1,0.8115286422904011,0.31694486084732565
0404D6121B6781,4,2.3089535963700083,1.354509353879982
0404DD121B6781,2,2.0659242954946917,0.22709179594886264
0404DE121B6781,5,1.1019087786951383,3.155159282157064
0404E74A216281,0,-1.5319127587129044,-0.06005287174132128
0404E84A216281,0,-1.3506180260203053,-1.0021593675073281
0405054A216285,1,-1.1054225134489462,0.998540008078914
040512121B6781,0,-2.0381270606117625,-0.11242340201816521
040516121B6781,1,-0.3775150440019095,-0.16457982611791225
0405184A216285,1,-0.3775150440019095,-0.16457982611791225
0405224A216285,5,3.884551242760872,1.3238030297563212
0405244A216285,1,0.12401960769894432,1.2066808263364883
0405254A216285,5,-1.2471173359127337,1.0320608577413362
0405264A216285,4,-0.5195241243290248,-1.8227487605339738
040528121B6781,0,-1.0660968916696263,0.2657015272431859
04052B4A216285,0,-0.3972486394744067,1.4836353621642862
0405314A216285,0,-2.0381270606117625,-0.11242340201816521
040538121B6781,0,-0.3428690724205936,0.4214718152239167
040539121B6781,1,0.1315596705882023,1.0210461402102158
04053F4A216285,4,0.919394724732649,-0.6594148201600506
040545121B6781,1,-0.4179134788574892,0.10880404258975099
0405464A216285,4,1.8191830025255509,-1.810259794866975
040549121B6781,1,-1.1054225134489462,0.998540008078914
04054C121B6781,0,-1.0585568287803682,0.0800668411169132
04054E121B6781,4,0.4882248292706869,-0.39911757780272894
040550121B6781,1,-1.0574840157041085,0.539521453244978
040551121B6781,1,-1.1054225134489462,0.998540008078914
040560121B6781,0,-0.8848021589770272,-0.6764049685228208
040565121B6781,2,-0.4719366146950372,-0.7682654465745854
040569121B6781,6,-0.07036423371567971,1.2965662082168397
04056B121B6781,1,-0.23393017690208584,-0.09543325365539498
04056C121B6781,6,-1.1974882900649195,-0.43275671181504055
040591121B6781,0,-1.5723111935684841,0.21333099696634197
0405AE4A216281,0,-0.8772620960877692,-0.8620396546490936
0405BC121B6781,2,1.5700329381744642,0.14704611093191816
0405BD121B6781,4,1.5617710503197966,-1.6402756838631982
0405BF121B6781,2,2.7025986879995485,-1.2118571070125843
0405C1121B6781,4,1.0792426654747633,-1.1420342193623065
0405C4121B6781,0,0.3027061016109496,2.150862728129561
0405CE121B6781,0,-2.0381270606117625,-0.11242340201816521
0405D7121B6781,0,-0.6460509891675105,1.2612807208836658
0405E3121B6781,0,-0.8415433114301936,0.1834665988208
0405E84A216281,0,-1.3506180260203053,-1.0021593675073281
0405E94A216281,4,1.1600008485877256,-0.9630311514336208
040605121B6785,0,-1.5319127587129044,-0.06005287174132128
0406074A216285,0,-1.5319127587129044,-0.06005287174132128
040612121B6781,4,1.312968700626693,-1.8626303251438188
040616121B6781,1,-1.0650240785933665,0.7251561393712507
0406224A216285,0,-2.372551529259747,0.26028043805555406
0406264A216285,4,-0.7008188570216239,-0.880642264767967
0406314A216285,0,-1.3506180260203053,-1.0021593675073281
04063F4A216285,4,0.919394724732649,-0.6594148201600506
0406464A216285,4,1.8191830025255509,-1.810259794866975
040648121B6781,1,-0.35752927461875217,1.2067488192102525
0406484A216285,1,0.7392900245940338,-0.5458663648347605
040649121B6781,1,-1.1054225134489462,0.998540008078914
04064B121B6781,4,0.45250604461311134,-1.4446238312726227
04064C121B6781,1,-1.0978824505596882,0.8129053219526414
04064F121B6781,4,-0.0537082572857466,-1.4969943615494665
040652121B6781,0,-2.0381270606117625,-0.11242340201816521
040653121B6781,0,-1.5723111935684841,0.21333099696634197
040655121B6781,0,-1.0660968916696263,0.2657015272431859
040662121B6781,2,0.17517398504083995,-1.384617543356085
040665121B6781,1,-1.5712383804922243,0.6727856090944068
040666121B6781,1,-1.0574840157041085,0.539521453244978
0406A74A216281,4,-0.010449409738913033,-0.6371227942058456
0406B14A216281,0,0.5383804013573616,0.14659268542318424
0406B8121B6781,0,-0.3353290095313356,0.23583712909764393
0406B9121B6781,2,1.1839957517168112,0.49846825150322444
0406BA121B6781,2,3.000755561398111,0.7844090787516508
0406BD121B6781,2,3.8243094002001334,0.1494543718512779
0406BF121B6781,0,0.7663959332860918,0.22581996263334114
0406BF4A216281,0,-1.338172319526406,0.5548039639471093
0406C1121B6781,5,1.472974993156214,1.360223517645203
0406C4121B6781,2,0.8751287261261962,-0.7173901773908105
0406D4121B6781,2,-0.005047934575499287,0.016943564537986483
0406DF121B6781,2,1.703294860695657,0.24386783813453602
0406E3121B6781,0,-0.8415433114301936,0.1834665988208
0406E6121B6781,0,-0.3661421505842699,0.9329288932084604
0406E74A216281,1,0.12401960769894432,1.2066808263364883
0406E94A216281,4,1.1600008485877256,-0.9630311514336208
0407014A216285,4,0.45250604461311134,-1.4446238312726227
0407074A216285,1,-0.4441143241429847,2.4021085291262874
040710121B6781,0,-1.338172319526406,0.5548039639471093
040711121B6781,0,-0.3710477941889112,-0.8096691243722497
0407194A216285,2,-0.24738303445560456,-0.8505003749969712
04071B4A216285,0,-2.0381270606117625,-0.11242340201816521
04071E4A216285,2,0.22801812639031907,-0.10103808060931098
040722121B6781,0,-1.564771130679226,0.027696310840069283
0407224A216285,1,-0.33425619645507587,0.6952917412257088
0407244A216285,1,0.9318404312265485,0.8975485112943868
040729F2185085,0,-0.8244179547382899,0.4215398080976805
04072B4A216285,4,-0.5119840614397668,-2.008383446660247
04073A4A216285,0,-0.3972486394744067,1.4836353621642862
04073D121B6781,6,-0.3588543254843808,-1.438980790967959
040748121B6781,0,-0.8086849394638718,0.09571741623940944
04074B121B6781,4,0.45250604461311134,-1.4446238312726227
04074C121B6781,0,-2.0381270606117625,-0.11242340201816521
04074D121B6781,0,-1.0660968916696263,0.2657015272431859
04074F121B6781,0,-1.0585568287803682,0.0800668411169132
040752121B6781,0,-0.7336772289879455,-0.7928930821865763
040753121B6781,0,-1.5723111935684841,0.21333099696634197
040754121B6781,0,-0.3785878570781692,-0.6240344382459769
040755121B6781,1,-0.3699749811126515,-0.350214512244185
040756121B6781,0,-2.0381270606117625,-0.11242340201816521
040758121B6781,2,2.4932162086336245,-1.9136910617034044
040759121B6781,1,-0.7401444788009438,-0.1478037839322389
04075F121B6781,4,2.90698143709547,0.6519016060006337
040761121B6781,0,-1.5723111935684841,0.21333099696634197
040762121B6781,1,-0.3775150440019095,-0.16457982611791225
040764121B6781,6,-1.1974882900649195,-0.43275671181504055
040766121B6781,0,-0.8244179547382899,0.4215398080976805
04076E121B6781,4,0.022408962227408683,-0.7248719767872362
040770121B6781,6,-1.1974882900649195,-0.43275671181504055
0407B14A216281,0,-0.14912863323409525,1.0363286509123473
0407B8121B6781,6,1.0999046578295844,0.5059269977324821
0407B9121B6781,2,1.1839957517168112,0.49846825150322444
0407BA121B6781,2,0.35915728699624333,-1.588854839601231
0407BF121B6781,0,0.7663959332860918,0.22581996263334114
0407BF4A216281,0,-1.338172319526406,0.5548039639471093
0407C1121B6781,5,5.4897076057877845,1.2081968621826902
0407C4121B6781,2,1.4121561690779882,-1.3621114112247834
0407C5121B6781,4,0.2724013444744961,-1.3310753759473326
0407E1121B6781,0,-1.5319127587129044,-0.06005287174132128
0407E3121B6781,2,1.324837425603105,-1.8536532646543238
0407E4121B6781,5,1.8465664731199674,-0.5481619543805405
0407E6121B6781,4,0.022408962227408683,-0.7248719767872362
0408004A216285,5,-0.2740143538943377,1.869640399130752
040811121B6781,0,-0.3710477941889112,-0.8096691243722497
04081D4A216285,0,-0.3353290095313356,0.23583712909764393
04081E4A216285,2,1.0591120280815995,-0.9216274736359563
04081F4A216285,5,0.32042347394797205,1.3477980902615407
040822121B6781,0,-0.8706045694069431,1.3435156493060518
04082B4A216285,4,-0.5119840614397668,-2.008383446660247
04082E121B6781,0,-1.3506180260203053,-1.0021593675073281
040836121B6781,2,2.2135097427925943,-1.0261544280125476
04083A4A216285,0,-1.564771130679226,0.027696310840069283
04083D121B6781,6,-0.3588543254843808,-1.438980790967959
040847121B6781,0,-0.4630461878617985,0.017679144375766526
0408494A216285,0,-0.9034629413732647,1.4312648318874424
04084A121B6781,1,0.42737801240387535,1.308135267391978
04084D121B6781,0,-1.0660968916696263,0.2657015272431859
04084F121B6781,0,-1.0585568287803682,0.0800668411169132
040852121B6781,1,-0.5916681486608303,0.8652758522294853
040854121B6781,0,-0.3785878570781692,-0.6240344382459769
040856121B6781,2,0.17624679811709967,-0.9251629312280203
040857121B6781,1,-1.5712383804922243,0.6727856090944068
040858121B6781,5,0.41840032430176055,2.7225024512222995
040859121B6781,0,-0.3785878570781692,-0.6240344382459769
04085B121B6781,0,-1.564771130679226,0.027696310840069283
04085F121B6781,1,0.2612544444634936,0.6329040444845621
040864121B6781,6,1.145953110938386,-0.05575897922639351
040868121B6781,0,-1.5319127587129044,-0.06005287174132128
04086A121B6781,0,-1.0585568287803682,0.0800668411169132
04086E121B6781,1,-1.5636983176029664,0.4871509229681341
040886121B6781,0,-1.338172319526406,0.5548039639471093
04088C121B6781,0,-1.0660968916696263,0.2657015272431859
040896121B6781,0,-1.0660968916696263,0.2657015272431859
0408AE121B6781,4,0.6819652684571852,0.2157392578857016
0408BB121B6781,5,2.3998913605059564,3.1197789002429905
0408C14A216281,1,1.2100115352419534,1.5224860517304568
0408C5121B6781,2,1.1296161846629982,1.5606317984435942
0408CB4A216281,0,-1.5319127587129044,-0.06005287174132128
0408CF121B6781,4,0.45250604461311134,-1.4446238312726227
0408D2121B6781,0,-1.3506180260203053,-1.0021593675073281
0408DB4A216281,1,1.2332846134056297,1.011028973745913
0408DD121B6781,4,1.3432734577631464,1.6193077789330748
0408E1121B6781,5,0.8455696395656437,3.7845980052889057
0408E3121B6781,4,0.9902151362024063,1.2611267626403977
0409034A216285,0,-2.0381270606117625,-0.11242340201816521
040917121B6781,4,-0.23500298997834557,-0.5548878657834596
04091D4A216285,0,-0.3353290095313356,0.23583712909764393
04091E4A216285,4,-0.010449409738913033,-0.6371227942058456
0409214A216285,6,-0.0441633884301843,-0.9967382783196962
0409254A216285,1,-1.0650240785933665,0.7251561393712507
0409274A216285,1,0.3299797599727048,0.3170128537210895
04092C4A216285,0,-0.3785878570781692,-0.6240344382459769
0409304A216285,0,-1.3430779631310472,-1.187794053633601
0409314A216285,0,-0.8723564524831279,0.8805583629316165
040936121B6781,0,-1.5319127587129044,-0.06005287174132128
0409494A216285,0,-2.0381270606117625,-0.11242340201816521
04094A121B6781,1,-1.0574840157041085,0.539521453244978
04094A4A216285,0,-2.0381270606117625,-0.11242340201816521
040952121B6781,1,-0.5916681486608303,0.8652758522294853
040953121B6781,5,1.47011458046496,0.22696808159391874
040957121B6781,6,-0.5493048772527824,-0.5896541964684754
04095B121B6781,4,0.45250604461311134,-1.4446238312726227
04095D121B6781,0,-0.3785878570781692,-0.6240344382459769
040961121B6781,0,-0.8706045694069431,1.3435156493060518
040975121B6781,0,-0.7412172918772035,-0.6072583960603035
04098B121B6781,4,0.5787788362129412,-0.12679118328447891
0409B6121B6780,4,0.45250604461311134,-1.4446238312726227
0409B7121B6780,2,1.1558170299484936,-0.7326726880929418
0409B8121B6780,5,4.147376539115281,1.521830359920563
0409BA121B6780,0,-0.3661421505842699,0.9329288932084604
0409BB121B6781,5,3.087400395097413,2.2300429347538278
0409BC121B6780,1,-0.7401444788009438,-0.1478037839322389
0409BE121B6781,2,4.379354223320037,-1.8981944448241763
0409C04A216281,1,-1.0574840157041085,0.539521453244978
0409C14A216281,1,1.2100115352419534,1.5224860517304568
0409D2121B6781,0,-1.3506180260203053,-1.0021593675073281
0409DB4A216281,1,0.12401960769894432,1.2066808263364883
0409DD121B6781,0,-1.338172319526406,0.5548039639471093
0409E0121B6781,4,3.4593823536629813,-0.21770370493089364
0409E84A216281,2,-0.005047934575499287,0.016943564537986483
0409EF4A216281,6,-0.7230595470561236,0.1668176131712586
040A034A216285,0,-2.0381270606117625,-0.11242340201816521
040A17121B6781,0,-1.3506180260203053,-1.0021593675073281
040A19121B6781,2,-0.4719366146950372,-0.7682654465745854
040A1A4A216285,4,-0.6932787941323659,-1.06627695089424
040A1E4A216285,0,-0.9110030042625226,1.6168995180137151
040A214A216285,4,1.5974898349773723,-0.5947694303933044
040A224A216285,4,0.46004610750236935,-1.6302585173988955
040A274A216285,1,0.3299797599727048,0.3170128537210895
040A29121B6781,0,-1.5723111935684841,0.21333099696634197
040A314A216285,0,-0.8723564524831279,0.8805583629316165
040A38121B6781,4,0.7099179968188655,-1.6146079422763995
040A474A216285,1,0.3581584817410224,1.5481537933172558
040A4A4A216285,4,1.5581642131980522,0.1380690504424236
040A4B4A216285,5,0.7497471739071813,1.2044532296644723
040A4E121B6781,1,-0.8837293459007675,-0.21695035639475618
040A53121B6781,4,1.6880438419196269,-0.3224430358750544
040A55121B6781,6,-0.5099792554734626,-1.3224926773042036
040A5D121B6781,0,-1.0660968916696263,0.2657015272431859
040A63121B6781,1,-1.0650240785933665,0.7251561393712507
040A71121B6781,0,-1.338172319526406,0.5548039639471093
040A75121B6781,0,-0.7412172918772035,-0.6072583960603035
040A8B121B6781,6,0.9132033048609263,-0.4994950233581984
040AA14A216281,4,1.00053480732817,0.5672929296141085
040AB6121B6780,6,0.3164349960198138,-0.8241919481532921
040AB6121B6781,6,-0.4067928232292187,-0.9799622361340229
040AB8121B6781,1,1.1563940114659812,0.8153135828720008
040ABA121B6780,0,-0.3661421505842699,0.9329288932084604
040ABC121B6780,1,-0.7401444788009438,-0.1478037839322389
040ABD121B6780,0,0.050708176926317294,-0.11558501147366225
040ABE121B6781,2,3.9717116344483485,-1.8901283588054156
040ABF121B6781,5,0.5484666718314248,0.7752310801023145
040AC04A216281,1,-0.8837293459007675,-0.21695035639475618
040AC1121B6780,2,1.3081249078013502,-1.0296574011689252
040AC1121B6781,1,1.196792446321561,0.5419297141643374
040AC24A216281,0,-1.5319127587129044,-0.06005287174132128
040AC4121B6780,0,-0.8415433114301936,0.1834665988208
040AC94A216281,0,-1.5723111935684841,0.21333099696634197
040AD4121B6781,2,-0.4719366146950372,-0.7682654465745854
040ADC121B6781,1,0.7620547188412294,3.121706425368406
040ADD4A216281,4,0.919394724732649,-0.6594148201600506
040AE0121B6781,4,1.7134429554514388,1.4168970506211285
040AE4121B6781,5,2.5972386368141995,1.9562910016257988
040B03121B6785,0,-1.338172319526406,0.5548039639471093
040B19121B6781,2,0.21557241989641968,-1.6580014120637485
040B204A216285,1,-0.7326044159116858,-0.3334384700585117
040B29121B6781,0,-1.5723111935684841,0.21333099696634197
040B294A216285,0,-1.5319127587129044,-0.06005287174132128
040B324A216285,5,-0.08888679067335703,2.2106773088173908
040B334A216285,0,-1.5319127587129044,-0.06005287174132128
040B38121B6781,4,0.7099179968188655,-1.6146079422763995
040B3C4A216285,4,0.45357885768937106,-0.9851692191445579
040B44121B6781,2,1.0187135932260196,-0.6482436049282929
040B474A216285,2,2.2124369297163344,-1.4856090401406123
040B4B4A216285,5,0.7497471739071813,1.2044532296644723
040B53121B6781,4,0.919394724732649,-0.6594148201600506
040B54121B6781,6,0.32111464621781804,-2.143082070330849
040B55121B6781,6,0.32111464621781804,-2.143082070330849
040B56121B6781,0,-2.0381270606117625,-0.11242340201816521
040B59121B6781,0,-0.8319580176275481,0.6071744942239532
040B5C121B6781,4,0.45250604461311134,-1.4446238312726227
040B5E121B6781,0,-0.9110030042625226,1.6168995180137151
040B63121B6781,1,-1.0650240785933665,0.7251561393712507
040B67121B6781,4,1.1757338638621437,-1.2888535432918922
040B6F121B6781,0,-0.8630645065176852,1.157880963179779
040B71121B6781,6,-1.0037478508784212,0.18210012387339
040B8A121B6781,0,-1.564771130679226,0.027696310840069283
040B90121B6780,2,1.324837425603105,-1.8536532646543238
040BB6121B6781,6,0.37866539576130404,0.15680044670695592
040BB8121B6781,4,-0.7008188570216239,-0.880642264767967
040BBC121B6780,6,-0.03555051246466656,-0.7229183523179042
040BBD121B6780,5,1.2359757064228816,-0.11450488538684848
040BBD121B6781,0,0.32136688400718705,0.0431929277192975
040BBF121B6780,1,-0.36506933750801007,1.392383505336525
040BBF121B6781,5,4.135984738285725,-1.04823371095623
040BC1121B6780,2,2.0734643583839496,0.04145710982258988
040BC1121B6781,2,0.7171070715972734,-0.28674075960934753
040BC24A216281,0,-1.5319127587129044,-0.06005287174132128
040BC34A216281,0,-1.5319127587129044,-0.06005287174132128
040BC4121B6780,0,-0.8415433114301936,0.1834665988208
040BC94A216281,4,0.15422977147083597,1.1377830919678367
040BDC121B6781,6,0.32865470910707606,-2.328716756457122
040BDD4A216281,1,0.2318856901411923,0.2303211453291123
040BDE121B6781,6,1.4625340926286188,0.4891509555468086
040BE4121B6781,5,2.5972386368141995,1.9562910016257988
040C03121B6785,5,2.4949084963956554,0.09778371208232076
040C054A216285,1,-0.36506933750801007,1.392383505336525
040C1A121B6781,0,-0.8648163895938697,0.6949236768053438
040C224A216285,5,-0.2826272298598554,1.59582047312896
040C28121B6781,6,0.30920919099388394,1.0531325220514642
040C294A216285,2,0.2231124827856778,-1.843636098190021
040C334A216285,0,-1.5243726958236463,-0.245687557867594
040C39121B6781,1,0.1315596705882023,1.0210461402102158
040C394A216285,1,-0.63206658351641,1.1386597209371485
040C4C121B6781,0,-1.5723111935684841,0.21333099696634197
040C4E121B6781,4,0.4882248292706869,-0.39911757780272894
040C51121B6781,1,-1.1054225134489462,0.998540008078914
040C54121B6781,4,1.1213542968083303,-0.22668999635152226
040C56121B6781,0,-2.0381270606117625,-0.11242340201816521
040C57121B6781,6,-0.3162388162869641,-0.7076358416157729
040C58121B6781,0,-1.5319127587129044,-0.06005287174132128
040C59121B6781,0,-2.0381270606117625,-0.11242340201816521
040C5C121B6781,5,4.322185114582965,-0.24774218914152682
040C5E121B6781,4,1.149533018576648,1.0044509432446442
040C60121B6781,0,-1.3506180260203053,-1.0021593675073281
040C67121B6781,4,-0.4762652767821912,-0.9628771931903529
040C69121B6781,0,-2.0381270606117625,-0.11242340201816521
040C6B121B6781,0,-1.5243726958236463,-0.245687557867594
040C6F121B6781,0,-0.8630645065176852,1.157880963179779
040C86121B6781,5,1.789417813286595,2.2654233166679014
040C8A121B6781,0,-0.8772620960877692,-0.8620396546490936
040C90121B6780,2,1.324837425603105,-1.8536532646543238
040C91121B6781,0,-2.0381270606117625,-0.11242340201816521
040C93121B6781,4,0.8742620157283398,-0.7505397183740351
040CA14A216281,1,-1.5712383804922243,0.6727856090944068
040CAC121B6781,0,-1.3306322566371478,0.3691692778208366
040CAE4A216281,6,-0.03662332554092629,-1.182372964445969
040CBC121B6780,4,3.4593823536629813,-0.21770370493089364
040CBC121B6781,4,2.2849988695688292,-1.4845053958824677
040CBD121B6780,2,3.819403756595492,-1.5931436457294326
040CBD121B6781,0,0.32136688400718705,0.0431929277192975
040CBE121B6780,2,3.819403756595492,-1.5931436457294326
040CBF121B6780,1,-0.36506933750801007,1.392383505336525
040CBF121B6781,6,0.3239750589090719,-1.009826634279565
040CC1121B6781,4,1.0792426654747633,-1.1420342193623065
040CC3121B6780,1,0.8239743487843005,1.8739081923017629
040CC34A216281,0,-1.5319127587129044,-0.06005287174132128
040CC4121B6780,0,-2.0381270606117625,-0.11242340201816521
040CC4121B6781,0,0.3027061016109496,2.150862728129561
040CD0121B6781,4,1.543110267923559,0.46739411654706514
040CD5121B6781,2,2.115532892438806,-2.4008587889733057
040CD6121B6781,4,2.342577285067038,0.16358283378595456
040CD7121B6781,0,-0.6460509891675105,1.2612807208836658
040CDE121B6781,6,1.4625340926286188,0.4891509555468086
040CDF121B6781,6,1.388630853124943,-3.0369293312903856
040CE84A216281,0,-0.17064982832158676,2.0107430152713266
040D16121B6781,0,-0.8772620960877692,-0.8620396546490936
040D18121B6781,0,-0.15403427683873663,-0.7062693666683628
040D1A121B6781,0,-0.8648163895938697,0.6949236768053438
040D1F4A216285,0,-1.0660968916696263,0.2657015272431859
040D224A216285,2,-0.006120747651759013,-0.44251104759007825
040D244A216285,0,-1.564771130679226,0.027696310840069283
040D254A216285,5,-1.2471173359127337,1.0320608577413362
040D264A216285,4,-0.5195241243290248,-1.8227487605339738
040D2B4A216285,0,-0.8415433114301936,0.1834665988208
040D38121B6781,0,-1.0660968916696263,0.2657015272431859
040D394A216285,4,1.091688371968663,0.41492911209213096
040D3F4A216285,0,-0.8319580176275481,0.6071744942239532
040D45121B6781,1,-1.0650240785933665,0.7251561393712507
040D464A216285,4,-0.5070784178351255,-0.2657854290795365
040D4E121B6781,0,-1.564771130679226,0.027696310840069283
040D4F121B6781,0,-0.8848021589770272,-0.6764049685228208
040D50121B6781,6,-1.1974882900649195,-0.43275671181504055
040D52121B6781,0,-0.6198501438820148,-1.0320237656528701
040D55121B6781,0,-0.4151076901169608,-0.44133941045816955
040D57121B6781,0,-0.6506632849349492,-0.3349320015420536
040D60121B6781,0,-1.3506180260203053,-1.0021593675073281
040D65121B6781,1,-1.0650240785933665,0.7251561393712507
040D69121B6781,0,-2.0381270606117625,-0.11242340201816521
040D6B121B6781,0,-1.3073591784734717,-0.14228780016370723
040D86121B6781,0,-1.5243726958236463,-0.245687557867594
040D88121B6780,1,-0.5992082115500883,1.0509105383557578
040D91121B6781,5,1.0214510281095879,2.47448006835488
040D93121B6781,4,0.46004610750236935,-1.6302585173988955
040DAC121B6781,0,-1.3306322566371478,0.3691692778208366
040DAE4A216281,6,-0.03662332554092629,-1.182372964445969
040DBB121B6780,6,2.3996696941427516,-0.14911471837122706
040DBC121B6781,4,2.2849988695688292,-1.4845053958824677
040DBD121B6780,0,-1.5723111935684841,0.21333099696634197
040DBD121B6781,2,4.511818434791591,-0.7402815936378851
040DBE121B6780,0,-1.5723111935684841,0.21333099696634197
040DBF121B6781,2,2.846300774577096,-2.430723187118848
040DC0121B6780,1,-0.36506933750801007,1.392383505336525
040DC1121B6781,4,2.342577285067038,0.16358283378595456
040DC3121B6780,2,3.604513001160586,-0.11190491723878117
040DC34A216281,1,-0.7326044159116858,-0.3334384700585117
040DC64A216281,1,-0.8837293459007675,-0.21695035639475618
040DCE121B6781,0,-0.8848021589770272,-0.6764049685228208
040DD5121B6781,2,2.115532892438806,-2.4008587889733057
040DD6121B6780,0,-0.4393602708079736,0.568291139153502
040DD7121B6781,2,-0.9781509165938952,-0.8206359768514293
040DE3121B6781,6,2.4882841776108897,-0.36939247696426647
040DE84A216281,0,-0.17064982832158676,2.0107430152713266
040DE94A216281,0,-0.9213219920158188,-0.49370994073501345
040E074A216285,0,-1.5319127587129044,-0.06005287174132128
040E10121B6781,0,-1.338172319526406,0.5548039639471093
040E16121B6781,1,-0.3775150440019095,-0.16457982611791225
040E18121B6781,4,2.457218113667836,0.10476580416494218
040E1B4A216285,0,-1.5319127587129044,-0.06005287174132128
040E1F4A216285,0,-1.0660968916696263,0.2657015272431859
040E224A216285,5,3.088454300761757,1.2169421953314714
040E244A216285,1,0.12401960769894432,1.2066808263364883
040E264A216285,4,-0.5195241243290248,-1.8227487605339738
040E28121B6781,4,-0.5119840614397668,-2.008383446660247
040E2B4A216285,0,-1.3306322566371478,0.3691692778208366
040E314A216285,0,-2.0381270606117625,-0.11242340201816521
040E3F4A216285,0,-1.5243726958236463,-0.245687557867594
040E464A216285,4,1.8191830025255509,-1.810259794866975
040E49121B6781,1,0.1315596705882023,1.0210461402102158
040E4C121B6781,0,-1.3506180260203053,-1.0021593675073281
040E4F121B6781,4,1.123574326097857,0.17729196010937903
040E52121B6781,4,0.7099179968188655,-1.6146079422763995
040E53121B6781,0,-1.5723111935684841,0.21333099696634197
040E65121B6781,5,3.0148107892901965,2.880733577865066
040E66121B6781,5,-0.053393999422418736,0.19469542252901711
040E88121B6780,1,-0.5992082115500883,1.0509105383557578
040EB14A216281,0,-0.3586020876950118,0.7472942070821877
040EB8121B6781,6,1.0999046578295844,0.5059269977324821
040EBA121B6781,2,2.838760711687838,-2.245088500992575
040EBB121B6780,4,1.1439483049720816,-0.7416497485824365
040EBD121B6781,5,1.1919158104948322,0.25382482852723165
040EBE121B6780,0,0.050708176926317294,-0.11558501147366225
040EBF121B6781,4,1.1524607856984677,-0.7773964653073481
040EBF4A216281,4,-0.04126255079184718,0.05996896990497089
040EC1121B6781,0,-1.5319127587129044,-0.06005287174132128
040EC2121B6780,2,1.3081249078013502,-1.0296574011689252
040EC3121B6780,2,3.088635874457202,-1.5632792475838904
040EC34A216281,1,-0.7326044159116858,-0.3334384700585117
040EC4121B6781,2,1.4121561690779882,-1.3621114112247834
040EC64A216281,1,-0.8837293459007675,-0.21695035639475618
040ED4121B6780,0,-1.5723111935684841,0.21333099696634197
040ED4121B6781,0,-1.0660968916696263,0.2657015272431859
040ED6121B6780,2,3.3574207200805954,-0.6357546392612939
040EDD121B6780,1,0.7882555641267249,0.8284019388318694
040EDD121B6781,2,2.8512064181817376,-0.6881251695381378
040EE3121B6781,6,2.4882841776108897,-0.36939247696426647
040EE4121B6781,1,-1.0574840157041085,0.539521453244978
040EE6121B6781,4,0.7099179968188655,-1.6146079422763995
040EE64A216281,4,1.1535335987747273,-0.3179418531792835
040EE74A216281,1,0.12401960769894432,1.2066808263364883
040EE94A216281,0,-0.9213219920158188,-0.49370994073501345
040F004A216285,5,-0.2740143538943377,1.869640399130752
040F074A216285,0,-1.5319127587129044,-0.06005287174132128
040F10121B6781,1,-0.8837293459007675,-0.21695035639475618
040F11121B6781,0,-1.338172319526406,0.5548039639471093
040F184A216285,0,-0.2767263205116122,1.7338544437977585
040F194A216285,0,-2.0381270606117625,-0.11242340201816521
040F1B4A216285,0,-1.5319127587129044,-0.06005287174132128
040F1E4A216285,5,5.956596285907323,1.993405873295262
040F22121B6781,2,0.18937157461092413,0.6353030744727878
040F244A216285,1,2.3163764397815423,2.456887320322491
040F254A216285,0,-0.8011448765746138,-0.08991726988686331
040F2B4A216285,6,0.35683343087539365,-1.0975758168609555
040F3A4A216285,0,-1.5243726958236463,-0.245687557867594
040F3D121B6781,1,-0.17623454192615312,0.2646423234442456
040F46121B6781,0,-0.3785878570781692,-0.6240344382459769
040F484A216285,1,0.05178099000257702,0.3438696006544024
040F52121B6781,0,-0.7336772289879455,-0.7928930821865763
040F53121B6781,0,-1.0660968916696263,0.2657015272431859
040F59121B6781,0,-0.3785878570781692,-0.6240344382459769
040F5A121B6781,0,-1.5723111935684841,0.21333099696634197
040F62121B6781,1,-0.3775150440019095,-0.16457982611791225
040F64121B6781,6,1.145953110938386,-0.05575897922639351
040F92121B6780,4,0.45250604461311134,-1.4446238312726227
040FB14A216281,0,-0.3586020876950118,0.7472942070821877
040FB5121B6780,1,0.1315596705882023,1.0210461402102158
040FB9121B6781,0,-1.0585568287803682,0.0800668411169132
040FBA121B6780,0,0.04316811403705939,0.07004967465261044
040FBA121B6781,2,2.0076668099965578,-1.42449910796593
040FBB121B6780,4,0.46004610750236935,-1.6302585173988955
040FBE121B6780,0,0.050708176926317294,-0.11558501147366225
040FBF121B6781,0,0.32136688400718705,0.0431929277192975
040FBF4A216281,4,-0.04126255079184718,0.05996896990497089
040FC1121B6781,0,-1.5319127587129044,-0.06005287174132128
040FC2121B6780,2,3.788590615542558,-0.8960518816186157
040FC3121B6780,4,2.0286597304393346,-0.8550666727506261
040FC4121B6781,4,2.2317665187282825,-0.4778145046092611
040FC5121B6781,2,1.1296161846629982,1.5606317984435942
040FCB4A216281,4,-0.5119840614397668,-2.008383446660247
040FCF121B6781,0,-0.3661421505842699,0.9329288932084604
040FDE121B6780,1,0.7882555641267249,0.8284019388318694
040FE1121B6781,5,0.8455696395656437,3.7845980052889057
040FE3121B6781,1,0.7882555641267249,0.8284019388318694
040FE4121B6781,1,-1.0574840157041085,0.539521453244978
040FE6121B6781,2,2.7843811446340254,-1.1829249540522058
0410004A216285,5,-0.2740143538943377,1.869640399130752
041011121B6781,0,-1.338172319526406,0.5548039639471093
0410184A216285,4,0.9662604094012271,-1.5778879871220515
0410194A216285,0,-2.0381270606117625,-0.11242340201816521
04101D4A216285,4,2.9145214999847284,0.4662669198743609
04101E4A216285,5,5.956596285907323,1.993405873295262
041022121B6781,0,-0.2234939696710657,0.7271635525245521
0410254A216285,1,1.1563940114659812,0.8153135828720008
041029121B6781,1,1.0456675163324793,0.6584178278280929
04102B4A216285,6,0.35683343087539365,-1.0975758168609555
04102C4A216285,0,-0.6149445002773735,0.7105742519278401
04102E121B6781,0,-2.0381270606117625,-0.11242340201816521
041036121B6781,0,-1.5319127587129044,-0.06005287174132128
04103D121B6781,1,-0.17623454192615312,0.2646423234442456
041047121B6781,0,-0.4630461878617985,0.017679144375766526
0410494A216285,2,2.1559313272943856,-2.6742426576809692
04104B121B6781,1,-0.4365742612537268,2.2164738430000144
04104D121B6781,0,-2.0381270606117625,-0.11242340201816521
04104F121B6781,0,-1.0585568287803682,0.0800668411169132
041052121B6781,0,-0.8723564524831279,0.8805583629316165
041053121B6781,4,2.764333256182266,0.857666946684542
041054121B6781,0,-0.3785878570781692,-0.6240344382459769
041055121B6781,4,-0.7008188570216239,-0.880642264767967
041056121B6781,0,-2.0381270606117625,-0.11242340201816521
041057121B6781,1,-1.5712383804922243,0.6727856090944068
041058121B6781,5,0.41840032430176055,2.7225024512222995
041059121B6781,4,-0.5119840614397668,-2.008383446660247
04105A121B6781,0,-1.5723111935684841,0.21333099696634197
04105F121B6781,1,-0.4619733747855389,0.4771337565038313
041062121B6781,0,-0.10119013548925734,0.5773100960784112
041064121B6781,6,1.145953110938386,-0.05575897922639351
041068121B6781,1,-1.0650240785933665,0.7251561393712507
04106A121B6781,4,0.8818020786175977,-0.936174404500308
04106E121B6781,4,0.022408962227408683,-0.7248719767872362
041080121B6780,0,-1.5723111935684841,0.21333099696634197
04108F121B6780,4,-0.04616819439648859,-1.6826290476757393
0410A4121B6780,6,-1.2378867249204992,-0.15937284310737718
0410B5121B6780,1,0.1315596705882023,1.0210461402102158
0410B7121B6780,2,1.1558170299484936,-0.7326726880929418
0410B8121B6780,5,3.7873551361827693,2.8972703007191023
0410B9121B6780,5,1.7268191133435988,3.5097188754881734
0410BA121B6780,2,0.6813882869396978,-1.3322470130792412
0410BB121B6780,2,1.5200222515202362,-2.338471092232159
0410BB121B6781,1,0.23942575303045033,0.04468645920283951
0410C14A216281,0,-1.5243726958236463,-0.245687557867594
0410C5121B6781,1,1.655068250475581,1.0533187992751174
0410CB4A216281,0,-1.5319127587129044,-0.06005287174132128
0410D2121B6781,0,-1.3073591784734717,-0.14228780016370723
0410D5121B6780,0,-1.5723111935684841,0.21333099696634197
0410D6121B6780,0,-1.5723111935684841,0.21333099696634197
0410DF121B6781,6,-1.2378867249204992,-0.15937284310737718
0410E1121B6781,4,1.8843014809130179,-0.34780625132482546
0410E3121B6781,1,-0.36506933750801007,1.392383505336525
0411034A216285,0,-2.0381270606117625,-0.11242340201816521
041117121B6781,0,-1.5319127587129044,-0.06005287174132128
04111D4A216285,4,2.9145214999847284,0.4662669198743609
0411214A216285,2,4.4731718830121965,-0.003940438555786533
0411244A216285,1,0.9318404312265485,0.8975485112943868
0411254A216285,0,-2.0381270606117625,-0.11242340201816521
041127121B6781,0,-1.564771130679226,0.027696310840069283
0411274A216285,2,1.3513837553481838,-0.16978583382530418
04112E121B6781,0,-2.0381270606117625,-0.11242340201816521
0411314A216285,6,-0.17755959279178188,-2.381087286733966
041136121B6781,1,-1.0978824505596882,0.8129053219526414
041147121B6781,1,-0.35752927461875217,1.2067488192102525
0411494A216285,0,-0.9034629413732647,1.4312648318874424
04114A4A216285,0,-0.9034629413732647,1.4312648318874424
041152121B6781,0,-0.14912863323409525,1.0363286509123473
041153121B6781,4,0.43384526221687364,0.6630459691376407
041154121B6781,0,-0.3785878570781692,-0.6240344382459769
041157121B6781,0,-1.0660968916696263,0.2657015272431859
04115D121B6781,0,-1.5723111935684841,0.21333099696634197
04115F121B6781,1,-1.0574840157041085,0.539521453244978
041161121B6781,0,-0.8706045694069431,1.3435156493060518
041168121B6781,1,-1.0650240785933665,0.7251561393712507
04116A121B6781,0,-1.0585568287803682,0.0800668411169132
041175121B6781,4,0.45250604461311134,-1.4446238312726227
041180121B6780,1,-1.5636983176029664,0.4871509229681341
041186121B6781,0,-1.5319127587129044,-0.06005287174132128
04118B121B6781,5,0.40488180473160157,0.7060845076397971
04118F121B6780,2,0.21557241989641968,-1.6580014120637485
0411A4121B6780,0,-2.0381270606117625,-0.11242340201816521
0411B6121B6780,4,0.45250604461311134,-1.4446238312726227
0411B7121B6780,4,1.6426225439816815,-0.5036445321793199
0411B8121B6780,4,1.0959551832765184,-1.9660300828477055
0411B9121B6780,5,1.039310078752142,4.399454840977336
0411BA121B6780,5,3.44093564080501,0.027136940659205494
0411BB121B6781,1,0.23942575303045033,0.04468645920283951
0411BC121B6780,0,-1.5243726958236463,-0.245687557867594
0411BE121B6781,2,3.9717116344483485,-1.8901283588054156
0411C14A216281,0,-1.5243726958236463,-0.245687557867594
0411D2121B6781,2,-0.24738303445560456,-0.8505003749969712
0411DD121B6780,1,1.485282538090262,3.2774767133491367
0411DD121B6781,4,0.919394724732649,-0.6594148201600506
0411E0121B6781,4,1.7134429554514388,1.4168970506211285
041217121B6781,4,-0.23500298997834557,-0.5548878657834596
041219121B6781,0,-0.23381295742436184,-1.3834459062241764
04121A4A216285,4,1.7959099243618748,-1.298802716882431
04121E4A216285,4,-0.010449409738913033,-0.6371227942058456
0412214A216285,2,4.4731718830121965,-0.003940438555786533
0412224A216285,4,0.022408962227408683,-0.7248719767872362
0412234A216285,5,0.3468954005560438,3.5465927888857887
0412274A216285,2,1.3513837553481838,-0.16978583382530418
041229121B6781,0,-2.0381270606117625,-0.11242340201816521
0412314A216285,6,-0.17755959279178188,-2.381087286733966
041244121B6781,2,1.0187135932260196,-0.6482436049282929
04124A121B6781,1,-1.0574840157041085,0.539521453244978
04124A4A216285,0,-2.0381270606117625,-0.11242340201816521
04124B4A216285,1,0.7392900245940338,-0.5458663648347605
04124E121B6781,1,-1.5712383804922243,0.6727856090944068
041252121B6781,0,-0.3661421505842699,0.9329288932084604
041261121B6781,0,-0.8706045694069431,1.3435156493060518
041263121B6781,1,0.3656985446302804,1.3625191071909832
041271121B6781,0,-1.5243726958236463,-0.245687557867594
041287121B6780,0,-0.3785878570781692,-0.6240344382459769
04128B121B6781,6,0.05179723878812953,1.2231166330552408
041290121B6780,2,1.5260007082011373,-0.13641846252338463
0412B6121B6780,6,1.4868852543464524,-1.1501003053810674
0412B6121B6781,6,0.37866539576130404,0.15680044670695592
0412B8121B6781,4,1.1881795703560432,0.26810978816254555
0412B9121B6780,5,0.9074892695087149,2.5367997722222633
0412BA121B6780,2,0.6373283910116482,-0.9639172991651608
0412BC121B6780,0,-1.5243726958236463,-0.245687557867594
0412BD121B6780,5,1.2359757064228816,-0.11450488538684848
0412BE121B6781,0,-0.7412172918772035,-0.6072583960603035
0412BF121B6781,5,4.135984738285725,-1.04823371095623
0412C04A216281,1,-0.8837293459007675,-0.21695035639475618
0412C1121B6781,1,1.196792446321561,0.5419297141643374
0412C24A216281,5,-0.7813014688694554,1.3578152567258435
0412C4121B6780,0,-1.0660968916696263,0.2657015272431859
0412C7121B6781,2,1.5482009732885538,-1.1073301526359929
0412C94A216281,4,0.8417388060622928,0.24804712647867375
0412D5121B6780,0,-0.4393602708079736,0.568291139153502
0412D8121B6781,4,1.5742167568136962,-0.08331235240876068
0412DB121B6780,1,-0.35752927461875217,1.2067488192102525
0412DD121B6781,1,0.08830082304136871,0.16117457286659492
0412DD4A216281,2,0.001419315237499001,-0.628145733716351
0412E0121B6781,1,0.8315144116735586,1.6882735061754903
0412E4121B6780,0,-1.3073591784734717,-0.14228780016370723
0412E4121B6781,2,1.9918165752444157,0.18933593646112257
041303121B6785,5,1.6638145947043754,0.9183731051089665
041319121B6781,0,-0.23381295742436184,-1.3834459062241764
04131A4A216285,4,-0.6932787941323659,-1.06627695089424
0413224A216285,2,1.5200222515202362,-2.338471092232159
0413234A216285,5,0.9074892695087149,2.5367997722222633
04132D4A216285,0,-1.5319127587129044,-0.06005287174132128
0413314A216285,4,-0.48380533967144923,-0.7772425070640802
0413334A216285,0,-1.5243726958236463,-0.245687557867594
04133C4A216285,4,0.45357885768937106,-0.9851692191445579
041344121B6781,6,-1.1974882900649195,-0.43275671181504055
0413454A216285,0,0.3259791797746258,1.6394056501450167
04134B4A216285,1,0.7392900245940338,-0.5458663648347605
04134E121B6781,1,-1.5712383804922243,0.6727856090944068
041355121B6781,6,-0.0009045408833507313,-0.13686671097607525
041356121B6781,1,-1.0650240785933665,0.7251561393712507
041359121B6781,0,-1.5723111935684841,0.21333099696634197
04135C121B6781,5,4.322185114582965,-0.24774218914152682
04135D121B6781,0,-1.5723111935684841,0.21333099696634197
04135E121B6781,4,1.149533018576648,1.0044509432446442
041363121B6781,1,1.196792446321561,0.5419297141643374
041367121B6781,4,-0.4762652767821912,-0.9628771931903529
04136F121B6781,0,-1.3148992413627296,0.043346885962565515
041371121B6781,0,-1.5243726958236463,-0.245687557867594
041387121B6780,0,-0.3785878570781692,-0.6240344382459769
04138A121B6781,1,2.7099536891284535,1.9198304936249115
0413B6121B6781,6,0.6182176139520367,0.8662848548557417
0413B8121B6781,0,-1.5723111935684841,0.21333099696634197
0413B9121B6780,5,0.9074892695087149,2.5367997722222633
0413BC121B6780,4,1.1439483049720816,-0.7416497485824365
0413BD121B6780,5,1.6074440105940713,3.204027138187538
0413BD121B6781,0,-1.5319127587129044,-0.06005287174132128
0413BF121B6780,1,-0.36506933750801007,1.392383505336525
0413BF121B6781,4,0.45357885768937106,-0.9851692191445579
0413C04A216281,0,-1.3506180260203053,-1.0021593675073281
0413C1121B6781,1,1.196792446321561,0.5419297141643374
0413C24A216281,5,-0.7813014688694554,1.3578152567258435
0413C4121B6780,0,-1.0660968916696263,0.2657015272431859
0413C7121B6781,2,1.555741036177812,-1.2929648387622659
0413C94A216281,4,0.46004610750236935,-1.6302585173988955
0413D8121B6781,4,1.7659506516850045,-0.8035689035937685
0413DB121B6780,4,2.303930733287643,0.899923988868053
0413DC121B6781,6,0.32865470910707606,-2.328716756457122
0413DD4A216281,1,0.2318856901411923,0.2303211453291123
0413DE121B6781,0,-0.8723564524831279,0.8805583629316165
0413E4121B6780,5,-0.2740143538943377,1.869640399130752
0413E4121B6781,2,1.9918165752444157,0.18933593646112257
041403121B6785,1,-0.23393017690208584,-0.09543325365539498
04141A121B6781,0,-0.8648163895938697,0.6949236768053438
0414224A216285,0,-1.5723111935684841,0.21333099696634197
0414294A216285,0,-1.5723111935684841,0.21333099696634197
0414314A216285,4,-0.48380533967144923,-0.7772425070640802
0414334A216285,0,-1.5723111935684841,0.21333099696634197
041438121B6781,0,-0.8772620960877692,-0.8620396546490936
0414394A216285,1,0.2791134951060478,2.557878817107018
041445121B6781,1,-1.0650240785933665,0.7251561393712507
0414474A216285,1,0.3581584817410224,1.5481537933172558
04144C121B6781,0,-1.1994930960312238,-1.1186474811710838
04144E121B6781,0,-1.564771130679226,0.027696310840069283
041451121B6781,1,-1.1054225134489462,0.998540008078914
041454121B6781,6,-0.5099792554734626,-1.3224926773042036
041455121B6781,6,-0.0009045408833507313,-0.13686671097607525
041456121B6781,1,-1.0650240785933665,0.7251561393712507
041457121B6781,4,0.006675946952990457,-0.39904958492896536
041458121B6781,0,0.32136688400718705,0.0431929277192975
04145C121B6781,0,-0.8086849394638718,0.09571741623940944
04145E121B6781,0,-0.9110030042625226,1.6168995180137151
041460121B6781,0,-0.8444037241214475,-0.9497888372304841
041467121B6781,0,-0.8415433114301936,0.1834665988208
041469121B6781,4,0.6508587795670482,0.7664457268415276
04146B121B6781,5,-0.7409030340138758,1.08443138801818
04146C121B6781,4,1.1768066769384034,-0.8293989311638271
04146F121B6781,0,-1.3148992413627296,0.043346885962565515
041477121B6780,1,2.558828759139372,2.0363186072886674
04147F121B6780,0,-1.5723111935684841,0.21333099696634197
04148A121B6781,0,-1.564771130679226,0.027696310840069283
041490121B6780,0,-1.5723111935684841,0.21333099696634197
041493121B6781,6,-0.17755959279178188,-2.381087286733966
0414AC121B6781,5,-0.7484430969031338,1.2700660741444527
0414BC121B6780,6,-0.03555051246466656,-0.7229183523179042
0414BC121B6781,5,1.959203525671914,0.04126540259388223
0414BD121B6780,0,-1.0585568287803682,0.0800668411169132
0414BD121B6781,0,-1.5319127587129044,-0.06005287174132128
0414BE121B6780,2,1.879044849197526,-0.5769024001122112
0414BF121B6780,1,-0.36506933750801007,1.392383505336525
0414BF121B6781,0,0.35708566866476266,1.088699181189191
0414C1121B6781,4,2.342577285067038,0.16358283378595456
0414C3121B6780,2,3.604513001160586,-0.11190491723878117
0414CA121B6781,2,2.838760711687838,-2.245088500992575
0414CE121B6781,0,-0.8848021589770272,-0.6764049685228208
0414D0121B6781,5,-0.08713490759717227,2.6736345951918263
0414D5121B6781,0,-1.0660968916696263,0.2657015272431859
0414D6121B6781,4,2.342577285067038,0.16358283378595456
0414DE121B6781,0,-0.8723564524831279,0.8805583629316165
0414E84A216281,2,0.5404520196888423,-2.5309613353672376
041505121B6785,0,-1.5319127587129044,-0.06005287174132128
0415054A216285,1,0.3581584817410224,1.5481537933172558
041516121B6781,0,-1.564771130679226,0.027696310840069283
041518121B6781,0,-1.5319127587129044,-0.06005287174132128
04151A121B6781,1,0.38697957754829565,1.5815191360996415
0415224A216285,1,-1.1054225134489462,0.998540008078914
0415264A216285,4,-0.5195241243290248,-1.8227487605339738
041528121B6781,4,-0.5119840614397668,-2.008383446660247
04152B4A216285,0,-0.9213219920158188,-0.49370994073501345
0415314A216285,0,-1.3506180260203053,-1.0021593675073281
041538121B6781,2,0.18271404793009796,-1.5702522294823578
0415394A216285,1,-1.0978824505596882,0.8129053219526414
04153F4A216285,4,0.4084461486850616,-1.0762941173585427
0415464A216285,6,-0.2647837429021032,0.6782066982820387
041549121B6781,1,0.1315596705882023,1.0210461402102158
04154C121B6781,0,-1.3306322566371478,0.3691692778208366
04154E121B6781,0,-1.564771130679226,0.027696310840069283
04154F121B6781,4,1.8110833606893137,-0.7124440053797838
041551121B6781,0,-1.3506180260203053,-1.0021593675073281
041554121B6781,4,1.1213542968083303,-0.22668999635152226
041558121B6781,0,0.32136688400718705,0.0431929277192975
041560121B6781,0,-2.0381270606117625,-0.11242340201816521
041569121B6781,4,0.6508587795670482,0.7664457268415276
04156B121B6781,0,-1.5243726958236463,-0.245687557867594
04156C121B6781,4,1.1768066769384034,-0.8293989311638271
04157F121B6780,0,-1.5723111935684841,0.21333099696634197
041588121B6780,0,-0.16157433972799465,-0.5206346805420903
041590121B6780,0,-0.8723564524831279,0.8805583629316165
041593121B6781,4,0.8742620157283398,-0.7505397183740351
0415A14A216281,1,-1.5712383804922243,0.6727856090944068
0415AC121B6781,5,-0.7484430969031338,1.2700660741444527
0415BB121B6780,4,0.45250604461311134,-1.4446238312726227
0415BC121B6781,5,1.959203525671914,0.04126540259388223
0415BD121B6780,0,-1.0585568287803682,0.0800668411169132
0415BD121B6781,5,1.1919158104948322,0.25382482852723165
0415BE121B6780,4,1.1034952461657763,-2.151664768973978
0415C0121B6780,4,-0.11363584198315682,-0.9796532353760261
0415C1121B6781,4,1.8756886049475001,-0.6216261773266175
0415C34A216281,1,-1.0650240785933665,0.7251561393712507
0415C64A216281,5,0.41840032430176055,2.7225024512222995
0415CD121B6780,0,-0.9213219920158188,-0.49370994073501345
0415CE121B6781,4,1.3694743030486423,-0.6739967076034614
0415D0121B6781,4,3.646261799960146,0.5862904911301802
0415D4121B6780,1,1.2408246762948876,0.8253942876196405
0415D6121B6780,4,0.45250604461311134,-1.4446238312726227
0415D6121B6781,4,2.342577285067038,0.16358283378595456
0415D7121B6781,5,4.065526240198174,3.5222078411551725
0415DD121B6780,0,-1.0585568287803682,0.0800668411169132
0415DD121B6781,5,3.4985140563032187,1.6752251703276273
0415E3121B6780,0,-1.3073591784734717,-0.14228780016370723
0415E3121B6781,6,1.3790191719042044,-0.17374062437369098
0415E64A216281,4,1.1535335987747273,-0.3179418531792835
0415E74A216281,1,-1.0650240785933665,0.7251561393712507
0415E84A216281,2,0.5404520196888423,-2.5309613353672376
0415E94A216281,0,-1.3306322566371478,0.3691692778208366
041605121B6785,4,-0.22746292708908755,-0.7405225519097324
0416054A216285,1,-0.36506933750801007,1.392383505336525
0416074A216285,0,-1.0660968916696263,0.2657015272431859
041618121B6781,0,-1.5319127587129044,-0.06005287174132128
04161F4A216285,1,0.9318404312265485,0.8975485112943868
0416224A216285,4,0.6695195619632859,-1.341224073568736
0416244A216285,0,-1.564771130679226,0.027696310840069283
0416264A216285,4,-0.5195241243290248,-1.8227487605339738
0416294A216285,0,-1.5319127587129044,-0.06005287174132128
04162B4A216285,0,-0.8415433114301936,0.1834665988208
0416314A216285,4,-0.013309822430166925,-1.77037823025713
04163F4A216285,4,0.4084461486850616,-1.0762941173585427
0416464A216285,4,-0.5070784178351255,-0.2657854290795365
0416484A216285,1,0.08830082304136871,0.16117457286659492
041649121B6781,2,3.3838926466886674,1.5630400593629534
04164C121B6781,2,1.160722673553135,1.0099253294877681
041652121B6781,0,-0.6198501438820148,-1.0320237656528701
041655121B6781,0,-2.0381270606117625,-0.11242340201816521
041665121B6781,5,3.0148107892901965,2.880733577865066
041666121B6781,2,0.9463403020347102,-1.6878658102092905
041673121B6780,0,-1.3148992413627296,0.043346885962565515
041677121B6780,1,2.558828759139372,2.0363186072886674
041678121B6780,1,0.06964004064513113,2.2688443732768584
041688121B6780,0,-2.0381270606117625,-0.11242340201816521
0416A14A216281,0,-0.9288620549050768,-0.30807525460874063
0416B9121B6781,0,-1.0585568287803682,0.0800668411169132
0416BA121B6781,2,3.819403756595492,-1.5931436457294326
0416BB121B6780,4,3.4256414454882274,2.261235467731915
0416BD121B6781,4,1.5617710503197966,-1.6402756838631982
0416BE121B6780,4,2.342577285067038,0.16358283378595456
0416BF121B6781,4,1.1524607856984677,-0.7773964653073481
0416BF4A216281,0,-1.338172319526406,0.5548039639471093
0416C0121B6780,4,-0.11363584198315682,-0.9796532353760261
0416C1121B6781,2,1.1106843209441843,-0.8237975863069263
0416C2121B6780,2,3.788590615542558,-0.8960518816186157
0416C3121B6780,0,-0.3428690724205936,0.4214718152239167
0416C34A216281,1,-1.0650240785933665,0.7251561393712507
0416C4121B6781,4,2.2317665187282825,-0.4778145046092611
0416C64A216281,5,0.41840032430176055,2.7225024512222995
0416D6121B6780,2,0.9155271609817759,-0.9907740460984739
0416D9121B6780,4,2.2617257914051527,-0.9730483178979236
0416DD121B6780,0,-1.0585568287803682,0.0800668411169132
0416DE121B6780,5,0.4492134653546948,2.025410687111483
0416E3121B6780,0,-1.3073591784734717,-0.14228780016370723
0416E3121B6781,6,2.4882841776108897,-0.36939247696426647
0416E4121B6780,4,3.4256414454882274,2.261235467731915
0416E4121B6781,1,0.12401960769894432,1.2066808263364883
0416E6121B6781,2,2.7843811446340254,-1.1829249540522058
0416E64A216281,4,-0.7008188570216239,-0.880642264767967
0416E74A216281,1,-1.0650240785933665,0.7251561393712507
0416E94A216281,0,-1.3306322566371478,0.3691692778208366
0417014A216285,1,0.49683770523620463,-0.12529765180093708
0417074A216285,0,-1.5319127587129044,-0.06005287174132128
0417184A216285,4,-0.6932787941323659,-1.06627695089424
0417194A216285,0,-0.4047887023636646,1.669270048290559
04171B4A216285,4,1.092348346154774,-0.18768534854208363
04171E4A216285,5,4.147376539115281,1.521830359920563
041722121B6781,0,-0.9110030042625226,1.6168995180137151
0417224A216285,5,3.088454300761757,1.2169421953314714
041724121B6781,0,-2.0381270606117625,-0.11242340201816521
0417254A216285,6,0.15818992672183183,-0.10806151662947375
04172B4A216285,6,0.35683343087539365,-1.0975758168609555
0417394A216285,4,0.4882248292706869,-0.39911757780272894
04173A4A216285,0,-0.3972486394744067,1.4836353621642862
04173D121B6781,4,2.497671172474141,1.5147808245564836
041746121B6781,0,-0.3785878570781692,-0.6240344382459769
041748121B6781,0,-2.0381270606117625,-0.11242340201816521
0417484A216285,2,1.1482769670592357,-0.5470380019666692
04174B121B6781,1,-0.4365742612537268,2.2164738430000144
04174C121B6781,2,1.160722673553135,1.0099253294877681
04174F121B6781,2,0.4093128590829181,-1.0431445763753178
041753121B6781,0,-1.0660968916696263,0.2657015272431859
041755121B6781,4,1.8989616831111764,-1.1330832553111614
041756121B6781,2,0.18271404793009796,-1.5702522294823578
041759121B6781,4,-0.5119840614397668,-2.008383446660247
04175A121B6781,0,-1.5723111935684841,0.21333099696634197
041762121B6781,0,-0.10119013548925734,0.5773100960784112
041764121B6781,6,1.145953110938386,-0.05575897922639351
041765121B6781,2,0.17517398504083995,-1.384617543356085
041766121B6781,2,1.7774342037259905,-2.5084552032359357
041770121B6781,0,-2.0381270606117625,-0.11242340201816521
041778121B6780,2,2.37294484464456,-2.5708428999770825
041792121B6780,4,0.45250604461311134,-1.4446238312726227
0417B14A216281,2,-0.005047934575499287,0.016943564537986483
0417B5121B6780,5,4.216651170187257,3.405719727491417
0417B9121B6781,0,-1.0585568287803682,0.0800668411169132
0417BA121B6780,4,0.7306771486285162,-0.8196862908365524
0417BA121B6781,2,3.811863693706234,-1.4075089596031598
0417BB121B6780,0,-1.5723111935684841,0.21333099696634197
0417BE121B6780,1,1.655068250475581,1.0533187992751174
0417BF121B6781,4,1.1524607856984677,-0.7773964653073481
0417BF4A216281,0,-1.338172319526406,0.5548039639471093
0417C2121B6780,1,-1.0650240785933665,0.7251561393712507
0417C4121B6781,4,2.2317665187282825,-0.4778145046092611
0417C5121B6781,1,1.655068250475581,1.0533187992751174
0417DE121B6780,5,0.4492134653546948,2.025410687111483
0417DF121B6781,6,0.2807162113622382,-1.8696982016231858
0417E1121B6781,4,1.8843014809130179,-0.34780625132482546
0417E3121B6781,1,-0.36506933750801007,1.392383505336525
0417E4121B6780,2,2.715044394493448,0.3451062244418533
0417E4121B6781,1,0.12401960769894432,1.2066808263364883
0417E6121B6781,2,2.4012717252981917,-2.6133502220328917
0417F04A216281,0,0.3027061016109496,2.150862728129561
0418194A216285,0,-2.0381270606117625,-0.11242340201816521
04181D4A216285,1,0.7350232132861784,1.8350928301050757
04181E4A216285,5,4.147376539115281,1.521830359920563
0418244A216285,2,0.4450316437404937,0.0023616770945758887
0418254A216285,1,1.1563940114659812,0.8153135828720008
04182B4A216285,6,-0.47426047081588685,-0.2769864238343098
04182C4A216285,1,-1.0650240785933665,0.7251561393712507
04182E121B6781,0,-1.3506180260203053,-1.0021593675073281
04183D121B6781,0,-1.5319127587129044,-0.06005287174132128
041847121B6781,2,0.7024468693991149,0.4985362443769883
041848121B6781,0,-2.0381270606117625,-0.11242340201816521
0418494A216285,4,0.029949025116666698,-0.910506662913509
04184B121B6781,1,-1.5712383804922243,0.6727856090944068
04184D121B6781,0,-2.0381270606117625,-0.11242340201816521
04184F121B6781,2,0.4093128590829181,-1.0431445763753178
041852121B6781,4,0.21614940141390707,-0.11001514109880575
041854121B6781,0,-0.3785878570781692,-0.6240344382459769
041855121B6781,4,1.8989616831111764,-1.1330832553111614
041856121B6781,0,-0.3785878570781692,-0.6240344382459769
041857121B6781,0,-1.0660968916696263,0.2657015272431859
041858121B6781,2,1.0062678867321202,-2.2052069363827305
041859121B6781,0,-1.338172319526406,0.5548039639471093
04185A121B6781,0,-2.0381270606117625,-0.11242340201816521
04185F121B6781,1,-1.0574840157041085,0.539521453244978
041862121B6781,5,1.477654643354218,0.04133339546764603
041864121B6781,6,1.145953110938386,-0.05575897922639351
041868121B6781,1,-1.0650240785933665,0.7251561393712507
04186A121B6781,6,0.6182176139520367,0.8662848548557417
041870121B6780,0,-1.5319127587129044,-0.06005287174132128
041870121B6781,2,0.6938339934335972,0.22471631837519623
041874121B6780,6,-1.1974882900649195,-0.43275671181504055
041880121B6780,0,-1.5723111935684841,0.21333099696634197
041886121B6781,0,-2.0381270606117625,-0.11242340201816521
04188F121B6780,4,0.45357885768937106,-0.9851692191445579
041892121B6780,6,-0.5099792554734626,-1.3224926773042036
0418B5121B6780,5,4.904160204778713,2.5159837620022536
0418B7121B6780,4,1.6426225439816815,-0.5036445321793199
0418B8121B6780,4,1.0959551832765184,-1.9660300828477055
0418B9121B6780,4,1.3694743030486423,-0.6739967076034614
0418BA121B6780,0,-1.0660968916696263,0.2657015272431859
0418BB121B6780,0,-1.5723111935684841,0.21333099696634197
0418BB121B6781,0,-1.5723111935684841,0.21333099696634197
0418C1121B6781,0,-1.564771130679226,0.027696310840069283
0418C5121B6781,0,-0.8444037241214475,-0.9497888372304841
0418CB4A216281,4,-0.5119840614397668,-2.008383446660247
0418D2121B6781,0,-0.8490833743194516,0.3691012849470728
0418DF121B6781,0,-1.3430779631310472,-1.187794053633601
0418E1121B6781,1,1.3942053672240038,0.9878641866717219
0418E3121B6781,5,-0.32195285163917536,2.3286589539646885
0419034A216285,0,-1.0585568287803682,0.0800668411169132
04191D4A216285,0,-0.6273902067712729,-0.8463890795265973
04191E4A216285,0,0.29516603872169167,2.3364974142558337
0419214A216285,0,-2.0381270606117625,-0.11242340201816521
0419244A216285,1,2.3163764397815423,2.456887320322491
0419274A216285,2,1.2919790536367832,-1.7659040820729333
04192C4A216285,0,0.4943205054293121,0.5149223993372646
04192E121B6781,0,-1.3506180260203053,-1.0021593675073281
0419334A216285,0,-0.3428690724205936,0.4214718152239167
041936121B6781,1,-1.5636983176029664,0.4871509229681341
0419494A216285,2,2.1559313272943856,-2.6742426576809692
04194A121B6781,2,-0.9706108537046371,-1.006270662977702
04194D121B6781,1,-0.3775150440019095,-0.16457982611791225
041952121B6781,4,0.22368946430316508,-0.2956498272250785
041954121B6781,2,0.46076793246777886,0.34269796352249365
041958121B6781,2,1.0062678867321202,-2.2052069363827305
041961121B6781,0,-0.8706045694069431,1.3435156493060518
041968121B6781,0,-0.4226477530062188,-0.2557047243318967
04196A121B6781,4,1.5693111132090545,-1.825910369989471
04196F121B6780,0,-0.3428690724205936,0.4214718152239167
041970121B6780,0,-1.5319127587129044,-0.06005287174132128
041980121B6780,0,-2.0381270606117625,-0.11242340201816521
041988121B6781,5,-0.5238895166637011,1.1878311457220667
04198B121B6781,4,-0.052635444209486876,-1.0375397494214018
04198F121B6780,4,-0.04616819439648859,-1.6826290476757393
041990121B6780,0,-1.376818871305801,1.291145119029208
041996121B6781,0,-0.8319580176275481,0.6071744942239532
0419B6121B6780,6,1.4868852543464524,-1.1501003053810674
0419B7121B6780,5,0.4416734024654368,2.2110453732377557
0419B8121B6780,4,0.6866449186551893,-1.1031508642918555
0419B9121B6780,0,-1.0660968916696263,0.2657015272431859
0419BB121B6781,0,-1.5723111935684841,0.21333099696634197
0419BC121B6780,2,0.7257199475627911,-0.01292083360755551
0419BE121B6781,0,-0.7412172918772035,-0.6072583960603035
0419C1121B6781,5,1.7612128471355457,1.909495518779855
0419C14A216281,0,-1.5243726958236463,-0.245687557867594
0419D2121B6781,2,4.044929754672053,-1.5254906047504568
0419D5121B6780,4,2.041105436933234,0.7018966587038113
0419DD121B6780,1,1.485282538090262,3.2774767133491367
0419E0121B6781,1,0.8315144116735586,1.6882735061754903
0419E1121B6780,0,-1.5723111935684841,0.21333099696634197
0419F4121B6780,0,-0.3428690724205936,0.4214718152239167
041A034A216285,0,-2.0381270606117625,-0.11242340201816521
041A1A4A216285,4,1.1084008897704178,-0.4090667513932681
041A1E4A216285,1,-0.23393017690208584,-0.09543325365539498
041A214A216285,1,-0.3775150440019095,-0.16457982611791225
041A224A216285,4,0.022408962227408683,-0.7248719767872362
041A234A216285,1,0.7620547188412294,3.121706425368406
041A274A216285,2,1.798193355535641,-1.7135335517960895
041A314A216285,2,2.963711725874907,-2.9068267848964537
041A324A216285,0,-0.8444037241214475,-0.9497888372304841
041A334A216285,0,-1.3506180260203053,-1.0021593675073281
041A36121B6781,1,0.7037972333430955,1.470115521453613
041A454A216285,0,0.3184391168853679,1.8250403362712895
041A4A121B6781,2,-0.9706108537046371,-1.006270662977702
041A4E121B6781,5,2.94226140179541,-0.21086827574391104
041A52121B6781,4,0.46495175110701076,0.11233950018181481
041A53121B6781,4,2.2860716826450886,-1.0250507837544027
041A61121B6781,1,-1.5712383804922243,0.6727856090944068
041A63121B6781,0,-1.5319127587129044,-0.06005287174132128
041A68121B6780,6,0.655791352655172,-0.32951091235442176
041A6F121B6780,0,-1.5243726958236463,-0.245687557867594
041A87121B6780,0,-0.8444037241214475,-0.9497888372304841
041A8B121B6781,4,-0.052635444209486876,-1.0375397494214018
041A90121B6780,0,-1.376818871305801,1.291145119029208
041A96121B6781,4,-0.7008188570216239,-0.880642264767967
041AB6121B6780,6,1.145953110938386,-0.05575897922639351
041AB8121B6781,1,0.0958408859306267,-0.02446011325967774
041AB9121B6780,0,-1.0585568287803682,0.0800668411169132
041ABA121B6780,2,3.291668259609143,-0.6710998116472972
041ABC121B6780,2,0.7257199475627911,-0.01292083360755551
041ABD121B6780,5,1.6074440105940713,3.204027138187538
041ABE121B6781,4,-0.07408223615997125,-0.5780526528576508
041ABF121B6781,1,0.3224396970834468,0.5026475398473622
041AC04A216281,0,-0.12585555507041898,0.5248715729278035
041AC1121B6781,4,-0.22746292708908755,-0.7405225519097324
041AC14A216281,1,-0.871283639406868,1.3400129750596812
041AC24A216281,5,-0.7813014688694554,1.3578152567258435
041AC4121B6780,2,2.9807697920149536,-0.586919566576514
041AD3121B6780,1,-0.3699749811126515,-0.350214512244185
041AD8121B6781,4,0.2712113119205123,-0.5025173355066157
041ADB121B6780,4,1.797716431388785,0.8475534585912091
041ADC121B6781,6,0.24419637832344657,-1.6870031738353783
041ADD121B6781,4,0.4882248292706869,-0.39911757780272894
041AE0121B6781,5,3.7684232724639557,0.5128409159685812
041AE3121B6780,5,2.7263206975214955,0.1451865786802667
041AE4121B6780,5,0.4134946806971192,0.9799044336415892
041AE4121B6781,0,0.22446284672965836,-0.8720568211133963
041AF4121B6780,0,-0.3428690724205936,0.4214718152239167
041B03121B6785,4,0.45357885768937106,-0.9851692191445579
041B234A216285,5,-0.11999327956349418,2.7613837777732164
041B2D4A216285,6,-0.7316724230216414,-0.10700231283053326
041B324A216285,0,-0.8444037241214475,-0.9497888372304841
041B334A216285,0,-1.5723111935684841,0.21333099696634197
041B3C4A216285,1,-0.3775150440019095,-0.16457982611791225
041B44121B6781,0,-2.0381270606117625,-0.11242340201816521
041B454A216285,0,-2.0381270606117625,-0.11242340201816521
041B474A216285,6,-0.2647837429021032,0.6782066982820387
041B4B4A216285,0,-0.18777518501349003,1.7726698059944457
041B4E121B6781,2,1.049526734278954,-1.3453353690391097
041B52121B6781,2,1.9918165752444157,0.18933593646112257
041B53121B6781,4,0.919394724732649,-0.6594148201600506
041B55121B6781,0,-2.0381270606117625,-0.11242340201816521
041B59121B6781,0,-1.3073591784734717,-0.14228780016370723
041B5D121B6781,6,-1.2378867249204992,-0.15937284310737718
041B5E121B6781,0,-1.5723111935684841,0.21333099696634197
041B63121B6781,0,-1.5319127587129044,-0.06005287174132128
041B67121B6781,0,-0.8415433114301936,0.1834665988208
041B68121B6780,4,0.4957648921599449,-0.5847522639290017
041B69121B6780,0,-1.5243726958236463,-0.245687557867594
041B6F121B6781,0,-1.3148992413627296,0.043346885962565515
041B87121B6780,0,-1.0660968916696263,0.2657015272431859
041B8A121B6781,0,-0.9034629413732647,1.4312648318874424
041BB6121B6781,6,0.6182176139520367,0.8662848548557417
041BB8121B6781,1,1.1563940114659812,0.8153135828720008
041BB9121B6780,0,-1.0585568287803682,0.0800668411169132
041BBC121B6780,0,-0.8086849394638718,0.09571741623940944
041BBD121B6780,2,1.9417782226354647,-1.644386979333572
041BBD121B6781,0,-1.5319127587129044,-0.06005287174132128
041BBF121B6781,0,-0.16157433972799465,-0.5206346805420903
041BC04A216281,0,-0.8490833743194516,0.3691012849470728
041BC1121B6781,5,3.0191796696897812,-0.6669471722393818
041BC24A216281,5,1.1059093588932174,1.8327664857331363
041BC34A216281,0,-1.5319127587129044,-0.06005287174132128
041BC4121B6780,2,2.9807697920149536,-0.586919566576514
041BC7121B6781,0,-0.8444037241214475,-0.9497888372304841
041BC94A216281,4,-0.22746292708908755,-0.7405225519097324
041BCA121B6781,5,-1.2471173359127337,1.0320608577413362
041BCF121B6780,5,4.602873418405264,-0.26302469984365817
041BD8121B6781,2,1.737035768870411,-2.2350713345282722
041BDB121B6780,4,2.303930733287643,0.899923988868053
041BDD121B6781,4,0.45250604461311134,-1.4446238312726227
041BDD4A216281,1,-1.0574840157041085,0.539521453244978
041BDE121B6781,4,1.0744886121397523,0.6917831706104784
041BE0121B6781,2,0.6813882869396978,-1.3322470130792412
041BE4121B6780,2,0.7171070715972734,-0.28674075960934753
041BE4121B6781,4,0.36804771382948204,-0.802910248650879
041C03121B6785,5,5.269087251315866,2.8831418387844256
041C224A216285,1,-1.1054225134489462,0.998540008078914
041C2D4A216285,0,-1.5319127587129044,-0.06005287174132128
041C314A216285,0,-0.3428690724205936,0.4214718152239167
041C38121B6781,1,0.08830082304136871,0.16117457286659492
041C394A216285,1,-0.23393017690208584,-0.09543325365539498
041C474A216285,0,-0.3785878570781692,-0.6240344382459769
041C4C121B6781,0,-1.3306322566371478,0.3691692778208366
041C4E121B6781,1,-1.0978824505596882,0.8129053219526414
041C54121B6781,0,-1.5243726958236463,-0.245687557867594
041C55121B6781,0,-0.3710477941889112,-0.8096691243722497
041C56121B6781,1,-1.0650240785933665,0.7251561393712507
041C57121B6781,4,0.006675946952990457,-0.39904958492896536
041C58121B6781,1,0.8115286422904011,0.31694486084732565
041C59121B6781,0,-1.5723111935684841,0.21333099696634197
041C5C121B6781,0,-0.8086849394638718,0.09571741623940944
041C5D121B6781,1,-1.0650240785933665,0.7251561393712507
041C5E121B6781,1,0.4892976423469466,0.06033703432533575
041C60121B6781,0,-1.3506180260203053,-1.0021593675073281
041C67121B6781,0,-0.8415433114301936,0.1834665988208
041C69121B6780,1,-0.5992082115500883,1.0509105383557578
041C69121B6781,4,0.6508587795670482,0.7664457268415276
041C6A121B6780,0,-0.3586020876950118,0.7472942070821877
041C6B121B6781,6,-0.4544170631107284,1.170746102778397
041C6C121B6781,5,1.879424845086289,-0.6359111369619311
041C6F121B6781,0,-1.3148992413627296,0.043346885962565515
041C7F121B6780,1,-0.22639011401282783,-0.2810679397816678
041C86121B6781,4,0.4611189205786291,-1.1708039052708308
041C91121B6780,6,-0.5099792554734626,-1.3224926773042036
041C93121B6781,4,-0.00576975954090891,-1.9560129163834028
041CAC121B6781,0,-1.3073591784734717,-0.14228780016370723
041CB6121B6781,4,1.195719633245301,0.08247510203627278
041CBC121B6780,4,1.1757338638621437,-1.2888535432918922
041CBC121B6781,0,-1.5319127587129044,-0.06005287174132128
041CBD121B6780,0,-1.0585568287803682,0.0800668411169132
041CBD121B6781,0,-2.0381270606117625,-0.11242340201816521
041CBE121B6780,4,1.6268895287072633,-0.17782214032104893
041CBF121B6781,5,0.44814065227843514,1.5659560749834178
041CC1121B6781,2,1.4046161061887303,-1.1764767250985106
041CC34A216281,0,-0.8444037241214475,-0.9497888372304841
041CC4121B6781,5,2.7911364718063285,-0.09438016208015568
041CC94A216281,0,-1.5319127587129044,-0.06005287174132128
041CCA121B6781,5,-1.2471173359127337,1.0320608577413362
041CCE121B6781,2,2.618418177794423,-2.982362102247489
041CCF121B6780,5,4.602873418405264,-0.26302469984365817
041CD5121B6781,2,3.932386012669029,-1.1572898779696872
041CD7121B6781,4,0.20370369492000764,-1.6669784725532433
041CDD4A216281,1,-1.0574840157041085,0.539521453244978
041CDE121B6781,4,1.0744886121397523,0.6917831706104784
041CE0121B6781,2,4.0524698175613105,-1.7111252908767298
041CE84A216281,2,0.5404520196888423,-2.5309613353672376
041CF3121B6780,2,1.741941412475052,-0.49247331694756225
041D05121B6785,4,-0.22746292708908755,-0.7405225519097324
041D16121B6781,4,-0.0008641159362675583,-0.2134148988026926
041D18121B6781,1,1.4549777809538083,-0.20446139072775707
041D1A121B6781,2,1.4469557215661626,0.8733065612663774
041D1F4A216285,1,0.9318404312265485,0.8975485112943868
041D224A216285,1,-1.1054225134489462,0.998540008078914
041D264A216285,1,-1.0650240785933665,0.7251561393712507
041D294A216285,0,-1.3506180260203053,-1.0021593675073281
041D2A121B6781,0,-1.5723111935684841,0.21333099696634197
041D314A216285,0,-0.3428690724205936,0.4214718152239167
041D38121B6781,1,0.08830082304136871,0.16117457286659492
041D394A216285,1,-0.23393017690208584,-0.09543325365539498
041D3F4A216285,0,-1.0660968916696263,0.2657015272431859
041D45121B6781,5,1.293526455966368,2.1853776316509568
041D464A216285,6,1.213735016388382,0.9329549925523772
041D4E121B6781,1,-1.0978824505596882,0.8129053219526414
041D51121B6781,0,-0.6273902067712729,-0.8463890795265973
041D54121B6781,0,-1.5243726958236463,-0.245687557867594
041D57121B6781,4,0.006675946952990457,-0.39904958492896536
041D58121B6781,1,0.8115286422904011,0.31694486084732565
041D5C121B6781,0,-0.8490833743194516,0.3691012849470728
041D60121B6781,0,-1.3506180260203053,-1.0021593675073281
041D69121B6781,0,-0.8319580176275481,0.6071744942239532
041D6A121B6780,0,-1.5243726958236463,-0.245687557867594
041D6B121B6781,5,-1.2471173359127337,1.0320608577413362
041D6C121B6781,5,1.879424845086289,-0.6359111369619311
041D77121B6780,0,-1.5243726958236463,-0.245687557867594
041D7F121B6780,0,-0.8490833743194516,0.3691012849470728
041D82121B6781,0,-0.9110030042625226,1.6168995180137151
041D88121B6780,4,-0.013309822430166925,-1.77037823025713
041D8A121B6781,1,2.7099536891284535,1.9198304936249115
041D93121B6781,4,0.46004610750236935,-1.6302585173988955
041DA14A216281,0,-1.564771130679226,0.027696310840069283
041DAC121B6781,0,-1.3073591784734717,-0.14228780016370723
041DAC4A216281,0,-1.0660968916696263,0.2657015272431859
041DBC121B6781,2,3.344975013586696,-2.192717970715731
041DBD121B6780,4,2.94630705887479,-0.08093687483509428
041DBD121B6781,4,1.5617710503197966,-1.6402756838631982
041DBE121B6780,0,-1.5723111935684841,0.21333099696634197
041DBF121B6781,4,1.1757338638621437,-1.2888535432918922
041DC0121B6780,0,-0.3428690724205936,0.4214718152239167
041DC1121B6781,4,2.547530268858739,0.4238826201670664
041DC4121B6781,5,2.7911364718063285,-0.09438016208015568
041DC64A216281,1,-0.35752927461875217,1.2067488192102525
041DCD121B6780,1,1.933239354490986,1.6782563397111874
041DCE121B6781,4,1.3694743030486423,-0.6739967076034614
041DD4121B6780,1,0.1315596705882023,1.0210461402102158
041DD5121B6781,2,2.2124369297163344,-1.4856090401406123
041DD6121B6780,4,2.2230792396257577,-0.236707162815825
041DD6121B6781,2,-0.006120747651759013,-0.44251104759007825
041DDB121B6780,2,2.380484907533818,-2.756477586103355
041DE0121B6780,4,1.8767614180237597,-0.1621715651985527
041DE3121B6780,4,0.3521800250601213,-0.6538988363915189
041DE3121B6781,6,2.4882841776108897,-0.36939247696426647
041DE64A216281,0,-1.5723111935684841,0.21333099696634197
041DE74A216281,1,0.08830082304136871,0.16117457286659492
041DE84A216281,0,-1.3306322566371478,0.3691692778208366
041DF3121B6780,4,0.6819652684571852,0.2157392578857016
041E05121B6785,4,-0.23500298997834557,-0.5548878657834596
041E16121B6781,4,-0.0008641159362675583,-0.2134148988026926
041E18121B6781,1,1.4549777809538083,-0.20446139072775707
041E1B4A216285,1,0.10074652953526808,1.7181379043210323
041E1F4A216285,1,0.9318404312265485,0.8975485112943868
041E224A216285,4,-0.017989472628171046,-0.45148810807957285
041E244A216285,1,0.7674687463623514,0.685274574761406
041E264A216285,4,-0.5195241243290248,-1.8227487605339738
041E28121B6781,0,-0.3586020876950118,0.7472942070821877
041E294A216285,0,-1.5723111935684841,0.21333099696634197
041E2B4A216285,4,1.0630968113101966,-1.8782809002663148
041E314A216285,4,-0.5195241243290248,-1.8227487605339738
041E464A216285,6,0.10696154155889734,-1.113226391983452
041E484A216285,1,0.26338047983162954,2.883701208965289
041E49121B6781,1,-0.5916681486608303,0.8652758522294853
041E4C121B6781,6,0.32111464621781804,-2.143082070330849
041E50121B6781,1,-1.0978824505596882,0.8129053219526414
041E52121B6781,0,-1.564771130679226,0.027696310840069283
041E53121B6781,0,-1.5723111935684841,0.21333099696634197
041E55121B6781,0,-1.5319127587129044,-0.06005287174132128
041E66121B6781,0,-1.0660968916696263,0.2657015272431859
041E82121B6781,1,-0.3417962593443339,0.8809264273519815
041E88121B6780,0,-0.16157433972799465,-0.5206346805420903
041EB9121B6781,0,-1.0585568287803682,0.0800668411169132
041EBA121B6781,2,0.35915728699624333,-1.588854839601231
041EBB121B6780,4,-0.23500298997834557,-0.5548878657834596
041EBD121B6781,5,3.0191796696897812,-0.6669471722393818
041EBE121B6780,2,2.0076668099965578,-1.42449910796593
041EBF4A216281,4,1.4098727379042217,-0.9473805763111248
041EC0121B6780,0,-0.3428690724205936,0.4214718152239167
041EC1121B6781,4,2.2806576551239663,1.4113810668525968
041EC2121B6780,1,-1.0650240785933665,0.7251561393712507
041EC4121B6781,0,-0.8772620960877692,-0.8620396546490936
041ECD121B6780,0,-0.9213219920158188,-0.49370994073501345
041ED0121B6781,2,4.511818434791591,-0.7402815936378851
041ED4121B6780,1,0.1315596705882023,1.0210461402102158
041ED6121B6780,4,2.2230792396257577,-0.236707162815825
041ED9121B6780,5,1.5216868733275448,0.3247979689229488
041EDD121B6780,4,1.8756886049475001,-0.6216261773266175
041EDD121B6781,0,-1.338172319526406,0.5548039639471093
041EDE121B6780,4,2.342577285067038,0.16358283378595456
041EE3121B6781,6,2.4882841776108897,-0.36939247696426647
041EE4121B6780,2,2.715044394493448,0.3451062244418533
041EE4121B6781,4,0.68371715153337,0.6786965442601369
041EE6121B6781,0,-0.4047887023636646,1.669270048290559
041EE64A216281,0,-1.5319127587129044,-0.06005287174132128
041EE74A216281,1,-1.0650240785933665,0.7251561393712507
041EE94A216281,0,-1.3306322566371478,0.3691692778208366
041EFA121B6781,2,1.7906532926463832,-1.5278988656698167
041F004A216285,1,-0.871283639406868,1.3400129750596812
041F074A216285,0,-1.0660968916696263,0.2657015272431859
041F1B4A216285,1,0.10074652953526808,1.7181379043210323
041F1E4A216285,5,-0.5858091466067722,2.4356293787887093
041F244A216285,1,1.4549777809538083,-0.20446139072775707
041F254A216285,4,1.8756886049475001,-0.6216261773266175
041F2B4A216285,0,-0.9213219920158188,-0.49370994073501345
041F314A216285,4,-0.5195241243290248,-1.8227487605339738
041F3D121B6781,0,-1.5319127587129044,-0.06005287174132128
041F46121B6781,0,-0.8319580176275481,0.6071744942239532
041F484A216285,1,0.26338047983162954,2.883701208965289
041F52121B6781,0,-1.564771130679226,0.027696310840069283
041F53121B6781,0,-1.5723111935684841,0.21333099696634197
041F59121B6781,0,-0.8444037241214475,-0.9497888372304841
041F5A121B6781,0,-2.0381270606117625,-0.11242340201816521
041F62121B6781,0,-1.0660968916696263,0.2657015272431859
041F64121B6781,6,0.42272529168935363,-0.21152926720712423
041F65121B6781,4,-0.23500298997834557,-0.5548878657834596
041F66121B6781,1,-0.22639011401282783,-0.2810679397816678
041F70121B6781,4,-0.7008188570216239,-0.880642264767967
041F78121B6780,4,1.312968700626693,-1.8626303251438188
041F92121B6780,6,-0.5099792554734626,-1.3224926773042036
041FB14A216281,4,0.3521800250601213,-0.6538988363915189
041FB5121B6780,5,0.9150293323979729,2.3511650860959903
041FB9121B6781,0,-0.9110030042625226,1.6168995180137151
041FBA121B6780,5,1.1405553304745333,2.4188181270749656
041FBA121B6781,4,2.7718733190715246,0.6720322605582693
041FBB121B6780,5,1.1281096239806339,0.8618547956205279
041FBE121B6780,4,2.4787393087553276,-0.8696485601940369
041FBF4A216281,4,1.4098727379042217,-0.9473805763111248
041FC1121B6781,4,0.3446399621708633,-0.4682641502652463
041FC2121B6780,4,1.7555114895062949,-1.0254188481747675
041FC4121B6781,0,-0.8772620960877692,-0.8620396546490936
041FC5121B6781,0,-0.8444037241214475,-0.9497888372304841
041FCB4A216281,0,-2.0381270606117625,-0.11242340201816521
041FD0121B6781,5,-0.08713490759717227,2.6736345951918263
041FD9121B6780,2,3.32170193542302,-1.6812608927311876
041FDD121B6780,4,1.8756886049475001,-0.6216261773266175
041FDD121B6781,2,2.8512064181817376,-0.6881251695381378
041FDF121B6781,4,-0.017989472628171046,-0.45148810807957285
041FE1121B6781,2,-0.045446369431079076,0.29032743324564975
041FE3121B6781,5,-0.32195285163917536,2.3286589539646885
041FE4121B6781,4,0.68371715153337,0.6786965442601369
041FE6121B6781,2,2.5214211747846735,-1.557763263815359
041FFA121B6781,2,2.0076668099965578,-1.42449910796593
0420004A216285,1,-0.871283639406868,1.3400129750596812
0420014A216285,1,0.49683770523620463,-0.12529765180093708
0420184A216285,2,2.123072955328064,-2.5864934750995787
0420194A216285,0,-0.9110030042625226,1.6168995180137151
04201D4A216285,4,-0.11363584198315682,-0.9796532353760261
04201E4A216285,5,-0.5858091466067722,2.4356293787887093
0420254A216285,1,-0.8761892830115094,-0.4025850425210289
042027121B6781,0,-1.564771130679226,0.027696310840069283
04202C4A216285,1,-1.0650240785933665,0.7251561393712507
04202E121B6781,0,-1.5319127587129044,-0.06005287174132128
04203D121B6781,0,0.3184391168853679,1.8250403362712895
042046121B6781,0,-0.8319580176275481,0.6071744942239532
042047121B6781,6,-0.7709980448009612,0.6258361680051948
042048121B6781,0,-2.0381270606117625,-0.11242340201816521
0420494A216285,1,0.35325283813638103,-0.19444422426345429
04204B121B6781,0,-1.5243726958236463,-0.245687557867594
04204F121B6781,4,1.7863246305592293,-1.7225106122855842
042052121B6781,4,0.21614940141390707,-0.11001514109880575
042054121B6781,4,0.8818020786175977,-0.936174404500308
042055121B6781,0,-1.0660968916696263,0.2657015272431859
042056121B6781,0,-2.0381270606117625,-0.11242340201816521
042057121B6781,5,-0.08781397759709736,2.6701319209454555
042058121B6781,1,-0.22639011401282783,-0.2810679397816678
042059121B6781,0,-0.8444037241214475,-0.9497888372304841
04205A121B6781,0,-1.3073591784734717,-0.14228780016370723
04205B121B6781,0,-0.3785878570781692,-0.6240344382459769
042062121B6781,0,-0.3785878570781692,-0.6240344382459769
042063121B6780,0,-0.6768641302204448,1.9583724849944826
042064121B6781,6,0.42272529168935363,-0.21152926720712423
042067121B6780,6,0.655791352655172,-0.32951091235442176
042068121B6781,0,-0.4226477530062188,-0.2557047243318967
04206A121B6781,0,-1.1994930960312238,-1.1186474811710838
042070121B6781,4,-0.7008188570216239,-0.880642264767967
042080121B6780,0,-2.0381270606117625,-0.11242340201816521
042086121B6781,0,-2.0381270606117625,-0.11242340201816521
04208F121B6780,0,0.5383804013573616,0.14659268542318424
0420A54A216281,0,-1.5319127587129044,-0.06005287174132128
0420B14A216281,4,0.3521800250601213,-0.6538988363915189
0420B5121B6780,5,0.9150293323979729,2.3511650860959903
0420B7121B6780,5,0.4416734024654368,2.2110453732377557
0420B8121B6780,4,0.6866449186551893,-1.1031508642918555
0420B9121B6780,4,0.6695195619632859,-1.341224073568736
0420BA121B6780,5,1.1405553304745333,2.4188181270749656
0420BB121B6780,5,1.1281096239806339,0.8618547956205279
0420BB121B6781,1,-0.1529614637624769,-0.24681475454029822
0420C1121B6781,0,-0.8490833743194516,0.3691012849470728
0420C5121B6781,1,0.32705199285088543,2.098860262273082
0420CB4A216281,0,-2.0381270606117625,-0.11242340201816521
0420D2121B6781,2,0.21089276969841556,-0.33911128988619144
0420D7121B6781,1,-0.5992082115500883,1.0509105383557578
0420D74A216281,1,0.7853277970049056,2.610249347383862
0420DF121B6781,6,-1.2378867249204992,-0.15937284310737718
0420E1121B6780,0,-1.5723111935684841,0.21333099696634197
0420E1121B6781,2,0.46076793246777886,0.34269796352249365
0420E3121B6781,0,-1.564771130679226,0.027696310840069283
0421034A216285,0,-1.0585568287803682,0.0800668411169132
042117121B6781,0,-0.8415433114301936,0.1834665988208
0421184A216285,2,2.123072955328064,-2.5864934750995787
04211D4A216285,1,0.7350232132861784,1.8350928301050757
0421214A216285,2,1.987292831122333,-0.5055573992741141
042122121B6781,1,0.08830082304136871,0.16117457286659492
0421254A216285,0,-2.0381270606117625,-0.11242340201816521
0421274A216285,0,-0.14444898303609116,-0.2825614712652097
04212C4A216285,1,-1.0650240785933665,0.7251561393712507
0421334A216285,4,0.45357885768937106,-0.9851692191445579
042147121B6781,6,-0.7709980448009612,0.6258361680051948
0421494A216285,4,0.7174580597081235,-1.8002426284026722
04214B121B6781,0,-1.5243726958236463,-0.245687557867594
042154121B6781,4,-0.7008188570216239,-0.880642264767967
042157121B6781,5,-0.08781397759709736,2.6701319209454555
04215B121B6781,0,-1.0660968916696263,0.2657015272431859
042160121B6780,0,-0.7412172918772035,-0.6072583960603035
042161121B6781,1,-1.5712383804922243,0.6727856090944068
042163121B6780,1,-1.0650240785933665,0.7251561393712507
042167121B6780,6,2.5699494147676423,0.9475523285648931
042168121B6781,0,-1.5319127587129044,-0.06005287174132128
04216F121B6780,0,-0.24135302031361985,-1.1978112200979036
042180121B6780,5,2.2330334152424567,3.5620894057650174
04218F121B6780,1,-0.5992082115500883,1.0509105383557578
042190121B6780,1,-0.20997545010090668,2.743581496107055
0421B6121B6780,6,1.145953110938386,-0.05575897922639351
0421B7121B6780,5,3.223562418785703,1.1968115407738356
0421B8121B6780,0,-0.8086849394638718,0.09571741623940944
0421BB121B6781,1,1.0052690814768996,0.9318016965357563
0421BE121B6781,4,-0.07408223615997125,-0.5780526528576508
0421C1121B6781,4,-0.22746292708908755,-0.7405225519097324
0421C14A216281,1,-1.5712383804922243,0.6727856090944068
0421D2121B6781,2,4.044929754672053,-1.5254906047504568
0421D3121B6780,4,-0.017989472628171046,-0.45148810807957285
0421D5121B6780,2,1.381343028025054,-0.6650196471139665
0421D7121B6781,5,1.0468501416414,4.213820154851063
0421E1121B6780,0,-1.1994930960312238,-1.1186474811710838
0421F4121B6780,2,0.4683079953570369,0.157063277396221
042217121B6781,0,-0.8415433114301936,0.1834665988208
04221A4A216285,5,-0.5314295795529591,1.3734658318483395
04221E4A216285,0,-0.9110030042625226,1.6168995180137151
0422214A216285,2,1.987292831122333,-0.5055573992741141
0422224A216285,4,-0.7008188570216239,-0.880642264767967
0422234A216285,5,1.874745194888285,0.6829789852156258
0422274A216285,0,-0.14444898303609116,-0.2825614712652097
042229121B6781,0,-1.3148992413627296,0.043346885962565515
0422314A216285,2,2.963711725874907,-2.9068267848964537
0422324A216285,2,1.512482188630978,-2.1528364061058864
0422334A216285,0,-1.5319127587129044,-0.06005287174132128
042244121B6781,0,-2.0381270606117625,-0.11242340201816521
04224A121B6781,0,-1.0585568287803682,0.0800668411169132
04224E121B6781,1,0.10074652953526808,1.7181379043210323
042252121B6781,2,1.160722673553135,1.0099253294877681
042253121B6781,1,2.07588753540419,1.4724909990272792
04225F121B6780,0,-0.7412172918772035,-0.6072583960603035
042261121B6781,0,0.050708176926317294,-0.11558501147366225
042263121B6781,0,-1.5319127587129044,-0.06005287174132128
042268121B6780,6,1.5176983953993866,-1.8471920694918842
04226A121B6781,1,-0.403715889287405,2.1287246604186243
04226F121B6780,0,-0.24135302031361985,-1.1978112200979036
04227A121B6780,6,-1.1974882900649195,-0.43275671181504055
042287121B6780,0,-2.0381270606117625,-0.11242340201816521
042290121B6780,1,-0.20997545010090668,2.743581496107055
0422B6121B6780,6,-0.4544170631107284,1.170746102778397
0422B9121B6780,5,2.3316706350983245,0.22278879324978096
0422BD121B6780,4,0.8818020786175977,-0.936174404500308
0422BE121B6781,2,0.6448684539009061,-1.1495519852914338
0422BF121B6781,0,-0.16157433972799465,-0.5206346805420903
0422C04A216281,5,0.26394553748074584,-0.49262981464819966
0422C1121B6781,4,2.7286144715246907,-0.18783930678535166
0422C14A216281,1,-0.871283639406868,1.3400129750596812
0422C24A216281,1,0.044240927113319006,0.5295042867806752
0422C4121B6780,4,2.122753220072768,0.5540178320652785
0422D1121B6781,2,0.7171070715972734,-0.28674075960934753
0422D3121B6780,1,-0.3699749811126515,-0.350214512244185
0422D5121B6780,2,2.526326818389315,0.18483475376535147
0422D8121B6781,4,0.46495175110701076,0.11233950018181481
0422DB121B6780,2,1.2918618341590593,-0.4778914295041519
0422DD121B6780,0,-0.8244179547382899,0.4215398080976805
0422DD121B6781,2,1.979370868750516,-1.3676273949933149
0422E2121B6781,0,-1.3306322566371478,0.3691692778208366
0422E3121B6780,0,-0.3661421505842699,0.9329288932084604
0422E4121B6780,2,0.7171070715972734,-0.28674075960934753
0422E4121B6781,0,-0.7412172918772035,-0.6072583960603035
0422EF4A216281,6,-0.7230595470561236,0.1668176131712586
0422F4121B6780,2,0.4683079953570369,0.157063277396221
0422FF4A216281,4,-0.010449409738913033,-0.6371227942058456
042303121B6785,0,-0.8848021589770272,-0.6764049685228208
04230E4A216285,4,0.6770596248525438,-1.5268587596950087
042319121B6781,0,-1.3506180260203053,-1.0021593675073281
04231A4A216285,0,-0.9288620549050768,-0.30807525460874063
0423224A216285,4,-0.7008188570216239,-0.880642264767967
0423234A216285,1,0.7620547188412294,3.121706425368406
042329121B6781,0,-1.3148992413627296,0.043346885962565515
04232D4A216285,0,-2.0381270606117625,-0.11242340201816521
0423314A216285,6,0.0001682721929089953,0.3225879011519893
0423324A216285,2,1.512482188630978,-2.1528364061058864
042344121B6781,6,-1.1974882900649195,-0.43275671181504055
0423474A216285,2,4.110727303059444,-0.05953438696193725
04234E121B6781,1,0.10074652953526808,1.7181379043210323
042352121B6781,1,-0.5916681486608303,0.8652758522294853
042355121B6781,0,-0.8772620960877692,-0.8620396546490936
042356121B6781,1,-1.0650240785933665,0.7251561393712507
042359121B6781,6,-0.008444603772608746,0.04876797515019746
04235D121B6780,0,-0.59274096173709,0.40582124010142034
04235D121B6781,1,-1.3994485472413514,1.09785997944497
04235E121B6781,1,-1.5636983176029664,0.4871509229681341
042361121B6780,5,1.8876867329409566,1.151410657833185
042362121B6780,5,1.8876867329409566,1.151410657833185
042363121B6781,0,-1.5243726958236463,-0.245687557867594
042364121B6780,0,-0.6768641302204448,1.9583724849944826
042367121B6781,4,-0.04616819439648859,-1.6826290476757393
042368121B6780,1,-1.0978824505596882,0.8129053219526414
042369121B6780,1,-1.5712383804922243,0.6727856090944068
042387121B6780,4,0.20370369492000764,-1.6669784725532433
042388121B6781,5,-0.5238895166637011,1.1878311457220667
0423B8121B6781,0,-1.5723111935684841,0.21333099696634197
0423B9121B6780,5,2.3316706350983245,0.22278879324978096
0423BC121B6780,4,1.1757338638621437,-1.2888535432918922
0423BD121B6780,5,-0.7888415317587134,1.5434499428521162
0423BD121B6781,0,-1.5319127587129044,-0.06005287174132128
0423BF121B6781,2,0.6813882869396978,-1.3322470130792412
0423C04A216281,5,0.26394553748074584,-0.49262981464819966
0423C1121B6781,5,3.0191796696897812,-0.6669471722393818
0423C34A216281,0,-2.0381270606117625,-0.11242340201816521
0423C4121B6780,4,2.122753220072768,0.5540178320652785
0423C94A216281,0,-1.5319127587129044,-0.06005287174132128
0423CF121B6780,2,2.293260757423497,0.3028163989126489
0423D8121B6781,4,1.5742167568136962,-0.08331235240876068
0423DB121B6780,4,2.303930733287643,0.899923988868053
0423DC121B6781,6,0.24419637832344657,-1.6870031738353783
0423DD121B6780,4,2.342577285067038,0.16358283378595456
0423DD121B6781,2,1.979370868750516,-1.3676273949933149
0423DD4A216281,1,-1.0574840157041085,0.539521453244978
0423DE121B6781,2,2.5138811118954156,-1.3721285776890861
0423DF121B6781,6,1.388630853124943,-3.0369293312903856
0423E4121B6780,1,0.1315596705882023,1.0210461402102158
0423E4121B6781,4,1.466350674371448,0.8930473285986157
042403121B6785,5,4.173392322640423,2.545848160147796
042419121B6781,0,-1.3148992413627296,0.043346885962565515
0424224A216285,5,-0.053393999422418736,0.19469542252901711
042425121B6781,1,0.2318856901411923,0.2303211453291123
04242B4A216285,4,1.139214030823352,-1.1061585155040845
04242D4A216285,6,-0.5146589056714667,-0.0036025551266464675
0424314A216285,1,1.894592802711591,2.4145974947932864
0424394A216285,4,0.3521800250601213,-0.6538988363915189
042445121B6781,5,1.293526455966368,2.1853776316509568
0424474A216285,1,0.2318856901411923,0.2303211453291123
04244C121B6781,0,-1.564771130679226,0.027696310840069283
04244E121B6781,0,-1.5723111935684841,0.21333099696634197
042456121B6781,0,-1.5723111935684841,0.21333099696634197
042457121B6781,0,-0.8415433114301936,0.1834665988208
042458121B6781,1,-1.1054225134489462,0.998540008078914
04245C121B6781,0,-0.8490833743194516,0.3691012849470728
04245D121B6780,0,-1.0585568287803682,0.0800668411169132
04245E121B6781,0,-1.5723111935684841,0.21333099696634197
042460121B6781,0,-1.3506180260203053,-1.0021593675073281
042461121B6780,0,-2.0381270606117625,-0.11242340201816521
042462121B6780,4,-0.04616819439648859,-1.6826290476757393
042464121B6780,0,-1.0660968916696263,0.2657015272431859
042467121B6781,4,-0.04616819439648859,-1.6826290476757393
042469121B6780,1,-1.5712383804922243,0.6727856090944068
04246A121B6780,5,1.9445433234737557,0.8265424065802179
04246B121B6781,4,0.6866449186551893,-1.1031508642918555
04246C121B6781,0,-0.6273902067712729,-0.8463890795265973
04246F121B6781,0,-1.3148992413627296,0.043346885962565515
042470121B6780,0,-1.3306322566371478,0.3691692778208366
04247F121B6780,0,-0.8490833743194516,0.3691012849470728
042480121B6781,0,-1.564771130679226,0.027696310840069283
04248A121B6781,1,-0.33425619645507587,0.6952917412257088
042491121B6781,0,-2.0381270606117625,-0.11242340201816521
042493121B6781,4,-0.22746292708908755,-0.7405225519097324
0424AC121B6781,0,-2.0381270606117625,-0.11242340201816521
0424B8121B6781,6,-0.008444603772608746,0.04876797515019746
0424BC121B6780,2,2.665006041884497,-1.4886166913528414
0424BC121B6781,2,2.6574659789952393,-1.3029820052265686
0424BD121B6780,4,2.94630705887479,-0.08093687483509428
0424C1121B6781,5,-1.2471173359127337,1.0320608577413362
0424C34A216281,0,-2.0381270606117625,-0.11242340201816521
0424C4121B6781,2,1.4759623555921866,-1.9701413783180792
0424C94A216281,0,-1.5319127587129044,-0.06005287174132128
0424CA121B6781,2,2.243250070769269,-2.182700804251428
0424CE121B6781,0,-1.564771130679226,0.027696310840069283
0424CF121B6780,2,2.6276852260714816,-0.0698874411610702
0424D5121B6781,2,1.5249278951248775,-0.595873074651449
0424D7121B6781,0,-0.16157433972799465,-0.5206346805420903
0424DD4A216281,1,-1.0574840157041085,0.539521453244978
0424DE121B6781,2,2.5138811118954156,-1.3721285776890861
0424DF121B6781,6,0.7011218185334861,-2.1471933658012228
0424E0121B6781,2,4.0524698175613105,-1.7111252908767298
0424E84A216281,0,-1.3306322566371478,0.3691692778208366
042505121B6785,4,-0.23500298997834557,-0.5548878657834596
042518121B6781,1,0.7674687463623514,0.685274574761406
0425224A216285,4,2.4929368983254117,1.1502720576348358
0425294A216285,0,-1.3506180260203053,-1.0021593675073281
04252A121B6781,0,-2.0381270606117625,-0.11242340201816521
04252B4A216285,0,0.30812012913207165,-0.2855691224774388
0425314A216285,1,1.894592802711591,2.4145974947932864
0425394A216285,1,-0.23393017690208584,-0.09543325365539498
04253F4A216285,0,-1.0660968916696263,0.2657015272431859
042545121B6781,5,1.293526455966368,2.1853776316509568
0425464A216285,0,0.27730698807913745,0.41152264163337776
042549121B6781,1,0.0958408859306267,-0.02446011325967774
04254C121B6781,0,-1.3506180260203053,-1.0021593675073281
04254E121B6781,0,-1.5723111935684841,0.21333099696634197
042551121B6781,0,-1.3148992413627296,0.043346885962565515
042554121B6781,0,-0.4630461878617985,0.017679144375766526
042557121B6781,6,-0.5071188427822086,-0.18923724125291919
042558121B6781,1,-1.1054225134489462,0.998540008078914
04255C121B6781,2,1.6572570882847857,-2.912247874084086
042560121B6781,0,-2.0381270606117625,-0.11242340201816521
042569121B6781,0,-0.8319580176275481,0.6071744942239532
04256A121B6780,0,-0.3661421505842699,0.9329288932084604
04256C121B6781,0,-0.6198501438820148,-1.0320237656528701
042577121B6780,0,-1.5243726958236463,-0.245687557867594
04257F121B6780,0,-2.0381270606117625,-0.11242340201816521
042582121B6781,0,-1.0660968916696263,0.2657015272431859
042586121B6781,5,1.789417813286595,2.2654233166679014
04258A121B6781,0,-0.9034629413732647,1.4312648318874424
04258F121B6781,4,1.1206752268084055,-0.23019267059789286
042590121B6780,2,3.32277474849928,-1.221806280603123
042591121B6781,0,-2.0381270606117625,-0.11242340201816521
042593121B6781,5,0.19180151314894056,2.1953947981152595
0425A14A216281,0,-1.5243726958236463,-0.245687557867594
0425AC121B6781,0,-2.0381270606117625,-0.11242340201816521
0425BB121B6780,5,1.8548283609746354,1.239159840414576
0425BC121B6781,1,-0.3821946941999136,1.1543102960596445
0425BD121B6780,0,-1.5723111935684841,0.21333099696634197
0425BD121B6781,0,-1.0585568287803682,0.0800668411169132
0425BE121B6780,1,0.8190687051796591,0.13131017472105297
0425BF121B6781,4,1.1757338638621437,-1.2888535432918922
0425C0121B6780,4,1.3773995388733258,0.8542319664019282
0425C1121B6781,4,2.2806576551239663,1.4113810668525968
0425C4121B6781,2,1.4759623555921866,-1.9701413783180792
0425CD121B6780,2,0.7246471344865314,-0.4723754457356203
0425CE121B6780,4,-0.09776815321379631,-1.1286646476353865
0425CE121B6781,0,-1.564771130679226,0.027696310840069283
0425D5121B6781,2,1.381343028025054,-0.6650196471139665
0425D6121B6780,4,0.45250604461311134,-1.4446238312726227
0425D6121B6781,2,-0.006120747651759013,-0.44251104759007825
0425D7121B6781,0,0.35708566866476266,1.088699181189191
0425DA121B6780,5,1.4948069580421244,2.6145997812131148
0425E0121B6780,4,1.8767614180237597,-0.1621715651985527
0425E3121B6780,5,4.128444675396467,-0.8625990248299573
0425E3121B6781,6,0.6117314567271223,0.038818801559658445
0425E4121B6780,4,-0.00576975954090891,-1.9560129163834028
0425E64A216281,0,-1.5723111935684841,0.21333099696634197
0425E74A216281,1,0.08830082304136871,0.16117457286659492
0425E84A216281,1,-1.0574840157041085,0.539521453244978
0425E94A216281,0,-1.3306322566371478,0.3691692778208366
0425F3121B6780,4,2.2974445760627287,0.07245793557197006
042600121B6785,4,2.751887549688367,-0.6992963847698953
042604121B6785,5,1.5949983041001716,1.6470638067330998
042605121B6785,5,-0.04848835581777744,1.9372934401097273
0426074A216285,6,-1.1974882900649195,-0.43275671181504055
042618121B6781,1,1.4549777809538083,-0.20446139072775707
04261B4A216285,1,0.10074652953526808,1.7181379043210323
0426224A216285,4,-1.035243325669609,-0.5079384246942475
0426244A216285,0,-2.0381270606117625,-0.11242340201816521
0426264A216285,1,-1.0650240785933665,0.7251561393712507
042628121B6781,0,-0.3586020876950118,0.7472942070821877
0426314A216285,4,-0.013309822430166925,-1.77037823025713
04263F4A216285,0,-1.0660968916696263,0.2657015272431859
0426464A216285,2,4.110727303059444,-0.05953438696193725
042650121B6781,1,-1.0574840157041085,0.539521453244978
042651121B6781,0,-1.3148992413627296,0.043346885962565515
042652121B6781,0,-0.9110030042625226,1.6168995180137151
042653121B6781,0,-1.0660968916696263,0.2657015272431859
042666121B6781,1,-0.22639011401282783,-0.2810679397816678
042669121B6781,6,-0.5503776903290423,-1.04910880859654
04266B121B6781,6,-0.4544170631107284,1.170746102778397
042677121B6780,1,-0.5992082115500883,1.0509105383557578
042678121B6780,0,-1.0660968916696263,0.2657015272431859
042682121B6781,0,-0.9110030042625226,1.6168995180137151
042689121B6780,0,-2.0381270606117625,-0.11242340201816521
042690121B6780,2,1.7155145737829194,-1.2606569701692938
0426A14A216281,2,1.6497170253955278,-2.7266131879578133
0426B9121B6781,0,-0.9110030042625226,1.6168995180137151
0426BA121B6781,2,3.819403756595492,-1.5931436457294326
0426BB121B6780,5,1.1601302516047702,0.801028623236687
0426BD121B6781,1,-0.5916681486608303,0.8652758522294853
0426BE121B6780,1,-0.14805582015783553,1.495783263040412
0426BF121B6780,1,-0.5992082115500883,1.0509105383557578
0426BF121B6781,2,2.846300774577096,-2.430723187118848
0426BF4A216281,6,0.6925829503890073,1.1754499532435365
0426C0121B6780,4,1.3773995388733258,0.8542319664019282
0426C2121B6780,4,1.7555114895062949,-1.0254188481747675
0426C64A216281,1,-0.35752927461875217,1.2067488192102525
0426CD121B6780,1,1.933239354490986,1.6782563397111874
0426CE121B6780,4,0.5897408813776606,-2.0184006131245495
0426D0121B6781,5,0.4012749676098571,2.4844292419454193
0426D6121B6780,2,0.9155271609817759,-0.9907740460984739
0426D9121B6780,0,-0.8772620960877692,-0.8620396546490936
0426DD121B6780,4,2.0719185779861684,0.004804894592994783
0426DD121B6781,2,2.579906644326673,1.2282667034535375
0426E0121B6780,0,-1.564771130679226,0.027696310840069283
0426E3121B6780,1,0.4892976423469466,0.06033703432533575
0426E3121B6781,6,2.1714665218160896,-0.25798886231823803
0426E4121B6780,6,0.18529583541388964,0.663624810838628
0426E4121B6781,2,2.2357100078800105,-1.9970661181251559
0426E6121B6781,5,3.509156366212642,2.924127047652415
0426E74A216281,0,-1.369278808416543,1.1055104329029353
0426E94A216281,0,-1.5723111935684841,0.21333099696634197
0426F3121B6780,2,3.3574207200805954,-0.6357546392612939
0426FA121B6781,2,1.320157775405101,-0.5347631424767669
0427014A216285,0,-1.0585568287803682,0.0800668411169132
0427194A216285,0,-2.0381270606117625,-0.11242340201816521
0427224A216285,4,1.5882429769278683,0.5585190147610496
0427254A216285,5,5.450381984008464,1.9410353430184182
042728121B6781,0,-1.5723111935684841,0.21333099696634197
04272B4A216285,4,1.0630968113101966,-1.8782809002663148
0427314A216285,4,-0.013309822430166925,-1.77037823025713
04273D121B6781,0,0.3184391168853679,1.8250403362712895
042746121B6781,0,-2.0381270606117625,-0.11242340201816521
04274F121B6781,4,1.7863246305592293,-1.7225106122855842
042750121B6781,1,2.6207483890824426,0.7885203742220247
042753121B6781,1,-0.3417962593443339,0.8809264273519815
042755121B6781,2,0.18271404793009796,-1.5702522294823578
042756121B6781,0,-2.0381270606117625,-0.11242340201816521
042759121B6781,0,-0.8444037241214475,-0.9497888372304841
04275A121B6781,0,-1.3306322566371478,0.3691692778208366
042762121B6781,4,-0.7008188570216239,-0.880642264767967
042764121B6781,6,1.145953110938386,-0.05575897922639351
042765121B6781,0,-0.22136725093046244,0.173517425230261
042766121B6781,1,-0.3699749811126515,-0.350214512244185
042770121B6781,0,-0.8848021589770272,-0.6764049685228208
042778121B6780,0,-1.0660968916696263,0.2657015272431859
042788121B6780,0,-1.5319127587129044,-0.06005287174132128
0427B9121B6781,0,-0.9110030042625226,1.6168995180137151
0427BA121B6780,5,2.938402183848935,1.7928849211232913
0427BA121B6781,2,3.4898849315521483,0.5221582119249971
0427BB121B6780,5,1.1281096239806339,0.8618547956205279
0427BE121B6780,4,2.4787393087553276,-0.8696485601940369
0427BF4A216281,6,0.6925829503890073,1.1754499532435365
0427C1121B6781,0,-0.8490833743194516,0.3691012849470728
0427C2121B6780,1,-0.22639011401282783,-0.2810679397816678
0427C5121B6781,0,-0.15403427683873663,-0.7062693666683628
0427CB4A216281,1,-1.0650240785933665,0.7251561393712507
0427D0121B6781,4,1.312968700626693,-1.8626303251438188
0427D9121B6780,5,1.5216868733275448,0.3247979689229488
0427DC121B6780,0,-0.6535910520567685,1.4469154070099386
0427DD121B6780,4,1.1757338638621437,-1.2888535432918922
0427DD121B6781,0,-1.338172319526406,0.5548039639471093
0427DE121B6780,1,1.5114833833757575,0.9841722268126002
0427DE121B6781,5,0.4088150304991151,2.2987945558191463
0427DF121B6781,4,0.6695195619632859,-1.341224073568736
0427E1121B6781,2,1.798193355535641,-1.7135335517960895
0427E3121B6781,0,-1.564771130679226,0.027696310840069283
0427E4121B6781,5,1.9667435885611722,-0.14436928353239042
0427E6121B6781,5,2.6780624645213615,3.7447164406790607
0427FA121B6781,1,1.1900257658587958,0.1511574064022922
0428004A216285,0,-1.338172319526406,0.5548039639471093
0428014A216285,0,-1.0585568287803682,0.0800668411169132
0428184A216285,1,-0.871283639406868,1.3400129750596812
0428194A216285,0,-2.0381270606117625,-0.11242340201816521
04281D4A216285,5,2.2341806314557235,3.506616750097854
04281F4A216285,0,0.07256453431408341,-0.17916171356132285
042822121B6781,1,0.08830082304136871,0.16117457286659492
0428244A216285,4,1.6880438419196269,-0.3224430358750544
0428254A216285,5,5.956596285907323,1.993405873295262
04282C4A216285,5,3.081987050948759,1.8620314935858087
04283D121B6781,4,-0.04509538132022886,-1.2231744355476746
042847121B6781,1,0.7853277970049056,2.610249347383862
042848121B6781,0,-2.0381270606117625,-0.11242340201816521
04284B121B6781,1,-0.4441143241429847,2.4021085291262874
04284F121B6781,0,-1.376818871305801,1.291145119029208
042850121B6781,1,2.6207483890824426,0.7885203742220247
042854121B6781,4,0.8818020786175977,-0.936174404500308
042855121B6781,1,-0.8837293459007675,-0.21695035639475618
042856121B6781,0,-0.7412172918772035,-0.6072583960603035
042857121B6781,0,-1.0660968916696263,0.2657015272431859
042858121B6781,1,-0.22639011401282783,-0.2810679397816678
042859121B6781,0,-0.8011448765746138,-0.08991726988686331
04285A121B6781,0,-1.3306322566371478,0.3691692778208366
04285B121B6781,0,-1.5319127587129044,-0.06005287174132128
04285E121B6780,1,1.5114833833757575,0.9841722268126002
042862121B6781,1,-0.8837293459007675,-0.21695035639475618
042863121B6780,1,-1.0650240785933665,0.7251561393712507
042864121B6781,6,1.145953110938386,-0.05575897922639351
042865121B6781,0,-0.22136725093046244,0.173517425230261
042867121B6780,6,2.5699494147676423,0.9475523285648931
042868121B6781,0,-1.5319127587129044,-0.06005287174132128
042870121B6781,4,-0.7008188570216239,-0.880642264767967
042880121B6780,5,2.2330334152424567,3.5620894057650174
042888121B6780,0,-1.5319127587129044,-0.06005287174132128
04288F121B6780,4,0.45357885768937106,-0.9851692191445579
0428B14A216281,4,0.4957648921599449,-0.5847522639290017
0428B5121B6780,2,1.4121561690779882,-1.3621114112247834
0428B7121B6780,5,3.223562418785703,1.1968115407738356
0428B8121B6780,0,-0.8086849394638718,0.09571741623940944
0428BA121B6780,5,2.938402183848935,1.7928849211232913
0428BB121B6780,5,3.2811408342839115,2.8448997704422583
0428BB121B6781,2,-0.006120747651759013,-0.44251104759007825
0428BE121B6780,1,1.4728368315963625,1.7205133818946987
0428C1121B6781,1,-0.35752927461875217,1.2067488192102525
0428C5121B6781,0,-0.15403427683873663,-0.7062693666683628
0428CB4A216281,0,-0.8772620960877692,-0.8620396546490936
0428D2121B6781,5,1.7998593989149407,1.1731543636977566
0428DE121B6781,5,4.128444675396467,-0.8625990248299573
0428DF121B6781,5,-0.7409030340138758,1.08443138801818
0428E1121B6780,2,4.063861618390866,0.8589387800000635
0428E1121B6781,2,1.798193355535641,-1.7135335517960895
0428E3121B6781,5,0.6429539045411932,2.6402675227999137
0429034A216285,0,-0.8723564524831279,0.8805583629316165
0429184A216285,1,-0.871283639406868,1.3400129750596812
04291D4A216285,4,-0.11363584198315682,-0.9796532353760261
04291E4A216285,4,-0.7008188570216239,-0.880642264767967
0429214A216285,0,-1.338172319526406,0.5548039639471093
042922121B6781,1,0.08830082304136871,0.16117457286659492
0429244A216285,5,2.2005314744924003,1.710605552241701
0429254A216285,0,-0.9034629413732647,1.4312648318874424
0429274A216285,0,-1.906735662216469,0.5860348370400613
042929121B6781,6,-0.7241323601323834,-0.29263699895680595
0429334A216285,0,-1.5319127587129044,-0.06005287174132128
042948121B6781,0,-2.0381270606117625,-0.11242340201816521
04294A121B6781,1,-1.0574840157041085,0.539521453244978
04294B121B6781,1,-0.4441143241429847,2.4021085291262874
04294D121B6781,0,-2.0381270606117625,-0.11242340201816521
042954121B6781,2,0.7246471344865314,-0.4723754457356203
042957121B6781,0,-1.0660968916696263,0.2657015272431859
042958121B6781,0,-1.0660968916696263,0.2657015272431859
04295B121B6781,0,-1.5319127587129044,-0.06005287174132128
04295E121B6780,1,1.5114833833757575,0.9841722268126002
042960121B6780,2,-0.5047949866613589,-0.6805162639931949
042961121B6781,0,-2.0381270606117625,-0.11242340201816521
042963121B6780,0,-0.6768641302204448,1.9583724849944826
042967121B6780,6,0.8226492979186716,-0.7718214178764482
042968121B6781,0,-0.4151076901169608,-0.44133941045816955
04296A121B6781,0,-1.1994930960312238,-1.1186474811710838
04296F121B6780,0,-1.5319127587129044,-0.06005287174132128
04297A121B6780,0,-2.0381270606117625,-0.11242340201816521
042980121B6780,0,-0.9034629413732647,1.4312648318874424
042986121B6780,0,-0.8848021589770272,-0.6764049685228208
042986121B6781,0,-1.5319127587129044,-0.06005287174132128
04298F121B6780,0,0.5383804013573616,0.14659268542318424
042990121B6780,0,0.32136688400718705,0.0431929277192975
0429B5121B6780,2,2.243250070769269,-2.182700804251428
0429B7121B6780,0,-1.5319127587129044,-0.06005287174132128
0429B8121B6780,1,0.31776004688544274,1.821537662024919
0429B9121B6780,0,-2.0381270606117625,-0.11242340201816521
0429BA121B6780,5,4.016237378509357,3.009647118912484
0429BB121B6781,2,0.6813882869396978,-1.3322470130792412
0429BE121B6781,2,0.6448684539009061,-1.1495519852914338
0429C1121B6781,4,2.7286144715246907,-0.18783930678535166
0429D2121B6781,2,0.21089276969841556,-0.33911128988619144
0429D3121B6780,0,-1.5723111935684841,0.21333099696634197
0429D5121B6780,2,1.381343028025054,-0.6650196471139665
0429D7121B6781,4,2.2806576551239663,1.4113810668525968
0429DA121B6780,0,-1.564771130679226,0.027696310840069283
0429E1121B6780,0,-1.1994930960312238,-1.1186474811710838
0429E2121B6781,0,-1.3306322566371478,0.3691692778208366
0429E3121B6780,0,-0.3661421505842699,0.9329288932084604
0429F4121B6780,5,2.0167542752154004,2.3411479196316876
0429FF4A216281,4,1.0959551832765184,-1.9660300828477055
042A034A216285,1,-1.5712383804922243,0.6727856090944068
042A08121B6784,2,0.6813882869396978,-1.3322470130792412
042A1A4A216285,5,-0.5314295795529591,1.3734658318483395
042A1E4A216285,0,-1.207033158920482,-0.9330127950448109
042A214A216285,0,-1.338172319526406,0.5548039639471093
042A224A216285,6,-1.1974882900649195,-0.43275671181504055
042A234A216285,4,-0.23500298997834557,-0.5548878657834596
042A274A216285,0,-1.906735662216469,0.5860348370400613
042A29121B6781,0,-1.338172319526406,0.5548039639471093
042A314A216285,6,0.0001682721929089953,0.3225879011519893
042A324A216285,2,1.512482188630978,-2.1528364061058864
042A334A216285,0,-1.5319127587129044,-0.06005287174132128
042A4A121B6781,1,-1.0574840157041085,0.539521453244978
042A52121B6781,1,-0.5916681486608303,0.8652758522294853
042A60121B6780,4,1.1600008485877256,-0.9630311514336208
042A61121B6781,0,-0.8444037241214475,-0.9497888372304841
042A63121B6781,0,-1.5243726958236463,-0.245687557867594
042A68121B6780,1,-1.0978824505596882,0.8129053219526414
042A6A121B6781,0,-1.1994930960312238,-1.1186474811710838
042A71121B6781,0,-1.338172319526406,0.5548039639471093
042A87121B6780,1,-0.4179134788574892,0.10880404258975099
042A8B121B6781,4,-0.5119840614397668,-2.008383446660247
042A90121B6780,0,0.32136688400718705,0.0431929277192975
042AB6121B6780,6,-0.4544170631107284,1.170746102778397
042AB9121B6780,5,2.3316706350983245,0.22278879324978096
042ABA121B6780,5,2.2687521999000326,4.60759565923491
042ABD121B6780,5,-0.7888415317587134,1.5434499428521162
042AC04A216281,0,-2.0381270606117625,-0.11242340201816521
042AC1121B6781,4,2.7286144715246907,-0.18783930678535166
042AC14A216281,1,-0.871283639406868,1.3400129750596812
042AC24A216281,5,0.41840032430176055,2.7225024512222995
042AD3121B6780,0,-1.5319127587129044,-0.06005287174132128
042AD5121B6780,0,-1.5723111935684841,0.21333099696634197
042AD8121B6781,4,2.9587527653686894,1.476026456619343
042ADB121B6780,4,0.45250604461311134,-1.4446238312726227
042ADD121B6780,4,2.222400169625833,-0.2402098370621956
042ADD121B6781,5,-0.7813014688694554,1.3578152567258435
042AE2121B6781,4,1.1832739267514016,-1.474488229418165
042AE3121B6780,4,0.4084461486850616,-1.0762941173585427
042AE4121B6780,1,0.8190687051796591,0.13131017472105297
042AE4121B6781,4,1.466350674371448,0.8930473285986157
042AF4121B6780,5,2.0167542752154004,2.3411479196316876
042AFF4A216281,2,2.1559313272943856,-2.6742426576809692
042B024A216285,5,0.4248675741147589,2.0774131529679623
042B03121B6785,5,1.3360476527372165,3.4966322491378317
042B234A216285,5,1.874745194888285,0.6829789852156258
042B29121B6781,0,-1.338172319526406,0.5548039639471093
042B314A216285,6,-0.5428376274397843,-1.2347434947228129
042B324A216285,4,-0.017989472628171046,-0.45148810807957285
042B4E121B6781,0,-1.5319127587129044,-0.06005287174132128
042B52121B6781,2,1.826372077303959,-0.482392612199923
042B53121B6781,0,-0.3353290095313356,0.23583712909764393
042B55121B6781,0,-1.0585568287803682,0.0800668411169132
042B56121B6781,1,-1.0650240785933665,0.7251561393712507
042B59121B6781,6,0.786930513261096,-1.817327671346342
042B5E121B6781,0,-0.9213219920158188,-0.49370994073501345
042B61121B6780,1,-1.1054225134489462,0.998540008078914
042B62121B6780,4,-0.04616819439648859,-1.6826290476757393
042B63121B6781,5,-0.08888679067335703,2.2106773088173908
042B67121B6781,0,0.3184391168853679,1.8250403362712895
042B68121B6780,1,0.49683770523620463,-0.12529765180093708
042B69121B6780,0,-1.564771130679226,0.027696310840069283
042B70121B6780,0,-1.3306322566371478,0.3691692778208366
042B87121B6780,1,-0.4179134788574892,0.10880404258975099
042B8B121B6781,4,-0.5119840614397668,-2.008383446660247
042B90121B6780,0,-0.4151076901169608,-0.44133941045816955
042BB6121B6780,6,2.5072160413297033,2.015036907786254
042BB8121B6781,2,4.123015084190543,-1.2687557216923349
042BB9121B6780,6,2.666095103746309,-0.14991504682393822
042BBD121B6780,0,-1.5723111935684841,0.21333099696634197
042BBF121B6781,2,0.6813882869396978,-1.3322470130792412
042BC1121B6781,5,-1.2471173359127337,1.0320608577413362
042BC14A216281,1,-0.22639011401282783,-0.2810679397816678
042BC24A216281,2,0.4683079953570369,0.157063277396221
042BC34A216281,0,-1.3430779631310472,-1.187794053633601
042BC94A216281,2,1.2636798389378747,-2.3751910473865068
042BCF121B6780,0,-0.8319580176275481,0.6071744942239532
042BD8121B6781,4,2.9587527653686894,1.476026456619343
042BDB121B6780,2,1.979370868750516,-1.3676273949933149
042BDD121B6780,4,2.222400169625833,-0.2402098370621956
042BDD121B6781,2,1.1482769670592357,-0.5470380019666692
042BDD4A216281,4,1.1768066769384034,-0.8293989311638271
042BDF121B6781,6,0.4730786206500333,-1.5746263556419966
042BE0121B6781,5,1.248421412916781,1.4424584460675889
042BE4121B6780,0,-1.0660968916696263,0.2657015272431859
042BE4121B6781,4,1.466350674371448,0.8930473285986157
042C03121B6785,5,1.3360476527372165,3.4966322491378317
042C07121B6784,2,0.7171070715972734,-0.28674075960934753
042C224A216285,5,-0.7409030340138758,1.08443138801818
042C2B4A216285,4,-0.7008188570216239,-0.880642264767967
042C354A216285,0,-1.3506180260203053,-1.0021593675073281
042C394A216285,0,-2.0381270606117625,-0.11242340201816521
042C44121B6781,6,-1.1974882900649195,-0.43275671181504055
042C4C121B6781,0,-1.564771130679226,0.027696310840069283
042C54121B6781,1,-1.0650240785933665,0.7251561393712507
042C55121B6781,0,-1.0585568287803682,0.0800668411169132
042C56121B6781,0,-1.5723111935684841,0.21333099696634197
042C57121B6781,0,-0.3785878570781692,-0.6240344382459769
042C58121B6781,1,0.003842492257739335,0.8028881554883385
042C59121B6781,6,0.786930513261096,-1.817327671346342
042C5C121B6781,2,1.6572570882847857,-2.912247874084086
042C5D121B6781,1,-1.0650240785933665,0.7251561393712507
042C5E121B6781,0,-0.9213219920158188,-0.49370994073501345
042C60121B6781,0,-2.0381270606117625,-0.11242340201816521
042C61121B6780,1,-1.1054225134489462,0.998540008078914
042C62121B6780,1,-0.2743286117576656,0.17795061505226836
042C64121B6780,0,-1.0660968916696263,0.2657015272431859
042C66121B6780,2,0.2231124827856778,-1.843636098190021
042C67121B6781,0,0.3184391168853679,1.8250403362712895
042C69121B6780,0,-1.0660968916696263,0.2657015272431859
042C6A121B6780,4,-0.00576975954090891,-1.9560129163834028
042C6C121B6781,0,-0.6273902067712729,-0.8463890795265973
042C70121B6780,0,-1.3306322566371478,0.3691692778208366
042C7F121B6780,0,-2.0381270606117625,-0.11242340201816521
042C8A121B6781,1,-0.33425619645507587,0.6952917412257088
042C8B121B6780,0,-1.0585568287803682,0.0800668411169132
042C90121B6780,0,-0.4151076901169608,-0.44133941045816955
042C91121B6781,0,-0.14444898303609116,-0.2825614712652097
042C93121B6781,5,0.19180151314894056,2.1953947981152595
042CAC121B6781,0,-1.5723111935684841,0.21333099696634197
042CAF4A216281,0,-1.3148992413627296,0.043346885962565515
042CB8121B6781,6,-0.5024391925842046,-1.5081273634304764
042CBC121B6781,1,-0.3821946941999136,1.1543102960596445
042CBD121B6780,4,2.94630705887479,-0.08093687483509428
042CBF121B6781,0,-1.0585568287803682,0.0800668411169132
042CC04A216281,0,-2.0381270606117625,-0.11242340201816521
042CC1121B6781,5,1.2183877371029042,2.4526195271514797
042CC94A216281,1,0.062099977755873226,2.4544790594031314
042CCA121B6781,2,2.665006041884497,-1.4886166913528414
042CCE121B6781,1,2.7758422764895463,2.1397183649925537
042CCF121B6780,2,2.9574967138512775,-0.07546248859197026
042CD5121B6781,2,2.823121006962343,-0.9616380253791118
042CDD4A216281,4,1.1768066769384034,-0.8293989311638271
042CDF121B6781,6,0.4730786206500333,-1.5746263556419966
042CE0121B6781,5,2.3059150903502474,0.422681742858304
042CE4121B6780,4,1.1034952461657763,-2.151664768973978
042CE84A216281,1,-1.0574840157041085,0.539521453244978
042D054A216285,6,1.16058765524149,-2.4643623211311594
042D224A216285,4,2.4929368983254117,1.1502720576348358
042D244A216285,0,-1.3506180260203053,-1.0021593675073281
042D264A216285,1,-1.0650240785933665,0.7251561393712507
042D294A216285,0,-0.8490833743194516,0.3691012849470728
042D2B4A216285,4,-0.7008188570216239,-0.880642264767967
042D314A216285,0,-0.18777518501349003,1.7726698059944457
042D354A216285,0,-1.3506180260203053,-1.0021593675073281
042D394A216285,4,0.3521800250601213,-0.6538988363915189
042D3F4A216285,0,0.4586017207717365,-0.5305838541326291
042D45121B6781,0,-0.8319580176275481,0.6071744942239532
042D49121B6781,4,0.45250604461311134,-1.4446238312726227
042D50121B6781,4,-0.0537082572857466,-1.4969943615494665
042D51121B6781,0,-1.3148992413627296,0.043346885962565515
042D54121B6781,0,-0.4630461878617985,0.017679144375766526
042D57121B6781,0,-0.3710477941889112,-0.8096691243722497
042D58121B6781,1,0.003842492257739335,0.8028881554883385
042D5C121B6781,0,-0.3428690724205936,0.4214718152239167
042D5D121B6781,1,-1.0650240785933665,0.7251561393712507
042D60121B6781,1,-1.1054225134489462,0.998540008078914
042D64121B6780,0,-1.5723111935684841,0.21333099696634197
042D66121B6780,2,0.2231124827856778,-1.843636098190021
042D69121B6781,6,-0.5503776903290423,-1.04910880859654
042D6A121B6780,4,-0.00576975954090891,-1.9560129163834028
042D6B121B6781,0,-1.5243726958236463,-0.245687557867594
042D6C121B6781,0,-0.6273902067712729,-0.8463890795265973
042D77121B6780,1,-0.5992082115500883,1.0509105383557578
042D7F121B6780,0,0.28484705096839547,0.22588795550710494
042D82121B6781,4,-0.00576975954090891,-1.9560129163834028
042D8A121B6781,1,-0.6686806651030609,1.0679955812994277
042D8F121B6781,0,-1.5723111935684841,0.21333099696634197
042D90121B6780,0,-0.8723564524831279,0.8805583629316165
042D91121B6781,0,-0.14444898303609116,-0.2825614712652097
042D93121B6781,4,-0.22746292708908755,-0.7405225519097324
042DA14A216281,2,0.9622079908040708,-1.8368772224686503
042DAC121B6781,0,-1.5723111935684841,0.21333099696634197
042DAF4A216281,0,-1.3148992413627296,0.043346885962565515
042DBB121B6780,3,5.228083358159113,6.553979786849585
042DBC121B6781,1,-0.3821946941999136,1.1543102960596445
042DBD121B6780,4,-0.7008188570216239,-0.880642264767967
042DBD121B6781,0,-0.8723564524831279,0.8805583629316165
042DBE121B6780,4,1.6268895287072633,-0.17782214032104893
042DBF121B6780,0,-1.5723111935684841,0.21333099696634197
042DBF121B6781,5,-0.2826272298598554,1.59582047312896
042DC0121B6780,1,0.7853277970049056,2.610249347383862
042DC34A216281,0,-1.3430779631310472,-1.187794053633601
042DC4121B6781,5,1.9727220452420735,2.0576833461763844
042DC64A216281,0,-0.8444037241214475,-0.9497888372304841
042DCD121B6780,4,-0.7008188570216239,-0.880642264767967
042DCE121B6780,0,-1.5723111935684841,0.21333099696634197
042DCE121B6781,1,-0.5916681486608303,0.8652758522294853
042DD5121B6781,2,2.2124369297163344,-1.4856090401406123
042DD6121B6781,2,-0.006120747651759013,-0.44251104759007825
042DD7121B6781,0,0.35708566866476266,1.088699181189191
042DDA121B6780,2,2.789930190466792,-0.14506915404027734
042DE3121B6780,1,0.4892976423469466,0.06033703432533575
042DE3121B6781,6,2.1714665218160896,-0.25798886231823803
042DE4121B6780,0,-1.1994930960312238,-1.1186474811710838
042DE74A216281,0,-1.369278808416543,1.1055104329029353
042DE84A216281,4,0.18797067964558947,-1.341156080694972
042DE94A216281,0,-1.5723111935684841,0.21333099696634197
042DF3121B6780,4,1.466350674371448,0.8930473285986157
042E074A216285,6,-1.1974882900649195,-0.43275671181504055
042E1B4A216285,0,-0.8415433114301936,0.1834665988208
042E244A216285,5,2.2005314744924003,1.710605552241701
042E264A216285,4,-0.5195241243290248,-1.8227487605339738
042E28121B6781,5,-0.7888415317587134,1.5434499428521162
042E294A216285,0,-0.8490833743194516,0.3691012849470728
042E314A216285,4,-0.013309822430166925,-1.77037823025713
042E3F4A216285,0,-1.0660968916696263,0.2657015272431859
042E49121B6781,1,-0.4365742612537268,2.2164738430000144
042E50121B6781,0,-1.564771130679226,0.027696310840069283
042E51121B6781,0,-0.9288620549050768,-0.30807525460874063
042E52121B6781,6,1.712511647662145,-0.7728806216753887
042E53121B6781,1,-0.3417962593443339,0.8809264273519815
042E55121B6781,0,-0.8772620960877692,-0.8620396546490936
042E66121B6781,4,0.4611189205786291,-1.1708039052708308
042E69121B6781,2,1.979370868750516,-1.3676273949933149
042E6B121B6781,4,-0.0008641159362675583,-0.2134148988026926
042E70121B6781,4,-0.7008188570216239,-0.880642264767967
042E77121B6780,0,-1.3148992413627296,0.043346885962565515
042E78121B6780,2,1.0466663215877001,-2.4785908050903935
042E82121B6781,0,-1.0660968916696263,0.2657015272431859
042E89121B6780,0,-1.207033158920482,-0.9330127950448109
042E8F121B6781,6,-1.2378867249204992,-0.15937284310737718
042E90121B6780,2,3.32277474849928,-1.221806280603123
042EB9121B6781,5,2.739338692236307,3.2016604251811995
042EBA121B6781,5,4.991033366778184,0.9701916457795736
042EBB121B6780,1,0.5100567941565972,0.8552586857651824
042EBD121B6781,2,3.811863693706234,-1.4075089596031598
042EBE121B6780,4,-0.013309822430166925,-1.77037823025713
042EBF121B6780,0,-1.5723111935684841,0.21333099696634197
042EBF121B6781,5,-0.2826272298598554,1.59582047312896
042EBF4A216281,5,1.0214510281095879,2.47448006835488
042EC0121B6780,5,0.4124218676208596,0.5204498215135244
042EC2121B6780,1,-0.22639011401282783,-0.2810679397816678
042EC4121B6781,5,1.9727220452420735,2.0576833461763844
042EC64A216281,0,-0.8444037241214475,-0.9497888372304841
042ECD121B6780,2,1.4121561690779882,-1.3621114112247834
042ECE121B6780,0,-1.5723111935684841,0.21333099696634197
042ED6121B6780,4,2.041105436933234,0.7018966587038113
042ED9121B6780,0,-1.5243726958236463,-0.245687557867594
042EDA121B6780,2,1.6806651847601068,0.050582698550298094
042EDD121B6780,4,1.7601237852737337,0.5707938742509521
042EDD121B6781,2,-0.5037221735850992,-0.22106165186513013
042EE0121B6780,4,0.46004610750236935,-1.6302585173988955
042EE3121B6780,1,0.9866082990806619,3.0394714969460197
042EE3121B6781,5,3.379619921862908,-0.015633212085868767
042EE4121B6781,6,1.5704001750708665,-0.4872087254605677
042EE6121B6781,1,-0.3821946941999136,1.1543102960596445
042EE64A216281,1,-1.5712383804922243,0.6727856090944068
042EE74A216281,0,-1.369278808416543,1.1055104329029353
042EE94A216281,0,-0.8086849394638718,0.09571741623940944
042EF3121B6780,0,-0.3661421505842699,0.9329288932084604
042EFA121B6781,1,1.197565828748054,-0.03447727972398056
042F004A216285,4,0.7174580597081235,-1.8002426284026722
042F074A216285,6,-1.1974882900649195,-0.43275671181504055
042F194A216285,0,-2.0381270606117625,-0.11242340201816521
042F1B4A216285,0,-0.15403427683873663,-0.7062693666683628
042F1E4A216285,0,-0.6074044373881153,0.5249395658015673
042F1F4A216285,0,-2.0381270606117625,-0.11242340201816521
042F254A216285,0,-0.8723564524831279,0.8805583629316165
042F28121B6781,4,-0.5195241243290248,-1.8227487605339738
042F314A216285,0,-0.8444037241214475,-0.9497888372304841
042F3D121B6781,6,-0.0834890102095043,-0.26389979748396813
042F46121B6781,0,-2.0381270606117625,-0.11242340201816521
042F50121B6781,2,-0.5047949866613589,-0.6805162639931949
042F52121B6781,6,-0.7305996099453815,0.35245229929753136
042F53121B6781,1,-0.3417962593443339,0.8809264273519815
042F59121B6781,4,-0.11363584198315682,-0.9796532353760261
042F62121B6781,1,-0.8837293459007675,-0.21695035639475618
042F64121B6781,6,1.0443424654668505,-1.9873117823501187
042F65121B6781,0,-0.8319580176275481,0.6071744942239532
042F66121B6781,1,0.12401960769894432,1.2066808263364883
042F70121B6781,2,0.6938339934335972,0.22471631837519623
042F78121B6780,2,1.0466663215877001,-2.4785908050903935
042F7C121B6781,0,-1.5319127587129044,-0.06005287174132128
042F88121B6780,4,0.9476906659786908,-0.7162865331326655
042F89121B6780,0,-2.0381270606117625,-0.11242340201816521
042F8D121B6781,0,-1.5723111935684841,0.21333099696634197
042FB14A216281,4,0.4957648921599449,-0.5847522639290017
042FB9121B6781,5,2.739338692236307,3.2016604251811995
042FBA121B6780,2,5.173126624097552,0.6632869274094879
042FBA121B6781,2,3.4898849315521483,0.5221582119249971
042FBB121B6780,5,2.4500469325926315,3.665489163468904
042FBE121B6780,5,0.8134186869264373,0.4196122829722651
042FBF4A216281,5,1.0214510281095879,2.47448006835488
042FC1121B6781,1,0.23942575303045033,0.04468645920283951
042FC2121B6780,4,0.7223637033127649,-0.057644610821961824
042FC5121B6781,5,0.19180151314894056,2.1953947981152595
042FCB4A216281,0,-1.0660968916696263,0.2657015272431859
042FD9121B6780,4,-0.04616819439648859,-1.6826290476757393
042FDD121B6780,4,1.5657042760873106,-0.04756563568384914
042FDD121B6781,2,2.579906644326673,1.2282667034535375
042FDF121B6781,4,0.6695195619632859,-1.341224073568736
042FE3121B6781,5,0.6429539045411932,2.6402675227999137
042FE4121B6781,6,0.8828911404794098,0.40252724002859513
042FE64A216281,1,-1.5712383804922243,0.6727856090944068
042FFA121B6781,6,-0.7634579819117032,0.440201481878922
0430004A216285,0,-1.338172319526406,0.5548039639471093
0430184A216285,5,-1.2546573988019918,1.217695543867609
0430194A216285,0,-2.0381270606117625,-0.11242340201816521
04301D4A216285,1,-0.3417962593443339,0.8809264273519815
04301E4A216285,0,-0.6074044373881153,0.5249395658015673
04301F4A216285,0,0.07256453431408341,-0.17916171356132285
043022121B6781,5,-0.06561371250968082,1.6992202308328468
0430254A216285,1,0.8115286422904011,0.31694486084732565
04303D121B6781,0,-1.338172319526406,0.5548039639471093
043046121B6781,0,-1.5319127587129044,-0.06005287174132128
043047121B6781,5,0.8277105889230895,1.8596232326664492
043048121B6781,0,-1.369278808416543,1.1055104329029353
04304D121B6781,1,-1.0650240785933665,0.7251561393712507
04304F121B6781,0,-1.5723111935684841,0.21333099696634197
043050121B6781,2,-0.5047949866613589,-0.6805162639931949
043054121B6781,1,1.4749635503369658,1.1668672546004075
043055121B6781,0,-1.3506180260203053,-1.0021593675073281
043056121B6781,0,-0.8848021589770272,-0.6764049685228208
043057121B6781,0,-1.5319127587129044,-0.06005287174132128
043058121B6781,0,-1.0660968916696263,0.2657015272431859
043059121B6781,1,-0.23393017690208584,-0.09543325365539498
04305A121B6781,0,-1.564771130679226,0.027696310840069283
043063121B6780,0,-0.6768641302204448,1.9583724849944826
043064121B6781,6,1.0443424654668505,-1.9873117823501187
043065121B6781,1,0.2509347733377301,1.3267378775108514
043067121B6780,6,1.5101583325101284,-1.6615573833656114
043068121B6781,0,-0.4151076901169608,-0.44133941045816955
04307C121B6781,0,-1.5319127587129044,-0.06005287174132128
043080121B6780,0,-0.9034629413732647,1.4312648318874424
043088121B6780,0,-0.3785878570781692,-0.6240344382459769
04308D121B6781,4,0.919394724732649,-0.6594148201600506
0430B14A216281,1,-1.1054225134489462,0.998540008078914
0430B5121B6780,4,1.0059481514768247,0.9353043707821267
0430B8121B6780,1,0.31776004688544274,1.821537662024919
0430B9121B6780,4,1.7787845676699714,-1.5368759261593115
0430BA121B6780,2,4.485617589506095,1.553022892898651
0430BB121B6780,0,0.04145804542394646,0.3715447553945031
0430BB121B6781,6,0.11200331205317884,0.8139143245788978
0430BE121B6780,6,0.6416288536755643,-0.0054620873782980535
0430C5121B6781,5,0.19180151314894056,2.1953947981152595
0430CB4A216281,1,-1.0650240785933665,0.7251561393712507
0430D0121B6781,1,0.8315144116735586,1.6882735061754903
0430D2121B6781,2,1.986910931639774,-1.5532620811195876
0430DF121B6780,5,2.256306493406133,3.0506323277804737
0430DF121B6781,0,-1.3430779631310472,-1.187794053633601
0430E1121B6780,5,1.022895414840221,1.3748054050886136
0430E1121B6781,1,0.7620547188412294,3.121706425368406
043108121B6784,0,-2.0381270606117625,-0.11242340201816521
0431184A216285,1,0.345712775247123,-0.008809538137181565
04311D4A216285,5,2.2341806314557235,3.506616750097854
04311E4A216285,0,-1.5319127587129044,-0.06005287174132128
0431214A216285,4,-0.00576975954090891,-1.9560129163834028
0431254A216285,0,-2.0381270606117625,-0.11242340201816521
0431274A216285,4,2.2627986044814126,-0.5135937057698589
04314B121B6781,4,-0.5195241243290248,-1.8227487605339738
043160121B6780,2,-0.5047949866613589,-0.6805162639931949
043163121B6780,0,-0.6768641302204448,1.9583724849944826
043167121B6780,0,-0.8011448765746138,-0.08991726988686331
043180121B6780,0,-1.564771130679226,0.027696310840069283
04318F121B6780,4,0.45250604461311134,-1.4446238312726227
043190121B6780,0,-1.338172319526406,0.5548039639471093
0431B4121B6781,5,-0.04848835581777744,1.9372934401097273
0431B5121B6780,4,1.0059481514768247,0.9353043707821267
0431B8121B6780,6,-1.1974882900649195,-0.43275671181504055
0431B9121B6780,4,1.0912755330785144,-0.6471399606701483
0431BA121B6780,4,2.697507982634554,0.36286716217047404
0431BB121B6781,6,0.11200331205317884,0.8139143245788978
0431BE121B6781,2,1.5200222515202362,-2.338471092232159
0431D5121B6780,0,-2.0381270606117625,-0.11242340201816521
0431DF121B6780,5,2.256306493406133,3.0506323277804737
0431E1121B6780,2,4.063861618390866,0.8589387800000635
0431E1121B6781,1,0.7620547188412294,3.121706425368406
0431E2121B6781,4,1.1832739267514016,-1.474488229418165
0431E3121B6780,4,0.4084461486850616,-1.0762941173585427
0431F4121B6780,4,1.1881795703560432,0.26810978816254555
043208121B6784,0,-1.0660968916696263,0.2657015272431859
04321E4A216285,4,-1.035243325669609,-0.5079384246942475
0432214A216285,0,-2.0381270606117625,-0.11242340201816521
0432224A216285,6,-0.5099792554734626,-1.3224926773042036
0432234A216285,0,-0.18777518501349003,1.7726698059944457
0432244A216285,0,-2.0381270606117625,-0.11242340201816521
0432274A216285,2,3.32277474849928,-1.221806280603123
04324A121B6781,0,-1.0585568287803682,0.0800668411169132
04324B121B6781,0,-1.5319127587129044,-0.06005287174132128
04324E121B6781,0,-1.5319127587129044,-0.06005287174132128
04325E121B6780,0,-2.0381270606117625,-0.11242340201816521
043260121B6780,1,-0.4179134788574892,0.10880404258975099
04326F121B6780,1,-0.5992082115500883,1.0509105383557578
043287121B6780,1,-1.5712383804922243,0.6727856090944068
043290121B6780,6,-0.9804747727147448,-0.32935695411115373
0432B4121B6781,5,-0.04848835581777744,1.9372934401097273
0432B6121B6780,6,0.2807162113622382,-1.8696982016231858
0432B8121B6781,6,-0.17755959279178188,-2.381087286733966
0432B9121B6780,4,0.006675946952990457,-0.39904958492896536
0432BA121B6780,4,0.7869298281603456,0.1460138437221971
0432BA121B6781,2,-0.4719366146950372,-0.7682654465745854
0432BC121B6780,4,3.4593823536629813,-0.21770370493089364
0432BD121B6780,0,-1.5723111935684841,0.21333099696634197
0432BE121B6781,2,0.032272881237516315,-1.4017856856537845
0432C2121B6780,6,0.21994379763243335,-0.6773726242237067
0432C4121B6780,1,-0.5992082115500883,1.0509105383557578
0432D5121B6780,0,-1.5723111935684841,0.21333099696634197
0432DB121B6780,1,1.2100115352419534,1.5224860517304568
0432DD121B6780,1,0.8190687051796591,0.13131017472105297
0432E2121B6781,2,2.7025986879995485,-1.2118571070125843
0432E3121B6780,4,0.7223637033127649,-0.057644610821961824
0432E4121B6780,0,-1.0660968916696263,0.2657015272431859
0432E4121B6781,2,2.377719088207126,-0.3388971837090946
0432F4121B6780,4,1.1881795703560432,0.26810978816254555
0433014A216285,4,0.5972809442669185,-2.204035299250822
0433034A216285,0,-0.8723564524831279,0.8805583629316165
043307121B6784,1,0.3224396970834468,0.5026475398473622
04331A4A216285,0,-0.20522139676589563,0.9097641061342693
043322121B6781,5,-0.06561371250968082,1.6992202308328468
0433224A216285,6,-0.5099792554734626,-1.3224926773042036
0433234A216285,4,-0.23500298997834557,-0.5548878657834596
043327121B6781,2,0.46076793246777886,0.34269796352249365
0433334A216285,4,0.029949025116666698,-0.910506662913509
043344121B6781,6,-0.5503776903290423,-1.04910880859654
04334E121B6781,1,-1.5712383804922243,0.6727856090944068
043354121B6781,1,1.4749635503369658,1.1668672546004075
043357121B6781,0,-0.8444037241214475,-0.9497888372304841
043358121B6781,0,-2.0381270606117625,-0.11242340201816521
04335A121B6781,0,-1.5723111935684841,0.21333099696634197
04335B121B6781,0,-1.5319127587129044,-0.06005287174132128
043361121B6780,1,-0.23393017690208584,-0.09543325365539498
043361121B6781,4,-0.013309822430166925,-1.77037823025713
043362121B6780,4,-0.04126255079184718,0.05996896990497089
043368121B6781,0,-1.5319127587129044,-0.06005287174132128
043369121B6780,0,-0.8648163895938697,0.6949236768053438
04336E121B6780,0,-1.5723111935684841,0.21333099696634197
04336F121B6781,2,1.7698941408367326,-2.3228205171096628
043370121B6780,6,1.2538191933806337,-1.03211866023377
043387121B6780,1,-1.5712383804922243,0.6727856090944068
043390121B6780,1,-1.1054225134489462,0.998540008078914
0433B6121B6780,6,0.2807162113622382,-1.8696982016231858
0433B8121B6781,6,-0.9202329301540065,0.84499170379389
0433B9121B6780,4,0.6941849815444473,-1.2887855504181283
0433BC121B6780,2,2.665006041884497,-1.4886166913528414
0433BD121B6780,4,0.926934787621907,-0.8450495062863234
0433C04A216281,1,-0.4619733747855389,0.4771337565038313
0433C1121B6781,1,0.23942575303045033,0.04468645920283951
0433C2121B6780,6,0.21994379763243335,-0.6773726242237067
0433C4121B6780,1,-0.5992082115500883,1.0509105383557578
0433CF121B6780,0,-0.8319580176275481,0.6071744942239532
0433D0121B6781,1,0.8315144116735586,1.6882735061754903
0433D2121B6781,5,1.7998593989149407,1.1731543636977566
0433DB121B6780,0,-0.7412172918772035,-0.6072583960603035
0433DD121B6780,1,0.8190687051796591,0.13131017472105297
0433DF121B6781,6,0.32865470910707606,-2.328716756457122
0433E0121B6781,5,1.248421412916781,1.4424584460675889
0433E4121B6780,1,0.3656985446302804,1.3625191071909832
0433E4121B6781,2,2.377719088207126,-0.3388971837090946
043407121B6784,1,0.3224396970834468,0.5026475398473622
0434224A216285,0,-1.369278808416543,1.1055104329029353
0434244A216285,4,1.0445947032562195,0.19896321570002817
043429121B6781,0,-0.8444037241214475,-0.9497888372304841
04342B4A216285,0,-2.0381270606117625,-0.11242340201816521
0434324A216285,4,-0.017989472628171046,-0.45148810807957285
0434334A216285,4,0.029949025116666698,-0.910506662913509
043444121B6781,6,-0.5503776903290423,-1.04910880859654
043445121B6781,5,1.293526455966368,2.1853776316509568
043452121B6781,2,1.826372077303959,-0.482392612199923
043453121B6781,0,-0.3353290095313356,0.23583712909764393
043461121B6780,1,-0.23393017690208584,-0.09543325365539498
043461121B6781,0,-2.0381270606117625,-0.11242340201816521
043462121B6780,4,-0.04126255079184718,0.05996896990497089
043463121B6781,5,-0.08888679067335703,2.2106773088173908
043464121B6780,0,-1.5723111935684841,0.21333099696634197
043466121B6780,2,-0.24738303445560456,-0.8505003749969712
043468121B6780,0,-1.5319127587129044,-0.06005287174132128
043469121B6780,0,-1.564771130679226,0.027696310840069283
04346A121B6781,6,0.18997548561189384,-0.655265311338929
04346E121B6780,0,-0.3785878570781692,-0.6240344382459769
043470121B6780,4,0.919394724732649,-0.6594148201600506
04348F121B6781,0,-2.0381270606117625,-0.11242340201816521
043490121B6780,1,-1.1054225134489462,0.998540008078914
0434AC121B6781,0,-1.5723111935684841,0.21333099696634197
0434AF4A216281,4,-0.017989472628171046,-0.45148810807957285
0434B8121B6781,6,-0.5024391925842046,-1.5081273634304764
0434BC121B6780,0,-0.8848021589770272,-0.6764049685228208
0434BC121B6781,1,-0.3821946941999136,1.1543102960596445
0434BD121B6780,4,2.94630705887479,-0.08093687483509428
0434BF121B6781,0,-1.0585568287803682,0.0800668411169132
0434C1121B6781,4,2.7286144715246907,-0.18783930678535166
0434C24A216281,1,-0.5992082115500883,1.0509105383557578
0434CF121B6780,6,-0.49753354897956314,0.23447065415023394
0434D3121B6780,0,-1.0660968916696263,0.2657015272431859
0434D8121B6781,5,3.4985140563032187,1.6752251703276273
0434DF121B6781,6,-0.5024391925842046,-1.5081273634304764
0434E4121B6780,4,1.1034952461657763,-2.151664768973978
0434E84A216281,0,-0.6431232220456911,-0.5205666876683264
0435224A216285,5,0.8531097024549016,3.5989633191626327
0435244A216285,5,2.2005314744924003,1.710605552241701
0435264A216285,4,-0.013309822430166925,-1.77037823025713
043529121B6781,0,-0.8444037241214475,-0.9497888372304841
04352B4A216285,0,-2.0381270606117625,-0.11242340201816521
04352C4A216285,5,3.081987050948759,1.8620314935858087
0435324A216285,0,-2.0381270606117625,-0.11242340201816521
043536121B6781,5,1.4965588411183088,3.07755706758755
043545121B6781,5,0.8277105889230895,1.8596232326664492
043549121B6781,1,-0.4365742612537268,2.2164738430000144
04354C121B6781,0,-2.0381270606117625,-0.11242340201816521
043550121B6781,0,-1.564771130679226,0.027696310840069283
043552121B6781,0,-1.5723111935684841,0.21333099696634197
043555121B6781,1,-1.0574840157041085,0.539521453244978
043556121B6781,4,-0.00576975954090891,-1.9560129163834028
043559121B6781,1,-1.0650240785933665,0.7251561393712507
04355E121B6781,1,-1.0574840157041085,0.539521453244978
043563121B6781,0,-1.0585568287803682,0.0800668411169132
043564121B6780,0,-1.5723111935684841,0.21333099696634197
043567121B6781,0,0.3184391168853679,1.8250403362712895
043568121B6780,0,-1.5319127587129044,-0.06005287174132128
04356A121B6780,4,0.7223637033127649,-0.057644610821961824
04356A121B6781,0,-1.1994930960312238,-1.1186474811710838
04358B121B6781,5,-0.2750871669705974,1.4101857870026873
043590121B6780,2,3.32277474849928,-1.221806280603123
0435AF4A216281,0,-0.8490833743194516,0.3691012849470728
0435BC121B6781,0,-0.3428690724205936,0.4214718152239167
0435BD121B6780,4,1.1138142339190722,-0.04105531022524949
0435BD121B6781,2,1.5482009732885538,-1.1073301526359929
0435BE121B6780,6,-1.2378867249204992,-0.15937284310737718
0435BF121B6780,0,-1.5319127587129044,-0.06005287174132128
0435BF121B6781,2,0.001419315237499001,-0.628145733716351
0435C1121B6781,4,1.6426225439816815,-0.5036445321793199
0435C24A216281,0,-0.8648163895938697,0.6949236768053438
0435C94A216281,1,0.062099977755873226,2.4544790594031314
0435CA121B6781,2,1.826372077303959,-0.482392612199923
0435CD121B6780,1,1.393058151010737,1.0433368423388854
0435CE121B6780,2,1.4170618126826298,0.38048660635592696
0435D8121B6781,4,2.9587527653686894,1.476026456619343
0435DA121B6780,2,2.5138811118954156,-1.3721285776890861
0435DB121B6780,2,2.380484907533818,-2.756477586103355
0435E0121B6780,4,0.46004610750236935,-1.6302585173988955
0435E3121B6780,2,1.826372077303959,-0.482392612199923
0435E3121B6781,5,3.379619921862908,-0.015633212085868767
0435E4121B6780,1,1.4803768944856204,1.5348786957684257
0435E74A216281,1,-0.3417962593443339,0.8809264273519815
0435E84A216281,4,0.4957648921599449,-0.5847522639290017
0435E94A216281,0,-0.8086849394638718,0.09571741623940944
0435F3121B6780,0,0.32136688400718705,0.0431929277192975
043603121B6785,0,-0.8648163895938697,0.6949236768053438
04361B4A216285,4,1.4381719526031305,-0.33809361099755075
043623121B6781,0,-0.3785878570781692,-0.6240344382459769
0436264A216285,4,-0.013309822430166925,-1.77037823025713
0436294A216285,0,-1.5723111935684841,0.21333099696634197
0436314A216285,0,-0.3710477941889112,-0.8096691243722497
04364C121B6781,6,-1.2378867249204992,-0.15937284310737718
043650121B6781,0,-2.0381270606117625,-0.11242340201816521
043656121B6781,1,1.4145793460982286,0.06892247797990624
043658121B6781,1,-0.4619733747855389,0.4771337565038313
043659121B6781,1,-1.0650240785933665,0.7251561393712507
04365C121B6781,0,-2.0381270606117625,-0.11242340201816521
04365D121B6781,1,-1.5712383804922243,0.6727856090944068
04365E121B6781,1,-1.0574840157041085,0.539521453244978
043660121B6781,1,-1.1054225134489462,0.998540008078914
04366A121B6780,4,0.7223637033127649,-0.057644610821961824
04366B121B6780,6,-0.4544170631107284,1.170746102778397
04366C121B6781,4,-0.23500298997834557,-0.5548878657834596
043670121B6781,0,-0.3785878570781692,-0.6240344382459769
043677121B6780,0,-1.3148992413627296,0.043346885962565515
043678121B6780,4,-0.0537082572857466,-1.4969943615494665
043682121B6781,1,-0.3699749811126515,-0.350214512244185
04368A121B6781,4,-0.09776815321379631,-1.1286646476353865
043690121B6780,4,-0.6932787941323659,-1.06627695089424
043691121B6781,0,-1.5723111935684841,0.21333099696634197
043693121B6781,1,-0.5992082115500883,1.0509105383557578
0436B9121B6781,0,-0.18023512212423212,1.587035119868173
0436BA121B6781,5,4.991033366778184,0.9701916457795736
0436BD121B6781,2,4.511818434791591,-0.7402815936378851
0436BF121B6780,0,-1.5319127587129044,-0.06005287174132128
0436BF121B6781,1,1.2332846134056297,1.011028973745913
0436BF4A216281,0,0.32136688400718705,0.0431929277192975
0436C0121B6780,5,0.18426145025968255,2.3810294842415325
0436C1121B6781,4,-0.00576975954090891,-1.9560129163834028
0436C14A216281,1,-0.22639011401282783,-0.2810679397816678
0436C2121B6780,4,0.7223637033127649,-0.057644610821961824
0436C34A216281,1,-0.4103734159682312,-0.07683064353652166
0436C94A216281,2,-0.5047949866613589,-0.6805162639931949
0436CA121B6781,2,1.826372077303959,-0.482392612199923
0436CD121B6780,4,-0.7008188570216239,-0.880642264767967
0436CE121B6780,1,-0.4441143241429847,2.4021085291262874
0436CE121B6781,0,-0.8848021589770272,-0.6764049685228208
0436D6121B6780,2,2.186236084430839,0.8076954463959237
0436D9121B6780,0,-0.4226477530062188,-0.2557047243318967
0436DA121B6780,2,1.826372077303959,-0.482392612199923
0436E3121B6780,2,1.826372077303959,-0.482392612199923
0436E3121B6781,6,0.43517099818325305,1.345434064247313
0436E4121B6781,5,1.9667435885611722,-0.14436928353239042
0436E64A216281,0,-0.5457249696145203,0.47055572600256224
0436E74A216281,1,-0.3417962593443339,0.8809264273519815
0436E94A216281,0,-0.8086849394638718,0.09571741623940944
0436F3121B6780,5,0.8352506518123476,1.6739885465401765
043705121B6785,5,-0.04848835581777744,1.9372934401097273
0437194A216285,0,-0.3353290095313356,0.23583712909764393
04371E4A216285,2,2.879159146543418,-2.5184723697002385
0437254A216285,4,1.6880438419196269,-0.3224430358750544
0437294A216285,0,-0.8490833743194516,0.3691012849470728
0437314A216285,4,0.7306771486285162,-0.8196862908365524
0437394A216285,0,-2.0381270606117625,-0.11242340201816521
04373D121B6781,0,-1.338172319526406,0.5548039639471093
04373F4A216285,0,0.4586017207717365,-0.5305838541326291
04374F121B6781,0,-0.9110030042625226,1.6168995180137151
043750121B6781,4,1.6569373530294895,0.22826343308077146
043754121B6781,1,0.31951192996162747,2.284494948399355
043755121B6781,1,-0.3775150440019095,-0.16457982611791225
043757121B6781,0,-0.3710477941889112,-0.8096691243722497
043758121B6781,1,-0.4619733747855389,0.4771337565038313
04375C121B6781,0,-1.3506180260203053,-1.0021593675073281
04375D121B6781,1,-1.5712383804922243,0.6727856090944068
043760121B6781,1,-1.1054225134489462,0.998540008078914
043767121B6781,0,0.3184391168853679,1.8250403362712895
043769121B6781,2,1.979370868750516,-1.3676273949933149
04376B121B6781,1,-0.403715889287405,2.1287246604186243
04376C121B6781,1,0.4892976423469466,0.06033703432533575
043777121B6780,1,-1.0650240785933665,0.7251561393712507
043778121B6780,4,-0.0537082572857466,-1.4969943615494665
04377C121B6781,0,-1.5319127587129044,-0.06005287174132128
043782121B6781,1,-0.3699749811126515,-0.350214512244185
043788121B6780,0,-1.3148992413627296,0.043346885962565515
04378A121B6781,1,-0.33425619645507587,0.6952917412257088
04378F121B6781,0,-1.5723111935684841,0.21333099696634197
043791121B6781,0,-1.5723111935684841,0.21333099696634197
043793121B6781,1,-0.5992082115500883,1.0509105383557578
0437B14A216281,1,-1.1054225134489462,0.998540008078914
0437B9121B6781,0,-0.18023512212423212,1.587035119868173
0437BA121B6780,4,1.3075546731055707,0.5738015254631811
0437BA121B6781,2,0.18271404793009796,-1.5702522294823578
0437BB121B6780,0,0.04145804542394646,0.3715447553945031
0437BE121B6780,1,1.4728368315963625,1.7205133818946987
0437BF121B6781,1,1.2332846134056297,1.011028973745913
0437BF4A216281,0,0.32136688400718705,0.0431929277192975
0437C1121B6781,0,-1.0660968916696263,0.2657015272431859
0437C14A216281,1,-0.22639011401282783,-0.2810679397816678
0437C34A216281,1,-0.4103734159682312,-0.07683064353652166
0437C4121B6781,4,1.6426225439816815,-0.5036445321793199
0437C64A216281,1,0.12401960769894432,1.2066808263364883
0437CE121B6781,1,2.7758422764895463,2.1397183649925537
0437DD121B6781,5,-0.7813014688694554,1.3578152567258435
0437DF121B6781,5,-0.7484430969031338,1.2700660741444527
0437E4121B6781,4,-0.0537082572857466,-1.4969943615494665
0437E64A216281,0,-1.5243726958236463,-0.245687557867594
0438054A216285,6,1.3041725223413139,-2.3952157486686425
0438074A216285,6,-1.1974882900649195,-0.43275671181504055
0438184A216285,5,-1.2546573988019918,1.217695543867609
04381D4A216285,4,1.883228667836758,-0.8072608634528903
04381E4A216285,2,2.879159146543418,-2.5184723697002385
0438254A216285,0,-0.8723564524831279,0.8805583629316165
043828121B6781,4,-0.5195241243290248,-1.8227487605339738
0438304A216285,4,0.9648160226705943,-0.4782133238557852
0438314A216285,4,0.7306771486285162,-0.8196862908365524
04383D121B6781,1,-0.5916681486608303,0.8652758522294853
043846121B6781,0,-1.5319127587129044,-0.06005287174132128
043848121B6781,0,-0.6893098367143441,0.40140915354004497
04384D121B6781,1,0.08830082304136871,0.16117457286659492
04384F121B6781,0,-0.9110030042625226,1.6168995180137151
043850121B6781,4,1.6569373530294895,0.22826343308077146
043851121B6781,6,-0.5944375862570919,-0.6807790946824599
043852121B6781,6,-0.7305996099453815,0.35245229929753136
043853121B6781,4,-0.6932787941323659,-1.06627695089424
043855121B6781,1,0.044240927113319006,0.5295042867806752
043866121B6781,1,0.12401960769894432,1.2066808263364883
043869121B6781,2,3.213583615191403,-2.8911762097739575
04386B121B6781,0,-1.5243726958236463,-0.245687557867594
04387C121B6781,0,-1.158842423386275,0.7942436481713997
043880121B6780,1,-1.0574840157041085,0.539521453244978
043888121B6780,0,-1.3148992413627296,0.043346885962565515
04388F121B6781,0,-1.5723111935684841,0.21333099696634197
0438A14A216281,0,-0.8415433114301936,0.1834665988208
0438B14A216281,6,0.46598413923618726,0.6483423001364967
0438B5121B6780,1,-0.2743286117576656,0.17795061505226836
0438B8121B6780,6,-1.1974882900649195,-0.43275671181504055
0438B9121B6780,4,0.7099179968188655,-1.6146079422763995
0438BA121B6780,4,1.3075546731055707,0.5738015254631811
0438BB121B6780,1,-1.0978824505596882,0.8129053219526414
0438BE121B6780,4,3.451842290773723,-0.032069018804620875
0438C4121B6781,4,1.6426225439816815,-0.5036445321793199
0438DB121B6781,0,0.260181631387234,0.1734494323564972
0438DD121B6781,2,1.513555001707238,-1.6933817939778222
0438DD4A216281,0,-0.8086849394638718,0.09571741623940944
0438DE121B6781,5,-0.2826272298598554,1.59582047312896
0438DF121B6780,1,1.4317047027901322,0.3069956872567867
0438DF121B6781,5,-0.7409030340138758,1.08443138801818
0438E1121B6780,5,0.19180151314894056,2.1953947981152595
0438E1121B6781,1,0.7620547188412294,3.121706425368406
0438FA121B6781,6,-0.7634579819117032,0.440201481878922
04391D4A216285,1,-0.3417962593443339,0.8809264273519815
04391E4A216285,0,-0.8011448765746138,-0.08991726988686331
04391F4A216285,0,-2.0381270606117625,-0.11242340201816521
0439214A216285,4,0.42072048572304915,-0.8974200365631673
0439254A216285,1,-0.909930191186263,2.0763541301417803
0439274A216285,0,0.7739359961753497,0.04018527650706846
043928121B6781,0,-2.0381270606117625,-0.11242340201816521
0439314A216285,4,-0.013309822430166925,-1.77037823025713
04393C121B6781,1,-0.871283639406868,1.3400129750596812
04393E4A216285,0,-1.0660968916696263,0.2657015272431859
04394A121B6781,0,-1.0585568287803682,0.0800668411169132
04394B121B6781,0,-1.369278808416543,1.1055104329029353
043951121B6781,0,-0.9288620549050768,-0.30807525460874063
043953121B6781,4,0.45250604461311134,-1.4446238312726227
043956121B6780,0,-0.8444037241214475,-0.9497888372304841
043957121B6780,4,-0.4762652767821912,-0.9628771931903529
043958121B6780,2,-0.5123350495506169,-0.49488157786692216
043959121B6780,0,-0.8444037241214475,-0.9497888372304841
043959121B6781,1,-0.23393017690208584,-0.09543325365539498
04395B121B6780,1,-0.3775150440019095,-0.16457982611791225
04395C121B6780,1,-1.5712383804922243,0.6727856090944068
04395D121B6780,1,-0.3775150440019095,-0.16457982611791225
043964121B6781,5,1.0091639320792403,1.7203598880167388
043966121B6781,4,0.919394724732649,-0.6594148201600506
04396F121B6780,1,-0.5992082115500883,1.0509105383557578
043976121B6780,1,-0.4365742612537268,2.2164738430000144
043980121B6780,1,-1.0574840157041085,0.539521453244978
043989121B6780,0,-1.564771130679226,0.027696310840069283
0439B4121B6781,1,-0.5992082115500883,1.0509105383557578
0439B5121B6780,1,-0.2743286117576656,0.17795061505226836
0439B8121B6780,1,0.062099977755873226,2.4544790594031314
0439B9121B6780,2,3.371446940194768,0.006076727908516198
0439BA121B6780,5,2.680990231643181,1.962869032127068
0439BB121B6781,1,0.12401960769894432,1.2066808263364883
0439BE121B6781,2,0.032272881237516315,-1.4017856856537845
0439C2121B6780,0,-1.3073591784734717,-0.14228780016370723
0439C5121B6781,5,0.08265080478814685,0.4494766811178072
0439D9121B6780,0,-1.5243726958236463,-0.245687557867594
0439DB121B6781,0,0.260181631387234,0.1734494323564972
0439DD4A216281,0,-0.8086849394638718,0.09571741623940944
0439DF121B6780,1,1.4317047027901322,0.3069956872567867
0439E1121B6780,0,-2.0381270606117625,-0.11242340201816521
0439E1121B6781,4,0.3446399621708633,-0.4682641502652463
0439E2121B6781,2,2.7025986879995485,-1.2118571070125843
0439E3121B6780,4,0.7223637033127649,-0.057644610821961824
043A004A216285,4,0.7174580597081235,-1.8002426284026722
043A014A216285,2,2.1559313272943856,-2.6742426576809692
043A1A4A216285,4,2.764333256182266,0.857666946684542
043A1E4A216285,0,-0.8011448765746138,-0.08991726988686331
043A214A216285,4,-0.00576975954090891,-1.9560129163834028
043A224A216285,6,-0.5099792554734626,-1.3224926773042036
043A234A216285,0,-0.10873019837851547,0.762944782204684
043A244A216285,0,-2.0381270606117625,-0.11242340201816521
043A254A216285,0,-2.0381270606117625,-0.11242340201816521
043A274A216285,0,0.7739359961753497,0.04018527650706846
043A2D4A216285,0,-1.3148992413627296,0.043346885962565515
043A44121B6780,6,-0.29296573812328786,-1.2190929196003168
043A49121B6780,0,-0.3785878570781692,-0.6240344382459769
043A4A121B6781,0,-1.0585568287803682,0.0800668411169132
043A4B121B6781,0,-0.6817697738250861,0.2157744674137723
043A54121B6781,1,-0.36506933750801007,1.392383505336525
043A55121B6780,4,0.7382172115177741,-1.0053209769628253
043A56121B6780,0,-1.5319127587129044,-0.06005287174132128
043A57121B6780,2,2.6292872572269217,-2.5341229448227347
043A57121B6781,4,0.3446399621708633,-0.4682641502652463
043A58121B6780,0,-0.14912863323409525,1.0363286509123473
043A58121B6781,0,-2.0381270606117625,-0.11242340201816521
043A59121B6780,6,2.1043186094847175,-2.6955243571833822
043A59121B6781,1,1.1177474596865862,1.5516547379540993
043A5B121B6780,1,-1.5712383804922243,0.6727856090944068
043A5D121B6780,0,-1.3430779631310472,-1.187794053633601
043A62121B6781,6,0.7880033263373558,-1.3578730592182773
043A63121B6780,4,1.2972356853522748,-1.5368079332855478
043A64121B6781,5,1.0091639320792403,1.7203598880167388
043A67121B6780,0,-0.8011448765746138,-0.08991726988686331
043A68121B6781,0,-1.5319127587129044,-0.06005287174132128
043A76121B6780,1,0.2433947104484722,1.5123725636371244
043A89121B6780,0,-1.207033158920482,-0.9330127950448109
043A8D121B6781,0,0.35708566866476266,1.088699181189191
043AA4121B6781,0,-1.5243726958236463,-0.245687557867594
043AB4121B6781,1,-0.5992082115500883,1.0509105383557578
043AB6121B6780,5,4.531089869452084,1.6616872420895323
043AB9121B6780,5,1.487945965152791,2.8037371415857577
043ABA121B6780,5,2.680990231643181,1.962869032127068
043ABA121B6781,2,-0.4719366146950372,-0.7682654465745854
043ABD121B6780,4,0.926934787621907,-0.8450495062863234
043ABE121B6781,4,0.9880891008342705,-0.989670401840329
043AC1121B6781,4,1.0744886121397523,0.6917831706104784
043AC5121B6781,1,-1.1054225134489462,0.998540008078914
043ACB4A216281,1,0.28204126222786713,0.7760314085550255
043AD2121B6781,5,3.1510004789332084,1.195707896515691
043AD9121B6780,0,-1.564771130679226,0.027696310840069283
043AE2121B6781,2,1.2404067607741986,-1.8637339694019632
043AE3121B6780,2,3.95122456583892,0.2695114230256406
043AE4121B6780,1,0.3656985446302804,1.3625191071909832
043B014A216285,4,0.5972809442669185,-2.204035299250822
043B034A216285,4,0.4882248292706869,-0.39911757780272894
043B08121B6784,0,-0.3428690724205936,0.4214718152239167
043B1A4A216285,0,-0.8319580176275481,0.6071744942239532
043B22121B6781,0,-0.8490833743194516,0.3691012849470728
043B234A216285,0,-0.18777518501349003,1.7726698059944457
043B244A216285,0,-1.3506180260203053,-1.0021593675073281
043B2E121B6781,0,-1.369278808416543,1.1055104329029353
043B334A216285,1,0.74960901234733,1.5647430939139682
043B44121B6780,6,1.0518825283561084,-2.172946468476391
043B48121B6780,4,1.1757338638621437,-1.2888535432918922
043B4A121B6780,0,-1.5723111935684841,0.21333099696634197
043B4E121B6781,4,0.919394724732649,-0.6594148201600506
043B54121B6780,0,-1.0585568287803682,0.0800668411169132
043B54121B6781,1,-0.36506933750801007,1.392383505336525
043B55121B6780,4,0.7382172115177741,-1.0053209769628253
043B55121B6781,0,-1.3506180260203053,-1.0021593675073281
043B57121B6780,4,-0.013309822430166925,-1.77037823025713
043B57121B6781,4,0.3446399621708633,-0.4682641502652463
043B58121B6780,0,-1.5319127587129044,-0.06005287174132128
043B58121B6781,0,-2.0381270606117625,-0.11242340201816521
043B5A121B6781,0,-1.5723111935684841,0.21333099696634197
043B5B121B6781,4,1.1600008485877256,-0.9630311514336208
043B5E121B6780,0,-1.5243726958236463,-0.245687557867594
043B60121B6780,1,-0.4179134788574892,0.10880404258975099
043B61121B6781,6,-0.4067928232292187,-0.9799622361340229
043B67121B6780,1,-0.3775150440019095,-0.16457982611791225
043B68121B6781,0,-2.0381270606117625,-0.11242340201816521
043B6F121B6781,0,-1.5319127587129044,-0.06005287174132128
043B70121B6780,4,1.0959551832765184,-1.9660300828477055
043B87121B6781,0,-2.0381270606117625,-0.11242340201816521
043B8D121B6781,0,-1.5723111935684841,0.21333099696634197
043B90121B6780,0,-1.338172319526406,0.5548039639471093
043BB3121B6780,1,-0.33425619645507587,0.6952917412257088
043BB4121B6781,5,2.2762922627892905,4.421960973108638
043BB6121B6780,6,-0.4544170631107284,1.170746102778397
043BB8121B6781,6,-0.9202329301540065,0.84499170379389
043BB9121B6780,5,1.954834645272329,3.58894615269833
043BBC121B6780,0,-1.3148992413627296,0.043346885962565515
043BBD121B6780,2,1.4355639207366069,-1.6967575096104157
043BC1121B6781,4,1.797716431388785,0.8475534585912091
043BD0121B6781,4,0.6770596248525438,-1.5268587596950087
043BD2121B6781,4,0.926934787621907,-0.8450495062863234
043BD9121B6780,4,0.022408962227408683,-0.7248719767872362
043BDD121B6780,2,3.3574207200805954,-0.6357546392612939
043BDD121B6781,2,-0.9706108537046371,-1.006270662977702
043BE4121B6780,0,-1.5723111935684841,0.21333099696634197
043BFF4A216281,0,-0.8490833743194516,0.3691012849470728
043C034A216285,0,-0.8723564524831279,0.8805583629316165
043C224A216285,0,-1.5723111935684841,0.21333099696634197
043C244A216285,1,0.31285440328080133,0.07893964444420905
043C29121B6781,0,-2.0381270606117625,-0.11242340201816521
043C2B4A216285,0,-1.3306322566371478,0.3691692778208366
043C2C4A216285,5,0.4134946806971192,0.9799044336415892
043C2E121B6781,0,-1.5319127587129044,-0.06005287174132128
043C324A216285,0,-2.0381270606117625,-0.11242340201816521
043C334A216285,0,0.32136688400718705,0.0431929277192975
043C3E121B6780,0,-0.3785878570781692,-0.6240344382459769
043C41121B6780,0,-2.0381270606117625,-0.11242340201816521
043C45121B6780,5,-1.2546573988019918,1.217695543867609
043C4B121B6780,0,-0.6198501438820148,-1.0320237656528701
043C4F121B6780,1,-1.0650240785933665,0.7251561393712507
043C52121B6780,0,-0.9034629413732647,1.4312648318874424
043C52121B6781,0,-1.5723111935684841,0.21333099696634197
043C53121B6780,0,-0.3428690724205936,0.4214718152239167
043C53121B6781,0,-2.0381270606117625,-0.11242340201816521
043C54121B6780,1,-1.5712383804922243,0.6727856090944068
043C55121B6780,0,-1.5319127587129044,-0.06005287174132128
043C5B121B6781,4,0.21614940141390707,-0.11001514109880575
043C5E121B6780,0,-0.8368636612321894,-1.1354235233567571
043C5F121B6780,1,-1.0650240785933665,0.7251561393712507
043C60121B6780,1,-1.0650240785933665,0.7251561393712507
043C61121B6781,0,-2.0381270606117625,-0.11242340201816521
043C63121B6781,0,-1.0585568287803682,0.0800668411169132
043C6A121B6781,0,-1.564771130679226,0.027696310840069283
043C6F121B6781,2,1.7698941408367326,-2.3228205171096628
043C70121B6780,4,-0.013309822430166925,-1.77037823025713
043C8B121B6781,5,-0.2750871669705974,1.4101857870026873
043C8F121B6781,0,-0.8848021589770272,-0.6764049685228208
043C90121B6780,0,-1.338172319526406,0.5548039639471093
043CAC121B6781,0,0.4764607714142906,1.3943909184898267
043CAF4A216281,6,0.9852832482150331,0.39374188676780825
043CB4121B6781,4,1.5424311979236343,0.4638914423006947
043CB8121B6781,6,0.21324856377557008,-1.166722389323473
043CBC121B6780,0,-1.3148992413627296,0.043346885962565515
043CBC121B6781,0,-0.3428690724205936,0.4214718152239167
043CBD121B6780,4,1.8767614180237597,-0.1621715651985527
043CBF121B6781,2,0.001419315237499001,-0.628145733716351
043CC1121B6781,4,1.6426225439816815,-0.5036445321793199
043CC2121B6780,4,1.5224454285404765,-0.90743720302747
043CC2121B6781,2,2.526326818389315,0.18483475376535147
043CD0121B6781,4,0.6770596248525438,-1.5268587596950087
043CD5121B6780,0,-2.0381270606117625,-0.11242340201816521
043CD8121B6781,1,0.8115286422904011,0.31694486084732565
043CDB121B6780,0,-0.6535910520567685,1.4469154070099386
043CDD121B6780,2,2.9356647489653667,-1.3298387521598816
043CDD121B6781,1,-1.5636983176029664,0.4871509229681341
043CDE121B6781,2,0.5479920825781002,-2.7165960214935105
043CE0121B6781,2,2.1279785989327054,-0.8438954575188684
043CE4121B6780,1,1.4803768944856204,1.5348786957684257
043CFF4A216281,0,-1.5319127587129044,-0.06005287174132128
043D024A216285,0,-1.0585568287803682,0.0800668411169132
043D03121B6785,1,-0.5916681486608303,0.8652758522294853
043D07121B6784,4,0.6941849815444473,-1.2887855504181283
043D224A216285,0,-1.5723111935684841,0.21333099696634197
043D23121B6781,0,-0.8490833743194516,0.3691012849470728
043D244A216285,1,0.31285440328080133,0.07893964444420905
043D264A216285,1,-1.0650240785933665,0.7251561393712507
043D29121B6781,0,-2.0381270606117625,-0.11242340201816521
043D2B4A216285,0,-1.3306322566371478,0.3691692778208366
043D2C4A216285,0,-0.3428690724205936,0.4214718152239167
043D314A216285,0,-0.3710477941889112,-0.8096691243722497
043D324A216285,5,-0.2826272298598554,1.59582047312896
043D3A429C4C80,2,0.9059418671791304,-1.4144819415016272
043D3E121B6780,4,2.0286597304393346,-0.8550666727506261
043D41121B6780,0,-2.0381270606117625,-0.11242340201816521
043D45121B6780,0,-2.0381270606117625,-0.11242340201816521
043D45121B6781,0,-1.5319127587129044,-0.06005287174132128
043D49121B6780,4,1.5617710503197966,-1.6402756838631982
043D4B121B6780,0,-1.338172319526406,0.5548039639471093
043D4F121B6780,1,0.23942575303045033,0.04468645920283951
043D51121B6780,0,-0.4630461878617985,0.017679144375766526
043D53121B6780,4,0.4084461486850616,-1.0762941173585427
043D55121B6780,0,-0.8848021589770272,-0.6764049685228208
043D56121B6780,0,-1.5319127587129044,-0.06005287174132128
043D56121B6781,1,1.4145793460982286,0.06892247797990624
043D59121B6781,0,-1.5319127587129044,-0.06005287174132128
043D5A121B6781,0,-1.5723111935684841,0.21333099696634197
043D5E121B6781,2,0.13111408911279035,-1.0162878294420048
043D62121B6780,6,-1.2378867249204992,-0.15937284310737718
043D63121B6781,1,0.345712775247123,-0.008809538137181565
043D69121B6780,0,-2.0381270606117625,-0.11242340201816521
043D6A121B6781,6,1.0210693873031742,-1.4758547043655748
043D8B121B6781,5,-0.2750871669705974,1.4101857870026873
043D90121B6780,0,-1.5339175646792087,-0.7459436410973643
043DAC121B6781,0,0.4764607714142906,1.3943909184898267
043DAF4A216281,0,-0.8368636612321894,-1.1354235233567571
043DBC121B6781,4,-0.22746292708908755,-0.7405225519097324
043DBD121B6780,4,1.1138142339190722,-0.04105531022524949
043DBD121B6781,0,-1.207033158920482,-0.9330127950448109
043DBE121B6780,4,-0.23500298997834557,-0.5548878657834596
043DBF121B6780,6,0.6790644308188482,-0.8409679903389654
043DBF121B6781,2,0.001419315237499001,-0.628145733716351
043DC0121B6780,4,0.7306771486285162,-0.8196862908365524
043DC1121B6781,1,0.23942575303045033,0.04468645920283951
043DC2121B6780,1,0.8349363939490198,-0.017701237538307116
043DC2121B6781,5,0.9817316632539332,2.7513666113089137
043DC24A216281,0,-0.8648163895938697,0.6949236768053438
043DC94A216281,2,-0.5047949866613589,-0.6805162639931949
043DCA121B6781,2,1.826372077303959,-0.482392612199923
043DCF121B6780,0,-0.4555061249725406,-0.16795554175050617
043DDB121B6780,1,1.2100115352419534,1.5224860517304568
043DDE121B6781,6,0.8824165512260851,-3.0892998615672296
043DE0121B6780,0,-1.564771130679226,0.027696310840069283
043DE3121B6780,4,2.9587527653686894,1.476026456619343
043DE3121B6781,6,3.4744719667092734,0.16121612077961703
043DE4121B6780,2,1.5200222515202362,-2.338471092232159
043DE74A216281,1,-0.3417962593443339,0.8809264273519815
043DE84A216281,4,0.4957648921599449,-0.5847522639290017
043DE94A216281,0,-1.564771130679226,0.027696310840069283
043E03121B6785,1,-0.5916681486608303,0.8652758522294853
043E07121B6784,4,0.6941849815444473,-1.2887855504181283
043E0B4A216285,4,-0.5119840614397668,-2.008383446660247
043E1B4A216285,4,0.46495175110701076,0.11233950018181481
043E1F4A216285,0,-1.0660968916696263,0.2657015272431859
043E25121B6781,3,1.1223673802453498,3.551195527727448
043E264A216285,1,-1.0650240785933665,0.7251561393712507
043E294A216285,1,-1.0650240785933665,0.7251561393712507
043E304A216285,4,0.022408962227408683,-0.7248719767872362
043E314A216285,0,-0.17730735500241285,-0.1948122886838192
043E42121B6780,0,-2.0381270606117625,-0.11242340201816521
043E43121B6781,0,-1.5319127587129044,-0.06005287174132128
043E46121B6780,1,-1.1054225134489462,0.998540008078914
043E49121B6780,0,-1.5319127587129044,-0.06005287174132128
043E49121B6781,0,-1.0660968916696263,0.2657015272431859
043E4A121B6780,5,0.7373014674132818,-0.35251010178996506
043E4C121B6781,4,0.6695195619632859,-1.341224073568736
043E53121B6781,0,-2.0381270606117625,-0.11242340201816521
043E54121B6781,1,0.31951192996162747,2.284494948399355
043E55121B6781,1,-0.3775150440019095,-0.16457982611791225
043E56121B6781,0,-1.0585568287803682,0.0800668411169132
043E57121B6780,0,-0.8086849394638718,0.09571741623940944
043E58121B6780,2,2.6292872572269217,-2.5341229448227347
043E58121B6781,4,-0.4762652767821912,-0.9628771931903529
043E59121B6781,0,-1.5319127587129044,-0.06005287174132128
043E5C121B6781,0,-0.3428690724205936,0.4214718152239167
043E5D121B6781,1,-1.5712383804922243,0.6727856090944068
043E5E121B6781,2,-0.4719366146950372,-0.7682654465745854
043E5F121B6780,0,-0.19809417276678626,-0.3379396527542827
043E61121B6780,0,-1.207033158920482,-0.9330127950448109
043E62121B6780,1,-0.8480105612431919,0.8285558970751375
043E64121B6780,2,-0.7988210204537645,-0.5811962926271389
043E6C121B6781,4,-0.23500298997834557,-0.5548878657834596
043E70121B6781,4,-0.7008188570216239,-0.880642264767967
043E77121B6780,1,-1.0650240785933665,0.7251561393712507
043E78121B6780,2,1.0062678867321202,-2.2052069363827305
043E82121B6781,4,0.21124375780926566,-1.852613158679516
043E8A121B6781,4,0.4084461486850616,-1.0762941173585427
043E90121B6780,0,-1.5339175646792087,-0.7459436410973643
043E91121B6781,4,-0.48380533967144923,-0.7772425070640802
043E93121B6781,0,-0.3710477941889112,-0.8096691243722497
043EB9121B6781,0,-0.18023512212423212,1.587035119868173
043EBD121B6781,0,-1.207033158920482,-0.9330127950448109
043EBE121B6780,4,-0.23500298997834557,-0.5548878657834596
043EBF121B6780,6,0.6790644308188482,-0.8409679903389654
043EBF121B6781,6,1.3790191719042044,-0.17374062437369098
043EBF4A216281,0,0.32136688400718705,0.0431929277192975
043EC0121B6780,4,1.1964930156717941,-0.4939318918520451
043EC14A216281,6,1.5790130510363845,-0.2133887994587758
043EC24A216281,0,-0.8648163895938697,0.6949236768053438
043EC34A216281,0,-0.7336772289879455,-0.7928930821865763
043EC94A216281,4,-0.7008188570216239,-0.880642264767967
043ECA121B6781,4,2.2230792396257577,-0.236707162815825
043ECE121B6781,4,0.479359870703742,1.8018755491970984
043ECF121B6780,0,-0.8319580176275481,0.6071744942239532
043EDB121B6780,0,-0.8086849394638718,0.09571741623940944
043EE0121B6780,0,-0.9110030042625226,1.6168995180137151
043EE3121B6780,4,2.9587527653686894,1.476026456619343
043EE3121B6781,6,3.4744719667092734,0.16121612077961703
043EE4121B6781,2,1.5482009732885538,-1.1073301526359929
043EE64A216281,0,-1.376818871305801,1.291145119029208
043EE94A216281,0,-0.8011448765746138,-0.08991726988686331
043EF3121B6780,5,0.8352506518123476,1.6739885465401765
043F0B4A216285,4,-0.23500298997834557,-0.5548878657834596
043F194A216285,0,-0.3428690724205936,0.4214718152239167
043F1B4A216285,4,1.4381719526031305,-0.33809361099755075
043F1E4A216285,5,1.1094488415843962,2.969524596030791
043F1F4A216285,0,-1.0660968916696263,0.2657015272431859
043F254A216285,5,2.8245750987430047,2.032015604589586
043F294A216285,0,-1.5723111935684841,0.21333099696634197
043F304A216285,4,0.9648160226705943,-0.4782133238557852
043F31121B6781,0,-1.369278808416543,1.1055104329029353
043F314A216285,0,-0.15403427683873663,-0.7062693666683628
043F3D121B6780,0,-0.3785878570781692,-0.6240344382459769
043F3D121B6781,1,-0.5916681486608303,0.8652758522294853
043F42121B6780,0,-1.3148992413627296,0.043346885962565515
043F47121B6780,1,0.8190687051796591,0.13131017472105297
043F49121B6781,2,3.3838926466886674,1.5630400593629534
043F4D121B6780,4,1.1843467398276615,-1.0150336172901
043F50121B6781,4,1.7565843025825547,-0.5659642360467028
043F52121B6780,4,1.5807029140386102,0.7441537008873224
043F53121B6780,0,-2.0381270606117625,-0.11242340201816521
043F54121B6780,0,-0.3428690724205936,0.4214718152239167
043F54121B6781,1,0.29623885179795123,2.795952026383899
043F55121B6781,0,-2.0381270606117625,-0.11242340201816521
043F56121B6780,0,-1.3430779631310472,-1.187794053633601
043F57121B6780,4,1.1768066769384034,-0.8293989311638271
043F57121B6781,0,-2.0381270606117625,-0.11242340201816521
043F58121B6780,2,1.512482188630978,-2.1528364061058864
043F58121B6781,4,-0.4762652767821912,-0.9628771931903529
043F5C121B6781,0,-1.5243726958236463,-0.245687557867594
043F5D121B6781,1,-1.5712383804922243,0.6727856090944068
043F60121B6781,0,-0.24135302031361985,-1.1978112200979036
043F64121B6780,2,0.2231124827856778,-1.843636098190021
043F68121B6780,4,0.3446399621708633,-0.4682641502652463
043F69121B6781,2,3.213583615191403,-2.8911762097739575
043F6A121B6780,4,0.7099179968188655,-1.6146079422763995
043F6B121B6781,1,-0.403715889287405,2.1287246604186243
043F6C121B6781,4,-0.23500298997834557,-0.5548878657834596
043F6E121B6780,0,-0.7412172918772035,-0.6072583960603035
043F70121B6781,0,-2.0381270606117625,-0.11242340201816521
043F71121B6781,0,-1.5319127587129044,-0.06005287174132128
043F77121B6780,0,-1.3306322566371478,0.3691692778208366
043F78121B6780,2,1.0062678867321202,-2.2052069363827305
043F7C121B6781,0,-1.158842423386275,0.7942436481713997
043F82121B6781,4,0.21124375780926566,-1.852613158679516
043F88121B6780,1,-0.3699749811126515,-0.350214512244185
043F8A121B6781,4,0.4084461486850616,-1.0762941173585427
043F8F121B6781,0,-1.564771130679226,0.027696310840069283
043F90121B6780,1,-0.16050152665173492,-0.061180068414025485
043F91121B6781,4,-0.48380533967144923,-0.7772425070640802
043F93121B6781,0,-0.3710477941889112,-0.8096691243722497
043FA44A216281,0,-1.0660968916696263,0.2657015272431859
043FB14A216281,6,0.46598413923618726,0.6483423001364967
043FBA121B6780,4,0.18043061675633146,-1.1555213945686993
043FBB121B6780,1,-1.0978824505596882,0.8129053219526414
043FBB121B6781,5,0.5254041236943956,0.9563035892732693
043FBE121B6780,4,2.764333256182266,0.857666946684542
043FBF4A216281,0,0.32136688400718705,0.0431929277192975
043FC34A216281,0,-1.3430779631310472,-1.187794053633601
043FC4121B6781,0,-0.8723564524831279,0.8805583629316165
043FCD121B6780,1,1.393058151010737,1.0433368423388854
043FCE121B6780,2,1.4170618126826298,0.38048660635592696
043FCE121B6781,0,-0.8848021589770272,-0.6764049685228208
043FD6121B6780,0,0.035628051147801376,0.2556843607788832
043FD6121B6781,5,4.235311952583494,1.2980499270811532
043FDA121B6780,4,1.1757338638621437,-1.2888535432918922
043FDD121B6780,0,-0.3353290095313356,0.23583712909764393
043FDF121B6781,4,0.022408962227408683,-0.7248719767872362
043FE4121B6781,4,-0.0537082572857466,-1.4969943615494665
043FE64A216281,0,-1.5243726958236463,-0.245687557867594
044004121B6785,0,-1.564771130679226,0.027696310840069283
044005121B6785,4,-0.23500298997834557,-0.5548878657834596
0440074A216285,6,-1.1974882900649195,-0.43275671181504055
0440194A216285,0,-0.3428690724205936,0.4214718152239167
04401D4A216285,1,0.5100567941565972,0.8552586857651824
04401E4A216285,5,1.1094488415843962,2.969524596030791
0440254A216285,5,2.8245750987430047,2.032015604589586
0440304A216285,4,0.46495175110701076,0.11233950018181481
0440314A216285,0,-0.15403427683873663,-0.7062693666683628
04403C121B6781,1,-0.18377460481541114,0.4502770095705183
04403D121B6780,1,-0.35752927461875217,1.2067488192102525
04403D121B6781,1,-1.5636983176029664,0.4871509229681341
044043121B6780,6,-0.29296573812328786,-1.2190929196003168
044046121B6781,0,-1.5723111935684841,0.21333099696634197
044047121B6780,5,0.38622102233536376,2.8137543080500604
044047121B6781,0,-0.8444037241214475,-0.9497888372304841
04404D121B6780,4,1.1843467398276615,-1.0150336172901
04404F121B6781,0,-0.9110030042625226,1.6168995180137151
044050121B6781,4,1.7565843025825547,-0.5659642360467028
044051121B6780,4,1.5807029140386102,0.7441537008873224
044052121B6780,4,0.3446399621708633,-0.4682641502652463
044053121B6780,4,1.5703839262853143,-1.3664557578614063
044054121B6780,5,2.0679086525572963,-0.2501504500608864
044055121B6780,0,-0.8444037241214475,-0.9497888372304841
04405A121B6780,0,-0.8444037241214475,-0.9497888372304841
044060121B6781,4,-0.0537082572857466,-1.4969943615494665
044066121B6781,4,0.919394724732649,-0.6594148201600506
044069121B6781,6,0.46723084552280664,0.6224831042700013
04406E121B6780,4,0.12762644482068863,-0.571663907969133
044080121B6780,0,-2.0381270606117625,-0.11242340201816521
044088121B6780,4,0.2724013444744961,-1.3310753759473326
04408F121B6781,0,-1.5723111935684841,0.21333099696634197
044090121B6780,1,-0.16050152665173492,-0.061180068414025485
0440A44A216281,0,-1.0660968916696263,0.2657015272431859
0440B14A216281,4,1.5693111132090545,-1.825910369989471
0440B5121B6780,0,-0.8848021589770272,-0.6764049685228208
0440B8121B6780,1,0.062099977755873226,2.4544790594031314
0440B9121B6780,4,2.3114707961769008,0.7142893027417804
0440B9121B6781,0,-0.18023512212423212,1.587035119868173
0440BA121B6780,4,-0.5195241243290248,-1.8227487605339738
0440BB121B6780,0,-1.3430779631310472,-1.187794053633601
0440BE121B6780,1,0.9626535722794827,0.2004567471835702
0440C1121B6781,5,1.2183877371029042,2.4526195271514797
0440C2121B6780,0,-1.3073591784734717,-0.14228780016370723
0440C4121B6781,0,-0.8723564524831279,0.8805583629316165
0440C64A216281,0,-1.5319127587129044,-0.06005287174132128
0440CD121B6780,1,1.393058151010737,1.0433368423388854
0440CE121B6780,1,-0.4441143241429847,2.4021085291262874
0440D6121B6780,0,-0.4393602708079736,0.568291139153502
0440D6121B6781,5,4.235311952583494,1.2980499270811532
0440D9121B6780,0,-1.5723111935684841,0.21333099696634197
0440DA121B6780,4,1.1757338638621437,-1.2888535432918922
0440DB121B6781,4,2.815167898268866,1.4068798841568257
0440DD121B6780,0,-0.3353290095313356,0.23583712909764393
0440DD121B6781,2,1.2918618341590593,-0.4778914295041519
0440DE121B6781,5,4.829472229558084,0.26408295326338177
0440DF121B6781,4,0.022408962227408683,-0.7248719767872362
0440E1121B6780,0,-1.1994930960312238,-1.1186474811710838
0440E1121B6781,4,0.3446399621708633,-0.4682641502652463
0441004A216285,0,-0.8490833743194516,0.3691012849470728
044104121B6785,0,-0.9034629413732647,1.4312648318874424
0441074A216285,6,-1.1974882900649195,-0.43275671181504055
04411D4A216285,0,-2.0456671235010204,0.07321128410810752
04411E4A216285,0,-1.5319127587129044,-0.06005287174132128
0441214A216285,3,4.085591098672052,3.462292148843862
0441254A216285,1,-0.909930191186263,2.0763541301417803
0441274A216285,5,-0.2815544167835957,2.055275085257025
044128121B6781,0,-2.0381270606117625,-0.11242340201816521
044146121B6781,0,-1.5723111935684841,0.21333099696634197
044147121B6781,0,-0.8444037241214475,-0.9497888372304841
044148121B6781,0,-1.376818871305801,1.291145119029208
044149121B6780,0,-0.3785878570781692,-0.6240344382459769
04414A121B6781,0,-0.9110030042625226,1.6168995180137151
04414B121B6781,0,-0.3661421505842699,0.9329288932084604
044151121B6780,4,1.5807029140386102,0.7441537008873224
044151121B6781,0,-0.9288620549050768,-0.30807525460874063
044152121B6781,0,-1.338172319526406,0.5548039639471093
044155121B6780,0,-0.8444037241214475,-0.9497888372304841
044156121B6780,0,-1.338172319526406,0.5548039639471093
044156121B6781,0,-1.3306322566371478,0.3691692778208366
044157121B6780,4,-0.4762652767821912,-0.9628771931903529
044159121B6781,1,1.1177474596865862,1.5516547379540993
04415B121B6780,0,-1.564771130679226,0.027696310840069283
04415C121B6780,0,-1.0660968916696263,0.2657015272431859
04415D121B6780,0,-1.3430779631310472,-1.187794053633601
044162121B6781,6,1.0999046578295844,0.5059269977324821
044164121B6781,5,1.0091639320792403,1.7203598880167388
044166121B6781,0,-0.16157433972799465,-0.5206346805420903
04416F121B6780,1,-0.5992082115500883,1.0509105383557578
044176121B6780,4,-0.0537082572857466,-1.4969943615494665
044180121B6780,0,-1.5319127587129044,-0.06005287174132128
044184121B6781,1,0.5469932773228794,0.4204126114249763
044189121B6780,0,-1.564771130679226,0.027696310840069283
0441B4121B6781,1,-0.5992082115500883,1.0509105383557578
0441B5121B6780,0,-0.8848021589770272,-0.6764049685228208
0441B8121B6780,0,-1.3506180260203053,-1.0021593675073281
0441B9121B6780,0,0.35708566866476266,1.088699181189191
0441BA121B6780,4,1.1439483049720816,-0.7416497485824365
0441BE121B6781,4,1.8191830025255509,-1.810259794866975
0441C1121B6781,4,1.0744886121397523,0.6917831706104784
0441C2121B6780,1,0.08830082304136871,0.16117457286659492
0441C5121B6781,1,-1.1054225134489462,0.998540008078914
0441D9121B6780,0,-0.4226477530062188,-0.2557047243318967
0441DB121B6781,4,2.815167898268866,1.4068798841568257
0441DD121B6781,6,1.5101583325101284,-1.6615573833656114
0441DD4A216281,0,-0.3428690724205936,0.4214718152239167
0441DE121B6781,5,-0.2826272298598554,1.59582047312896
0441DF121B6780,1,1.4317047027901322,0.3069956872567867
0441E1121B6780,0,-2.0381270606117625,-0.11242340201816521
0441E1121B6781,0,-1.5243726958236463,-0.245687557867594
0441E2121B6781,6,0.32865470910707606,-2.328716756457122
0442004A216285,0,-0.8490833743194516,0.3691012849470728
04421E4A216285,0,-1.5319127587129044,-0.06005287174132128
0442214A216285,4,0.42072048572304915,-0.8974200365631673
0442224A216285,0,-0.24135302031361985,-1.1978112200979036
0442234A216285,1,0.8115286422904011,0.31694486084732565
0442244A216285,3,-0.16807513867621068,3.4009412235152485
0442274A216285,5,-0.2815544167835957,2.055275085257025
044249121B6780,0,-0.3710477941889112,-0.8096691243722497
04424A121B6780,0,-1.5723111935684841,0.21333099696634197
04424A121B6781,0,-0.9110030042625226,1.6168995180137151
04424B121B6781,0,-0.3661421505842699,0.9329288932084604
04424E121B6781,4,-0.6932787941323659,-1.06627695089424
044250121B6780,5,0.3780018894461809,2.995886319929963
044252121B6781,0,-1.338172319526406,0.5548039639471093
044253121B6781,4,0.45250604461311134,-1.4446238312726227
044255121B6780,4,-0.013309822430166925,-1.77037823025713
044256121B6780,1,-0.4619733747855389,0.4771337565038313
044256121B6781,0,-1.3306322566371478,0.3691692778208366
044258121B6780,0,-1.5319127587129044,-0.06005287174132128
044258121B6781,0,-2.0381270606117625,-0.11242340201816521
044259121B6781,6,-0.0477702255519287,0.7816064559859256
04425B121B6780,1,-0.3417962593443339,0.8809264273519815
04425C121B6780,0,-1.5723111935684841,0.21333099696634197
04425D121B6780,4,0.022408962227408683,-0.7248719767872362
044262121B6781,6,1.0999046578295844,0.5059269977324821
044263121B6780,4,1.2972356853522748,-1.5368079332855478
044264121B6781,2,4.130555147079801,-1.4543904078186078
044267121B6780,4,1.4539049678775486,-0.6639160028558216
044268121B6781,4,1.7565843025825547,-0.5659642360467028
04426F121B6780,1,-0.5992082115500883,1.0509105383557578
044289121B6780,0,-1.564771130679226,0.027696310840069283
04428D121B6781,0,-0.8706045694069431,1.3435156493060518
0442B6121B6780,6,-0.4544170631107284,1.170746102778397
0442B9121B6780,1,1.1713649834625586,2.2588272068125557
0442BA121B6780,4,1.1439483049720816,-0.7416497485824365
0442BB121B6781,5,0.5254041236943956,0.9563035892732693
0442BD121B6780,4,0.37558777671873994,-0.9885449347771519
0442BE121B6781,5,2.2772910680445113,1.2849523401901508
0442D9121B6780,0,-0.8011448765746138,-0.08991726988686331
0442DE121B6780,6,1.4379197148137612,-2.524368609047697
0442E2121B6781,2,1.2404067607741986,-1.8637339694019632
0442E3121B6780,2,3.95122456583892,0.2695114230256406
0442E4121B6780,4,1.1084008897704178,-0.4090667513932681
0443014A216285,2,1.4684222927029287,-1.7845066921918065
0443034A216285,4,0.4882248292706869,-0.39911757780272894
044308121B6784,5,1.6025383669894298,1.4614291206068268
04431A4A216285,4,0.20370369492000764,-1.6669784725532433
0443224A216285,4,0.5897408813776606,-2.0184006131245495
0443234A216285,0,-0.10873019837851547,0.762944782204684
04432D4A216285,0,-1.3148992413627296,0.043346885962565515
04432E121B6781,0,-1.5319127587129044,-0.06005287174132128
0443334A216285,1,0.74960901234733,1.5647430939139682
044344121B6780,6,1.0840334809953147,1.1920392538402487
044344121B6781,6,-0.04309057535392452,-0.5372836661916315
04434A121B6780,0,-1.5723111935684841,0.21333099696634197
04434E121B6780,0,-0.8772620960877692,-0.8620396546490936
04434E121B6781,4,-0.6932787941323659,-1.06627695089424
044352121B6780,0,-0.9034629413732647,1.4312648318874424
044354121B6781,0,-1.1994930960312238,-1.1186474811710838
044355121B6780,4,-0.013309822430166925,-1.77037823025713
044356121B6780,1,-0.4619733747855389,0.4771337565038313
044357121B6780,4,-0.013309822430166925,-1.77037823025713
044358121B6780,1,0.12401960769894432,1.2066808263364883
044358121B6781,0,-2.0381270606117625,-0.11242340201816521
04435E121B6780,0,-2.0381270606117625,-0.11242340201816521
04435F121B6781,5,-0.08888679067335703,2.2106773088173908
044360121B6780,1,-1.0650240785933665,0.7251561393712507
044361121B6781,2,1.5200222515202362,-2.338471092232159
044363121B6780,4,1.2972356853522748,-1.5368079332855478
044367121B6780,4,0.3446399621708633,-0.4682641502652463
044368121B6781,4,1.7565843025825547,-0.5659642360467028
04436F121B6781,4,-0.7008188570216239,-0.880642264767967
044370121B6780,0,-0.3428690724205936,0.4214718152239167
04438D121B6781,0,0.35708566866476266,1.088699181189191
0443B4121B6781,4,1.5424311979236343,0.4638914423006947
0443B6121B6780,6,2.5072160413297033,2.015036907786254
0443B8121B6781,6,1.8972683320440413,-1.5535249118088528
0443B9121B6780,1,1.1713649834625586,2.2588272068125557
0443BC121B6780,0,-0.8848021589770272,-0.6764049685228208
0443BD121B6780,5,4.235311952583494,1.2980499270811532
0443C1121B6781,1,0.23942575303045033,0.04468645920283951
0443C44A216281,0,-0.3353290095313356,0.23583712909764393
0443D0121B6781,0,-0.14444898303609116,-0.2825614712652097
0443D9121B6780,5,-0.025215277654101195,1.4258363621251833
0443DD121B6780,2,2.380484907533818,-2.756477586103355
0443DF121B6781,6,0.32865470910707606,-2.328716756457122
0443E0121B6781,4,-0.04616819439648859,-1.6826290476757393
0443E2121B6781,2,0.5528977261827417,-0.9739980039128002
0443E4121B6780,4,1.1084008897704178,-0.4090667513932681
0443E4121B6781,4,-0.48380533967144923,-0.7772425070640802
0444224A216285,0,-1.5319127587129044,-0.06005287174132128
0444244A216285,1,0.31285440328080133,0.07893964444420905
044429121B6781,0,-2.0381270606117625,-0.11242340201816521
04442B4A216285,5,-1.2471173359127337,1.0320608577413362
04442C4A216285,5,-0.2740143538943377,1.869640399130752
04442D4A216285,0,-1.3148992413627296,0.043346885962565515
04442E121B6781,0,-1.5319127587129044,-0.06005287174132128
0444324A216285,5,-0.2826272298598554,1.59582047312896
0444334A216285,0,-1.207033158920482,-0.9330127950448109
044438121B6780,5,1.0701232198050763,3.7023630768665194
04443E121B6780,4,2.0286597304393346,-0.8550666727506261
044444121B6781,6,-0.04309057535392452,-0.5372836661916315
044445121B6781,0,-1.5319127587129044,-0.06005287174132128
044448121B6780,0,-0.8444037241214475,-0.9497888372304841
04444C121B6780,0,-1.3148992413627296,0.043346885962565515
044453121B6780,0,-0.4226477530062188,-0.2557047243318967
044454121B6780,1,-1.5712383804922243,0.6727856090944068
044455121B6780,0,-0.8848021589770272,-0.6764049685228208
044455121B6781,1,1.655068250475581,1.0533187992751174
044457121B6781,4,0.2724013444744961,-1.3310753759473326
044458121B6781,0,-1.5319127587129044,-0.06005287174132128
04445A121B6781,0,-1.5723111935684841,0.21333099696634197
04445B121B6781,1,-0.4103734159682312,-0.07683064353652166
04445E121B6780,0,-2.0381270606117625,-0.11242340201816521
044460121B6780,4,1.1600008485877256,-0.9630311514336208
044461121B6781,0,-2.0381270606117625,-0.11242340201816521
04446A121B6781,4,0.3521800250601213,-0.6538988363915189
04446F121B6781,4,-0.7008188570216239,-0.880642264767967
044470121B6780,1,-1.0978824505596882,0.8129053219526414
044487121B6781,1,-0.5992082115500883,1.0509105383557578
04448B121B6781,1,0.10074652953526808,1.7181379043210323
044490121B6780,0,-1.338172319526406,0.5548039639471093
0444AC121B6781,5,0.7776999022688617,-0.6258939704976284
0444AF4A216281,0,-1.3148992413627296,0.043346885962565515
0444B4121B6781,1,-0.5992082115500883,1.0509105383557578
0444BC121B6781,4,-0.22746292708908755,-0.7405225519097324
0444BD121B6780,4,-0.7008188570216239,-0.880642264767967
0444C1121B6781,4,1.797716431388785,0.8475534585912091
0444C44A216281,4,-0.00576975954090891,-1.9560129163834028
0444C5121B6781,0,-2.0381270606117625,-0.11242340201816521
0444D0121B6781,4,1.312968700626693,-1.8626303251438188
0444D2121B6781,5,2.4634914443417517,2.0854438620048543
0444D8121B6781,1,0.8115286422904011,0.31694486084732565
0444DB121B6780,4,1.5882429769278683,0.5585190147610496
0444DD121B6780,2,2.24815571437391,-0.44010278667071834
0444DD121B6781,5,0.8717704848511392,1.4912935187523693
0444DE121B6781,6,0.8824165512260851,-3.0892998615672296
0444E0121B6781,4,2.9849536106541854,-0.817278029917193
0444E3121B6780,5,3.080914237872499,1.4025768814577442
0444E3121B6781,5,4.829472229558084,0.26408295326338177
0444E4121B6780,2,1.5200222515202362,-2.338471092232159
0444E84A216281,0,-2.0381270606117625,-0.11242340201816521
0444FD121B6780,0,0.7739359961753497,0.04018527650706846
0444FF4A216281,0,-0.8490833743194516,0.3691012849470728
0445024A216285,4,0.022408962227408683,-0.7248719767872362
044507121B6784,6,1.2162265472655827,-1.3088782445740272
0445224A216285,2,2.6292872572269217,-2.5341229448227347
0445244A216285,1,0.31285440328080133,0.07893964444420905
044529121B6781,0,-2.0381270606117625,-0.11242340201816521
04452B4A216285,5,-0.06561371250968082,1.6992202308328468
04452C4A216285,0,-0.3428690724205936,0.4214718152239167
0445304A216285,4,0.022408962227408683,-0.7248719767872362
0445314A216285,0,-0.17730735500241285,-0.1948122886838192
0445324A216285,0,-0.3661421505842699,0.9329288932084604
044538121B6780,0,-0.3428690724205936,0.4214718152239167
04453E121B6780,1,-1.0978824505596882,0.8129053219526414
04453E121B6781,0,-2.0381270606117625,-0.11242340201816521
044543121B6781,4,-0.0008641159362675583,-0.2134148988026926
044545121B6780,1,-1.0574840157041085,0.539521453244978
044545121B6781,0,-0.8319580176275481,0.6071744942239532
044549121B6780,0,-1.5319127587129044,-0.06005287174132128
04454B121B6780,6,1.7590263442198726,-0.1778519198440648
04454C121B6780,0,-0.18777518501349003,1.7726698059944457
04454D121B6780,1,-0.7401444788009438,-0.1478037839322389
04454F121B6780,4,1.181829540020769,-0.3748135661518983
044550121B6781,0,-1.3506180260203053,-1.0021593675073281
044551121B6780,0,-0.9288620549050768,-0.30807525460874063
044552121B6781,1,-0.5916681486608303,0.8652758522294853
044553121B6780,4,1.0959551832765184,-1.9660300828477055
044556121B6781,0,-1.0585568287803682,0.0800668411169132
044558121B6781,4,0.9880891008342705,-0.989670401840329
044559121B6781,1,-1.0650240785933665,0.7251561393712507
04455A121B6781,0,-1.3506180260203053,-1.0021593675073281
04455B121B6781,1,-0.4103734159682312,-0.07683064353652166
04455E121B6781,2,0.6373283910116482,-0.9639172991651608
04455F121B6780,0,-0.19809417276678626,-0.3379396527542827
044562121B6780,4,-0.5119840614397668,-2.008383446660247
044563121B6781,1,0.345712775247123,-0.008809538137181565
044569121B6780,6,-0.07036423371567971,1.2965662082168397
04456A121B6781,0,-1.564771130679226,0.027696310840069283
04458B121B6781,1,0.10074652953526808,1.7181379043210323
044590121B6780,0,-1.5319127587129044,-0.06005287174132128
0445AC121B6781,4,-0.00576975954090891,-1.9560129163834028
0445AF4A216281,0,-1.3148992413627296,0.043346885962565515
0445BC121B6781,5,2.8059379723773823,0.6349720699370004
0445BD121B6780,4,1.8767614180237597,-0.1621715651985527
0445BE121B6780,4,-0.5694274586263307,-0.18218402570974043
0445BF121B6780,6,2.4263645476678186,0.8784057561023758
0445C0121B6780,4,0.7306771486285162,-0.8196862908365524
0445C2121B6780,6,1.145953110938386,-0.05575897922639351
0445C2121B6781,5,0.9817316632539332,2.7513666113089137
0445C24A216281,0,-0.8648163895938697,0.6949236768053438
0445C94A216281,4,-0.7008188570216239,-0.880642264767967
0445CA121B6781,4,1.5355702050343008,0.653028802673338
0445CF121B6780,4,-0.12117590487241495,-0.7940185492497533
0445D8121B6781,5,3.2561134495944146,4.20751845960351
0445DB121B6780,0,-0.6535910520567685,1.4469154070099386
0445DD121B6781,5,0.8717704848511392,1.4912935187523693
0445DE121B6781,5,0.4088150304991151,2.2987945558191463
0445E0121B6780,0,-1.0660968916696263,0.2657015272431859
0445E3121B6781,2,2.991890447643224,-1.675685845300288
0445E4121B6780,4,0.5787788362129412,-0.12679118328447891
0445E74A216281,0,-2.0381270606117625,-0.11242340201816521
0445E84A216281,0,-1.5723111935684841,0.21333099696634197
0445E94A216281,0,-0.8011448765746138,-0.08991726988686331
0445F3121B6780,6,1.2162265472655827,-1.3088782445740272
0445FD121B6780,1,0.7346103743960297,0.7730237573427966
0446024A216285,0,-1.564771130679226,0.027696310840069283
044603121B6785,0,-0.8011448765746138,-0.08991726988686331
04461B4A216285,4,0.46495175110701076,0.11233950018181481
0446264A216285,4,-0.7008188570216239,-0.880642264767967
0446294A216285,1,-0.3775150440019095,-0.16457982611791225
0446304A216285,4,-0.0902280903245383,-1.314299333761659
0446314A216285,5,2.3083975569346484,0.7342458712343247
044637121B6780,5,1.0701232198050763,3.7023630768665194
044642121B6780,0,-1.3148992413627296,0.043346885962565515
044646121B6780,6,-1.0161935573723204,-1.3748632075810474
044649121B6780,0,-1.564771130679226,0.027696310840069283
044649121B6781,4,0.45250604461311134,-1.4446238312726227
04464A121B6780,5,0.04979243282182508,0.5372258636991979
04464C121B6781,4,0.6695195619632859,-1.341224073568736
04464D121B6780,1,0.4735646270725285,0.3861594261836067
044650121B6781,1,-0.8404704983539338,0.6429212109488649
044652121B6781,4,0.029949025116666698,-0.910506662913509
044653121B6780,0,-2.0381270606117625,-0.11242340201816521
044656121B6780,0,-1.6775024317790326,-0.8150902135598816
044656121B6781,4,-0.00576975954090891,-1.9560129163834028
044657121B6780,1,-0.5916681486608303,0.8652758522294853
044658121B6780,2,0.8249731540395212,-1.2631004406167237
044658121B6781,1,0.003842492257739335,0.8028881554883385
04465D121B6781,0,-1.5723111935684841,0.21333099696634197
04465E121B6781,4,0.46004610750236935,-1.6302585173988955
04465F121B6780,1,0.2318856901411923,0.2303211453291123
044662121B6780,2,0.46076793246777886,0.34269796352249365
044664121B6780,0,-2.0381270606117625,-0.11242340201816521
044667121B6781,4,-0.013309822430166925,-1.77037823025713
044668121B6780,4,0.3446399621708633,-0.4682641502652463
044669121B6780,0,-2.0381270606117625,-0.11242340201816521
04466C121B6781,0,-1.0660968916696263,0.2657015272431859
044670121B6781,4,-0.7008188570216239,-0.880642264767967
044671121B6781,4,-0.0537082572857466,-1.4969943615494665
044677121B6780,0,-0.4047887023636646,1.669270048290559
044678121B6780,0,-0.9110030042625226,1.6168995180137151
044682121B6781,4,0.21124375780926566,-1.852613158679516
044690121B6780,0,-1.5319127587129044,-0.06005287174132128
044691121B6781,6,-0.9804747727147448,-0.32935695411115373
044693121B6781,1,0.062099977755873226,2.4544790594031314
0446BE121B6780,4,-0.23500298997834557,-0.5548878657834596
0446BF121B6780,0,-1.5319127587129044,-0.06005287174132128
0446BF4A216281,4,2.2703386673706705,-0.6992283918961316
0446C0121B6780,4,0.7306771486285162,-0.8196862908365524
0446C2121B6780,6,1.145953110938386,-0.05575897922639351
0446C24A216281,6,-0.7316724230216414,-0.10700231283053326
0446C94A216281,0,-2.0381270606117625,-0.11242340201816521
0446CA121B6781,4,1.0959551832765184,-1.9660300828477055
0446CE121B6781,2,0.5404520196888423,-2.5309613353672376
0446CF121B6780,0,-0.4555061249725406,-0.16795554175050617
0446D7121B6781,4,0.20370369492000764,-1.6669784725532433
0446D8121B6780,0,-1.5723111935684841,0.21333099696634197
0446D9121B6780,2,2.078370001988591,1.7840551274032999
0446DB121B6780,2,2.1559313272943856,-2.6742426576809692
0446E0121B6780,0,-1.0660968916696263,0.2657015272431859
0446E3121B6781,3,6.903174271672293,3.2043733878828835
0446E4121B6781,1,-0.3775150440019095,-0.16457982611791225
0446E74A216281,0,-2.0381270606117625,-0.11242340201816521
0446E94A216281,4,0.4957648921599449,-0.5847522639290017
0446F3121B6780,6,0.8509485126175803,-0.16253445256287424
0446FE121B6780,5,1.7387003906777196,0.4281977266268357
044705121B6785,4,-0.23500298997834557,-0.5548878657834596
0447194A216285,3,4.407770541154423,6.268263450175558
04471F4A216285,6,-0.570751669203267,-0.13016709990472436
0447254A216285,1,-0.5916681486608303,0.8652758522294853
0447264A216285,1,-1.0650240785933665,0.7251561393712507
0447294A216285,1,-1.0650240785933665,0.7251561393712507
0447304A216285,4,0.46495175110701076,0.11233950018181481
0447314A216285,0,0.30058006624281364,-0.09993443635116604
044737121B6780,0,-1.0660968916696263,0.2657015272431859
04473D121B6780,1,-0.35752927461875217,1.2067488192102525
04473D121B6781,0,-1.564771130679226,0.027696310840069283
044742121B6780,0,-1.3148992413627296,0.043346885962565515
044746121B6780,6,-1.0161935573723204,-1.3748632075810474
044747121B6780,5,0.38622102233536376,2.8137543080500604
04474A121B6780,1,-0.5916681486608303,0.8652758522294853
04474C121B6781,0,-1.338172319526406,0.5548039639471093
04474D121B6780,4,1.1843467398276615,-1.0150336172901
04474F121B6781,4,0.7099179968188655,-1.6146079422763995
044750121B6781,4,0.6695195619632859,-1.341224073568736
044752121B6780,4,0.3446399621708633,-0.4682641502652463
044753121B6780,0,-2.0381270606117625,-0.11242340201816521
044754121B6780,5,2.0679086525572963,-0.2501504500608864
044754121B6781,1,0.29623885179795123,2.795952026383899
044755121B6781,0,-2.0381270606117625,-0.11242340201816521
044757121B6780,1,-1.0574840157041085,0.539521453244978
044758121B6780,0,-1.564771130679226,0.027696310840069283
044758121B6781,1,-1.0978824505596882,0.8129053219526414
04475C121B6781,6,-0.0477702255519287,0.7816064559859256
04475D121B6781,0,-1.5723111935684841,0.21333099696634197
044760121B6781,4,-0.0537082572857466,-1.4969943615494665
044767121B6781,4,-0.013309822430166925,-1.77037823025713
044768121B6780,5,1.879424845086289,-0.6359111369619311
044769121B6781,6,0.46723084552280664,0.6224831042700013
04476B121B6781,5,2.2008824626032504,0.1971036834483767
04476C121B6781,0,-1.0660968916696263,0.2657015272431859
04476E121B6780,6,-1.0037478508784212,0.18210012387339
044770121B6781,0,-1.338172319526406,0.5548039639471093
044771121B6781,4,0.6781324379288036,-1.0674041475669438
044777121B6780,1,0.31951192996162747,2.284494948399355
044778121B6780,6,-0.5765785356145376,1.2441956779399959
04477C121B6781,4,-0.6932787941323659,-1.06627695089424
044782121B6781,4,-0.4762652767821912,-0.9628771931903529
044788121B6780,0,-1.5319127587129044,-0.06005287174132128
04478A121B6781,1,-1.5636983176029664,0.4871509229681341
04478F121B6781,1,-1.0978824505596882,0.8129053219526414
044790121B6780,4,1.4539049678775486,-0.6639160028558216
044791121B6781,6,-0.9804747727147448,-0.32935695411115373
044793121B6781,0,-0.3710477941889112,-0.8096691243722497
0447B14A216281,4,1.5693111132090545,-1.825910369989471
0447BA121B6780,4,-0.23500298997834557,-0.5548878657834596
0447BE121B6780,4,1.6501626068709394,-0.6892792183055926
0447BF4A216281,0,-1.564771130679226,0.027696310840069283
0447CD121B6780,5,0.8266377758468298,1.4001686205383845
0447CE121B6780,0,-1.5723111935684841,0.21333099696634197
0447CE121B6781,1,0.0958408859306267,-0.02446011325967774
0447D6121B6780,0,-1.5723111935684841,0.21333099696634197
0447D7121B6781,1,-1.5712383804922243,0.6727856090944068
0447D9121B6780,5,1.4948069580421244,2.6145997812131148
0447DA121B6780,2,1.871504786308268,-0.3912677139859385
0447DB121B6780,2,1.324837425603105,-1.8536532646543238
0447DD121B6780,5,1.9183424781882605,3.1198468931167542
0447DE121B6781,4,0.20370369492000764,-1.6669784725532433
0447E3121B6780,5,3.080914237872499,1.4025768814577442
0447FE121B6780,5,1.7387003906777196,0.4281977266268357
044804121B6785,0,-0.9034629413732647,1.4312648318874424
044805121B6785,0,-1.0585568287803682,0.0800668411169132
0448074A216285,6,-1.1974882900649195,-0.43275671181504055
04481D4A216285,1,0.651931592643308,1.2259003389695922
0448254A216285,6,0.15818992672183183,-0.10806151662947375
0448304A216285,4,0.45250604461311134,-1.4446238312726227
044831121B6781,0,-0.23381295742436184,-1.3834459062241764
0448314A216285,1,-0.3417962593443339,0.8809264273519815
044838121B6780,3,1.1223673802453498,3.551195527727448
04483C121B6781,1,-0.3417962593443339,0.8809264273519815
04483D121B6780,1,-0.23393017690208584,-0.09543325365539498
04483D121B6781,0,-1.564771130679226,0.027696310840069283
044843121B6780,6,-0.5690384727252796,1.0585609918137233
044847121B6780,0,-1.5723111935684841,0.21333099696634197
044848121B6781,4,0.4611189205786291,-1.1708039052708308
04484D121B6781,1,-1.0650240785933665,0.7251561393712507
04484F121B6781,0,-1.5243726958236463,-0.245687557867594
044850121B6781,4,-0.017989472628171046,-0.45148810807957285
044851121B6780,1,0.31951192996162747,2.284494948399355
044851121B6781,0,-1.5723111935684841,0.21333099696634197
044852121B6780,1,-1.0650240785933665,0.7251561393712507
044854121B6780,0,1.0183938579707241,2.4922677022365645
044855121B6780,0,-1.5319127587129044,-0.06005287174132128
044856121B6780,0,-2.0381270606117625,-0.11242340201816521
044857121B6780,0,-1.376818871305801,1.291145119029208
04485A121B6780,2,0.3187588521406634,-1.3154709708935675
044860121B6781,6,-0.7709980448009612,0.6258361680051948
044864121B6780,0,-1.5723111935684841,0.21333099696634197
044866121B6781,0,-0.16157433972799465,-0.5206346805420903
044869121B6781,6,0.46723084552280664,0.6224831042700013
04486A121B6780,4,0.7099179968188655,-1.6146079422763995
04486B121B6780,6,-0.2647837429021032,0.6782066982820387
04486B121B6781,5,2.2008824626032504,0.1971036834483767
04486E121B6780,0,-0.7412172918772035,-0.6072583960603035
04487C121B6781,4,-0.6932787941323659,-1.06627695089424
044880121B6780,0,-2.0381270606117625,-0.11242340201816521
044888121B6780,4,0.2724013444744961,-1.3310753759473326
04488F121B6781,1,-0.12585228161755202,1.1910302512139923
044890121B6780,4,1.4539049678775486,-0.6639160028558216
0448B14A216281,0,-1.5723111935684841,0.21333099696634197
0448B5121B6780,0,-0.14158857034483724,0.8506939647860745
0448B8121B6780,0,-2.0381270606117625,-0.11242340201816521
0448B9121B6780,0,0.35708566866476266,1.088699181189191
0448BA121B6780,4,0.45250604461311134,-1.4446238312726227
0448BB121B6780,0,-1.3430779631310472,-1.187794053633601
0448BD121B6781,4,1.1757338638621437,-1.2888535432918922
0448BF121B6781,2,0.001419315237499001,-0.628145733716351
0448C1121B6781,0,-1.1994930960312238,-1.1186474811710838
0448C4121B6781,4,1.8756886049475001,-0.6216261773266175
0448CD121B6780,5,0.8266377758468298,1.4001686205383845
0448CE121B6780,0,-1.5723111935684841,0.21333099696634197
0448D6121B6781,5,4.186023090894675,0.7854892048384646
0448D9121B6780,0,-1.5723111935684841,0.21333099696634197
0448DA121B6780,5,1.8356044279552484,1.3434474754595296
0448DB121B6781,2,4.044929754672053,-1.5254906047504568
0448DD121B6780,5,1.9183424781882605,3.1198468931167542
0448DD121B6781,2,1.2918618341590593,-0.4778914295041519
0448DE121B6781,4,-0.5195241243290248,-1.8227487605339738
0448DF121B6780,1,0.8115286422904011,0.31694486084732565
0448DF121B6781,5,-0.7484430969031338,1.2700660741444527
0448E1121B6780,2,1.5482009732885538,-1.1073301526359929
0448E1121B6781,0,-1.5243726958236463,-0.245687557867594
0448E2121B6781,6,-0.3588543254843808,-1.438980790967959
0448E3121B6781,5,1.6074440105940713,3.204027138187538
044904121B6785,0,-1.564771130679226,0.027696310840069283
04491D4A216285,1,1.3411506958478776,0.034669292738536805
04491E4A216285,1,-1.5712383804922243,0.6727856090944068
0449214A216285,4,0.919394724732649,-0.6594148201600506
0449254A216285,4,-0.23500298997834557,-0.5548878657834596
0449274A216285,4,-0.5195241243290248,-1.8227487605339738
044932121B6780,1,-1.5712383804922243,0.6727856090944068
044938121B6780,0,-0.3353290095313356,0.23583712909764393
04493C121B6781,1,-0.3417962593443339,0.8809264273519815
044943121B6780,6,-0.5060460297059489,0.2702173708751454
044946121B6781,0,-0.8848021589770272,-0.6764049685228208
044947121B6781,5,-0.5238895166637011,1.1878311457220667
044948121B6781,2,-0.006120747651759013,-0.44251104759007825
044949121B6780,0,-0.3710477941889112,-0.8096691243722497
04494A121B6781,1,-0.5992082115500883,1.0509105383557578
04494B121B6781,2,-0.2831018191131801,-1.8960066284668649
04494D121B6781,1,-1.0650240785933665,0.7251561393712507
044952121B6781,6,-0.4067928232292187,-0.9799622361340229
044953121B6780,1,0.8828748916938576,-0.4767197923722433
044955121B6780,4,-0.3381894222225895,-0.8974183069536402
044956121B6780,0,-1.5723111935684841,0.21333099696634197
044956121B6781,2,-0.9706108537046371,-1.006270662977702
044957121B6780,0,-1.376818871305801,1.291145119029208
044957121B6781,0,-2.372551529259747,0.26028043805555406
044959121B6781,4,-0.00576975954090891,-1.9560129163834028
04495B121B6780,1,-0.3417962593443339,0.8809264273519815
04495D121B6780,0,-0.3710477941889112,-0.8096691243722497
044962121B6781,1,-0.7401444788009438,-0.1478037839322389
044964121B6781,6,0.32830372099622596,-0.8152148876637973
044966121B6781,4,0.6695195619632859,-1.341224073568736
04496B121B6780,6,-0.4544170631107284,1.170746102778397
04496F121B6780,1,-0.5992082115500883,1.0509105383557578
044980121B6780,0,-2.0381270606117625,-0.11242340201816521
044989121B6780,4,0.20370369492000764,-1.6669784725532433
0449B5121B6780,0,-0.14158857034483724,0.8506939647860745
0449B9121B6780,0,-1.0660968916696263,0.2657015272431859
0449B9121B6781,1,1.9283337108863443,-0.06434167786952251
0449BA121B6780,4,0.7869298281603456,0.1460138437221971
0449BB121B6780,0,0.050708176926317294,-0.11558501147366225
0449BD121B6781,4,0.4882248292706869,-0.39911757780272894
0449BE121B6780,4,2.2974445760627287,0.07245793557197006
0449C2121B6780,1,-0.5992082115500883,1.0509105383557578
0449D9121B6780,0,-1.5723111935684841,0.21333099696634197
0449DF121B6780,1,0.8115286422904011,0.31694486084732565
0449DF121B6781,0,-2.0381270606117625,-0.11242340201816521
0449E1121B6780,0,-2.0381270606117625,-0.11242340201816521
0449E1121B6781,0,-1.3430779631310472,-1.187794053633601
0449E2121B6781,2,1.6572570882847857,-2.912247874084086
044A004A216285,0,-1.338172319526406,0.5548039639471093
044A014A216285,0,0.4661417836609945,-0.7162185402589019
044A1A4A216285,0,-0.2767263205116122,1.7338544437977585
044A1E4A216285,1,-1.5712383804922243,0.6727856090944068
044A214A216285,3,4.085591098672052,3.462292148843862
044A234A216285,0,0.7506629180116735,0.5516423544916123
044A254A216285,2,1.7906532926463832,-1.5278988656698167
044A274A216285,4,-0.5195241243290248,-1.8227487605339738
044A44121B6780,6,0.2882562742514963,-2.0553328877494583
044A49121B6780,4,0.21124375780926566,-1.852613158679516
044A4A121B6780,0,-1.5723111935684841,0.21333099696634197
044A4A121B6781,1,-0.5992082115500883,1.0509105383557578
044A4B121B6781,2,-0.2831018191131801,-1.8960066284668649
044A4E121B6780,0,-1.5723111935684841,0.21333099696634197
044A50121B6780,1,0.8753348288045995,-0.2910851062459704
044A51121B6781,1,0.13623932078620637,-0.2978439819673411
044A52121B6781,6,0.2807162113622382,-1.8696982016231858
044A53121B6780,0,-1.564771130679226,0.027696310840069283
044A53121B6781,0,-1.564771130679226,0.027696310840069283
044A54121B6781,4,2.538069607329721,1.2413969558488203
044A55121B6780,0,-0.3785878570781692,-0.6240344382459769
044A56121B6780,1,0.003842492257739335,0.8028881554883385
044A57121B6780,4,-0.013309822430166925,-1.77037823025713
044A58121B6780,1,0.12401960769894432,1.2066808263364883
044A58121B6781,0,-2.0381270606117625,-0.11242340201816521
044A59121B6780,6,-0.5368591707588831,0.9673091349859619
044A59121B6781,4,-0.00576975954090891,-1.9560129163834028
044A5B121B6780,0,-1.5319127587129044,-0.06005287174132128
044A5D121B6780,0,-0.3710477941889112,-0.8096691243722497
044A5F121B6781,5,-0.08888679067335703,2.2106773088173908
044A62121B6781,1,1.2051058916373119,-0.22011196585025322
044A63121B6780,4,1.2972356853522748,-1.5368079332855478
044A67121B6780,4,0.9648160226705943,-0.4782133238557852
044A68121B6781,4,2.0719185779861684,0.004804894592994783
044A6F121B6780,1,-0.5992082115500883,1.0509105383557578
044A84121B6781,1,-0.1529614637624769,-0.24681475454029822
044A89121B6780,4,0.20370369492000764,-1.6669784725532433
044A8D121B6781,0,-0.8086849394638718,0.09571741623940944
044AB6121B6780,5,1.8675031428050854,2.5221581997260234
044AB9121B6780,5,1.954834645272329,3.58894615269833
044AB9121B6781,1,1.2408246762948876,0.8253942876196405
044ABA121B6780,2,4.511818434791591,-0.7402815936378851
044ABD121B6780,0,-0.18309553481548607,0.4537796838168889
044ABF121B6781,5,2.2449146925765775,0.4805682569036796
044AC1121B6781,0,-1.0660968916696263,0.2657015272431859
044AC2121B6780,1,1.4571038163219443,2.04633577375297
044AC2121B6781,5,-0.040948292928519425,1.7516587539834545
044AD0121B6780,4,0.21124375780926566,-1.852613158679516
044AD9121B6780,0,-0.8011448765746138,-0.08991726988686331
044ADB121B6781,2,4.044929754672053,-1.5254906047504568
044ADD121B6781,2,1.979370868750516,-1.3676273949933149
044AE2121B6781,2,0.5528977261827417,-0.9739980039128002
044AE4121B6780,4,0.3521800250601213,-0.6538988363915189
044AE4121B6781,5,0.9871733567297782,-0.33685952666746893
044B014A216285,0,0.4661417836609945,-0.7162185402589019
044B1A4A216285,4,3.451842290773723,-0.032069018804620875
044B224A216285,0,-2.0381270606117625,-0.11242340201816521
044B234A216285,0,0.7506629180116735,0.5516423544916123
044B244A216285,1,-1.5712383804922243,0.6727856090944068
044B2E121B6781,0,-1.5319127587129044,-0.06005287174132128
044B2F121B6781,2,1.7917261057226428,-1.068444253541752
044B334A216285,4,-0.5070784178351255,-0.2657854290795365
044B44121B6780,6,0.2882562742514963,-2.0553328877494583
044B48121B6780,0,-0.8444037241214475,-0.9497888372304841
044B4A121B6780,4,0.45250604461311134,-1.4446238312726227
044B4E121B6780,1,-1.5712383804922243,0.6727856090944068
044B4E121B6781,0,-1.338172319526406,0.5548039639471093
044B50121B6780,1,-1.0650240785933665,0.7251561393712507
044B52121B6780,0,-0.8490833743194516,0.3691012849470728
044B54121B6780,1,-0.5992082115500883,1.0509105383557578
044B54121B6781,4,2.538069607329721,1.2413969558488203
044B55121B6780,1,0.044240927113319006,0.5295042867806752
044B55121B6781,1,1.655068250475581,1.0533187992751174
044B57121B6780,2,2.8634261312689997,-2.1926499778419672
044B58121B6780,2,2.7025986879995485,-1.2118571070125843
044B58121B6781,0,-1.0585568287803682,0.0800668411169132
044B5F121B6781,5,3.0760085942678574,-0.3400211361229659
044B60121B6780,1,-1.5636983176029664,0.4871509229681341
044B61121B6781,4,-0.5119840614397668,-2.008383446660247
044B67121B6780,4,1.7959099243618748,-1.298802716882431
044B68121B6781,4,2.0719185779861684,0.004804894592994783
044B6F121B6781,0,-1.5319127587129044,-0.06005287174132128
044B7A121B6780,6,-1.1974882900649195,-0.43275671181504055
044B8D121B6781,0,-0.8706045694069431,1.3435156493060518
044B90121B6780,0,-0.2234939696710657,0.7271635525245521
044BA34A216280,4,0.45357885768937106,-0.9851692191445579
044BA44A216280,2,2.9561716629856485,-2.721192098770181
044BAC4A216280,2,2.9561716629856485,-2.721192098770181
044BB34A216280,0,-0.14912863323409525,1.0363286509123473
044BB4121B6781,1,-0.5992082115500883,1.0509105383557578
044BB44A216280,0,-0.14912863323409525,1.0363286509123473
044BB6121B6780,5,1.8675031428050854,2.5221581997260234
044BB9121B6780,5,1.954834645272329,3.58894615269833
044BBB121B6781,5,-0.11999327956349418,2.7613837777732164
044BBC4A216280,0,-0.4226477530062188,-0.2557047243318967
044BBD121B6780,0,-0.18309553481548607,0.4537796838168889
044BBF121B6781,5,1.5574056579851205,1.3703042223928423
044BC2121B6780,0,-0.8490833743194516,0.3691012849470728
044BC34A216280,0,-0.4226477530062188,-0.2557047243318967
044BC44A216281,4,-0.00576975954090891,-1.9560129163834028
044BD0121B6780,4,0.21124375780926566,-1.852613158679516
044BD0121B6781,5,3.7694960855402155,0.972295528096646
044BD1121B6781,0,-1.1994930960312238,-1.1186474811710838
044BD2121B6781,4,0.926934787621907,-0.8450495062863234
044BD34A216280,1,-0.4441143241429847,2.4021085291262874
044BD44A216280,1,-0.4441143241429847,2.4021085291262874
044BD9121B6780,0,-1.5243726958236463,-0.245687557867594
044BDA121B6781,5,0.4248675741147589,2.0774131529679623
044BDC4A216280,6,-0.1096898554949999,2.029404689052568
044BDD121B6780,6,-0.5765785356145376,1.2441956779399959
044BDE121B6781,0,-1.3506180260203053,-1.0021593675073281
044BE0121B6781,4,2.9849536106541854,-0.817278029917193
044BE2121B6781,2,1.2404067607741986,-1.8637339694019632
044BE3121B6781,4,0.6770596248525438,-1.5268587596950087
044BE34A216280,2,1.0466663215877001,-2.4785908050903935
044BE4121B6780,0,-2.0381270606117625,-0.11242340201816521
044BE4121B6781,1,1.197565828748054,-0.03447727972398056
044BE44A216280,2,1.0466663215877001,-2.4785908050903935
044BEC4A216280,6,1.2662648998745332,0.5248446712206676
044BF24A216281,4,0.7223637033127649,-0.057644610821961824
044BF34A216280,6,1.2662648998745332,0.5248446712206676
044BFF4A216281,1,-0.22639011401282783,-0.2810679397816678
044C034A216285,0,-1.5243726958236463,-0.245687557867594
044C054A216284,0,-1.3430779631310472,-1.187794053633601
044C194A216284,4,1.1768066769384034,-0.8293989311638271
044C1C4A216284,0,-2.0381270606117625,-0.11242340201816521
044C214A216284,1,0.12401960769894432,1.2066808263364883
044C244A216285,5,-0.08888679067335703,2.2106773088173908
044C2C4A216285,0,-1.5319127587129044,-0.06005287174132128
044C2D121B6781,0,-1.0585568287803682,0.0800668411169132
044C2D4A216285,0,-1.3148992413627296,0.043346885962565515
044C2E121B6781,1,-1.5712383804922243,0.6727856090944068
044C324A216285,0,-0.3661421505842699,0.9329288932084604
044C38121B6780,0,-1.0660968916696263,0.2657015272431859
044C3E121B6780,1,-1.0650240785933665,0.7251561393712507
044C44121B6781,6,-0.1850996556810399,-2.195452600607693
044C45121B6780,1,-0.22639011401282783,-0.2810679397816678
044C48121B6780,0,-1.564771130679226,0.027696310840069283
044C4C121B6780,0,-0.18777518501349003,1.7726698059944457
044C4F121B6780,4,0.41598621157431964,-1.2619288034848153
044C51121B6780,2,0.17624679811709967,-0.9251629312280203
044C52121B6780,0,-0.8490833743194516,0.3691012849470728
044C54121B6780,1,-0.5992082115500883,1.0509105383557578
044C55121B6780,6,-0.07594894732024629,-0.4495344836102409
044C57121B6781,4,0.2724013444744961,-1.3310753759473326
044C5A121B6781,0,-2.0381270606117625,-0.11242340201816521
044C5B121B6781,4,1.1600008485877256,-0.9630311514336208
044C60121B6780,4,0.45357885768937106,-0.9851692191445579
044C61121B6781,0,-0.3785878570781692,-0.6240344382459769
044C63121B6781,4,0.6770596248525438,-1.5268587596950087
044C6A121B6781,2,2.1045708472740867,-0.509249359133236
044C6F121B6781,4,-0.7008188570216239,-0.880642264767967
044C70121B6780,0,-0.3428690724205936,0.4214718152239167
044C8B121B6781,4,-0.013309822430166925,-1.77037823025713
044C8C121B6780,1,0.2318856901411923,0.2303211453291123
044C90121B6780,0,0.4764607714142906,1.3943909184898267
044C93121B6780,4,-0.00576975954090891,-1.9560129163834028
044CAF4A216281,1,-0.3417962593443339,0.8809264273519815
044CB14A216280,1,-1.0978824505596882,0.8129053219526414
044CB4121B6781,1,-1.0650240785933665,0.7251561393712507
044CBB121B6781,5,-0.11999327956349418,2.7613837777732164
044CBD121B6780,4,-0.013309822430166925,-1.77037823025713
044CBE121B6781,5,2.2772910680445113,1.2849523401901508
044CBF121B6780,2,2.2357100078800105,-1.9970661181251559
044CC2121B6780,5,-0.31441278874991735,2.1430242678384155
044CC4121B6781,0,-0.8723564524831279,0.8805583629316165
044CD0121B6781,4,0.6866449186551893,-1.1031508642918555
044CD1121B6781,5,2.237374629687319,0.6662029430299524
044CD8121B6781,2,1.7906532926463832,-1.5278988656698167
044CDA4A216280,0,-1.5723111935684841,0.21333099696634197
044CDB121B6780,0,-1.0660968916696263,0.2657015272431859
044CDC121B6781,2,1.7906532926463832,-1.5278988656698167
044CDD121B6780,2,1.6929758729423612,-1.8667416206141925
044CDE121B6781,6,-0.3588543254843808,-1.438980790967959
044CE0121B6781,0,-0.19809417276678626,-0.3379396527542827
044CE3121B6780,1,0.10074652953526808,1.7181379043210323
044CE3121B6781,4,-0.010449409738913033,-0.6371227942058456
044CE4121B6780,4,0.14178406497693655,-0.4191802394866007
044CE54A216280,0,-1.5243726958236463,-0.245687557867594
044CE64A216280,0,-1.3073591784734717,-0.14228780016370723
044CE74A216280,0,-1.5319127587129044,-0.06005287174132128
044CE84A216280,0,-1.5319127587129044,-0.06005287174132128
044CFF4A216281,6,-0.3588543254843808,-1.438980790967959
044D014A216284,5,-0.2740143538943377,1.869640399130752
044D024A216285,4,0.022408962227408683,-0.7248719767872362
044D03121B6785,0,-0.8011448765746138,-0.08991726988686331
044D044A216284,0,-1.5723111935684841,0.21333099696634197
044D07121B6784,6,1.2162265472655827,-1.3088782445740272
044D204A216284,4,0.4084461486850616,-1.0762941173585427
044D244A216285,5,-0.08888679067335703,2.2106773088173908
044D264A216284,4,1.6501626068709394,-0.6892792183055926
044D2C4A216285,5,0.4134946806971192,0.9799044336415892
044D304A216285,4,0.41598621157431964,-1.2619288034848153
044D38121B6780,0,-0.8368636612321894,-1.1354235233567571
044D3E121B6780,0,-0.3661421505842699,0.9329288932084604
044D45121B6780,1,0.8239743487843005,1.8739081923017629
044D49121B6780,0,-1.5319127587129044,-0.06005287174132128
044D4C121B6780,0,-1.3073591784734717,-0.14228780016370723
044D4F121B6780,4,0.5972809442669185,-2.204035299250822
044D50121B6781,1,-0.8404704983539338,0.6429212109488649
044D51121B6780,1,-0.8837293459007675,-0.21695035639475618
044D52121B6781,0,-0.9110030042625226,1.6168995180137151
044D53121B6780,4,1.0959551832765184,-1.9660300828477055
044D53121B6781,1,-0.5916681486608303,0.8652758522294853
044D55121B6780,1,-0.4103734159682312,-0.07683064353652166
044D59121B6780,6,0.09307144833436501,-1.570515060171623
044D59121B6781,6,0.786930513261096,-1.817327671346342
044D5A121B6781,4,0.5972809442669185,-2.204035299250822
044D5B121B6781,6,0.786930513261096,-1.817327671346342
044D5E121B6781,0,-1.3506180260203053,-1.0021593675073281
044D5F121B6780,4,0.919394724732649,-0.6594148201600506
044D61121B6780,0,-0.23381295742436184,-1.3834459062241764
044D62121B6780,0,-1.0660968916696263,0.2657015272431859
044D63121B6781,4,0.6770596248525438,-1.5268587596950087
044D69121B6780,0,-0.3586020876950118,0.7472942070821877
044D6A121B6781,4,0.3521800250601213,-0.6538988363915189
044D7D121B6781,0,-1.5319127587129044,-0.06005287174132128
044D87121B6781,0,-1.338172319526406,0.5548039639471093
044D90121B6780,0,-1.5319127587129044,-0.06005287174132128
044D93121B6780,4,-0.00576975954090891,-1.9560129163834028
044DAC121B6781,5,0.7776999022688617,-0.6258939704976284
044DAF4A216281,1,-0.3417962593443339,0.8809264273519815
044DB14A216280,1,-0.47114582969803576,1.1154949338629574
044DBD121B6780,0,-1.207033158920482,-0.9330127950448109
044DBF121B6780,2,2.621747194337664,-2.3484882586964617
044DC0121B6780,5,3.0065489014355284,1.0934117830699488
044DC2121B6780,0,-0.8723564524831279,0.8805583629316165
044DC24A216281,0,-1.3430779631310472,-1.187794053633601
044DC94A216281,1,-1.0650240785933665,0.7251561393712507
044DCA121B6781,4,1.0959551832765184,-1.9660300828477055
044DCF121B6780,5,3.998378327866802,1.0846723462900274
044DD8121B6781,2,1.7906532926463832,-1.5278988656698167
044DDA4A216280,0,-1.5723111935684841,0.21333099696634197
044DDB121B6780,4,1.5882429769278683,0.5585190147610496
044DDD121B6781,5,3.5668520011885745,3.2842026247520555
044DDF121B6781,6,-0.17755959279178188,-2.381087286733966
044DE0121B6780,0,0.3184391168853679,1.8250403362712895
044DE3121B6780,1,0.10074652953526808,1.7181379043210323
044DE3121B6781,3,6.903174271672293,3.2043733878828835
044DE4121B6780,4,0.14178406497693655,-0.4191802394866007
044DE74A216281,0,-2.0381270606117625,-0.11242340201816521
044DE84A216281,0,-0.8086849394638718,0.09571741623940944
044DE94A216281,0,-0.3353290095313356,0.23583712909764393
044DF3121B6780,6,0.5713330218715426,0.3122026702673219
044DFD121B6780,6,-0.14184080813420627,-1.3355810332640723
044E004A216284,5,3.6626288083531886,-1.1883534238144648
044E03121B6785,0,-0.3428690724205936,0.4214718152239167
044E044A216284,0,-1.5723111935684841,0.21333099696634197
044E07121B6784,6,1.9037355818570394,-2.19861421006319
044E1B4A216284,6,1.3975212799581815,-2.250984740340034
044E1B4A216285,4,0.46495175110701076,0.11233950018181481
044E1F4A216285,5,-1.2546573988019918,1.217695543867609
044E204A216284,4,0.4084461486850616,-1.0762941173585427
044E214A216284,0,-0.3710477941889112,-0.8096691243722497
044E224A216285,2,0.8249731540395212,-1.2631004406167237
044E264A216284,0,-1.564771130679226,0.027696310840069283
044E264A216285,4,-0.013309822430166925,-1.77037823025713
044E294A216285,0,0.27730698807913745,0.41152264163337776
044E304A216285,1,-0.3417962593443339,0.8809264273519815
044E314A216285,5,1.248421412916781,1.4424584460675889
044E42121B6780,0,-1.5319127587129044,-0.06005287174132128
044E46121B6780,6,-1.0161935573723204,-1.3748632075810474
044E49121B6781,0,-0.3710477941889112,-0.8096691243722497
044E4A121B6780,6,-0.7316724230216414,-0.10700231283053326
044E4C121B6781,0,-0.2675538655991155,1.0954932664386325
044E4D121B6780,4,-0.5070784178351255,-0.2657854290795365
044E52121B6781,0,-0.9110030042625226,1.6168995180137151
044E53121B6780,4,0.2648612815852381,-1.1454406898210598
044E53121B6781,1,-0.33425619645507587,0.6952917412257088
044E54121B6781,4,2.5191377436109073,-1.1430324289017004
044E56121B6780,0,-0.8444037241214475,-0.9497888372304841
044E57121B6780,1,-1.0574840157041085,0.539521453244978
044E58121B6781,0,-1.3506180260203053,-1.0021593675073281
044E59121B6780,6,1.1045843080275883,-0.812963124445075
044E59121B6781,6,0.786930513261096,-1.817327671346342
044E5C121B6781,1,-0.3417962593443339,0.8809264273519815
044E5D121B6781,0,-2.0381270606117625,-0.11242340201816521
044E5E121B6781,0,-1.3506180260203053,-1.0021593675073281
044E61121B6780,4,-0.22746292708908755,-0.7405225519097324
044E62121B6780,0,-1.0660968916696263,0.2657015272431859
044E67121B6781,5,1.9678164016374318,0.3150853285956742
044E68121B6780,5,2.3452407121295673,-0.310156737977424
044E69121B6780,0,-1.0660968916696263,0.2657015272431859
044E6C121B6781,0,-0.3710477941889112,-0.8096691243722497
044E70121B6781,0,-1.338172319526406,0.5548039639471093
044E77121B6780,1,0.31951192996162747,2.284494948399355
044E7D121B6781,0,-0.8772620960877692,-0.8620396546490936
044E82121B6781,0,-0.8415433114301936,0.1834665988208
044E90121B6780,0,-1.5319127587129044,-0.06005287174132128
044E91121B6781,6,0.32830372099622596,-0.8152148876637973
044E93121B6781,0,-0.8319580176275481,0.6071744942239532
044EA24A216280,0,-1.5319127587129044,-0.06005287174132128
044EA44A216280,4,-0.04616819439648859,-1.6826290476757393
044EAC121B6781,5,-0.053393999422418736,0.19469542252901711
044EBB121B6781,2,2.838760711687838,-2.245088500992575
044EBE121B6780,0,-1.0660968916696263,0.2657015272431859
044EBF121B6780,4,1.0059481514768247,0.9353043707821267
044EBF4A216281,0,-1.564771130679226,0.027696310840069283
044EC0121B6780,5,2.3190398668440717,1.9831477485591118
044EC1121B6781,1,-0.5916681486608303,0.8652758522294853
044EC2121B6780,0,-0.8723564524831279,0.8805583629316165
044EC34A216281,0,-2.0381270606117625,-0.11242340201816521
044EC4121B6780,1,0.8239743487843005,1.8739081923017629
044EC5121B6781,0,-0.6273902067712729,-0.8463890795265973
044EC94A216281,1,-1.0650240785933665,0.7251561393712507
044ECA121B6781,4,0.3446399621708633,-0.4682641502652463
044ECE121B6781,2,0.5404520196888423,-2.5309613353672376
044ECF121B6780,0,-0.8086849394638718,0.09571741623940944
044ED7121B6781,0,-1.5723111935684841,0.21333099696634197
044ED8121B6780,0,-0.6273902067712729,-0.8463890795265973
044ED9121B6780,2,2.078370001988591,1.7840551274032999
044EDB121B6780,0,-0.14444898303609116,-0.2825614712652097
044EDD121B6781,5,2.4575869954818894,3.479854477342631
044EE0121B6780,0,0.3184391168853679,1.8250403362712895
044EE3121B6781,5,5.23104461053744,2.328914608054807
044EE64A216281,0,-1.564771130679226,0.027696310840069283
044EE74A216281,4,-0.5195241243290248,-1.8227487605339738
044EE94A216281,0,-2.0381270606117625,-0.11242340201816521
044EF3121B6780,6,0.5713330218715426,0.3122026702673219
044EFD4A216280,1,-0.3417962593443339,0.8809264273519815
044EFE121B6780,5,1.7387003906777196,0.4281977266268357
044F05121B6785,2,0.001419315237499001,-0.628145733716351
044F194A216285,0,-1.5319127587129044,-0.06005287174132128
044F1B4A216285,4,0.46495175110701076,0.11233950018181481
044F1E4A216284,0,-0.3586020876950118,0.7472942070821877
044F1F4A216285,6,-0.570751669203267,-0.13016709990472436
044F204A216284,4,-0.0537082572857466,-1.4969943615494665
044F214A216284,2,0.8325132169287793,-1.4487351267429964
044F254A216285,5,2.44607797517461,2.197803059034619
044F264A216285,4,-0.013309822430166925,-1.77037823025713
044F294A216285,1,-0.3775150440019095,-0.16457982611791225
044F2B4A216285,5,-0.06561371250968082,1.6992202308328468
044F304A216285,4,0.45250604461311134,-1.4446238312726227
044F37121B6780,0,-1.0660968916696263,0.2657015272431859
044F3D121B6780,1,-0.23393017690208584,-0.09543325365539498
044F4A121B6780,6,-0.7316724230216414,-0.10700231283053326
044F4D121B6780,4,1.1843467398276615,-1.0150336172901
044F4F121B6781,4,0.7099179968188655,-1.6146079422763995
044F50121B6781,1,-0.5992082115500883,1.0509105383557578
044F52121B6780,0,-1.564771130679226,0.027696310840069283
044F53121B6780,0,-0.9034629413732647,1.4312648318874424
044F54121B6780,0,1.0183938579707241,2.4922677022365645
044F54121B6781,2,3.579113887628774,-1.8512450037349644
044F55121B6781,6,-0.28542567523402984,-1.4047276057265896
044F56121B6780,5,-0.7484430969031338,1.2700660741444527
044F58121B6781,0,-1.3506180260203053,-1.0021593675073281
044F5C121B6781,1,-0.3417962593443339,0.8809264273519815
044F5D121B6781,1,-0.33425619645507587,0.6952917412257088
044F60121B6781,5,4.789752864702429,0.5409694962174157
044F64121B6780,0,-1.5723111935684841,0.21333099696634197
044F67121B6781,5,1.9678164016374318,0.3150853285956742
044F68121B6780,0,-2.0381270606117625,-0.11242340201816521
044F69121B6781,6,-0.47426047081588685,-0.2769864238343098
044F6B121B6781,0,-2.0381270606117625,-0.11242340201816521
044F6C121B6781,5,-0.7877687186824537,2.002904554980181
044F6E121B6780,4,0.022408962227408683,-0.7248719767872362
044F70121B6781,0,-0.3710477941889112,-0.8096691243722497
044F71121B6781,4,0.6781324379288036,-1.0674041475669438
044F77121B6780,1,-0.3417962593443339,0.8809264273519815
044F78121B6780,0,-0.9034629413732647,1.4312648318874424
044F7C121B6781,0,-1.3306322566371478,0.3691692778208366
044F82121B6781,0,-0.16157433972799465,-0.5206346805420903
044F88121B6780,0,-0.8444037241214475,-0.9497888372304841
044F8F121B6781,0,-1.564771130679226,0.027696310840069283
044F90121B6780,1,0.8190687051796591,0.13131017472105297
044F91121B6781,6,0.5095984536888247,-1.7573213834298043
044F93121B6781,1,0.062099977755873226,2.4544790594031314
044FA44A216280,0,-0.23381295742436184,-1.3834459062241764
044FB14A216281,1,0.8239743487843005,1.8739081923017629
044FBA121B6780,4,-0.23500298997834557,-0.5548878657834596
044FBB121B6780,1,-0.5992082115500883,1.0509105383557578
044FBC121B6781,5,2.471513503729397,1.0076759100107195
044FBD4A216281,6,0.2807162113622382,-1.8696982016231858
044FBE121B6780,1,-0.5992082115500883,1.0509105383557578
044FBE121B6781,5,4.030954671753865,2.421228932018115
044FBF4A216281,1,-0.36506933750801007,1.392383505336525
044FC1121B6781,1,-0.5916681486608303,0.8652758522294853
044FC34A216281,0,-1.3506180260203053,-1.0021593675073281
044FC4121B6780,4,1.7787845676699714,-1.5368759261593115
044FC5121B6781,0,-0.6273902067712729,-0.8463890795265973
044FCD121B6780,1,0.9626535722794827,0.2004567471835702
044FCE121B6781,4,0.479359870703742,1.8018755491970984
044FD5121B6780,0,-0.3428690724205936,0.4214718152239167
044FD6121B6780,0,0.035628051147801376,0.2556843607788832
044FD7121B6781,1,-1.5712383804922243,0.6727856090944068
044FD8121B6780,1,1.2408246762948876,0.8253942876196405
044FDB121B6780,0,-0.8319580176275481,0.6071744942239532
044FDE121B6781,0,-1.207033158920482,-0.9330127950448109
044FE3121B6781,5,1.6074440105940713,3.204027138187538
044FE5121B6780,2,2.0076668099965578,-1.42449910796593
044FE64A216281,0,-1.5243726958236463,-0.245687557867594
044FFE121B6780,4,0.9552307288679487,-0.9019212192589383
045004121B6785,6,-0.06350324082634684,1.1074288478441965
045005121B6785,0,-1.564771130679226,0.027696310840069283
0450074A216285,5,3.310147468309936,0.0014518308578012017
0450194A216285,3,4.407770541154423,6.268263450175558
04501C4A216284,6,0.7880033263373558,-1.3578730592182773
04501D4A216284,0,-0.3586020876950118,0.7472942070821877
04501D4A216285,5,-0.7888415317587134,1.5434499428521162
04501F4A216284,0,-0.9110030042625226,1.6168995180137151
0450204A216284,4,-0.0537082572857466,-1.4969943615494665
0450224A216284,4,-0.013309822430166925,-1.77037823025713
0450254A216285,0,-0.18023512212423212,1.587035119868173
04502B4A216284,1,0.044240927113319006,0.5295042867806752
045031121B6780,1,-0.5992082115500883,1.0509105383557578
0450314A216284,0,-1.5723111935684841,0.21333099696634197
045032121B6780,6,-0.47426047081588685,-0.2769864238343098
045036121B6781,0,0.32136688400718705,0.0431929277192975
045038121B6780,0,-0.6506632849349492,-0.3349320015420536
04503C121B6781,1,-0.3417962593443339,0.8809264273519815
04503D121B6781,6,-0.0834890102095043,-0.26389979748396813
045043121B6780,6,1.0518825283561084,-2.172946468476391
045047121B6780,0,-1.0660968916696263,0.2657015272431859
045047121B6781,5,-0.5238895166637011,1.1878311457220667
04504D121B6780,4,1.1843467398276615,-1.0150336172901
04504D121B6781,4,0.41318042283379125,-0.7117853504368945
04504F121B6781,1,-0.33425619645507587,0.6952917412257088
045050121B6781,1,-0.5992082115500883,1.0509105383557578
045052121B6780,0,-1.5723111935684841,0.21333099696634197
045053121B6780,0,-0.9034629413732647,1.4312648318874424
045054121B6780,0,-0.8444037241214475,-0.9497888372304841
045056121B6780,0,-1.5723111935684841,0.21333099696634197
045057121B6780,0,-1.376818871305801,1.291145119029208
045057121B6781,1,0.12401960769894432,1.2066808263364883
045060121B6781,4,1.6193494658180054,0.00781254580522383
045064121B6780,0,-1.5243726958236463,-0.245687557867594
045066121B6781,4,0.6695195619632859,-1.341224073568736
045069121B6781,6,-0.47426047081588685,-0.2769864238343098
04506B121B6780,6,-0.2647837429021032,0.6782066982820387
04506B121B6781,0,-2.0381270606117625,-0.11242340201816521
04506E121B6780,6,-1.0037478508784212,0.18210012387339
045078121B6780,4,0.46004610750236935,-1.6302585173988955
04507C121B6781,0,-1.0660968916696263,0.2657015272431859
045080121B6780,0,-1.564771130679226,0.027696310840069283
045088121B6780,0,-1.5319127587129044,-0.06005287174132128
04508F121B6781,1,-1.0978824505596882,0.8129053219526414
045090121B6780,1,0.8190687051796591,0.13131017472105297
0450B14A216281,0,-0.8848021589770272,-0.6764049685228208
0450B5121B6780,4,1.1832739267514016,-1.474488229418165
0450B9121B6780,1,-0.37465463131065563,0.968675609933372
0450BA121B6780,4,2.986026423730445,-0.3578234177891282
0450BB121B6780,0,0.050708176926317294,-0.11558501147366225
0450BC121B6780,2,1.6313091658894097,-0.3960099045659422
0450BC121B6781,0,1.0183938579707241,2.4922677022365645
0450BD121B6781,4,1.8843014809130179,-0.34780625132482546
0450BE121B6780,2,4.044929754672053,-1.5254906047504568
0450C1121B6781,0,-1.1994930960312238,-1.1186474811710838
0450C2121B6781,5,-0.5471625948273774,1.6992882237066107
0450CD121B6780,5,0.8266377758468298,1.4001686205383845
0450D6121B6780,1,-0.5992082115500883,1.0509105383557578
0450DA121B6780,5,1.8356044279552484,1.3434474754595296
0450DD121B6780,4,2.2806576551239663,1.4113810668525968
0450DE121B6781,4,0.20370369492000764,-1.6669784725532433
0450DE4A216281,0,0.23690855322355778,0.684906510341041
0450DF121B6780,1,2.6207483890824426,0.7885203742220247
0450E1121B6780,4,0.4882248292706869,-0.39911757780272894
0450E1121B6781,0,-1.3430779631310472,-1.187794053633601
0450E2121B6781,2,0.6353235850453438,-1.6498080685212038
0450E3121B6781,4,1.5742167568136962,-0.08331235240876068
0450FE4A216280,0,-0.8415433114301936,0.1834665988208
0451004A216285,0,-0.3710477941889112,-0.8096691243722497
0451034A216284,0,-1.5723111935684841,0.21333099696634197
045104121B6785,6,-0.06350324082634684,1.1074288478441965
0451074A216285,0,-1.0660968916696263,0.2657015272431859
04511C4A216284,6,0.7880033263373558,-1.3578730592182773
04511D4A216284,0,-0.3586020876950118,0.7472942070821877
04511D4A216285,4,1.805256494278043,0.6619187724649365
04511E4A216285,1,0.345712775247123,-0.008809538137181565
0451204A216285,0,-1.564771130679226,0.027696310840069283
0451214A216285,1,0.062099977755873226,2.4544790594031314
0451224A216284,4,-0.22746292708908755,-0.7405225519097324
0451274A216285,0,-1.5243726958236463,-0.245687557867594
045131121B6780,1,-1.5712383804922243,0.6727856090944068
0451314A216284,0,-0.8848021589770272,-0.6764049685228208
045132121B6780,6,-0.47426047081588685,-0.2769864238343098
045139121B6780,5,0.41840032430176055,2.7225024512222995
04513C121B6781,1,-0.3417962593443339,0.8809264273519815
045147121B6781,5,-0.5238895166637011,1.1878311457220667
045149121B6780,4,0.21124375780926566,-1.852613158679516
04514A121B6781,0,-0.8319580176275481,0.6071744942239532
045151121B6780,1,0.31951192996162747,2.284494948399355
045152121B6781,1,-1.5712383804922243,0.6727856090944068
045153121B6780,0,-1.564771130679226,0.027696310840069283
045157121B6780,0,-1.376818871305801,1.291145119029208
045157121B6781,6,0.012471617008809473,1.9559551138909688
045159121B6780,4,0.45250604461311134,-1.4446238312726227
045159121B6781,0,-2.0381270606117625,-0.11242340201816521
04515C121B6780,1,-0.8837293459007675,-0.21695035639475618
04515D121B6780,4,0.022408962227408683,-0.7248719767872362
045162121B6781,4,0.4882248292706869,-0.39911757780272894
045164121B6781,6,1.145953110938386,-0.05575897922639351
045166121B6781,0,-0.16157433972799465,-0.5206346805420903
04516B121B6780,6,-0.0441633884301843,-0.9967382783196962
04516F121B6780,1,-0.5992082115500883,1.0509105383557578
045180121B6780,0,-1.0585568287803682,0.0800668411169132
0451A34A216280,2,0.1575860157208621,1.1825068691822433
0451B4121B6780,2,2.9356647489653667,-1.3298387521598816
0451B5121B6780,4,1.1832739267514016,-1.474488229418165
0451B9121B6780,1,0.2318856901411923,0.2303211453291123
0451B9121B6781,6,0.8027324640050216,-0.21564056267749818
0451BA121B6780,5,1.7104044494316777,0.48506943959945065
0451BD121B6781,4,1.8843014809130179,-0.34780625132482546
0451BE121B6780,4,2.751887549688367,-0.6992963847698953
0451C1121B6781,0,-1.5723111935684841,0.21333099696634197
0451C2121B6780,1,1.4571038163219443,2.04633577375297
0451C2121B6781,4,1.5807029140386102,0.7441537008873224
0451C34A216280,4,1.4174128007934799,-1.1330152624373977
0451C64A216281,0,-1.5319127587129044,-0.06005287174132128
0451CF121B6780,0,-1.338172319526406,0.5548039639471093
0451DA121B6780,2,1.871504786308268,-0.3912677139859385
0451DB121B6781,2,2.963711725874907,-2.9068267848964537
0451DD121B6780,5,3.547802917992037,2.187785892570316
0451DD121B6781,0,-1.338172319526406,0.5548039639471093
0451DE4A216281,0,0.23690855322355778,0.684906510341041
0451DF121B6780,2,3.270089217613352,-1.7025425922336006
0451E1121B6780,5,1.608442815849292,0.06701850526905026
0451E1121B6781,1,-1.0650240785933665,0.7251561393712507
0451E2121B6781,1,1.2175515981312113,1.336851365604184
0451FE4A216280,0,-0.8415433114301936,0.1834665988208
0451FF4A216280,5,2.3484362871210958,1.7339363603451785
0452004A216285,0,-2.0381270606117625,-0.11242340201816521
0452024A216284,0,-1.564771130679226,0.027696310840069283
0452034A216284,1,-1.0574840157041085,0.539521453244978
0452064A216284,0,-1.564771130679226,0.027696310840069283
04521F4A216284,1,0.12401960769894432,1.2066808263364883
0452204A216285,0,-1.564771130679226,0.027696310840069283
0452214A216285,1,-0.3775150440019095,-0.16457982611791225
0452224A216284,1,0.12401960769894432,1.2066808263364883
0452234A216285,5,0.9074892695087149,2.5367997722222633
0452244A216285,6,-0.5417648143635245,-0.7752888825947482
0452254A216284,2,1.555741036177812,-1.2929648387622659
0452274A216285,0,-1.5243726958236463,-0.245687557867594
0452344A216284,4,0.6604440733696938,1.1901536222446805
045239121B6780,0,-0.7412172918772035,-0.6072583960603035
045246121B6781,0,-0.8848021589770272,-0.6764049685228208
045248121B6781,0,-1.2378874100212498,1.8039686719611614
045249121B6780,4,0.46004610750236935,-1.6302585173988955
04524A121B6780,4,0.45250604461311134,-1.4446238312726227
04524A121B6781,0,-0.8319580176275481,0.6071744942239532
04524B121B6781,1,-0.871283639406868,1.3400129750596812
04524E121B6781,0,-1.338172319526406,0.5548039639471093
045250121B6780,1,-0.3699749811126515,-0.350214512244185
045252121B6781,0,-2.0381270606117625,-0.11242340201816521
045253121B6780,1,0.3224396970834468,0.5026475398473622
045254121B6781,4,2.538069607329721,1.2413969558488203
045255121B6780,0,-2.0381270606117625,-0.11242340201816521
045256121B6781,0,-1.5243726958236463,-0.245687557867594
045258121B6780,0,-0.9110030042625226,1.6168995180137151
045258121B6781,1,0.345712775247123,-0.008809538137181565
045259121B6781,0,-0.8415433114301936,0.1834665988208
04525C121B6780,1,-0.8837293459007675,-0.21695035639475618
04525D121B6780,0,-1.0660968916696263,0.2657015272431859
04525F121B6781,4,0.7306771486285162,-0.8196862908365524
045262121B6781,4,0.4882248292706869,-0.39911757780272894
045263121B6780,0,-1.5723111935684841,0.21333099696634197
045264121B6781,6,-0.7316724230216414,-0.10700231283053326
045267121B6780,4,0.9648160226705943,-0.4782133238557852
045268121B6781,0,-0.8086849394638718,0.09571741623940944
04526F121B6780,1,-0.5992082115500883,1.0509105383557578
045279121B6780,0,-1.0660968916696263,0.2657015272431859
045289121B6780,5,0.36082190880355175,1.0744142215538772
04528D121B6781,1,-1.0574840157041085,0.539521453244978
0452B24A216280,0,-0.8723564524831279,0.8805583629316165
0452B4121B6780,4,0.4957648921599449,-0.5847522639290017
0452B6121B6780,2,3.68072453310031,0.08030779938876048
0452B9121B6780,1,1.1713649834625586,2.2588272068125557
0452B9121B6781,6,1.4902414985964785,-1.1053765281666612
0452BA121B6780,2,1.320157775405101,-0.5347631424767669
0452BD121B6780,5,3.8697816801461222,0.2581187210421595
0452BF121B6781,4,0.22368946430316508,-0.2956498272250785
0452C1121B6781,2,3.32170193542302,-1.6812608927311876
0452C2121B6780,0,-1.0660968916696263,0.2657015272431859
0452C34A216280,4,0.029949025116666698,-0.910506662913509
0452C4121B6781,0,-1.338172319526406,0.5548039639471093
0452CC121B6781,6,-0.2647837429021032,0.6782066982820387
0452D0121B6780,2,2.2124369297163344,-1.4856090401406123
0452DB121B6781,2,2.963711725874907,-2.9068267848964537
0452DD121B6781,4,0.3446399621708633,-0.4682641502652463
0452DE121B6780,1,0.044240927113319006,0.5295042867806752
0452DF121B6781,0,-2.0381270606117625,-0.11242340201816521
0452E2121B6781,2,0.4093128590829181,-1.0431445763753178
0452E4121B6780,0,-2.0381270606117625,-0.11242340201816521
0452E4121B6781,0,-0.3353290095313356,0.23583712909764393
0452F24A216281,4,1.4098727379042217,-0.9473805763111248
0452FF4A216280,5,2.3484362871210958,1.7339363603451785
0453014A216285,1,0.3581584817410224,1.5481537933172558
0453024A216284,0,-1.564771130679226,0.027696310840069283
0453034A216285,0,-1.3148992413627296,0.043346885962565515
0453064A216284,1,-0.4441143241429847,2.4021085291262874
04531A4A216284,1,-0.4441143241429847,2.4021085291262874
04531A4A216285,0,-0.2767263205116122,1.7338544437977585
0453234A216284,0,-1.3148992413627296,0.043346885962565515
0453234A216285,0,0.7506629180116735,0.5516423544916123
0453244A216285,1,-1.5712383804922243,0.6727856090944068
0453254A216284,0,-1.564771130679226,0.027696310840069283
04532D4A216285,0,-1.5319127587129044,-0.06005287174132128
045344121B6780,6,-0.03171768193628499,0.5602250531347412
045344121B6781,6,-0.1850996556810399,-2.195452600607693
045346121B6781,0,-0.8848021589770272,-0.6764049685228208
04534E121B6780,1,-1.0650240785933665,0.7251561393712507
04534E121B6781,0,-1.3306322566371478,0.3691692778208366
045351121B6781,0,-1.564771130679226,0.027696310840069283
045352121B6780,4,-0.12117590487241495,-0.7940185492497533
045354121B6780,1,-0.5992082115500883,1.0509105383557578
045354121B6781,6,-0.7241323601323834,-0.29263699895680595
045355121B6780,0,-0.3785878570781692,-0.6240344382459769
045355121B6781,0,-1.3506180260203053,-1.0021593675073281
045357121B6780,2,2.8634261312689997,-2.1926499778419672
045358121B6780,0,-0.18777518501349003,1.7726698059944457
045358121B6781,4,-0.22746292708908755,-0.7405225519097324
04535E121B6780,0,-1.0660968916696263,0.2657015272431859
04535F121B6781,2,1.6572570882847857,-2.912247874084086
045360121B6780,0,-1.3506180260203053,-1.0021593675073281
045361121B6781,0,-0.8848021589770272,-0.6764049685228208
045363121B6780,0,-1.5723111935684841,0.21333099696634197
045367121B6780,4,-0.013309822430166925,-1.77037823025713
045368121B6781,0,-0.8086849394638718,0.09571741623940944
045370121B6780,0,-1.5723111935684841,0.21333099696634197
045389121B6780,5,0.36082190880355175,1.0744142215538772
04538D121B6781,0,-0.8086849394638718,0.09571741623940944
045391121B6781,0,-0.4047887023636646,1.669270048290559
0453B14A216280,2,0.6055428321215861,-0.4167135044557056
0453B24A216280,0,-1.5723111935684841,0.21333099696634197
0453B4121B6781,1,-0.5992082115500883,1.0509105383557578
0453B6121B6780,2,2.5714595273936243,0.275959651979336
0453B9121B6780,1,1.1713649834625586,2.2588272068125557
0453BB121B6781,4,1.114961450132339,-0.09652796589241285
0453BC121B6780,4,1.1524607856984677,-0.7773964653073481
0453BC121B6781,2,2.0437984335442825,0.6830762182662431
0453BD121B6780,4,1.0555567484209387,-1.692646214140042
0453BF121B6780,0,-1.0660968916696263,0.2657015272431859
0453BF121B6781,4,0.911198498894622,-1.1853857927142415
0453C2121B6780,5,-0.31441278874991735,2.1430242678384155
0453C4121B6781,0,-0.21104826317716624,2.2841268839789897
0453D0121B6780,4,0.46495175110701076,0.11233950018181481
0453D2121B6781,4,0.926934787621907,-0.8450495062863234
0453D9121B6780,5,0.8917562542342967,2.862622164080534
0453D94A216280,4,0.46004610750236935,-1.6302585173988955
0453DB121B6781,0,-1.0660968916696263,0.2657015272431859
0453DE121B6780,1,0.044240927113319006,0.5295042867806752
0453E2121B6781,2,1.2404067607741986,-1.8637339694019632
0453E3121B6781,1,1.623961761585444,1.604025268230943
0453E4121B6780,4,0.45250604461311134,-1.4446238312726227
0453E4121B6781,0,-0.3353290095313356,0.23583712909764393
0453E64A216280,0,-1.338172319526406,0.5548039639471093
0453F24A216281,4,0.46004610750236935,-1.6302585173988955
0454034A216285,0,-1.5243726958236463,-0.245687557867594
0454054A216284,0,-1.3506180260203053,-1.0021593675073281
0454234A216284,0,-0.8415433114301936,0.1834665988208
0454234A216285,6,0.32111464621781804,-2.143082070330849
0454244A216285,1,0.31285440328080133,0.07893964444420905
0454284A216284,0,-0.10873019837851547,0.762944782204684
0454324A216284,0,-0.8848021589770272,-0.6764049685228208
04543E121B6780,0,-0.3661421505842699,0.9329288932084604
045441121B6780,0,-2.0381270606117625,-0.11242340201816521
045444121B6781,6,-0.7230595470561236,0.1668176131712586
045448121B6780,0,-1.564771130679226,0.027696310840069283
04544F121B6780,0,-2.0381270606117625,-0.11242340201816521
045454121B6780,1,-0.5992082115500883,1.0509105383557578
045455121B6780,1,0.7928678598941635,2.424614661257589
045455121B6781,0,-1.207033158920482,-0.9330127950448109
04545A121B6781,4,-0.013309822430166925,-1.77037823025713
04545E121B6780,0,-1.0660968916696263,0.2657015272431859
045460121B6780,0,-1.3506180260203053,-1.0021593675073281
045461121B6781,0,-0.8415433114301936,0.1834665988208
045463121B6781,4,-0.033722487902589166,-0.12566571622130188
04546A121B6781,2,1.7898799102198901,-0.9514918717814985
04546F121B6781,0,-1.5319127587129044,-0.06005287174132128
045487121B6781,4,-0.013309822430166925,-1.77037823025713
04548B121B6781,1,-0.3699749811126515,-0.350214512244185
04548C121B6780,5,-0.2750871669705974,1.4101857870026873
045490121B6780,0,-0.21104826317716624,2.2841268839789897
0454AF4A216281,0,-1.3073591784734717,-0.14228780016370723
0454B14A216280,1,-0.47114582969803576,1.1154949338629574
0454BB121B6781,4,1.114961450132339,-0.09652796589241285
0454BC121B6781,2,2.0437984335442825,0.6830762182662431
0454BD121B6780,0,-0.8772620960877692,-0.8620396546490936
0454BF121B6780,0,-1.0660968916696263,0.2657015272431859
0454C2121B6780,4,1.320508763515951,-2.0482650112700913
0454D0121B6781,1,0.08830082304136871,0.16117457286659492
0454D1121B6781,5,1.9340754934626785,2.7940245012584835
0454D2121B6781,0,-1.1994930960312238,-1.1186474811710838
0454D8121B6781,1,0.8239743487843005,1.8739081923017629
0454DA4A216280,4,0.6695195619632859,-1.341224073568736
0454DB121B6780,4,1.3694743030486423,-0.6739967076034614
0454DC121B6781,2,1.4046161061887303,-1.1764767250985106
0454DD121B6780,2,1.9918165752444157,0.18933593646112257
0454E0121B6781,2,2.2575419727659214,-0.7426898545572447
0454E3121B6780,4,-0.010449409738913033,-0.6371227942058456
0454E3121B6781,1,0.9626535722794827,0.2004567471835702
0454E4121B6780,2,2.1559313272943856,-2.6742426576809692
0454E64A216280,0,-1.3073591784734717,-0.14228780016370723
0454E74A216280,0,-1.5319127587129044,-0.06005287174132128
0454E84A216281,0,-0.8086849394638718,0.09571741623940944
0454FD121B6780,6,0.3239750589090719,-1.009826634279565
0454FF4A216281,0,-0.8415433114301936,0.1834665988208
0455014A216284,1,-1.0650240785933665,0.7251561393712507
0455024A216285,0,-0.8011448765746138,-0.08991726988686331
045503121B6785,0,-0.8648163895938697,0.6949236768053438
0455044A216284,4,0.7174580597081235,-1.8002426284026722
0455054A216284,0,-1.5319127587129044,-0.06005287174132128
045507121B6784,5,3.884551242760872,1.3238030297563212
0455194A216284,4,0.7099179968188655,-1.6146079422763995
04551C4A216284,0,-2.0381270606117625,-0.11242340201816521
0455204A216284,1,0.7317499617047758,-0.36023167870848777
0455224A216285,0,0.7506629180116735,0.5516423544916123
0455244A216285,2,0.32629891502992153,-1.5011056570198402
04552A121B6780,0,-2.0381270606117625,-0.11242340201816521
0455324A216284,0,-1.0660968916696263,0.2657015272431859
045538121B6780,0,-0.8490833743194516,0.3691012849470728
04553B121B6781,1,-0.8837293459007675,-0.21695035639475618
04553E121B6780,2,-0.4719366146950372,-0.7682654465745854
045541121B6780,0,-2.0381270606117625,-0.11242340201816521
045545121B6780,1,0.8239743487843005,1.8739081923017629
045545121B6781,0,-1.5319127587129044,-0.06005287174132128
045549121B6780,0,-1.5319127587129044,-0.06005287174132128
04554C121B6780,0,-1.5319127587129044,-0.06005287174132128
04554D121B6780,4,-0.5070784178351255,-0.2657854290795365
04554F121B6780,1,0.044240927113319006,0.5295042867806752
045550121B6781,0,-2.0381270606117625,-0.11242340201816521
045552121B6781,0,-1.5723111935684841,0.21333099696634197
045553121B6780,4,0.5897408813776606,-2.0184006131245495
045556121B6781,6,0.5453172383464004,-0.7118151299599105
045557121B6781,6,-0.03662332554092629,-1.182372964445969
045558121B6781,0,-2.0381270606117625,-0.11242340201816521
045559121B6780,6,0.5983700061287305,-0.8653336547219189
045559121B6781,1,-1.0650240785933665,0.7251561393712507
04555A121B6781,1,0.4564392703806249,0.14808621690672627
04555B121B6781,6,0.786930513261096,-1.817327671346342
04555E121B6781,1,0.2612544444634936,0.6329040444845621
045561121B6780,0,-0.23381295742436184,-1.3834459062241764
045562121B6780,4,1.1757338638621437,-1.2888535432918922
045563121B6781,4,-0.033722487902589166,-0.12566571622130188
045569121B6780,0,-0.3972486394744067,1.4836353621642862
04556A121B6781,2,2.1045708472740867,-0.509249359133236
04558B121B6781,4,-0.7008188570216239,-0.880642264767967
04558C121B6780,5,-0.2750871669705974,1.4101857870026873
045590121B6780,1,-0.3699749811126515,-0.350214512244185
0455A24A216280,0,-1.5319127587129044,-0.06005287174132128
0455AC121B6781,5,0.4173275112255009,2.263047839094235
0455AF4A216281,2,0.6044700190453265,-0.8761681165837703
0455B14A216280,4,1.1832739267514016,-1.474488229418165
0455BB121B6781,5,1.305513821992495,1.1297608939104073
0455BD121B6780,0,-0.8772620960877692,-0.8620396546490936
0455BE121B6781,5,4.030954671753865,2.421228932018115
0455BF121B6780,4,1.5807029140386102,0.7441537008873224
0455C0121B6780,1,-0.3417962593443339,0.8809264273519815
0455C2121B6780,2,4.791863336385762,-0.05082188677123468
0455C44A216280,0,-2.0381270606117625,-0.11242340201816521
0455C94A216281,1,-1.5712383804922243,0.6727856090944068
0455CA121B6781,0,-0.8848021589770272,-0.6764049685228208
0455CF121B6780,0,-0.3972486394744067,1.4836353621642862
0455D0121B6781,5,3.7694960855402155,0.972295528096646
0455D1121B6781,5,1.9340754934626785,2.7940245012584835
0455D8121B6781,4,1.5617710503197966,-1.6402756838631982
0455DA4A216280,4,-0.017989472628171046,-0.45148810807957285
0455DB121B6780,0,-1.0660968916696263,0.2657015272431859
0455DC121B6781,2,1.7906532926463832,-1.5278988656698167
0455DD121B6780,6,-0.5765785356145376,1.2441956779399959
0455DD121B6781,4,2.422646545223527,-0.9962131049721147
0455E0121B6780,1,0.062099977755873226,2.4544790594031314
0455E3121B6780,4,0.6770596248525438,-1.5268587596950087
0455E3121B6781,5,5.23104461053744,2.328914608054807
0455E4121B6780,2,2.1559313272943856,-2.6742426576809692
0455E74A216281,0,-0.8368636612321894,-1.1354235233567571
0455E84A216280,1,-0.8480105612431919,0.8285558970751375
0455E84A216281,0,-0.8086849394638718,0.09571741623940944
0455F3121B6780,2,3.1856308868297223,-1.0608290096118573
0455FD121B6780,5,4.843387791048909,3.708309339401733
0456004A216284,4,2.6899679197452957,0.5485018482967469
0456014A216284,5,-0.2740143538943377,1.869640399130752
0456024A216285,4,0.029949025116666698,-0.910506662913509
0456044A216284,4,0.7174580597081235,-1.8002426284026722
045607121B6784,5,3.884551242760872,1.3238030297563212
04561B4A216285,4,0.7299037662020229,-0.24327929694823458
0456204A216284,2,2.846300774577096,-2.430723187118848
0456214A216284,4,0.3853836005480325,-0.8952216081875874
0456224A216285,1,-1.5636983176029664,0.4871509229681341
0456264A216285,4,0.6491455830890611,-0.42228236487692017
04562A121B6780,0,-2.0381270606117625,-0.11242340201816521
04562C121B6780,6,0.5992857502332228,-1.518144529894779
045637121B6780,0,-1.0660968916696263,0.2657015272431859
045649121B6780,0,-1.564771130679226,0.027696310840069283
045649121B6781,0,-0.3785878570781692,-0.6240344382459769
04564A121B6780,5,2.964800102635968,0.39521637470098786
04564C121B6781,1,-1.0650240785933665,0.7251561393712507
04564D121B6780,4,2.2627986044814126,-0.5135937057698589
045650121B6781,1,0.0958408859306267,-0.02446011325967774
045651121B6780,1,-0.8837293459007675,-0.21695035639475618
045653121B6780,4,1.0959551832765184,-1.9660300828477055
045653121B6781,4,1.1757338638621437,-1.2888535432918922
045656121B6780,5,-0.7484430969031338,1.2700660741444527
045656121B6781,6,0.5453172383464004,-0.7118151299599105
045658121B6780,0,-1.564771130679226,0.027696310840069283
045658121B6781,0,-0.3710477941889112,-0.8096691243722497
045659121B6780,6,-0.5503776903290423,-1.04910880859654
04565B121B6781,0,-1.0660968916696263,0.2657015272431859
04565C121B6781,1,-0.3417962593443339,0.8809264273519815
04565D121B6781,2,1.1106843209441843,-0.8237975863069263
04565E121B6781,1,-0.5512697138052507,0.5918919835218219
045661121B6780,4,0.6086727450964742,0.3660287716259711
045662121B6780,1,-1.5712383804922243,0.6727856090944068
045667121B6781,4,1.8445821160573628,-0.07091970837079155
045668121B6780,4,0.4957648921599449,-0.5847522639290017
045669121B6780,1,0.12869925789694836,-0.11220929584106834
04566C121B6781,0,-0.3785878570781692,-0.6240344382459769
045670121B6781,0,-1.5243726958236463,-0.245687557867594
045671121B6781,4,0.022408962227408683,-0.7248719767872362
045677121B6780,4,-0.12117590487241495,-0.7940185492497533
04568A121B6781,0,-1.0585568287803682,0.0800668411169132
045690121B6780,4,0.4611189205786291,-1.1708039052708308
045691121B6781,0,-1.0660968916696263,0.2657015272431859
0456A24A216280,0,-1.5319127587129044,-0.06005287174132128
0456A44A216280,4,-0.04616819439648859,-1.6826290476757393
0456AC121B6781,2,2.7025986879995485,-1.2118571070125843
0456B6121B6781,1,-0.33425619645507587,0.6952917412257088
0456B8121B6780,6,0.9317054129149034,-2.576739139324541
0456BB121B6781,5,1.9930228565839516,0.24002492842124432
0456BD4A216281,6,0.2807162113622382,-1.8696982016231858
0456BE121B6780,1,-0.5992082115500883,1.0509105383557578
0456BF121B6780,4,1.5807029140386102,0.7441537008873224
0456BF4A216281,1,-0.36506933750801007,1.392383505336525
0456C0121B6780,0,-0.9034629413732647,1.4312648318874424
0456C1121B6781,5,5.238584673426699,2.143279921928534
0456C2121B6780,1,0.8239743487843005,1.8739081923017629
0456C34A216281,0,-0.24135302031361985,-1.1978112200979036
0456C4121B6780,4,1.7787845676699714,-1.5368759261593115
0456C44A216280,0,-2.0381270606117625,-0.11242340201816521
0456C5121B6781,2,2.7101387508888064,-1.397491793138857
0456C94A216281,0,-1.5723111935684841,0.21333099696634197
0456CA121B6781,4,0.3446399621708633,-0.4682641502652463
0456CF121B6780,5,3.998378327866802,1.0846723462900274
0456D7121B6781,0,-1.5723111935684841,0.21333099696634197
0456D8121B6780,0,-0.10119013548925734,0.5773100960784112
0456DB121B6780,4,1.5693111132090545,-1.825910369989471
0456DD121B6781,4,2.422646545223527,-0.9962131049721147
0456DF121B6780,2,2.552798744997387,2.3836294523895996
0456E0121B6780,1,0.062099977755873226,2.4544790594031314
0456E3121B6781,6,1.854446720168221,-2.7111749323058785
0456E74A216281,0,-1.207033158920482,-0.9330127950448109
0456E94A216281,0,-2.0381270606117625,-0.11242340201816521
0456ED121B6780,5,1.5406187370463584,2.70922735367347
0456F3121B6780,2,2.485676145744366,-1.7280563755771319
0456FD4A216280,4,1.1757338638621437,-1.2888535432918922
0456FE121B6780,5,2.426092205791452,0.8264744137064542
045703121B6785,4,1.1757338638621437,-1.2888535432918922
045705121B6785,1,-1.0978824505596882,0.8129053219526414
0457194A216285,1,-0.5905953355845704,1.32473046435755
04571B4A216284,4,1.0630968113101966,-1.8782809002663148
04571F4A216284,0,-0.9110030042625226,1.6168995180137151
04571F4A216285,0,-0.14444898303609116,-0.2825614712652097
0457204A216284,4,-0.5195241243290248,-1.8227487605339738
0457254A216285,2,0.32629891502992153,-1.5011056570198402
0457264A216284,4,0.022408962227408683,-0.7248719767872362
0457264A216285,4,0.6491455830890611,-0.42228236487692017
04572C121B6780,6,0.5992857502332228,-1.518144529894779
045737121B6780,0,-1.0660968916696263,0.2657015272431859
04573D121B6780,1,-0.23393017690208584,-0.09543325365539498
04573D121B6781,1,0.10074652953526808,1.7181379043210323
045746121B6780,6,-1.0161935573723204,-1.3748632075810474
045747121B6780,1,-1.0574840157041085,0.539521453244978
04574A121B6780,5,2.964800102635968,0.39521637470098786
04574C121B6781,1,0.3299797599727048,0.3170128537210895
04574D121B6780,4,1.1843467398276615,-1.0150336172901
04574F121B6781,0,-0.3428690724205936,0.4214718152239167
045750121B6781,6,0.09942147866963919,-0.927591705857179
045754121B6780,1,-0.5916681486608303,0.8652758522294853
045754121B6781,0,-1.5723111935684841,0.21333099696634197
045755121B6781,0,-0.8368636612321894,-1.1354235233567571
045757121B6780,0,-0.8772620960877692,-0.8620396546490936
045758121B6780,0,-1.564771130679226,0.027696310840069283
045758121B6781,0,-0.3710477941889112,-0.8096691243722497
04575A121B6780,0,-1.207033158920482,-0.9330127950448109
04575C121B6781,0,-2.0381270606117625,-0.11242340201816521
04575D121B6781,2,1.798193355535641,-1.7135335517960895
045760121B6781,4,1.6193494658180054,0.00781254580522383
045766121B6780,4,-0.6932787941323659,-1.06627695089424
045767121B6781,4,1.157073081465906,0.8188162571183715
045768121B6780,1,0.2509347733377301,1.3267378775108514
045769121B6781,2,2.868291349926558,-0.37350377243464017
04576A121B6780,0,-1.0660968916696263,0.2657015272431859
04576C121B6781,0,-0.3785878570781692,-0.6240344382459769
04576E121B6780,4,0.022408962227408683,-0.7248719767872362
045771121B6781,4,0.7099179968188655,-1.6146079422763995
045777121B6780,4,-0.12117590487241495,-0.7940185492497533
045778121B6780,0,-0.9288620549050768,-0.30807525460874063
04578F121B6781,0,-1.564771130679226,0.027696310840069283
045790121B6780,4,0.926934787621907,-0.8450495062863234
045791121B6781,0,-1.0660968916696263,0.2657015272431859
045793121B6781,4,-0.22746292708908755,-0.7405225519097324
045795121B6781,0,-1.1994930960312238,-1.1186474811710838
0457B14A216281,0,-0.8848021589770272,-0.6764049685228208
0457B8121B6781,6,-0.008444603772608746,0.04876797515019746
0457BA121B6780,1,1.5752895698899558,0.3761422597193041
0457BC121B6780,2,2.621747194337664,-2.3484882586964617
0457BC121B6781,0,1.0183938579707241,2.4922677022365645
0457BD121B6781,4,2.342577285067038,0.16358283378595456
0457BE121B6780,2,2.1559313272943856,-2.6742426576809692
0457BE121B6781,5,4.030954671753865,2.421228932018115
0457BF4A216281,1,1.43924476567939,0.121361001130514
0457C1121B6781,5,5.238584673426699,2.143279921928534
0457C34A216281,0,-0.24135302031361985,-1.1978112200979036
0457C4121B6780,2,2.815487633524162,-1.7336314230080314
0457C5121B6781,0,-1.5723111935684841,0.21333099696634197
0457CD121B6780,1,0.08830082304136871,0.16117457286659492
0457CE121B6781,2,2.2575419727659214,-0.7426898545572447
0457D5121B6780,2,2.838760711687838,-2.245088500992575
0457D7121B6781,1,-1.5712383804922243,0.6727856090944068
0457D8121B6780,0,-0.6273902067712729,-0.8463890795265973
0457D9121B6780,0,-1.0660968916696263,0.2657015272431859
0457DB121B6780,2,2.6292872572269217,-2.5341229448227347
0457DE121B6781,0,-1.0585568287803682,0.0800668411169132
0457DF121B6780,2,2.552798744997387,2.3836294523895996
0457DF121B6781,6,1.2162265472655827,-1.3088782445740272
0457E3121B6781,4,1.5742167568136962,-0.08331235240876068
0457E64A216281,0,-1.5243726958236463,-0.245687557867594
0457FE121B6780,4,2.751887549688367,-0.6992963847698953
045804121B6785,5,2.2330334152424567,3.5620894057650174
045805121B6785,0,-1.899195599327211,0.4004001509137885
04581D4A216284,4,-0.010449409738913033,-0.6371227942058456
04581D4A216285,0,0.316687233809183,1.3620830498968546
04581F4A216284,0,-0.9110030042625226,1.6168995180137151
0458214A216284,0,-0.3710477941889112,-0.8096691243722497
0458224A216284,0,-0.8444037241214475,-0.9497888372304841
0458254A216285,4,1.5299854914297348,-1.0930718891537428
0458264A216284,4,0.022408962227408683,-0.7248719767872362
0458294A216285,0,0.27730698807913745,0.41152264163337776
045831121B6780,1,-1.0574840157041085,0.539521453244978
0458314A216284,0,-0.8848021589770272,-0.6764049685228208
045832121B6780,6,0.45844407634692924,0.8339769862627695
04583C121B6781,1,-0.5916681486608303,0.8652758522294853
04583D121B6780,6,0.42272529168935363,-0.21152926720712423
04583D121B6781,1,0.10074652953526808,1.7181379043210323
045843121B6780,6,-1.2368139118442394,0.30008176902068745
045846121B6780,6,-1.0161935573723204,-1.3748632075810474
045847121B6780,1,-1.0574840157041085,0.539521453244978
04584D121B6781,1,-1.0650240785933665,0.7251561393712507
045850121B6781,6,1.2086864843763245,-1.1232435584477547
045854121B6780,0,-0.8444037241214475,-0.9497888372304841
045855121B6780,0,-2.0381270606117625,-0.11242340201816521
045855121B6781,0,-0.8368636612321894,-1.1354235233567571
045856121B6780,2,0.4683079953570369,0.157063277396221
045857121B6781,6,0.012471617008809473,1.9559551138909688
045860121B6781,4,0.7099179968188655,-1.6146079422763995
045864121B6780,6,0.32830372099622596,-0.8152148876637973
045866121B6781,4,-0.017989472628171046,-0.45148810807957285
045869121B6781,6,1.0050168436875304,-1.2544733015143905
04586A121B6780,0,-1.0660968916696263,0.2657015272431859
04586B121B6780,6,-0.0441633884301843,-0.9967382783196962
04586B121B6781,4,0.45250604461311134,-1.4446238312726227
04586E121B6780,6,0.35683343087539365,-1.0975758168609555
045878121B6780,0,-1.5319127587129044,-0.06005287174132128
045880121B6780,0,-1.0585568287803682,0.0800668411169132
045882121B6781,0,-0.8490833743194516,0.3691012849470728
045883121B6781,4,0.60218658787156,-0.461437281670112
04588F121B6781,0,-1.564771130679226,0.027696310840069283
045890121B6780,1,0.1315596705882023,1.0210461402102158
045893121B6781,4,-0.22746292708908755,-0.7405225519097324
0458A34A216280,2,0.1575860157208621,1.1825068691822433
0458B14A216281,4,-0.013309822430166925,-1.77037823025713
0458B5121B6780,1,1.4145793460982286,0.06892247797990624
0458B9121B6780,1,-0.37465463131065563,0.968675609933372
0458BA121B6780,1,2.6207483890824426,0.7885203742220247
0458BB121B6780,2,2.899144915926575,-1.1471437243720741
0458BC121B6780,1,0.345712775247123,-0.008809538137181565
0458BC121B6781,0,-1.3506180260203053,-1.0021593675073281
0458BD121B6781,2,2.115532892438806,-2.4008587889733057
0458BE121B6780,1,-0.5992082115500883,1.0509105383557578
0458BF121B6781,5,3.547802917992037,2.187785892570316
0458C1121B6781,0,-1.5723111935684841,0.21333099696634197
0458C2121B6781,4,1.5807029140386102,0.7441537008873224
0458CD121B6780,4,1.6501626068709394,-0.6892792183055926
0458CE121B6781,2,0.5404520196888423,-2.5309613353672376
0458D3121B6781,2,3.2213759158700297,-0.8905358978500842
0458D5121B6780,2,2.0076668099965578,-1.42449910796593
0458D8121B6780,0,-2.0381270606117625,-0.11242340201816521
0458DA121B6780,2,1.7698941408367326,-2.3228205171096628
0458DD121B6780,4,1.7959099243618748,-1.298802716882431
0458DE121B6781,0,-1.0585568287803682,0.0800668411169132
0458DE4A216281,1,-0.36506933750801007,1.392383505336525
0458E1121B6780,5,1.608442815849292,0.06701850526905026
0458E1121B6781,5,2.9351341777963005,1.036835483144641
0458E2121B6781,4,0.3446399621708633,-0.4682641502652463
0458E3121B6780,5,2.7263206975214955,0.1451865786802667
0458E64A216281,0,-1.0256984568140466,-0.007682341464477369
0459004A216285,0,-1.0585568287803682,0.0800668411169132
0459034A216284,4,1.5628438633960562,-1.1808210717351335
045904121B6785,1,-0.3775150440019095,-0.16457982611791225
04591C4A216284,6,0.7880033263373558,-1.3578730592182773
04591D4A216284,0,-0.3586020876950118,0.7472942070821877
04591D4A216285,5,-0.7888415317587134,1.5434499428521162
04591E4A216285,1,-1.0574840157041085,0.539521453244978
0459204A216285,1,1.623961761585444,1.604025268230943
0459214A216285,4,0.919394724732649,-0.6594148201600506
0459224A216284,4,-0.013309822430166925,-1.77037823025713
0459254A216285,1,0.5394532144336214,0.606047297551249
0459274A216285,1,0.062099977755873226,2.4544790594031314
0459284A216285,0,0.27730698807913745,0.41152264163337776
045929121B6780,0,-2.0381270606117625,-0.11242340201816521
045931121B6780,1,-0.5992082115500883,1.0509105383557578
045932121B6780,6,0.45844407634692924,0.8339769862627695
04593C121B6781,1,0.10074652953526808,1.7181379043210323
045943121B6780,6,0.35683343087539365,-1.0975758168609555
045947121B6781,0,-0.3785878570781692,-0.6240344382459769
045949121B6780,4,0.46004610750236935,-1.6302585173988955
04594A121B6781,0,-1.5319127587129044,-0.06005287174132128
045951121B6780,0,-1.564771130679226,0.027696310840069283
045952121B6781,2,0.3187588521406634,-1.3154709708935675
045953121B6780,1,-0.36506933750801007,1.392383505336525
045955121B6780,0,-2.0381270606117625,-0.11242340201816521
045956121B6780,4,-0.23500298997834557,-0.5548878657834596
045956121B6781,0,-1.5243726958236463,-0.245687557867594
045957121B6780,0,-0.8848021589770272,-0.6764049685228208
045957121B6781,0,-1.5723111935684841,0.21333099696634197
045959121B6781,0,-1.1759677800781785,0.5561704388945193
04595C121B6780,0,-0.8444037241214475,-0.9497888372304841
04595D121B6780,0,-0.3710477941889112,-0.8096691243722497
045962121B6781,0,-1.5319127587129044,-0.06005287174132128
045964121B6781,6,-0.7316724230216414,-0.10700231283053326
045966121B6781,4,0.6695195619632859,-1.341224073568736
04596B121B6780,6,-0.03064486886002515,1.0196796652628057
04596D121B6781,4,-0.23500298997834557,-0.5548878657834596
04596F121B6780,1,-0.5992082115500883,1.0509105383557578
045980121B6780,0,-1.564771130679226,0.027696310840069283
045983121B6781,0,-0.8368636612321894,-1.1354235233567571
0459A14A216280,0,-0.8011448765746138,-0.08991726988686331
0459A34A216280,0,-0.7336772289879455,-0.7928930821865763
0459B4121B6780,4,0.4957648921599449,-0.5847522639290017
0459B5121B6780,1,1.4145793460982286,0.06892247797990624
0459B9121B6780,1,-0.8404704983539338,0.6429212109488649
0459B9121B6781,1,-0.5992082115500883,1.0509105383557578
0459BA121B6780,5,1.7104044494316777,0.48506943959945065
0459BD121B6781,5,1.9012171214963565,2.881773683839874
0459BE121B6780,1,-0.5992082115500883,1.0509105383557578
0459BF121B6781,5,4.235311952583494,1.2980499270811532
0459C1121B6781,5,2.294953045185528,2.3142911726983746
0459C2121B6780,0,-1.0660968916696263,0.2657015272431859
0459C2121B6781,0,-2.0381270606117625,-0.11242340201816521
0459C34A216280,0,-1.0660968916696263,0.2657015272431859
0459CF121B6780,0,-1.3306322566371478,0.3691692778208366
0459D3121B6781,1,-0.5916681486608303,0.8652758522294853
0459DA121B6780,2,1.7698941408367326,-2.3228205171096628
0459DD121B6780,5,5.295288096601362,0.589837352247889
0459DD121B6781,4,0.4882248292706869,-0.39911757780272894
0459DE4A216281,1,-0.36506933750801007,1.392383505336525
0459DF121B6780,0,-0.10873019837851547,0.762944782204684
0459E1121B6780,0,0.7663959332860918,0.22581996263334114
0459E1121B6781,5,2.9351341777963005,1.036835483144641
0459E2121B6781,0,-0.3428690724205936,0.4214718152239167
0459FB4A216280,4,1.149533018576648,1.0044509432446442
0459FE4A216280,1,0.08830082304136871,0.16117457286659492
0459FF4A216280,6,-0.3588543254843808,-1.438980790967959
045A014A216285,0,-0.3710477941889112,-0.8096691243722497
045A024A216284,0,-1.5243726958236463,-0.245687557867594
045A034A216284,2,-0.5123350495506169,-0.49488157786692216
045A1A4A216285,4,-0.23500298997834557,-0.5548878657834596
045A1B4A216284,0,-1.0660968916696263,0.2657015272431859
045A1E4A216285,1,-0.3417962593443339,0.8809264273519815
045A204A216285,1,1.623961761585444,1.604025268230943
045A214A216285,1,0.062099977755873226,2.4544790594031314
045A234A216285,0,-0.8772620960877692,-0.8620396546490936
045A274A216285,1,0.062099977755873226,2.4544790594031314
045A29121B6780,5,1.2777901672390826,1.8450413452230385
045A314A216284,0,-1.5723111935684841,0.21333099696634197
045A39121B6780,4,-0.0537082572857466,-1.4969943615494665
045A44121B6780,6,-0.03171768193628499,0.5602250531347412
045A48121B6781,0,-2.0381270606117625,-0.11242340201816521
045A4A121B6780,0,-1.376818871305801,1.291145119029208
045A4B121B6781,1,-0.871283639406868,1.3400129750596812
045A4E121B6780,1,-0.3775150440019095,-0.16457982611791225
045A51121B6780,0,-1.564771130679226,0.027696310840069283
045A51121B6781,0,-0.6198501438820148,-1.0320237656528701
045A53121B6780,4,-0.7008188570216239,-0.880642264767967
045A54121B6781,6,-0.7241323601323834,-0.29263699895680595
045A57121B6780,1,0.2318856901411923,0.2303211453291123
045A58121B6780,0,-1.0660968916696263,0.2657015272431859
045A58121B6781,1,-0.16050152665173492,-0.061180068414025485
045A59121B6781,0,-1.5723111935684841,0.21333099696634197
045A5B121B6780,1,-0.5992082115500883,1.0509105383557578
045A5C121B6780,0,-0.8444037241214475,-0.9497888372304841
045A5D121B6780,0,-1.0660968916696263,0.2657015272431859
045A5F121B6781,1,1.2051058916373119,-0.22011196585025322
045A62121B6781,0,-0.8444037241214475,-0.9497888372304841
045A63121B6780,1,-1.0650240785933665,0.7251561393712507
045A64121B6781,0,-1.5243726958236463,-0.245687557867594
045A67121B6780,4,1.7959099243618748,-1.298802716882431
045A68121B6781,6,-0.2202781890686502,1.5122190697591644
045A6D121B6781,1,0.4892976423469466,0.06033703432533575
045A6F121B6780,1,-0.5992082115500883,1.0509105383557578
045A79121B6780,0,-1.0660968916696263,0.2657015272431859
045A8D121B6781,6,-1.1974882900649195,-0.43275671181504055
045AB14A216280,0,-0.4151076901169608,-0.44133941045816955
045AB24A216280,0,-1.5723111935684841,0.21333099696634197
045AB4121B6780,4,0.4957648921599449,-0.5847522639290017
045AB6121B6780,1,1.3988463308238104,0.39474486983817736
045AB9121B6780,5,1.489018778229051,3.263191753713823
045AB9121B6781,1,-0.5992082115500883,1.0509105383557578
045ABA121B6780,2,1.320157775405101,-0.5347631424767669
045ABD121B6780,4,1.0555567484209387,-1.692646214140042
045ABF121B6781,5,5.334613718380681,-0.14300112858783898
045AC1121B6781,6,-0.120008843248296,-0.08120476969616076
045AC2121B6780,4,3.1534144273618177,-1.0260775031176572
045AC34A216280,0,-1.0660968916696263,0.2657015272431859
045AC4121B6781,0,-0.21104826317716624,2.2841268839789897
045ACF121B6780,0,-1.338172319526406,0.5548039639471093
045AD0121B6780,5,-0.2826272298598554,1.59582047312896
045AD94A216280,4,-0.00576975954090891,-1.9560129163834028
045ADD121B6781,4,0.4882248292706869,-0.39911757780272894
045ADE121B6780,2,1.9342381597462068,-1.4587522932072992
045ADF121B6780,1,1.662608313364839,0.8676841131488447
045ADF121B6781,0,-0.8772620960877692,-0.8620396546490936
045AE2121B6781,2,1.2404067607741986,-1.8637339694019632
045AE4121B6780,4,0.45250604461311134,-1.4446238312726227
045AE4121B6781,0,0.28272033222779225,0.779534082801396
045AFB4A216280,4,1.149533018576648,1.0044509432446442
045AFF4A216280,5,0.4248675741147589,2.0774131529679623
045B014A216285,0,-0.8444037241214475,-0.9497888372304841
045B064A216284,0,-1.564771130679226,0.027696310840069283
045B1A4A216285,4,-0.23500298997834557,-0.5548878657834596
045B224A216285,0,-1.3430779631310472,-1.187794053633601
045B234A216285,1,-1.5636983176029664,0.4871509229681341
045B244A216285,1,0.5394532144336214,0.606047297551249
045B39121B6780,0,-0.7412172918772035,-0.6072583960603035
045B44121B6780,6,0.5778191790964569,1.1396687235634049
045B46121B6781,0,-0.8848021589770272,-0.6764049685228208
045B48121B6780,0,-0.9034629413732647,1.4312648318874424
045B4A121B6780,0,-1.376818871305801,1.291145119029208
045B4B121B6781,2,1.5482009732885538,-1.1073301526359929
045B4E121B6781,4,-0.22746292708908755,-0.7405225519097324
045B50121B6780,1,0.23942575303045033,0.04468645920283951
045B51121B6781,0,-0.6198501438820148,-1.0320237656528701
045B52121B6780,4,-0.12117590487241495,-0.7940185492497533
045B53121B6781,0,-1.3430779631310472,-1.187794053633601
045B54121B6780,1,-0.5992082115500883,1.0509105383557578
045B54121B6781,4,-0.0008641159362675583,-0.2134148988026926
045B55121B6780,0,-1.564771130679226,0.027696310840069283
045B55121B6781,5,1.9674654135265819,1.8285871973889989
045B57121B6780,4,0.919394724732649,-0.6594148201600506
045B58121B6780,0,-1.0660968916696263,0.2657015272431859
045B58121B6781,4,1.6426225439816815,-0.5036445321793199
045B5E121B6780,0,-1.0660968916696263,0.2657015272431859
045B5F121B6781,0,-1.0660968916696263,0.2657015272431859
045B60121B6780,0,-1.564771130679226,0.027696310840069283
045B61121B6781,0,-0.8415433114301936,0.1834665988208
045B63121B6780,1,-1.0650240785933665,0.7251561393712507
045B67121B6780,4,-0.013309822430166925,-1.77037823025713
045B68121B6781,6,-0.2202781890686502,1.5122190697591644
045B6C121B6780,1,-0.3775150440019095,-0.16457982611791225
045B6F121B6781,0,-1.5319127587129044,-0.06005287174132128
045B70121B6780,0,-0.3785878570781692,-0.6240344382459769
045B89121B6780,4,-0.5119840614397668,-2.008383446660247
045B8D121B6781,0,-1.5319127587129044,-0.06005287174132128
045BA64A216280,4,-0.04616819439648859,-1.6826290476757393
045BB14A216280,0,-0.4151076901169608,-0.44133941045816955
045BB24A216280,0,-1.5723111935684841,0.21333099696634197
045BB6121B6780,4,1.0555567484209387,-1.692646214140042
045BBB121B6781,1,1.3913062679345525,0.58037955596445
045BBC121B6780,4,1.1524607856984677,-0.7773964653073481
045BBD121B6780,4,1.5974898349773723,-0.5947694303933044
045BBF121B6780,2,3.344975013586696,-2.192717970715731
045BBF121B6781,2,1.381343028025054,-0.6650196471139665
045BC1121B6781,5,1.2716944910804573,0.9310013680830451
045BC2121B6780,2,2.380484907533818,-2.756477586103355
045BC4121B6781,2,3.344975013586696,-2.192717970715731
045BCC121B6781,6,-0.2647837429021032,0.6782066982820387
045BD0121B6780,5,-0.2826272298598554,1.59582047312896
045BD2121B6781,4,3.003885474372999,1.5671513548333273
045BD9121B6780,0,-2.0381270606117625,-0.11242340201816521
045BD94A216280,4,0.46004610750236935,-1.6302585173988955
045BDA121B6781,5,3.7873551361827693,2.8972703007191023
045BDB121B6781,4,4.1131504800796845,1.371499502242752
045BDE121B6780,1,1.485282538090262,3.2774767133491367
045BDF121B6781,0,-1.3430779631310472,-1.187794053633601
045BE2121B6781,2,1.2404067607741986,-1.8637339694019632
045BE3121B6781,1,1.623961761585444,1.604025268230943
045BE4121B6780,1,-0.2667885488684076,-0.007684071074004418
045BE4121B6781,0,0.28272033222779225,0.779534082801396
045BE64A216280,0,-1.338172319526406,0.5548039639471093
045BE74A216280,0,-1.5319127587129044,-0.06005287174132128
045BF24A216281,4,0.46004610750236935,-1.6302585173988955
045BFF4A216281,0,0.4997338495779668,0.8829338405052828
045C034A216285,0,-1.3148992413627296,0.043346885962565515
045C054A216284,0,-1.0660968916696263,0.2657015272431859
045C08121B6784,5,1.0625831569158184,3.887997762992792
045C194A216284,4,1.1757338638621437,-1.2888535432918922
045C1C4A216284,0,-2.0381270606117625,-0.11242340201816521
045C234A216284,0,-1.3148992413627296,0.043346885962565515
045C234A216285,0,-1.3430779631310472,-1.187794053633601
045C244A216285,0,-0.18023512212423212,1.587035119868173
045C254A216284,4,0.46004610750236935,-1.6302585173988955
045C324A216284,5,0.5986222439180999,1.3209413433282278
045C394A216284,0,-1.5319127587129044,-0.06005287174132128
045C3E121B6780,2,0.21557241989641968,-1.6580014120637485
045C41121B6780,0,-2.0381270606117625,-0.11242340201816521
045C44121B6781,5,0.9074892695087149,2.5367997722222633
045C45121B6780,0,-0.8444037241214475,-0.9497888372304841
045C46121B6781,0,-0.8848021589770272,-0.6764049685228208
045C48121B6780,0,-1.564771130679226,0.027696310840069283
045C4B121B6780,0,-0.8772620960877692,-0.8620396546490936
045C4C121B6780,0,-1.5319127587129044,-0.06005287174132128
045C4F121B6780,1,0.7317499617047758,-0.36023167870848777
045C52121B6780,0,-1.3506180260203053,-1.0021593675073281
045C54121B6780,1,-0.5992082115500883,1.0509105383557578
045C55121B6780,1,0.7928678598941635,2.424614661257589
045C57121B6780,5,3.7642394538247244,0.7431993793092605
045C57121B6781,5,-0.1453923930953062,1.0220436912770334
045C58121B6781,0,-2.0381270606117625,-0.11242340201816521
045C5A121B6781,1,0.4564392703806249,0.14808621690672627
045C5E121B6780,0,-1.0660968916696263,0.2657015272431859
045C60121B6780,0,-1.564771130679226,0.027696310840069283
045C61121B6781,6,-0.4067928232292187,-0.9799622361340229
045C63121B6781,4,-0.00576975954090891,-1.9560129163834028
045C6A121B6781,2,2.477388944811347,-1.8412278372706616
045C6F121B6781,0,-1.5319127587129044,-0.06005287174132128
045C70121B6780,0,-0.3785878570781692,-0.6240344382459769
045C89121B6780,4,-0.5119840614397668,-2.008383446660247
045C8B121B6781,4,2.725686704402871,1.5940081017666403
045C8C121B6780,4,0.45250604461311134,-1.4446238312726227
045C90121B6780,0,-1.5723111935684841,0.21333099696634197
045CA0121B6780,1,-1.0650240785933665,0.7251561393712507
045CAF4A216281,0,-0.4555061249725406,-0.16795554175050617
045CB14A216280,4,1.9065017460004343,-1.3187179414374341
045CB24A216280,0,-1.207033158920482,-0.9330127950448109
045CBA4A216281,1,-0.8480105612431919,0.8285558970751375
045CBB121B6781,1,1.3913062679345525,0.58037955596445
045CBC121B6780,4,1.1524607856984677,-0.7773964653073481
045CBC121B6781,0,0.35708566866476266,1.088699181189191
045CBD121B6780,5,5.256641544821967,1.3261785073299874
045CBF121B6780,2,3.344975013586696,-2.192717970715731
045CC2121B6780,4,1.8137689750044286,0.626172055740025
045CD0121B6781,1,-0.5992082115500883,1.0509105383557578
045CD1121B6781,5,1.9340754934626785,2.7940245012584835
045CD2121B6781,4,3.003885474372999,1.5671513548333273
045CD8121B6781,1,0.9318404312265485,0.8975485112943868
045CDA4A216280,0,-0.4151076901169608,-0.44133941045816955
045CDB121B6780,4,-0.00576975954090891,-1.9560129163834028
045CDB121B6781,2,-0.006120747651759013,-0.44251104759007825
045CDC121B6781,5,2.8793429665971177,4.173938590241218
045CDD121B6780,2,1.871504786308268,-0.3912677139859385
045CE0121B6781,0,-0.3710477941889112,-0.8096691243722497
045CE3121B6780,0,-0.8848021589770272,-0.6764049685228208
045CE3121B6781,1,0.9626535722794827,0.2004567471835702
045CE4121B6780,3,1.781165131262195,5.724041934350804
045CE54A216280,0,0.10142559953519323,1.721640578567403
045CE64A216280,0,-1.5243726958236463,-0.245687557867594
045CE74A216280,0,-1.5319127587129044,-0.06005287174132128
045CE84A216280,1,-0.8480105612431919,0.8285558970751375
045CE84A216281,0,-1.5723111935684841,0.21333099696634197
045CEC4A216280,0,-0.8444037241214475,-0.9497888372304841
045CFD121B6780,5,4.216651170187257,3.405719727491417
045CFF4A216281,0,-1.5723111935684841,0.21333099696634197
045D024A216285,0,-1.3430779631310472,-1.187794053633601
045D044A216284,0,-1.564771130679226,0.027696310840069283
045D054A216284,0,-0.3785878570781692,-0.6240344382459769
045D064A216285,0,-1.3073591784734717,-0.14228780016370723
045D07121B6784,5,1.6025383669894298,1.4614291206068268
045D1C4A216284,0,-2.0381270606117625,-0.11242340201816521
045D204A216284,2,2.390803895287114,-0.6458681273546268
045D224A216285,0,-0.8772620960877692,-0.8620396546490936
045D234A216285,4,-0.7008188570216239,-0.880642264767967
045D244A216285,5,5.956596285907323,1.993405873295262
045D254A216284,2,1.555741036177812,-1.2929648387622659
045D2A121B6780,0,-2.0381270606117625,-0.11242340201816521
045D324A216284,5,0.5986222439180999,1.3209413433282278
045D394A216284,0,-1.5319127587129044,-0.06005287174132128
045D3E121B6780,2,-0.4719366146950372,-0.7682654465745854
045D41121B6780,0,-2.0381270606117625,-0.11242340201816521
045D45121B6780,0,-0.8444037241214475,-0.9497888372304841
045D45121B6781,5,0.9074892695087149,2.5367997722222633
045D49121B6780,5,1.7028643865424196,0.6707041257257235
045D4B121B6780,0,-1.338172319526406,0.5548039639471093
045D4C121B6780,0,-1.5723111935684841,0.21333099696634197
045D4D121B6780,4,2.2627986044814126,-0.5135937057698589
045D50121B6781,1,0.0958408859306267,-0.02446011325967774
045D51121B6780,1,-0.4103734159682312,-0.07683064353652166
045D52121B6781,0,-1.0660968916696263,0.2657015272431859
045D53121B6780,4,1.0959551832765184,-1.9660300828477055
045D55121B6780,0,-1.5243726958236463,-0.245687557867594
045D56121B6781,6,0.5453172383464004,-0.7118151299599105
045D57121B6780,5,4.464194194910081,1.410426745274535
045D57121B6781,5,-0.1453923930953062,1.0220436912770334
045D58121B6781,0,-2.0381270606117625,-0.11242340201816521
045D59121B6780,4,-0.013309822430166925,-1.77037823025713
045D59121B6781,0,-1.3073591784734717,-0.14228780016370723
045D5A121B6781,0,-1.5723111935684841,0.21333099696634197
045D5B121B6781,0,-0.4047887023636646,1.669270048290559
045D5E121B6781,2,0.14897313975534435,0.9086869431804511
045D61121B6780,4,0.6086727450964742,0.3660287716259711
045D62121B6780,1,-1.5712383804922243,0.6727856090944068
045D63121B6781,4,-0.00576975954090891,-1.9560129163834028
045D69121B6780,1,-0.3775150440019095,-0.16457982611791225
045D6A121B6781,2,2.477388944811347,-1.8412278372706616
045D8B121B6781,1,-0.3699749811126515,-0.350214512244185
045D8C121B6780,0,-1.5319127587129044,-0.06005287174132128
045D90121B6780,0,-1.3506180260203053,-1.0021593675073281
045DAC121B6781,2,2.7025986879995485,-1.2118571070125843
045DAF4A216281,1,0.8315144116735586,1.6882735061754903
045DB14A216280,4,1.1832739267514016,-1.474488229418165
045DB24A216280,4,-0.5195241243290248,-1.8227487605339738
045DBA4A216281,1,-0.16050152665173492,-0.061180068414025485
045DBB121B6781,0,0.4943205054293121,0.5149223993372646
045DBC121B6781,0,0.35708566866476266,1.088699181189191
045DBD121B6780,5,3.7380386085392288,3.0365038658457966
045DBF121B6780,1,-0.5992082115500883,1.0509105383557578
045DC0121B6780,1,0.345712775247123,-0.008809538137181565
045DC2121B6780,1,0.8239743487843005,1.8739081923017629
045DC44A216280,0,-1.5319127587129044,-0.06005287174132128
045DC94A216281,0,-2.0381270606117625,-0.11242340201816521
045DCA121B6781,4,2.751887549688367,-0.6992963847698953
045DCF121B6780,5,2.237374629687319,0.6662029430299524
045DD1121B6781,5,1.9340754934626785,2.7940245012584835
045DD8121B6781,1,1.655068250475581,1.0533187992751174
045DDA4A216280,4,0.6695195619632859,-1.341224073568736
045DDB121B6780,4,1.3694743030486423,-0.6739967076034614
045DDC121B6781,2,1.4046161061887303,-1.1764767250985106
045DDD121B6780,2,1.9918165752444157,0.18933593646112257
045DDD121B6781,5,3.0451954532149235,0.3570706279878505
045DE0121B6780,5,2.346313525205827,0.14929787415064072
045DE3121B6781,6,1.854446720168221,-2.7111749323058785
045DE4121B6780,5,-0.08134672778409902,2.0250426226911182
045DE74A216281,4,-0.5195241243290248,-1.8227487605339738
045DE84A216280,0,-2.0381270606117625,-0.11242340201816521
045DE84A216281,0,-1.5319127587129044,-0.06005287174132128
045DEF4A216280,0,-0.16157433972799465,-0.5206346805420903
045E004A216284,4,0.2724013444744961,-1.3310753759473326
045E014A216284,1,-1.0650240785933665,0.7251561393712507
045E044A216284,0,-1.564771130679226,0.027696310840069283
045E1B4A216284,4,-0.6932787941323659,-1.06627695089424
045E1B4A216285,4,0.45250604461311134,-1.4446238312726227
045E1F4A216285,1,0.2318856901411923,0.2303211453291123
045E204A216284,1,0.044240927113319006,0.5295042867806752
045E214A216284,4,0.45357885768937106,-0.9851692191445579
045E224A216285,0,0.7506629180116735,0.5516423544916123
045E2C121B6780,6,-0.5099792554734626,-1.3224926773042036
045E37121B6780,0,-0.8415433114301936,0.1834665988208
045E49121B6781,4,0.45250604461311134,-1.4446238312726227
045E4A121B6780,4,-0.013309822430166925,-1.77037823025713
045E4C121B6781,6,-1.2368139118442394,0.30008176902068745
045E51121B6780,1,-0.4103734159682312,-0.07683064353652166
045E52121B6781,4,0.029949025116666698,-0.910506662913509
045E53121B6780,1,0.35325283813638103,-0.19444422426345429
045E54121B6781,0,-1.5723111935684841,0.21333099696634197
045E56121B6780,0,-1.0585568287803682,0.0800668411169132
045E56121B6781,0,-1.5243726958236463,-0.245687557867594
045E58121B6780,0,-1.564771130679226,0.027696310840069283
045E58121B6781,1,0.062099977755873226,2.4544790594031314
045E59121B6780,4,-0.013309822430166925,-1.77037823025713
045E59121B6781,2,2.7025986879995485,-1.2118571070125843
045E5B121B6781,4,0.45250604461311134,-1.4446238312726227
045E5C121B6781,1,-0.3417962593443339,0.8809264273519815
045E5D121B6781,0,-0.8444037241214475,-0.9497888372304841
045E5E121B6781,2,0.14897313975534435,0.9086869431804511
045E61121B6780,4,0.919394724732649,-0.6594148201600506
045E62121B6780,0,-0.4226477530062188,-0.2557047243318967
045E67121B6781,0,-1.564771130679226,0.027696310840069283
045E68121B6780,6,-0.1850996556810399,-2.195452600607693
045E69121B6780,0,-1.0660968916696263,0.2657015272431859
045E6C121B6781,0,-0.3785878570781692,-0.6240344382459769
045E6F121B6780,0,-1.5723111935684841,0.21333099696634197
045E70121B6781,0,-1.0585568287803682,0.0800668411169132
045E71121B6781,0,-0.8086849394638718,0.09571741623940944
045E77121B6780,1,0.062099977755873226,2.4544790594031314
045E8A121B6781,4,-0.6932787941323659,-1.06627695089424
045E90121B6780,0,-1.3506180260203053,-1.0021593675073281
045E91121B6781,0,-1.0660968916696263,0.2657015272431859
045EAC121B6781,4,-0.12117590487241495,-0.7940185492497533
045EB8121B6781,6,-0.7305996099453815,0.35245229929753136
045EBB121B6780,2,5.173126624097552,0.6632869274094879
045EBB121B6781,5,-0.2750871669705974,1.4101857870026873
045EBD4A216281,6,-1.2378867249204992,-0.15937284310737718
045EBE121B6780,2,2.1559313272943856,-2.6742426576809692
045EBE121B6781,5,2.9216896660471803,2.616880784608691
045EBF121B6780,1,-0.5992082115500883,1.0509105383557578
045EBF4A216281,4,1.008875918598644,-0.8465430377698654
045EC0121B6780,0,-0.4630461878617985,0.017679144375766526
045EC1121B6781,2,3.6882645959895677,-0.10532688673751213
045EC2121B6780,1,0.08830082304136871,0.16117457286659492
045EC34A216281,0,-1.0660968916696263,0.2657015272431859
045EC4121B6780,4,1.7555114895062949,-1.0254188481747675
045EC44A216280,0,-1.5319127587129044,-0.06005287174132128
045EC5121B6781,2,2.7025986879995485,-1.2118571070125843
045EC94A216281,0,-2.0381270606117625,-0.11242340201816521
045ECA121B6781,4,2.9117354904304813,-1.1819157839721515
045ECF121B6780,0,-0.3972486394744067,1.4836353621642862
045ED0121B6781,1,0.08830082304136871,0.16117457286659492
045ED8121B6780,4,1.7912302741638708,0.02008740529512613
045EDB121B6780,2,2.6292872572269217,-2.5341229448227347
045EE0121B6780,5,2.346313525205827,0.14929787415064072
045EE3121B6781,5,4.942203530657889,1.1068694776633328
045EE74A216281,0,-0.8368636612321894,-1.1354235233567571
045EE94A216281,4,1.1768066769384034,-0.8293989311638271
045EFD4A216280,4,1.1757338638621437,-1.2888535432918922
045EFE121B6780,2,1.737035768870411,-2.2350713345282722
045F004A216284,4,2.6899679197452957,0.5485018482967469
045F03121B6785,4,0.3446399621708633,-0.4682641502652463
045F05121B6785,0,-1.564771130679226,0.027696310840069283
045F09F2185085,4,0.6941849815444473,-1.2887855504181283
045F194A216285,1,-1.0650240785933665,0.7251561393712507
045F1B4A216285,4,0.7299037662020229,-0.24327929694823458
045F204A216284,0,-2.0381270606117625,-0.11242340201816521
045F264A216284,6,1.3865592347934625,-0.35937531049996374
045F2C121B6780,6,0.5992857502332228,-1.518144529894779
045F37121B6780,0,-0.8415433114301936,0.1834665988208
045F3D121B6780,1,-0.4179134788574892,0.10880404258975099
045F46121B6780,6,0.5148550854043163,-1.5282252346424186
045F49121B6781,5,0.5570795477969426,1.0490510061041063
045F4D121B6780,4,1.1768066769384034,-0.8293989311638271
045F4F121B6781,0,-0.3428690724205936,0.4214718152239167
045F50121B6781,1,-0.5916681486608303,0.8652758522294853
045F52121B6780,1,-1.5712383804922243,0.6727856090944068
045F53121B6781,4,0.3446399621708633,-0.4682641502652463
045F54121B6780,1,-0.5916681486608303,0.8652758522294853
045F54121B6781,1,0.32705199285088543,2.098860262273082
045F56121B6780,0,-1.0585568287803682,0.0800668411169132
045F58121B6781,1,0.062099977755873226,2.4544790594031314
045F5A121B6780,0,-1.0660968916696263,0.2657015272431859
045F5C121B6781,1,-1.5636983176029664,0.4871509229681341
045F5D121B6781,6,-0.489993486090305,0.048835968023961174
045F60121B6781,1,-1.5636983176029664,0.4871509229681341
045F64121B6780,6,0.786930513261096,-1.817327671346342
045F67121B6781,0,-1.564771130679226,0.027696310840069283
045F68121B6780,6,-0.1850996556810399,-2.195452600607693
045F69121B6781,6,2.4034826339428994,-1.5011543815320088
045F6A121B6780,4,-0.12117590487241495,-0.7940185492497533
045F6C121B6781,0,-1.0660968916696263,0.2657015272431859
045F6E121B6780,0,-1.3148992413627296,0.043346885962565515
045F70121B6781,1,-0.3775150440019095,-0.16457982611791225
045F77121B6780,0,-0.3785878570781692,-0.6240344382459769
045F78121B6780,4,1.312968700626693,-1.8626303251438188
045F90121B6780,4,-0.7008188570216239,-0.880642264767967
045F91121B6781,0,-1.0660968916696263,0.2657015272431859
045F93121B6781,1,-0.5992082115500883,1.0509105383557578
045FB14A216281,4,-0.7008188570216239,-0.880642264767967
045FB8121B6781,6,-0.7305996099453815,0.35245229929753136
045FB9121B6780,4,2.55485980172135,0.5686325028543825
045FBA121B6780,1,2.6207483890824426,0.7885203742220247
045FBB121B6780,5,2.256306493406133,3.0506323277804737
045FBC121B6780,1,0.345712775247123,-0.008809538137181565
045FBD4A216281,6,-1.2378867249204992,-0.15937284310737718
045FBE121B6780,1,1.4728368315963625,1.7205133818946987
045FBF4A216281,0,-0.17730735500241285,-0.1948122886838192
045FC1121B6781,0,-1.0660968916696263,0.2657015272431859
045FC34A216281,2,2.621747194337664,-2.3484882586964617
045FC4121B6780,4,1.7791974065601197,-0.4748068533970319
045FC5121B6781,1,0.32705199285088543,2.098860262273082
045FCD121B6780,0,-0.3785878570781692,-0.6240344382459769
045FD6121B6780,2,4.063861618390866,0.8589387800000635
045FD7121B6781,1,-1.5712383804922243,0.6727856090944068
045FD8121B6780,0,-0.10119013548925734,0.5773100960784112
045FD84A216280,5,0.9074892695087149,2.5367997722222633
045FD8F2185080,4,-0.5195241243290248,-1.8227487605339738
045FD9121B6780,4,0.45250604461311134,-1.4446238312726227
045FDB121B6780,2,2.6292872572269217,-2.5341229448227347
045FDE121B6781,0,-0.6149445002773735,0.7105742519278401
045FDF121B6780,5,3.0684685313785995,-0.15438644999669326
045FE64A216281,0,-1.5319127587129044,-0.06005287174132128
045FE94A216281,0,-0.8244179547382899,0.4215398080976805
045FF14A216281,4,0.022408962227408683,-0.7248719767872362
045FFE121B6780,2,1.737035768870411,-2.2350713345282722
046003121B6785,0,-1.5723111935684841,0.21333099696634197
046004121B6785,0,-0.8415433114301936,0.1834665988208
046005121B6785,5,3.342298420949142,3.3664375531744417
0460074A216285,0,-0.8415433114301936,0.1834665988208
0460184A216285,5,-1.2546573988019918,1.217695543867609
04601C4A216284,1,-0.6686806651030609,1.0679955812994277
04601C4A216285,0,-0.14912863323409525,1.0363286509123473
04601D4A216284,0,0.7431228551224156,0.7372770406178849
04601D4A216285,0,-0.14158857034483724,0.8506939647860745
04601E4A216284,5,0.8109980711213346,2.6836190961518485
04601F4A216284,5,0.32042347394797205,1.3477980902615407
0460204A216284,4,-0.0537082572857466,-1.4969943615494665
0460264A216284,6,1.3865592347934625,-0.35937531049996374
04602B121B6780,0,-1.0585568287803682,0.0800668411169132
04602C121B6780,0,-1.5723111935684841,0.21333099696634197
046031121B6780,0,-1.338172319526406,0.5548039639471093
046032121B6780,6,0.45844407634692924,0.8339769862627695
04603A4A216284,0,-2.0381270606117625,-0.11242340201816521
04603D121B6780,1,-1.1054225134489462,0.998540008078914
046043121B6780,6,0.35683343087539365,-1.0975758168609555
046047121B6780,1,-1.0650240785933665,0.7251561393712507
046047121B6781,0,-1.5319127587129044,-0.06005287174132128
04604D121B6780,4,1.1768066769384034,-0.8293989311638271
04604D121B6781,1,-0.8837293459007675,-0.21695035639475618
04604F121B6781,0,-1.5243726958236463,-0.245687557867594
046052121B6780,1,-1.5712383804922243,0.6727856090944068
046053121B6781,4,0.6695195619632859,-1.341224073568736
046054121B6780,0,-1.564771130679226,0.027696310840069283
046055121B6780,1,1.5114833833757575,0.9841722268126002
046056121B6780,0,-1.0585568287803682,0.0800668411169132
046057121B6780,0,-0.8848021589770272,-0.6764049685228208
046057121B6781,0,-1.5723111935684841,0.21333099696634197
04605A121B6780,0,-1.0660968916696263,0.2657015272431859
046060121B6781,4,0.7099179968188655,-1.6146079422763995
046064121B6780,6,0.786930513261096,-1.817327671346342
046066121B6781,4,0.45250604461311134,-1.4446238312726227
046069121B6781,6,1.8972683320440413,-1.5535249118088528
04606A121B6780,4,-0.12117590487241495,-0.7940185492497533
04606B121B6780,6,-0.03064486886002515,1.0196796652628057
04606E121B6780,4,0.022408962227408683,-0.7248719767872362
046071121B6781,0,-0.8086849394638718,0.09571741623940944
046078121B6780,0,-1.5319127587129044,-0.06005287174132128
04607C121B6781,4,0.20370369492000764,-1.6669784725532433
046080121B6780,0,-1.0585568287803682,0.0800668411169132
046083121B6781,0,-0.6074044373881153,0.5249395658015673
046088121B6780,1,-0.3699749811126515,-0.350214512244185
04608F121B6781,0,-1.5723111935684841,0.21333099696634197
046090121B6780,4,0.926934787621907,-0.8450495062863234
046093121B6781,0,-0.8319580176275481,0.6071744942239532
0460A34A216280,6,0.43026535457861165,-0.397163953333397
0460B14A216281,4,-0.013309822430166925,-1.77037823025713
0460B5121B6780,1,0.062099977755873226,2.4544790594031314
0460B9121B6780,1,-0.37465463131065563,0.968675609933372
0460BA121B6780,0,0.3184391168853679,1.8250403362712895
0460BB121B6780,5,0.8277105889230895,1.8596232326664492
0460BC121B6780,1,0.8115286422904011,0.31694486084732565
0460BD121B6781,2,6.663487863981717,1.8022254238774416
0460BE121B6780,1,-0.5992082115500883,1.0509105383557578
0460BE121B6781,4,2.547530268858739,0.4238826201670664
0460BF121B6781,2,2.545258682108129,2.569264138515873
0460C1121B6781,5,3.126046946876808,1.4937017796717287
0460C14A216281,0,-1.5243726958236463,-0.245687557867594
0460C2121B6781,0,-1.5339175646792087,-0.7459436410973643
0460CD121B6780,1,0.08830082304136871,0.16117457286659492
0460CE121B6781,6,0.9317054129149034,-2.576739139324541
0460D5121B6780,4,0.45250604461311134,-1.4446238312726227
0460D6121B6780,1,-0.5992082115500883,1.0509105383557578
0460D8121B6780,0,-1.0660968916696263,0.2657015272431859
0460D9121B6780,4,-0.23500298997834557,-0.5548878657834596
0460DA121B6780,2,2.5214211747846735,-1.557763263815359
0460DE121B6781,0,-0.6149445002773735,0.7105742519278401
0460DE4A216281,4,0.6548593597651274,-0.5559470695824
0460E1121B6780,0,0.7663959332860918,0.22581996263334114
0460E1121B6781,0,-2.0381270606117625,-0.11242340201816521
0460E2121B6781,1,1.2175515981312113,1.336851365604184
0460E64A216281,0,-1.0256984568140466,-0.007682341464477369
0460F14A216281,1,-0.5916681486608303,0.8652758522294853
0461004A216285,4,-0.5195241243290248,-1.8227487605339738
0461034A216284,1,0.8753348288045995,-0.2910851062459704
046104121B6785,4,-0.010449409738913033,-0.6371227942058456
0461074A216285,0,-1.5723111935684841,0.21333099696634197
0461184A216285,5,-1.2546573988019918,1.217695543867609
04611C4A216284,1,-0.6686806651030609,1.0679955812994277
04611D4A216284,4,-0.010449409738913033,-0.6371227942058456
04611D4A216285,0,-0.14158857034483724,0.8506939647860745
04611E4A216284,2,1.1482769670592357,-0.5470380019666692
04611E4A216285,1,-0.3699749811126515,-0.350214512244185
0461214A216284,1,2.180331635570977,2.2021060617337005
0461214A216285,5,2.7859285469636097,2.768356759671684
046129121B6780,5,1.6122146358870677,1.4723375051493195
046131121B6780,1,-1.0574840157041085,0.539521453244978
046132121B6780,6,0.45844407634692924,0.8339769862627695
046147121B6781,0,-1.5319127587129044,-0.06005287174132128
04614A121B6781,0,-1.5319127587129044,-0.06005287174132128
04614D121B6781,4,0.41318042283379125,-0.7117853504368945
046151121B6780,0,-0.8772620960877692,-0.8620396546490936
046152121B6781,2,0.3187588521406634,-1.3154709708935675
046153121B6780,4,-0.7008188570216239,-0.880642264767967
046155121B6780,4,2.342577285067038,0.16358283378595456
046156121B6780,0,-1.0585568287803682,0.0800668411169132
046156121B6781,1,-0.3699749811126515,-0.350214512244185
046157121B6780,0,-1.3506180260203053,-1.0021593675073281
046157121B6781,4,0.7223637033127649,-0.057644610821961824
046159121B6780,6,2.1043186094847175,-2.6955243571833822
046159121B6781,0,-1.5723111935684841,0.21333099696634197
04615B121B6780,4,0.022408962227408683,-0.7248719767872362
04615C121B6780,0,-0.3428690724205936,0.4214718152239167
04615D121B6780,1,-1.5712383804922243,0.6727856090944068
046162121B6781,4,1.1224271098845902,0.23276461577654245
046164121B6781,0,-1.3506180260203053,-1.0021593675073281
046165121B6781,0,-2.0381270606117625,-0.11242340201816521
046166121B6781,4,0.45250604461311134,-1.4446238312726227
04616B121B6780,6,2.313795337398501,-1.7403312350670341
04616D121B6781,4,-0.00576975954090891,-1.9560129163834028
04616F121B6780,4,-0.22746292708908755,-0.7405225519097324
046179121B6780,0,-1.0660968916696263,0.2657015272431859
046180121B6780,0,-1.564771130679226,0.027696310840069283
046183121B6781,0,-1.5319127587129044,-0.06005287174132128
04618F121B6781,0,-1.5723111935684841,0.21333099696634197
0461A14A216280,0,-0.8011448765746138,-0.08991726988686331
0461A34A216280,0,-1.0660968916696263,0.2657015272431859
0461B4121B6780,1,0.8239743487843005,1.8739081923017629
0461B5121B6780,1,0.062099977755873226,2.4544790594031314
0461B8121B6780,2,2.589961635447602,-1.801284463987007
0461B9121B6780,4,0.919394724732649,-0.6594148201600506
0461B9121B6781,0,0.4840008343035485,1.208756232363554
0461BA121B6780,2,2.243250070769269,-2.182700804251428
0461BB121B6780,5,0.8277105889230895,1.8596232326664492
0461BD121B6781,5,4.803271384272588,2.557387439799918
0461BE121B6780,1,-0.5992082115500883,1.0509105383557578
0461BF121B6781,2,2.545258682108129,2.569264138515873
0461C1121B6781,2,2.722584457382706,0.15947153831558053
0461C2121B6780,4,3.1534144273618177,-1.0260775031176572
0461C2121B6781,0,-1.1994930960312238,-1.1186474811710838
0461CE121B6781,2,2.2575419727659214,-0.7426898545572447
0461D3121B6781,0,-0.3661421505842699,0.9329288932084604
0461DA121B6780,2,1.0823851062452756,-1.4330845516205004
0461DD121B6780,5,4.847331280200637,2.1890577258858377
0461DD121B6781,4,0.4882248292706869,-0.39911757780272894
0461DE4A216281,4,0.6548593597651274,-0.5559470695824
0461DF121B6780,1,1.662608313364839,0.8676841131488447
0461E1121B6780,4,0.3446399621708633,-0.4682641502652463
0461E1121B6781,0,-2.0381270606117625,-0.11242340201816521
0461E2121B6781,4,0.18043061675633146,-1.1555213945686993
0461FB121B6780,1,1.5931486205325098,2.30111703234176
0461FE4A216280,4,0.919394724732649,-0.6594148201600506
0461FF4A216280,6,-0.3588543254843808,-1.438980790967959
0462004A216285,4,-0.5195241243290248,-1.8227487605339738
0462024A216284,0,-1.5243726958236463,-0.245687557867594
0462034A216284,1,0.8753348288045995,-0.2910851062459704
0462064A216284,4,-0.22746292708908755,-0.7405225519097324
04621A4A216284,0,-0.8368636612321894,-1.1354235233567571
04621B4A216284,0,-0.8244179547382899,0.4215398080976805
0462204A216285,5,2.7859285469636097,2.768356759671684
0462214A216284,1,2.180331635570977,2.2021060617337005
0462224A216284,4,-0.013309822430166925,-1.77037823025713
046229121B6780,5,-1.2471173359127337,1.0320608577413362
046231121B6780,0,-1.1994930960312238,-1.1186474811710838
046239121B6780,0,-0.7412172918772035,-0.6072583960603035
046248121B6781,2,-0.006120747651759013,-0.44251104759007825
04624A121B6780,0,-1.3506180260203053,-1.0021593675073281
04624E121B6781,4,0.46004610750236935,-1.6302585173988955
046251121B6780,0,-0.8772620960877692,-0.8620396546490936
046252121B6781,4,-0.5119840614397668,-2.008383446660247
046254121B6781,4,-0.0008641159362675583,-0.2134148988026926
046255121B6780,0,-0.8444037241214475,-0.9497888372304841
046255121B6781,0,-1.3506180260203053,-1.0021593675073281
046256121B6781,1,-0.3699749811126515,-0.350214512244185
046258121B6780,0,-1.5319127587129044,-0.06005287174132128
046258121B6781,6,1.2538191933806337,-1.03211866023377
046259121B6781,0,-1.5723111935684841,0.21333099696634197
04625B121B6780,0,-1.0660968916696263,0.2657015272431859
04625C121B6780,0,-0.3428690724205936,0.4214718152239167
04625D121B6780,1,-0.3775150440019095,-0.16457982611791225
04625F121B6781,0,-1.0660968916696263,0.2657015272431859
046263121B6780,4,-0.5119840614397668,-2.008383446660247
046264121B6781,0,-1.3506180260203053,-1.0021593675073281
046265121B6781,1,0.062099977755873226,2.4544790594031314
046267121B6780,0,-0.8772620960877692,-0.8620396546490936
046268121B6781,0,-2.0381270606117625,-0.11242340201816521
04626AF2185081,4,0.6941849815444473,-1.2887855504181283
04626C121B6780,1,-0.3775150440019095,-0.16457982611791225
04626F121B6780,1,-0.5992082115500883,1.0509105383557578
046279121B6780,0,-1.0660968916696263,0.2657015272431859
04628D121B6781,4,-0.6932787941323659,-1.06627695089424
0462A14A216280,4,0.022408962227408683,-0.7248719767872362
0462B4121B6780,1,0.8239743487843005,1.8739081923017629
0462B6121B6780,4,1.0555567484209387,-1.692646214140042
0462B9121B6781,5,5.269087251315866,2.8831418387844256
0462BA121B6780,2,1.320157775405101,-0.5347631424767669
0462BD121B6780,4,0.4084461486850616,-1.0762941173585427
0462BF121B6781,2,2.2124369297163344,-1.4856090401406123
0462C2121B6780,2,1.871504786308268,-0.3912677139859385
0462C4121B6781,2,3.344975013586696,-2.192717970715731
0462CC121B6781,6,1.8961955189677815,-2.012979523936917
0462CF121B6780,0,-1.3306322566371478,0.3691692778208366
0462D0121B6780,2,0.18761969153473937,0.1723457880983523
0462D3121B6781,1,-0.5916681486608303,0.8652758522294853
0462D94A216280,0,-0.8648163895938697,0.6949236768053438
0462DE121B6780,2,1.9342381597462068,-1.4587522932072992
0462DF121B6780,2,0.9512459456393515,0.054732207371419817
0462DF121B6781,0,-0.8772620960877692,-0.8620396546490936
0462E2121B6781,2,1.2404067607741986,-1.8637339694019632
0462E4121B6780,1,-0.2667885488684076,-0.007684071074004418
0462E4121B6781,4,0.9552307288679487,-0.9019212192589383
0462F24A216281,0,-0.0018008021228870497,-0.4883268119491181
0462FB121B6780,4,2.298517389138988,0.5319125477000348
0463024A216284,1,-0.4441143241429847,2.4021085291262874
0463064A216284,2,1.1106843209441843,-0.8237975863069263
046308121B6784,5,1.5687974588146762,3.940368293269636
04631A4A216284,0,-0.8368636612321894,-1.1354235233567571
04631A4A216285,0,-0.6460509891675105,1.2612807208836658
0463224A216284,4,-0.013309822430166925,-1.77037823025713
046325121B6780,0,-0.8319580176275481,0.6071744942239532
046331121B6780,0,-1.1994930960312238,-1.1186474811710838
0463314A216284,0,-0.8848021589770272,-0.6764049685228208
0463334A216284,6,0.6295905073696765,1.9637935741821142
046339121B6780,5,1.0214510281095879,2.47448006835488
046344121B6780,6,1.0840334809953147,1.1920392538402487
046344121B6781,0,-1.564771130679226,0.027696310840069283
046346121B6781,0,-0.8848021589770272,-0.6764049685228208
04634B121B6781,0,-0.8848021589770272,-0.6764049685228208
04634E121B6780,1,-1.0650240785933665,0.7251561393712507
04634E121B6781,4,0.46004610750236935,-1.6302585173988955
046350121B6780,4,-0.0537082572857466,-1.4969943615494665
046354121B6780,1,-0.5992082115500883,1.0509105383557578
046355121B6780,4,-0.013309822430166925,-1.77037823025713
046358121B6780,6,0.10803435463515706,-0.653771779855387
04635E121B6780,0,-2.0381270606117625,-0.11242340201816521
046360121B6780,6,-0.08822328435823393,-0.628408564405616
046363121B6780,0,-1.0585568287803682,0.0800668411169132
046367121B6780,0,-1.3430779631310472,-1.187794053633601
04636C121B6780,0,-1.0660968916696263,0.2657015272431859
04636F121B6781,0,-2.0381270606117625,-0.11242340201816521
046370121B6780,1,-0.3417962593443339,0.8809264273519815
046389121B6780,0,-0.8444037241214475,-0.9497888372304841
046390121B6780,0,-1.5319127587129044,-0.06005287174132128
0463B54A216280,6,-0.008444603772608746,0.04876797515019746
0463B6121B6780,1,-1.0574840157041085,0.539521453244978
0463BB121B6781,5,2.6780624645213615,3.7447164406790607
0463BD121B6780,0,-0.4226477530062188,-0.2557047243318967
0463BF121B6780,2,2.293260757423497,0.3028163989126489
0463BF121B6781,4,2.2849988695688292,-1.4845053958824677
0463C2121B6780,4,1.8137689750044286,0.626172055740025
0463D0121B6780,2,0.18761969153473937,0.1723457880983523
0463D9121B6780,0,-2.0381270606117625,-0.11242340201816521
0463D94A216280,4,-0.00576975954090891,-1.9560129163834028
0463DE121B6780,2,1.9342381597462068,-1.4587522932072992
0463DF121B6781,0,-1.3430779631310472,-1.187794053633601
0463E0121B6781,1,1.8975205698334103,0.6327500862412939
0463E2121B6781,2,1.2404067607741986,-1.8637339694019632
0463E3121B6781,0,-0.14444898303609116,-0.2825614712652097
0463E4121B6780,1,-0.3417962593443339,0.8809264273519815
0463E4121B6781,4,1.4614450307668065,-0.8495506889820944
0463E74A216280,4,-0.23500298997834557,-0.5548878657834596
0463F24A216281,0,-1.376818871305801,1.291145119029208
0464194A216284,0,-0.4630461878617985,0.017679144375766526
04641CF2185084,0,-2.0381270606117625,-0.11242340201816521
0464224A216284,1,1.485282538090262,3.2774767133491367
046425121B6780,5,0.15607945503849788,0.4837298663591767
0464254A216284,4,0.45250604461311134,-1.4446238312726227
0464314A216284,0,-0.3785878570781692,-0.6240344382459769
04643E121B6780,2,-0.4719366146950372,-0.7682654465745854
046441121B6780,0,-2.0381270606117625,-0.11242340201816521
046444121B6781,0,-1.564771130679226,0.027696310840069283
046445121B6780,0,-0.8444037241214475,-0.9497888372304841
046445121B6781,0,-1.5319127587129044,-0.06005287174132128
046446121B6781,6,0.32111464621781804,-2.143082070330849
046448121B6780,0,-0.6273902067712729,-0.8463890795265973
04644C121B6780,0,-1.5723111935684841,0.21333099696634197
04644F121B6780,0,-2.0381270606117625,-0.11242340201816521
046452121B6780,0,-1.3506180260203053,-1.0021593675073281
046454121B6780,1,-0.5992082115500883,1.0509105383557578
046455121B6780,0,-1.5243726958236463,-0.245687557867594
04645E121B6780,1,-1.0650240785933665,0.7251561393712507
046460121B6780,4,-0.23500298997834557,-0.5548878657834596
046470121B6780,1,-0.3417962593443339,0.8809264273519815
046489121B6780,0,-1.5319127587129044,-0.06005287174132128
04648C121B6780,0,-1.5243726958236463,-0.245687557867594
046490121B6780,0,-0.8848021589770272,-0.6764049685228208
04649F121B6780,0,-2.0381270606117625,-0.11242340201816521
0464AF4A216281,1,0.8315144116735586,1.6882735061754903
0464B14A216280,0,-0.8415433114301936,0.1834665988208
0464B24A216280,0,-1.564771130679226,0.027696310840069283
0464BA4A216281,6,-0.007371790696348908,0.5082225872782621
0464BB121B6781,5,2.6780624645213615,3.7447164406790607
0464BC121B6780,4,1.1524607856984677,-0.7773964653073481
0464BC121B6781,1,-0.4441143241429847,2.4021085291262874
0464BD121B6780,5,4.7504272429231085,1.2738079770531436
0464BF121B6780,3,1.0736703272875803,5.242449254511802
0464C2121B6780,2,-0.9706108537046371,-1.006270662977702
0464D9121B6780,5,0.8917562542342967,2.862622164080534
0464DA4A216280,4,1.1768066769384034,-0.8293989311638271
0464DB121B6780,0,-2.0381270606117625,-0.11242340201816521
0464E0121B6781,1,1.8975205698334103,0.6327500862412939
0464E3121B6781,0,-0.14444898303609116,-0.2825614712652097
0464E4121B6780,5,1.08617576342072,3.480981674015335
0464E74A216280,4,-0.23500298997834557,-0.5548878657834596
0464E84A216280,0,-2.0381270606117625,-0.11242340201816521
0464E84A216281,0,-1.5319127587129044,-0.06005287174132128
0464EF4A216280,0,-0.16157433972799465,-0.5206346805420903
0465014A216284,5,1.2370485194991414,0.3449497267412161
0465054A216284,1,-0.040189737715587454,0.5194235820330356
046507121B6784,4,1.9585438746582362,-0.1332394122381745
0465194A216284,0,-0.4630461878617985,0.017679144375766526
04651C4A216284,0,-2.0381270606117625,-0.11242340201816521
0465204A216284,5,1.1094488415843962,2.969524596030791
0465254A216284,4,0.46004610750236935,-1.6302585173988955
046528121B6780,0,-0.3710477941889112,-0.8096691243722497
04653E121B6780,2,-0.4719366146950372,-0.7682654465745854
046541121B6780,2,-0.9781509165938952,-0.8206359768514293
046545121B6780,0,-0.8444037241214475,-0.9497888372304841
046549121B6780,5,1.0153553519509628,1.5604400912148864
04654B121B6780,0,-1.0585568287803682,0.0800668411169132
04654F121B6780,0,-2.0381270606117625,-0.11242340201816521
046553121B6780,4,1.1843467398276615,-1.0150336172901
046553121B6781,1,-0.3699749811126515,-0.350214512244185
046555121B6781,0,-1.207033158920482,-0.9330127950448109
046559121B6780,4,-0.7008188570216239,-0.880642264767967
04655F121B6781,1,-1.0978824505596882,0.8129053219526414
046561121B6780,2,0.17517398504083995,-1.384617543356085
046561121B6781,4,1.7959099243618748,-1.298802716882431
046562121B6780,0,-0.4226477530062188,-0.2557047243318967
046568121B6781,0,-2.0381270606117625,-0.11242340201816521
046569121B6780,4,0.21124375780926566,-1.852613158679516
04657D121B6781,0,-1.0660968916696263,0.2657015272431859
04658C121B6780,4,0.45250604461311134,-1.4446238312726227
04658D121B6781,4,-0.6932787941323659,-1.06627695089424
046590121B6780,0,-2.0381270606117625,-0.11242340201816521
0465A24A216280,0,-1.5319127587129044,-0.06005287174132128
0465AF4A216281,1,0.8315144116735586,1.6882735061754903
0465B14A216280,0,-0.8415433114301936,0.1834665988208
0465BA4A216281,6,-0.007371790696348908,0.5082225872782621
0465BB121B6781,0,0.4943205054293121,0.5149223993372646
0465BC121B6781,1,-0.4441143241429847,2.4021085291262874
0465BD121B6780,4,1.7555114895062949,-1.0254188481747675
0465BF121B6780,5,2.0161108729872748,3.0458901372004688
0465C0121B6780,0,-0.8444037241214475,-0.9497888372304841
0465C04A216281,1,-0.4619733747855389,0.4771337565038313
0465C1121B6781,6,-0.7241323601323834,-0.29263699895680595
0465C2121B6780,1,-0.5992082115500883,1.0509105383557578
0465C4121B6781,0,-1.564771130679226,0.027696310840069283
0465C44A216280,0,-0.10873019837851547,0.762944782204684
0465CC121B6781,6,1.8961955189677815,-2.012979523936917
0465D2121B6781,4,0.4882248292706869,-0.39911757780272894
0465DA121B6781,1,2.6207483890824426,0.7885203742220247
0465DA4A216280,4,0.2724013444744961,-1.3310753759473326
0465DB121B6780,4,-0.00576975954090891,-1.9560129163834028
0465DB121B6781,1,3.282056578388404,2.1920888952693978
0465E0121B6780,0,-1.564771130679226,0.027696310840069283
0465E0121B6781,0,-0.3428690724205936,0.4214718152239167
0465E3121B6781,5,4.942203530657889,1.1068694776633328
0465E4121B6780,5,1.08617576342072,3.480981674015335
0465E74A216281,0,-0.8368636612321894,-1.1354235233567571
0465E84A216280,0,-2.0381270606117625,-0.11242340201816521
0465E84A216281,0,-1.5319127587129044,-0.06005287174132128
0466004A216284,4,1.1034952461657763,-2.151664768973978
0466014A216284,4,0.41598621157431964,-1.2619288034848153
0466044A216284,0,-1.564771130679226,0.027696310840069283
04661B4A216284,0,-1.5319127587129044,-0.06005287174132128
0466204A216284,5,1.5584940347461822,4.672347381990284
04662C121B6780,6,0.5992857502332228,-1.518144529894779
0466324A216284,5,0.5986222439180999,1.3209413433282278
046643121B6781,0,-1.5319127587129044,-0.06005287174132128
046649121B6780,6,0.45844407634692924,0.8339769862627695
046649121B6781,5,0.5570795477969426,1.0490510061041063
04664C121B6781,1,0.3299797599727048,0.3170128537210895
04664D121B6780,1,0.7674687463623514,0.685274574761406
046650121B6781,0,-1.564771130679226,0.027696310840069283
046651121B6780,1,-0.4103734159682312,-0.07683064353652166
046651121B6781,0,-0.6198501438820148,-1.0320237656528701
046653121B6780,4,1.1843467398276615,-1.0150336172901
046653121B6781,1,0.31951192996162747,2.284494948399355
046655121B6781,1,0.74960901234733,1.5647430939139682
046656121B6780,0,-0.8011448765746138,-0.08991726988686331
046658121B6780,0,-1.564771130679226,0.027696310840069283
046658121B6781,0,-2.0381270606117625,-0.11242340201816521
046659121B6780,4,-0.013309822430166925,-1.77037823025713
04665A121B6781,0,-1.5723111935684841,0.21333099696634197
046661121B6780,2,0.17517398504083995,-1.384617543356085
046661121B6781,4,0.6866449186551893,-1.1031508642918555
046662121B6780,0,-1.5723111935684841,0.21333099696634197
046666121B6780,4,0.7174580597081235,-1.8002426284026722
046668121B6780,5,-0.06093406231167672,0.38033010865528977
046668121B6781,4,1.6476454070640472,-0.049059167167391136
046669121B6780,4,0.21124375780926566,-1.852613158679516
04667D121B6781,4,-0.010449409738913033,-0.6371227942058456
04668B121B6781,4,-0.010449409738913033,-0.6371227942058456
046690121B6780,0,-2.0381270606117625,-0.11242340201816521
0466A24A216280,0,-2.0381270606117625,-0.11242340201816521
0466AC121B6781,1,0.4892976423469466,0.06033703432533575
0466B8121B6781,6,0.9132033048609263,-0.4994950233581984
0466B9121B6780,2,2.123072955328064,-2.5864934750995787
0466BB121B6780,1,-0.8480105612431919,0.8285558970751375
0466BB121B6781,5,-0.2750871669705974,1.4101857870026873
0466BC121B6780,4,2.036199793328593,-1.040701358876899
0466BE121B6780,0,-0.3428690724205936,0.4214718152239167
0466BF121B6780,5,2.0161108729872748,3.0458901372004688
0466BF4A216281,0,-0.17730735500241285,-0.1948122886838192
0466C0121B6780,0,-1.5319127587129044,-0.06005287174132128
0466C1121B6781,6,0.33584378388548397,-1.0008495737900702
0466C2121B6780,1,1.5931486205325098,2.30111703234176
0466C4121B6780,2,2.846300774577096,-2.430723187118848
0466C44A216280,2,1.7774342037259905,-2.5084552032359357
0466D2121B6781,2,2.2357100078800105,-1.9970661181251559
0466D8121B6780,0,-1.3506180260203053,-1.0021593675073281
0466DA121B6781,5,3.7873551361827693,2.8972703007191023
0466DB121B6781,1,1.2100115352419534,1.5224860517304568
0466E0121B6780,0,-1.564771130679226,0.027696310840069283
0466E0121B6781,2,-0.5123350495506169,-0.49488157786692216
0466E3121B6781,6,0.7880033263373558,-1.3578730592182773
0466E74A216281,0,-0.8368636612321894,-1.1354235233567571
0466E94A216281,0,-0.8244179547382899,0.4215398080976805
0466FD4A216280,1,-0.3775150440019095,-0.16457982611791225
0466FE121B6780,0,-0.18484741789167086,-0.009177602557546426
0466FF4A216281,0,0.4997338495779668,0.8829338405052828
0467014A216285,0,-0.9288620549050768,-0.30807525460874063
04671B4A216284,0,-0.8368636612321894,-1.1354235233567571
04671F4A216284,4,-0.013309822430166925,-1.77037823025713
0467204A216284,4,0.20370369492000764,-1.6669784725532433
0467214A216284,4,-0.0537082572857466,-1.4969943615494665
0467264A216284,1,0.9551135093902247,0.386091433309843
04672C121B6780,6,0.14664928363449484,1.3999659659207264
046737121B6780,0,-0.3785878570781692,-0.6240344382459769
04673A4A216284,0,-1.5319127587129044,-0.06005287174132128
04673D121B6780,5,-0.7813014688694554,1.3578152567258435
046747121B6780,1,-1.0650240785933665,0.7251561393712507
04674A121B6780,4,-0.013309822430166925,-1.77037823025713
04674C121B6781,0,-1.5319127587129044,-0.06005287174132128
04674F121B6781,2,1.4684222927029287,-1.7845066921918065
046750121B6781,4,-0.0537082572857466,-1.4969943615494665
046752121B6780,1,-1.5712383804922243,0.6727856090944068
046752121B6781,1,-0.22639011401282783,-0.2810679397816678
046754121B6780,0,-1.564771130679226,0.027696310840069283
046757121B6781,0,-2.0381270606117625,-0.11242340201816521
046759121B6781,1,-1.0574840157041085,0.539521453244978
04675A121B6780,1,-0.3775150440019095,-0.16457982611791225
04675A121B6781,1,-1.0650240785933665,0.7251561393712507
04675B121B6781,4,0.45250604461311134,-1.4446238312726227
04675E121B6781,4,-0.22746292708908755,-0.7405225519097324
046763121B6781,2,0.46076793246777886,0.34269796352249365
046764121B6780,6,0.786930513261096,-1.817327671346342
046766121B6780,4,0.7174580597081235,-1.8002426284026722
046768121B6780,5,-0.06093406231167672,0.38033010865528977
046768121B6781,0,-1.5319127587129044,-0.06005287174132128
046769121B6781,0,-1.5319127587129044,-0.06005287174132128
04676D121B6781,4,-0.00576975954090891,-1.9560129163834028
04676E121B6780,0,-1.0585568287803682,0.0800668411169132
046770121B6781,1,0.062099977755873226,2.4544790594031314
046771121B6781,0,-0.8319580176275481,0.6071744942239532
046777121B6780,0,-1.0660968916696263,0.2657015272431859
046778121B6780,0,-1.5319127587129044,-0.06005287174132128
04678B121B6781,4,3.413195738994328,0.7042721362774776
046790121B6780,4,0.5787788362129412,-0.12679118328447891
0467B14A216281,2,1.1839957517168112,0.49846825150322444
0467B9121B6780,2,2.123072955328064,-2.5864934750995787
0467BA121B6780,4,1.0059481514768247,0.9353043707821267
0467BB121B6780,1,-0.8480105612431919,0.8285558970751375
0467BB4A216281,0,-0.10873019837851547,0.762944782204684
0467BD4A216281,6,1.846906657278963,-2.5255402461796055
0467BE121B6780,0,-0.3428690724205936,0.4214718152239167
0467BE121B6781,4,2.547530268858739,0.4238826201670664
0467C1121B6780,4,1.5617710503197966,-1.6402756838631982
0467C24A216281,2,0.46076793246777886,0.34269796352249365
0467C4121B6780,4,1.7791974065601197,-0.4748068533970319
0467C94A216281,0,-1.5319127587129044,-0.06005287174132128
0467CD121B6780,4,1.6426225439816815,-0.5036445321793199
0467D0121B6781,1,-0.5512697138052507,0.5918919835218219
0467D1121B6781,4,-0.04126255079184718,0.05996896990497089
0467D5121B6780,0,-0.3428690724205936,0.4214718152239167
0467D6121B6780,6,0.24419637832344657,-1.6870031738353783
0467D8121B6780,4,1.7912302741638708,0.02008740529512613
0467D8121B6781,4,1.6426225439816815,-0.5036445321793199
0467D9121B6780,0,-0.8490833743194516,0.3691012849470728
0467DB121B6780,2,2.6228200074139236,-1.8890336465683975
0467DC121B6781,0,-1.0585568287803682,0.0800668411169132
0467E64A216281,0,-0.4047887023636646,1.669270048290559
0467E94A216281,1,-1.5712383804922243,0.6727856090944068
0467F14A216281,1,-0.5916681486608303,0.8652758522294853
0467FD4A216280,1,-0.3775150440019095,-0.16457982611791225
0467FE121B6780,6,2.0166469228584782,-1.784934018356624
04681D4A216284,1,1.3913062679345525,0.58037955596445
0468264A216284,1,0.9551135093902247,0.386091433309843
046831121B6780,0,-1.338172319526406,0.5548039639471093
046832121B6780,6,-0.7305996099453815,0.35245229929753136
04683D121B6780,1,-0.23393017690208584,-0.09543325365539498
046843121B6780,6,-1.0161935573723204,-1.3748632075810474
046846121B6780,6,0.5148550854043163,-1.5282252346424186
046847121B6780,0,-1.5319127587129044,-0.06005287174132128
04684D121B6780,0,-2.0381270606117625,-0.11242340201816521
04684D121B6781,6,-1.2378867249204992,-0.15937284310737718
046852121B6780,1,-1.1054225134489462,0.998540008078914
046852121B6781,1,-0.22639011401282783,-0.2810679397816678
046854121B6780,1,-0.3417962593443339,0.8809264273519815
046855121B6780,0,-0.3428690724205936,0.4214718152239167
046856121B6781,0,-1.5243726958236463,-0.245687557867594
046857121B6780,0,-1.3506180260203053,-1.0021593675073281
046857121B6781,0,-2.0381270606117625,-0.11242340201816521
046857F2185080,0,-1.3306322566371478,0.3691692778208366
046858121B6781,0,-1.5319127587129044,-0.06005287174132128
04685A121B6780,1,-1.1054225134489462,0.998540008078914
04685B121B6781,4,2.2617257914051527,-0.9730483178979236
04685D121B6781,0,-2.0381270606117625,-0.11242340201816521
04685E121B6781,4,-0.013309822430166925,-1.77037823025713
046864121B6780,6,0.786930513261096,-1.817327671346342
046867121B6781,4,0.7174580597081235,-1.8002426284026722
04686A121B6780,0,-1.3148992413627296,0.043346885962565515
04686C121B6781,0,-0.3785878570781692,-0.6240344382459769
04686E121B6780,0,-1.3148992413627296,0.043346885962565515
046871121B6781,4,1.5628438633960562,-1.1808210717351335
046878121B6780,0,-1.5319127587129044,-0.06005287174132128
04687C121B6781,4,0.20370369492000764,-1.6669784725532433
046883121B6781,0,-2.0381270606117625,-0.11242340201816521
04688A121B6781,1,1.5752895698899558,0.3761422597193041
046890121B6780,4,-0.7008188570216239,-0.880642264767967
046891121B6781,1,-1.0650240785933665,0.7251561393712507
0468A34A216280,0,-0.7336772289879455,-0.7928930821865763
0468B14A216281,2,1.1839957517168112,0.49846825150322444
0468B5121B6780,5,3.365891234368115,-0.28553083197496004
0468B8121B6780,2,4.485617589506095,1.553022892898651
0468B84A216281,0,-0.22890731381972046,0.35915211135653385
0468B9121B6780,0,-0.8319580176275481,0.6071744942239532
0468BA121B6780,0,0.3184391168853679,1.8250403362712895
0468BB121B6780,2,2.899144915926575,-1.1471437243720741
0468BB4A216281,4,-0.4762652767821912,-0.9628771931903529
0468BD121B6781,5,3.7842252232078817,2.1145280246374254
0468BE121B6781,4,-0.5119840614397668,-2.008383446660247
0468BF121B6781,2,4.071401681280125,0.6733040938737906
0468C34A216281,0,-1.0660968916696263,0.2657015272431859
0468C94A216281,0,-1.5319127587129044,-0.06005287174132128
0468CD121B6780,0,-0.3785878570781692,-0.6240344382459769
0468D0121B6781,1,-1.0574840157041085,0.539521453244978
0468D1121B6781,4,0.46495175110701076,0.11233950018181481
0468D6121B6780,6,0.9317054129149034,-2.576739139324541
0468D8121B6780,4,-0.22746292708908755,-0.7405225519097324
0468D8121B6781,1,0.9318404312265485,0.8975485112943868
0468D9121B6780,4,0.45250604461311134,-1.4446238312726227
0468DA121B6780,2,1.669702794778685,-1.3552845426296485
0468DC121B6781,5,4.397945902879854,2.4636132317254096
0468DD121B6781,4,1.6426225439816815,-0.5036445321793199
0468E2121B6781,4,1.805256494278043,0.6619187724649365
0468F14A216281,0,0.5758510690911219,1.6550562252675132
04691C4A216284,0,-0.3785878570781692,-0.6240344382459769
04691D4A216284,4,1.4306318897138726,-0.152458924871278
04692C4A216284,0,-1.5723111935684841,0.21333099696634197
0469304A216284,0,-2.0381270606117625,-0.11242340201816521
046943121B6780,6,-1.0161935573723204,-1.3748632075810474
046947121B6781,4,-0.23500298997834557,-0.5548878657834596
046948121B6781,2,-0.006120747651759013,-0.44251104759007825
04694D121B6781,4,0.38503839702644294,-0.7416480189729094
046953121B6781,4,1.1757338638621437,-1.2888535432918922
046954121B6781,1,0.32705199285088543,2.098860262273082
046955121B6781,5,-0.7877687186824537,2.002904554980181
046956121B6781,0,-2.0381270606117625,-0.11242340201816521
046958121B6781,0,-1.5319127587129044,-0.06005287174132128
04695C121B6781,1,1.4625178438430664,-0.39009607685402975
04695D121B6781,1,0.2612544444634936,0.6329040444845621
046960121B6781,4,0.45250604461311134,-1.4446238312726227
046967121B6781,4,1.8267230654148088,-1.9958944809932475
046969121B6781,6,-1.0161935573723204,-1.3748632075810474
04696B121B6781,6,-0.2647837429021032,0.6782066982820387
04696C121B6781,0,-1.0660968916696263,0.2657015272431859
046972F2185081,0,-0.8648163895938697,0.6949236768053438
046979121B6780,0,-0.5457249696145203,0.47055572600256224
04697C121B6781,2,1.5482009732885538,-1.1073301526359929
046983121B6781,0,-0.6074044373881153,0.5249395658015673
04698A121B6781,4,-0.6932787941323659,-1.06627695089424
046990121B6781,4,1.289695622463017,-1.3511732471592748
046991121B6781,1,-1.0650240785933665,0.7251561393712507
046993121B6781,5,1.293526455966368,2.1853776316509568
0469B4121B6780,4,2.421431974579695,1.9743623952983258
0469B8121B6780,2,5.173126624097552,0.6632869274094879
0469B84A216281,0,-0.22890731381972046,0.35915211135653385
0469B9121B6780,1,1.485282538090262,3.2774767133491367
0469B9121B6781,0,0.4840008343035485,1.208756232363554
0469BA121B6780,5,3.0684685313785995,-0.15438644999669326
0469BB121B6780,1,-0.4365742612537268,2.2164738430000144
0469BC121B6780,4,-0.04126255079184718,0.05996896990497089
0469BD121B6781,5,3.7842252232078817,2.1145280246374254
0469BE121B6780,4,2.041105436933234,0.7018966587038113
0469BF121B6781,2,4.071401681280125,0.6733040938737906
0469C1121B6781,0,-1.0660968916696263,0.2657015272431859
0469C34A216281,0,-1.0660968916696263,0.2657015272431859
0469C5121B6781,0,-1.5723111935684841,0.21333099696634197
0469CA121B6781,4,2.751887549688367,-0.6992963847698953
0469E1121B6781,0,-0.18484741789167086,-0.009177602557546426
0469E2121B6781,1,0.062099977755873226,2.4544790594031314
046A03121B6785,2,2.855886068379742,-2.0070152917156947
046A034A216285,0,-2.0381270606117625,-0.11242340201816521
046A1A4A216284,0,-1.5243726958236463,-0.245687557867594
046A1B4A216284,0,-1.3306322566371478,0.3691692778208366
046A214A216284,0,-1.5243726958236463,-0.245687557867594
046A224A216284,2,0.6813882869396978,-1.3322470130792412
046A2C4A216284,4,1.6501626068709394,-0.6892792183055926
046A39121B6780,5,1.0214510281095879,2.47448006835488
046A44121B6780,5,-1.2471173359127337,1.0320608577413362
046A48121B6781,2,0.001419315237499001,-0.628145733716351
046A4A121B6780,0,-1.3506180260203053,-1.0021593675073281
046A4B121B6781,0,-1.5319127587129044,-0.06005287174132128
046A4E121B6780,0,-0.8444037241214475,-0.9497888372304841
046A55121B6781,5,-0.7877687186824537,2.002904554980181
046A60121B6781,4,0.45250604461311134,-1.4446238312726227
046A66121B6781,0,-2.0381270606117625,-0.11242340201816521
046A69121B6781,6,-0.7241323601323834,-0.29263699895680595
046A6F121B6780,0,-1.564771130679226,0.027696310840069283
046A79121B6780,0,-0.5457249696145203,0.47055572600256224
046A8F121B6781,0,-1.5723111935684841,0.21333099696634197
046A90121B6781,4,1.289695622463017,-1.3511732471592748
046A93121B6781,4,1.8445821160573628,-0.07091970837079155
046AB4121B6780,1,1.2408246762948876,0.8253942876196405
046AB54A216280,6,-0.008444603772608746,0.04876797515019746
046AB6121B6780,5,1.959203525671914,0.04126540259388223
046AB9121B6781,5,5.269087251315866,2.8831418387844256
046ABA121B6780,5,3.5353572114981375,0.6308225611158788
046ABC121B6780,4,-0.04126255079184718,0.05996896990497089
046ABD121B6780,0,-0.4226477530062188,-0.2557047243318967
046ABE121B6780,4,2.041105436933234,0.7018966587038113
046ABF121B6781,4,2.2849988695688292,-1.4845053958824677
046AC1121B6781,4,1.4614450307668065,-0.8495506889820944
046AC14A216281,0,-0.8723564524831279,0.8805583629316165
046AC2121B6781,5,2.1485750844588276,4.2038029883867605
046AC24A216281,5,0.9074892695087149,2.5367997722222633
046AC5121B6781,5,1.1281096239806339,0.8618547956205279
046ACA121B6781,4,2.2849988695688292,-1.4845053958824677
046ADF121B6780,0,-1.0585568287803682,0.0800668411169132
046AE1121B6781,4,0.6462464837996097,-0.829766995584192
046AE2121B6781,2,0.5528977261827417,-0.9739980039128002
046AE4121B6780,1,0.4892976423469466,0.06033703432533575
046AF24A216281,0,-1.207033158920482,-0.9330127950448109
046B004A216285,4,-0.00576975954090891,-1.9560129163834028
046B1A4A216284,1,-0.4441143241429847,2.4021085291262874
046B1B4A216284,0,-0.8244179547382899,0.4215398080976805
046B224A216284,4,-0.013309822430166925,-1.77037823025713
046B26121B6780,1,-1.5712383804922243,0.6727856090944068
046B29121B6780,5,-1.2471173359127337,1.0320608577413362
046B31121B6780,0,-1.338172319526406,0.5548039639471093
046B32121B6780,6,-0.7305996099453815,0.35245229929753136
046B39121B6780,0,-1.2378874100212498,1.8039686719611614
046B44121B6780,5,-1.2471173359127337,1.0320608577413362
046B48121B6780,1,-0.36506933750801007,1.392383505336525
046B4A121B6780,0,-1.3506180260203053,-1.0021593675073281
046B4B121B6781,0,-1.5723111935684841,0.21333099696634197
046B4E121B6780,1,-0.4365742612537268,2.2164738430000144
046B4E121B6781,2,2.1559313272943856,-2.6742426576809692
046B50121B6780,0,-0.8848021589770272,-0.6764049685228208
046B52121B6781,0,-1.0660968916696263,0.2657015272431859
046B53121B6780,0,-2.0381270606117625,-0.11242340201816521
046B55121B6780,0,-0.3428690724205936,0.4214718152239167
046B55121B6781,1,0.08830082304136871,0.16117457286659492
046B56121B6780,4,-0.12117590487241495,-0.7940185492497533
046B59121B6780,6,-0.5368591707588831,0.9673091349859619
046B59121B6781,6,-0.008444603772608746,0.04876797515019746
046B5B121B6780,0,-1.0660968916696263,0.2657015272431859
046B5C121B6780,2,1.6497170253955278,-2.7266131879578133
046B5D121B6780,1,-0.3775150440019095,-0.16457982611791225
046B62121B6781,4,1.1224271098845902,0.23276461577654245
046B64121B6781,4,1.0630968113101966,-1.8782809002663148
046B65121B6781,1,0.2837931453040518,1.2389886949294608
046B66121B6781,0,-2.0381270606117625,-0.11242340201816521
046B6F121B6780,4,-0.22746292708908755,-0.7405225519097324
046B6F121B6781,4,0.7382172115177741,-1.0053209769628253
046B70121B6780,1,-0.3417962593443339,0.8809264273519815
046BA34A216280,6,0.43026535457861165,-0.397163953333397
046BB2121B6780,5,1.771558762644041,0.3404485440454451
046BB54A216280,6,-0.008444603772608746,0.04876797515019746
046BB6121B6780,5,1.959203525671914,0.04126540259388223
046BBB121B6781,4,-0.7008188570216239,-0.880642264767967
046BBD121B6780,2,2.1121109101633446,-0.6948840452595088
046BBF121B6780,2,3.811863693706234,-1.4075089596031598
046BBF121B6781,4,0.4882248292706869,-0.39911757780272894
046BC1121B6780,4,1.5617710503197966,-1.6402756838631982
046BC1121B6781,5,1.9370032605844978,1.0121770927064906
046BC14A216281,0,-0.8723564524831279,0.8805583629316165
046BC2121B6781,5,2.136129377964928,2.646839656932323
046BC34A216280,0,-1.0660968916696263,0.2657015272431859
046BC4121B6781,5,2.8553882397959387,1.3349238404787687
046BC64A216281,0,-0.18023512212423212,1.587035119868173
046BCE121B6781,0,-1.5723111935684841,0.21333099696634197
046BD3121B6781,0,-1.0585568287803682,0.0800668411169132
046BD8121B6780,0,-1.564771130679226,0.027696310840069283
046BDA121B6780,2,2.5214211747846735,-1.557763263815359
046BDC121B6780,5,3.5166964291019,2.7384923615261423
046BDE121B6781,5,-0.5547026577166354,1.8849229098328835
046BE0121B6781,4,1.8267230654148088,-1.9958944809932475
046BE2121B6781,6,-0.0009045408833507313,-0.13686671097607525
046BE3121B6781,0,-0.8723564524831279,0.8805583629316165
046BE4121B6781,0,-0.8848021589770272,-0.6764049685228208
046BF24A216281,0,-1.207033158920482,-0.9330127950448109
046BFB121B6780,0,0.8982167425295191,2.0884750313884144
046BFE4A216280,0,-0.8444037241214475,-0.9497888372304841
046C024A216284,0,-1.5243726958236463,-0.245687557867594
046C03121B6784,5,0.9074892695087149,2.5367997722222633
046C034A216284,1,0.8753348288045995,-0.2910851062459704
046C194A216284,0,0.28272033222779225,0.779534082801396
046C224A216284,1,0.9393804941158065,0.711913825168114
046C254A216284,4,0.46004610750236935,-1.6302585173988955
046C39121B6780,0,-0.8444037241214475,-0.9497888372304841
046C41121B6780,2,-0.9781509165938952,-0.8206359768514293
046C45121B6780,0,-0.8444037241214475,-0.9497888372304841
046C48121B6780,1,-0.36506933750801007,1.392383505336525
046C4B121B6780,0,-1.0585568287803682,0.0800668411169132
046C4C121B6780,0,-1.1994930960312238,-1.1186474811710838
046C4F121B6780,1,-0.3699749811126515,-0.350214512244185
046C50121B6780,1,-0.3775150440019095,-0.16457982611791225
046C51121B6780,2,1.40568891926499,-0.7170221129704456
046C52121B6781,0,-1.0660968916696263,0.2657015272431859
046C53121B6780,0,-2.0381270606117625,-0.11242340201816521
046C54121B6781,0,-1.5243726958236463,-0.245687557867594
046C55121B6780,0,-0.8011448765746138,-0.08991726988686331
046C56121B6780,4,-0.12117590487241495,-0.7940185492497533
046C56121B6781,0,-1.3506180260203053,-1.0021593675073281
046C57121B6781,1,-1.0650240785933665,0.7251561393712507
046C58121B6780,6,0.10803435463515706,-0.653771779855387
046C58121B6781,0,-2.0381270606117625,-0.11242340201816521
046C59121B6780,6,1.2086864843763245,-1.1232435584477547
046C59121B6781,6,0.6528635855333527,1.4523364961975702
046C5B121B6780,0,-1.0660968916696263,0.2657015272431859
046C5C121B6780,2,1.6497170253955278,-2.7266131879578133
046C5D121B6780,1,-0.3775150440019095,-0.16457982611791225
046C5F121B6781,1,-1.0978824505596882,0.8129053219526414
046C62121B6781,0,-1.5319127587129044,-0.06005287174132128
046C63121B6780,0,-1.0585568287803682,0.0800668411169132
046C64121B6781,0,-0.4555061249725406,-0.16795554175050617
046C65121B6781,1,-0.3775150440019095,-0.16457982611791225
046C68121B6781,6,-0.07036423371567971,1.2965662082168397
046C6C121B6780,0,-1.0660968916696263,0.2657015272431859
046C6F121B6781,0,-2.0381270606117625,-0.11242340201816521
046C70121B6780,1,0.4892976423469466,0.06033703432533575
046C8F121B6781,0,-1.5723111935684841,0.21333099696634197
046CA14A216280,4,0.022408962227408683,-0.7248719767872362
046CAF4A216281,1,0.8315144116735586,1.6882735061754903
046CB24A216280,0,-1.564771130679226,0.027696310840069283
046CBA4A216281,0,0.19826200144416287,1.4212476654231396
046CBC121B6781,0,0.7431228551224156,0.7372770406178849
046CBD121B6780,2,2.6228200074139236,-1.8890336465683975
046CBF121B6780,1,0.8115286422904011,0.31694486084732565
046CC04A216281,0,-0.8723564524831279,0.8805583629316165
046CC1121B6781,2,3.4025534290849047,-0.5446297410473097
046CC34A216280,0,-1.0660968916696263,0.2657015272431859
046CCC121B6781,6,0.32111464621781804,-2.143082070330849
046CCF121B6780,4,1.1034952461657763,-2.151664768973978
046CD0121B6780,1,1.662608313364839,0.8676841131488447
046CD3121B6781,0,-0.3661421505842699,0.9329288932084604
046CD8121B6780,6,1.9044574068224491,-0.2256577291418009
046CD94A216280,4,-0.00576975954090891,-1.9560129163834028
046CDD121B6781,2,1.512482188630978,-2.1528364061058864
046CDE121B6781,1,0.044240927113319006,0.5295042867806752
046CE0121B6781,2,0.6813882869396978,-1.3322470130792412
046CE3121B6781,5,0.8058786240371792,0.605246969098538
046CE4121B6780,5,2.1648126898348248,0.6650992987718075
046CE74A216280,0,-0.3972486394744067,1.4836353621642862
046CE84A216280,0,-1.0660968916696263,0.2657015272431859
046CE84A216281,0,-1.5319127587129044,-0.06005287174132128
046CE94A216280,0,-2.0381270606117625,-0.11242340201816521
046CFB121B6780,0,0.8982167425295191,2.0884750313884144
046D03121B6784,0,-1.0660968916696263,0.2657015272431859
046D064A216284,0,-1.3073591784734717,-0.14228780016370723
046D194A216284,0,0.28272033222779225,0.779534082801396
046D204A216284,0,-1.3148992413627296,0.043346885962565515
046D224A216284,1,1.485282538090262,3.2774767133491367
046D234A216284,1,-0.36506933750801007,1.392383505336525
046D254A216284,4,0.45250604461311134,-1.4446238312726227
046D354A216284,0,-1.3506180260203053,-1.0021593675073281
046D39121B6780,0,-1.369278808416543,1.1055104329029353
046D3E121B6780,0,-0.8444037241214475,-0.9497888372304841
046D41121B6780,0,-2.0381270606117625,-0.11242340201816521
046D49121B6780,1,0.345712775247123,-0.008809538137181565
046D4B121B6780,1,-1.5712383804922243,0.6727856090944068
046D4C121B6780,0,-1.5339175646792087,-0.7459436410973643
046D4D121B6780,1,0.7674687463623514,0.685274574761406
046D51121B6780,2,0.7181798846735331,0.17271385251871718
046D51121B6781,0,-0.6198501438820148,-1.0320237656528701
046D52121B6780,0,-1.3506180260203053,-1.0021593675073281
046D53121B6781,1,0.31951192996162747,2.284494948399355
046D54121B6780,1,-0.5992082115500883,1.0509105383557578
046D54121B6781,0,-1.5243726958236463,-0.245687557867594
046D55121B6780,0,-0.8011448765746138,-0.08991726988686331
046D55121B6781,1,-0.35752927461875217,1.2067488192102525
046D58121B6780,0,-0.3428690724205936,0.4214718152239167
046D58121B6781,4,1.181829540020769,-0.3748135661518983
046D5F121B6781,0,-1.0660968916696263,0.2657015272431859
046D60121B6780,0,-1.0660968916696263,0.2657015272431859
046D61121B6781,0,-0.3785878570781692,-0.6240344382459769
046D63121B6780,0,-1.0585568287803682,0.0800668411169132
046D67121B6780,5,0.42594038719101857,2.536867765096027
046D68121B6781,6,-0.07036423371567971,1.2965662082168397
046D6C121B6780,0,-1.0660968916696263,0.2657015272431859
046D7D121B6781,0,-1.3506180260203053,-1.0021593675073281
046D82121B6780,0,-1.376818871305801,1.291145119029208
046D8D121B6781,5,0.36836197169280976,0.8887795354276046
046DA0121B6780,0,-1.0660968916696263,0.2657015272431859
046DA14A216280,1,-1.5712383804922243,0.6727856090944068
046DAF4A216281,0,-0.6149445002773735,0.7105742519278401
046DB14A216280,0,-1.0585568287803682,0.0800668411169132
046DB2121B6780,5,2.980588218319509,2.193301876338848
046DB24A216280,2,-0.5047949866613589,-0.6805162639931949
046DBA4A216281,0,0.19826200144416287,1.4212476654231396
046DBB121B6781,4,-0.7008188570216239,-0.880642264767967
046DBC121B6780,1,1.3486907587371357,-0.1509653933877359
046DBC121B6781,0,0.7431228551224156,0.7372770406178849
046DBD121B6780,2,2.6228200074139236,-1.8890336465683975
046DBF121B6780,5,-0.01767521476484318,1.2402016759989105
046DC0121B6780,0,-0.8444037241214475,-0.9497888372304841
046DC1121B6781,0,-0.3353290095313356,0.23583712909764393
046DC2121B6780,2,-0.9706108537046371,-1.006270662977702
046DC4121B6781,0,-2.0381270606117625,-0.11242340201816521
046DCF121B6780,4,-0.23500298997834557,-0.5548878657834596
046DD0121B6780,2,3.4826226892413943,-1.7044256798053787
046DD2121B6781,0,0.23690855322355778,0.684906510341041
046DD94A216280,0,-0.8648163895938697,0.6949236768053438
046DDA121B6781,5,3.7873551361827693,2.8972703007191023
046DDB121B6781,2,1.1558170299484936,-0.7326726880929418
046DDD121B6780,6,2.1303343930098597,-1.6715065569561505
046DE0121B6780,0,-1.564771130679226,0.027696310840069283
046DE0121B6781,2,-0.5123350495506169,-0.49488157786692216
046DE3121B6780,1,-0.8761892830115094,-0.4025850425210289
046DE3121B6781,6,0.7880033263373558,-1.3578730592182773
046DE4121B6780,5,2.295951850440749,-0.8227174602201126
046DE74A216280,0,-0.3972486394744067,1.4836353621642862
046DE74A216281,0,-0.8368636612321894,-1.1354235233567571
046DE84A216280,0,-0.3785878570781692,-0.6240344382459769
046DE84A216281,0,-1.5319127587129044,-0.06005287174132128
046DE94A216280,0,-2.0381270606117625,-0.11242340201816521
046E054A216284,4,0.68371715153337,0.6786965442601369
046E1B4A216284,4,-0.052635444209486876,-1.0375397494214018
046E204A216284,0,-1.3073591784734717,-0.14228780016370723
046E28121B6780,4,-0.5119840614397668,-2.008383446660247
046E314A216284,0,-0.3785878570781692,-0.6240344382459769
046E37121B6780,1,-1.0650240785933665,0.7251561393712507
046E394A216284,0,-0.13690892014683304,-0.46819615739148246
046E3E121B6780,0,-1.5243726958236463,-0.245687557867594
046E4A121B6780,1,-0.909930191186263,2.0763541301417803
046E4C121B6781,0,-1.5319127587129044,-0.06005287174132128
046E4D121B6780,4,2.041105436933234,0.7018966587038113
046E50121B6781,4,-0.0537082572857466,-1.4969943615494665
046E51121B6781,4,-0.0537082572857466,-1.4969943615494665
046E52121B6780,0,-1.3506180260203053,-1.0021593675073281
046E53121B6781,0,-1.0660968916696263,0.2657015272431859
046E54121B6780,1,-0.5992082115500883,1.0509105383557578
046E55121B6780,0,-1.5319127587129044,-0.06005287174132128
046E55121B6781,1,-0.35752927461875217,1.2067488192102525
046E57121B6780,6,-0.5503776903290423,-1.04910880859654
046E5E121B6780,0,-2.0381270606117625,-0.11242340201816521
046E60121B6780,4,-0.23500298997834557,-0.5548878657834596
046E61121B6781,0,-0.8444037241214475,-0.9497888372304841
046E63121B6781,2,0.46076793246777886,0.34269796352249365
046E67121B6780,0,-0.3428690724205936,0.4214718152239167
046E6D121B6781,0,-0.7336772289879455,-0.7928930821865763
046E70121B6781,0,-1.5243726958236463,-0.245687557867594
046E7D121B6781,6,-1.0161935573723204,-1.3748632075810474
046E8B121B6781,0,-2.0381270606117625,-0.11242340201816521
046E8C121B6780,0,-0.8444037241214475,-0.9497888372304841
046E8D121B6781,4,-0.6932787941323659,-1.06627695089424
046E90121B6780,0,-1.5319127587129044,-0.06005287174132128
046EAE121B6780,0,-1.5723111935684841,0.21333099696634197
046EB9121B6780,2,0.21089276969841556,-0.33911128988619144
046EBB121B6780,6,-0.7316724230216414,-0.10700231283053326
046EBB121B6781,4,2.2617257914051527,-0.9730483178979236
046EBC121B6780,4,0.4882248292706869,-0.39911757780272894
046EBD4A216281,6,0.786930513261096,-1.817327671346342
046EBF121B6780,5,-0.01767521476484318,1.2402016759989105
046EC0121B6780,0,-0.8444037241214475,-0.9497888372304841
046EC1121B6781,0,-0.3353290095313356,0.23583712909764393
046EC2121B6780,2,1.7062226278174766,-1.5379795704174561
046ED2121B6781,0,0.9244175878150147,-0.20482945514812193
046ED7121B6780,4,2.422646545223527,-0.9962131049721147
046EDA4A216280,0,-1.5319127587129044,-0.06005287174132128
046EDB121B6780,2,1.1031442580549264,-0.6381629001806537
046EDB121B6781,2,1.1558170299484936,-0.7326726880929418
046EDE121B6780,1,0.10074652953526808,1.7181379043210323
046EE0121B6780,1,0.47710417364241625,0.6896487009210449
046EE0121B6781,2,3.1670896593651396,1.1292557328454782
046EE3121B6781,5,3.2982257660287324,3.159521167545756
046EE74A216281,0,-1.5723111935684841,0.21333099696634197
046EE94A216281,1,-1.5712383804922243,0.6727856090944068
046F044A216284,0,0.24444861611281568,0.49927182421476834
046F054A216284,1,-0.040189737715587454,0.5194235820330356
046F204A216284,0,-0.24386794854529048,1.6461052612163678
046F214A216284,4,0.3853836005480325,-0.8952216081875874
046F24121B6780,0,0.28272033222779225,0.779534082801396
046F264A216284,0,-0.6273902067712729,-0.8463890795265973
046F314A216284,4,-0.7008188570216239,-0.880642264767967
046F37121B6780,0,-0.3785878570781692,-0.6240344382459769
046F3D121B6780,1,-0.23393017690208584,-0.09543325365539498
046F46121B6780,6,-0.7709980448009612,0.6258361680051948
046F4D121B6780,4,1.1843467398276615,-1.0150336172901
046F4F121B6781,4,-0.22746292708908755,-0.7405225519097324
046F52121B6781,0,-1.0660968916696263,0.2657015272431859
046F53121B6780,2,3.8243094002001334,0.1494543718512779
046F55121B6780,0,-1.5319127587129044,-0.06005287174132128
046F57121B6780,6,-0.5503776903290423,-1.04910880859654
046F57121B6781,0,-2.0381270606117625,-0.11242340201816521
046F59121B6780,4,-0.04616819439648859,-1.6826290476757393
046F59121B6781,1,-1.0574840157041085,0.539521453244978
046F5A121B6781,1,-1.0650240785933665,0.7251561393712507
046F5B121B6781,2,3.32170193542302,-1.6812608927311876
046F5E121B6781,1,-0.8480105612431919,0.8285558970751375
046F61121B6780,0,-1.3506180260203053,-1.0021593675073281
046F62121B6780,0,-1.0660968916696263,0.2657015272431859
046F63121B6781,0,-1.5243726958236463,-0.245687557867594
046F68121B6781,4,1.6476454070640472,-0.049059167167391136
046F69121B6780,1,0.49683770523620463,-0.12529765180093708
046F6D121B6781,0,-0.7336772289879455,-0.7928930821865763
046F70121B6781,0,-1.5319127587129044,-0.06005287174132128
046F71121B6781,4,1.5628438633960562,-1.1808210717351335
046F78121B6780,0,-1.5319127587129044,-0.06005287174132128
046F89121B6780,4,1.1768066769384034,-0.8293989311638271
046F8B121B6781,4,-0.010449409738913033,-0.6371227942058456
046F8C121B6780,0,-1.5243726958236463,-0.245687557867594
046FB14A216281,0,-1.0585568287803682,0.0800668411169132
046FB9121B6780,2,0.21089276969841556,-0.33911128988619144
046FBA121B6780,4,-0.017989472628171046,-0.45148810807957285
046FBB121B6780,6,1.3396935501248846,0.559097856462037
046FBB121B6781,4,2.2617257914051527,-0.9730483178979236
046FBB4A216281,4,1.157073081465906,0.8188162571183715
046FBD4A216281,0,-2.0381270606117625,-0.11242340201816521
046FBE121B6780,2,0.17517398504083995,-1.384617543356085
046FBE121B6781,4,-0.5119840614397668,-2.008383446660247
046FC2121B6780,4,2.2806576551239663,1.4113810668525968
046FC24A216281,4,-0.7008188570216239,-0.880642264767967
046FC94A216281,0,-1.5319127587129044,-0.06005287174132128
046FD8121B6781,1,0.8115286422904011,0.31694486084732565
046FDA4A216280,0,-1.5319127587129044,-0.06005287174132128
046FDB121B6780,0,-2.0381270606117625,-0.11242340201816521
046FDC121B6781,4,0.4611189205786291,-1.1708039052708308
046FDD121B6781,4,3.646261799960146,0.5862904911301802
046FDE121B6780,0,-1.0660968916696263,0.2657015272431859
046FDF121B6781,5,2.2687521999000326,4.60759565923491
046FE3121B6781,5,-0.7888415317587134,1.5434499428521162
046FE64A216281,0,-0.4047887023636646,1.669270048290559
046FE94A216281,0,-1.5319127587129044,-0.06005287174132128
046FF14A216281,0,-0.14737675015791052,1.4992859372867824
0470004A216284,4,1.1034952461657763,-2.151664768973978
0470014A216284,5,1.2370485194991414,0.3449497267412161
0470014A216285,0,-0.9288620549050768,-0.30807525460874063
0470024A216285,1,0.8239743487843005,1.8739081923017629
0470044A216284,0,0.24444861611281568,0.49927182421476834
04701C4A216284,1,-0.4619733747855389,0.4771337565038313
04701D4A216284,1,1.3913062679345525,0.58037955596445
04701E4A216284,0,-1.3306322566371478,0.3691692778208366
04701F4A216284,4,0.45250604461311134,-1.4446238312726227
0470204A216284,0,-0.24386794854529048,1.6461052612163678
0470214A216284,1,2.083427598293448,1.2868563129010064
0470264A216284,0,-0.6273902067712729,-0.8463890795265973
04702A4A216284,2,-0.1395169520133566,-1.8268600560043475
04702C121B6780,1,0.4660245641832705,0.5717941123098795
04702C4A216284,0,-1.3430779631310472,-1.187794053633601
0470324A216284,1,-1.0574840157041085,0.539521453244978
047036121B6780,6,0.39652444640385803,2.081775219329412
04703D121B6780,6,0.42272529168935363,-0.21152926720712423
047043121B6780,6,-1.0161935573723204,-1.3748632075810474
047046121B6780,1,-1.1054225134489462,0.998540008078914
04704D121B6780,4,1.1843467398276615,-1.0150336172901
04704F121B6781,4,-0.22746292708908755,-0.7405225519097324
047051121B6780,1,-1.0978824505596882,0.8129053219526414
047052121B6781,1,-0.5916681486608303,0.8652758522294853
047053121B6780,2,4.511818434791591,-0.7402815936378851
047056121B6781,0,-2.0381270606117625,-0.11242340201816521
047057121B6781,0,-2.0381270606117625,-0.11242340201816521
047058121B6781,0,-1.0585568287803682,0.0800668411169132
047059121B6780,4,-0.04616819439648859,-1.6826290476757393
047059121B6781,1,0.345712775247123,-0.008809538137181565
04705A121B6781,0,-1.5723111935684841,0.21333099696634197
04705B121B6781,0,-0.8848021589770272,-0.6764049685228208
04705C121B6781,1,1.4625178438430664,-0.39009607685402975
047060121B6780,0,-1.5319127587129044,-0.06005287174132128
047061121B6780,0,-1.3506180260203053,-1.0021593675073281
047062121B6780,0,-1.0660968916696263,0.2657015272431859
047066121B6780,0,-1.338172319526406,0.5548039639471093
047067121B6781,4,-0.013309822430166925,-1.77037823025713
047068121B6780,0,-1.3073591784734717,-0.14228780016370723
047069121B6780,1,0.49683770523620463,-0.12529765180093708
04706B121B6780,6,-1.1974882900649195,-0.43275671181504055
047071121B6781,1,-1.5712383804922243,0.6727856090944068
04707C121B6781,2,1.5482009732885538,-1.1073301526359929
047083121B6781,0,-1.5319127587129044,-0.06005287174132128
047088121B6781,0,-1.5243726958236463,-0.245687557867594
047089121B6780,4,1.1768066769384034,-0.8293989311638271
04708A121B6781,1,-0.5916681486608303,0.8652758522294853
047091121B6781,1,-1.0650240785933665,0.7251561393712507
0470A24A216280,0,-0.9034629413732647,1.4312648318874424
0470B14A216281,0,-1.0585568287803682,0.0800668411169132
0470B8121B6780,0,-1.5319127587129044,-0.06005287174132128
0470B84A216281,0,-0.22890731381972046,0.35915211135653385
0470B9121B6780,1,0.08830082304136871,0.16117457286659492
0470BA121B6780,4,-0.017989472628171046,-0.45148810807957285
0470BB121B6780,0,-1.5723111935684841,0.21333099696634197
0470BB4A216281,4,1.157073081465906,0.8188162571183715
0470BC4A216281,4,-0.013309822430166925,-1.77037823025713
0470BD121B6781,5,2.6026526643353214,-0.48014084898120046
0470BE121B6780,2,-0.5123350495506169,-0.49488157786692216
0470BE121B6781,6,-0.575505722538278,1.7036502900680608
0470BF121B6781,4,0.45250604461311134,-1.4446238312726227
0470C2121B6780,6,1.4839574872246328,0.631747103170925
0470C24A216281,4,-0.7008188570216239,-0.880642264767967
0470C34A216281,1,-0.5992082115500883,1.0509105383557578
0470C4121B6780,2,2.846300774577096,-2.430723187118848
0470C44A216280,4,0.7174580597081235,-1.8002426284026722
0470C94A216281,0,-1.5319127587129044,-0.06005287174132128
0470D1121B6781,4,0.46495175110701076,0.11233950018181481
0470D8121B6780,0,-1.5243726958236463,-0.245687557867594
0470D8121B6781,1,0.8115286422904011,0.31694486084732565
0470D9121B6781,5,-1.2471173359127337,1.0320608577413362
0470DB121B6780,0,-0.4630461878617985,0.017679144375766526
0470DC121B6781,4,-0.22746292708908755,-0.7405225519097324
0470DD121B6781,4,3.646261799960146,0.5862904911301802
0470E1121B6780,0,-0.3428690724205936,0.4214718152239167
0470E2121B6781,1,1.1177474596865862,1.5516547379540993
0470E3121B6781,5,-0.7888415317587134,1.5434499428521162
0470E64A216281,0,-1.5723111935684841,0.21333099696634197
0470F14A216281,4,-0.00576975954090891,-1.9560129163834028
0470F34A216281,0,-1.5723111935684841,0.21333099696634197
0470FD4A216280,0,-0.3785878570781692,-0.6240344382459769
0470FE121B6780,6,2.0166469228584782,-1.784934018356624
0471004A216284,6,0.7504106802223044,-1.6346326435585345
0471014A216285,4,-0.013309822430166925,-1.77037823025713
0471024A216285,0,-1.3430779631310472,-1.187794053633601
04711C4A216284,0,-0.3785878570781692,-0.6240344382459769
04711D4A216284,1,1.3913062679345525,0.58037955596445
0471214A216284,4,-0.013309822430166925,-1.77037823025713
04712C121B6780,1,0.4660245641832705,0.5717941123098795
04712C4A216284,4,1.8445821160573628,-0.07091970837079155
0471324A216284,1,-1.0574840157041085,0.539521453244978
04713A4A216284,0,-1.564771130679226,0.027696310840069283
047151121B6780,0,-1.5319127587129044,-0.06005287174132128
047152121B6780,1,-1.1054225134489462,0.998540008078914
047153121B6781,4,0.9880891008342705,-0.989670401840329
047154121B6780,1,0.345712775247123,-0.008809538137181565
047154121B6781,6,-1.0161935573723204,-1.3748632075810474
047155121B6781,0,-0.3661421505842699,0.9329288932084604
047156121B6780,0,-0.8415433114301936,0.1834665988208
047156121B6781,0,-2.0381270606117625,-0.11242340201816521
047158121B6780,4,0.029949025116666698,-0.910506662913509
047158121B6781,6,-0.7241323601323834,-0.29263699895680595
04715C121B6781,6,-0.9202329301540065,0.84499170379389
04715D121B6781,1,0.2612544444634936,0.6329040444845621
047160121B6781,0,-1.564771130679226,0.027696310840069283
047164121B6780,2,2.684096235128869,-2.4320896620662578
047166121B6780,0,-1.338172319526406,0.5548039639471093
047167121B6781,4,-0.013309822430166925,-1.77037823025713
047168121B6780,0,-1.3073591784734717,-0.14228780016370723
047169121B6781,6,-0.7241323601323834,-0.29263699895680595
04716A121B6780,0,0.3259791797746258,1.6394056501450167
04716B121B6780,6,-1.1974882900649195,-0.43275671181504055
04716B121B6781,1,-0.5992082115500883,1.0509105383557578
04716C121B6781,0,-1.5319127587129044,-0.06005287174132128
047179121B6780,0,-0.8723564524831279,0.8805583629316165
04717C121B6781,1,-0.8404704983539338,0.6429212109488649
047183121B6781,0,-2.0381270606117625,-0.11242340201816521
04718A121B6781,4,2.2627986044814126,-0.5135937057698589
047190121B6780,4,0.5787788362129412,-0.12679118328447891
047190121B6781,1,-0.36506933750801007,1.392383505336525
047191121B6781,1,-1.0650240785933665,0.7251561393712507
0471B4121B6780,1,1.2408246762948876,0.8253942876196405
0471B8121B6780,0,-0.8444037241214475,-0.9497888372304841
0471B84A216281,0,-0.22890731381972046,0.35915211135653385
0471B9121B6781,0,-1.5723111935684841,0.21333099696634197
0471BA121B6780,0,-0.9034629413732647,1.4312648318874424
0471BB121B6780,0,-1.5723111935684841,0.21333099696634197
0471BB4A216281,5,-0.0580736496204228,1.513585544706574
0471BC121B6780,4,-0.0537082572857466,-1.4969943615494665
0471BC4A216281,4,-0.013309822430166925,-1.77037823025713
0471BD121B6781,4,-0.23500298997834557,-0.5548878657834596
0471BF121B6781,2,4.511818434791591,-0.7402815936378851
0471C1121B6781,4,1.4614450307668065,-0.8495506889820944
0471C24A216281,4,-0.013309822430166925,-1.77037823025713
0471C34A216281,5,-0.7813014688694554,1.3578152567258435
0471C4121B6780,4,0.5055607159892375,-0.4914289373394374
0471C44A216280,0,-1.0585568287803682,0.0800668411169132
0471C5121B6781,5,1.1281096239806339,0.8618547956205279
0471CD121B6780,6,-1.1974882900649195,-0.43275671181504055
0471D0121B6781,4,-0.017989472628171046,-0.45148810807957285
0471D1121B6781,4,0.46495175110701076,0.11233950018181481
0471D5121B6780,4,-0.04126255079184718,0.05996896990497089
0471D6121B6780,4,0.29140761133031684,0.5384267410079601
0471D8121B6780,0,-1.3506180260203053,-1.0021593675073281
0471DD121B6780,5,4.835939479371081,-0.38100634499095554
0471E1121B6781,4,1.1600008485877256,-0.9630311514336208
0471E2121B6781,1,0.062099977755873226,2.4544790594031314
0471FE121B6780,0,-0.18484741789167086,-0.009177602557546426
0472034A216285,0,-2.0381270606117625,-0.11242340201816521
04721A4A216284,5,-1.2546573988019918,1.217695543867609
04721B4A216284,0,-2.0381270606117625,-0.11242340201816521
0472214A216284,0,-1.5243726958236463,-0.245687557867594
04722C4A216284,4,1.8445821160573628,-0.07091970837079155
047232121B6780,6,-0.7305996099453815,0.35245229929753136
047239121B6780,4,0.45250604461311134,-1.4446238312726227
04723A4A216284,4,1.5628438633960562,-1.1808210717351335
047244121B6780,0,-0.3428690724205936,0.4214718152239167
0472454A216284,0,-1.564771130679226,0.027696310840069283
04724A121B6780,0,-1.3506180260203053,-1.0021593675073281
047252121B6780,2,0.826045967115781,-0.8036458284886591
047253121B6781,4,-0.12117590487241495,-0.7940185492497533
047254121B6780,1,0.345712775247123,-0.008809538137181565
047255121B6780,0,-0.3710477941889112,-0.8096691243722497
047255121B6781,0,-0.3661421505842699,0.9329288932084604
047256121B6780,0,-0.8415433114301936,0.1834665988208
047257121B6780,0,-1.3506180260203053,-1.0021593675073281
04725D121B6781,6,-0.9202329301540065,0.84499170379389
047260121B6781,0,-1.564771130679226,0.027696310840069283
047264121B6780,6,-0.49753354897956314,0.23447065415023394
047266121B6781,0,-1.0660968916696263,0.2657015272431859
047269121B6781,6,-0.7241323601323834,-0.29263699895680595
04726A121B6780,0,-1.3148992413627296,0.043346885962565515
04726B121B6781,1,-0.5992082115500883,1.0509105383557578
04726C121B6781,5,-0.7877687186824537,2.002904554980181
047272121B6780,0,-1.338172319526406,0.5548039639471093
047279121B6780,0,-0.8723564524831279,0.8805583629316165
04728C121B6781,0,-2.0381270606117625,-0.11242340201816521
047290121B6780,4,-0.6932787941323659,-1.06627695089424
047290121B6781,1,-0.372609400397268,1.578018191462798
047293121B6781,0,-0.8444037241214475,-0.9497888372304841
0472A34A216280,0,-0.7336772289879455,-0.7928930821865763
0472B14A216280,0,0.7431228551224156,0.7372770406178849
0472B4121B6780,0,-1.3073591784734717,-0.14228780016370723
0472B54A216280,6,-0.008444603772608746,0.04876797515019746
0472B6121B6780,5,1.293526455966368,2.1853776316509568
0472B9121B6781,0,-1.5723111935684841,0.21333099696634197
0472BA121B6780,0,-0.3785878570781692,-0.6240344382459769
0472BB4A216281,5,-0.0580736496204228,1.513585544706574
0472BC121B6780,4,-0.0537082572857466,-1.4969943615494665
0472BD121B6780,2,2.1121109101633446,-0.6948840452595088
0472BF121B6781,4,0.4882248292706869,-0.39911757780272894
0472C1121B6780,4,3.003885474372999,1.5671513548333273
0472C1121B6781,4,1.149533018576648,1.0044509432446442
0472C14A216281,0,-2.0381270606117625,-0.11242340201816521
0472C2121B6781,0,-1.5723111935684841,0.21333099696634197
0472C4121B6780,1,-0.5992082115500883,1.0509105383557578
0472C4121B6781,5,2.8553882397959387,1.3349238404787687
0472C5121B6781,1,-1.0574840157041085,0.539521453244978
0472C64A216281,0,-1.564771130679226,0.027696310840069283
0472CA121B6781,0,-2.0381270606117625,-0.11242340201816521
0472CD121B6780,4,1.6426225439816815,-0.5036445321793199
0472D0121B6781,4,-0.017989472628171046,-0.45148810807957285
0472D5121B6780,4,-0.04126255079184718,0.05996896990497089
0472D6121B6780,0,-0.18309553481548607,0.4537796838168889
0472D8121B6780,2,3.344975013586696,-2.192717970715731
0472D9121B6780,0,-0.8490833743194516,0.3691012849470728
0472DF121B6780,0,-1.0585568287803682,0.0800668411169132
0472DF121B6781,0,-1.564771130679226,0.027696310840069283
0472E1121B6781,4,1.1600008485877256,-0.9630311514336208
0472E2121B6781,6,-0.0009045408833507313,-0.13686671097607525
0472E4121B6781,0,-1.5319127587129044,-0.06005287174132128
0472F24A216281,0,-2.0381270606117625,-0.11242340201816521
0472FE4A216280,4,-0.6932787941323659,-1.06627695089424
0473004A216285,0,-1.3430779631310472,-1.187794053633601
047303121B6785,0,-0.16157433972799465,-0.5206346805420903
0473034A216284,0,-0.3710477941889112,-0.8096691243722497
04731A4A216284,0,-1.5243726958236463,-0.245687557867594
0473224A216284,2,1.512482188630978,-2.1528364061058864
047331121B6780,0,-1.338172319526406,0.5548039639471093
047332121B6780,6,-0.7305996099453815,0.35245229929753136
0473334A216284,0,-0.17064982832158676,2.0107430152713266
047339121B6780,4,0.45250604461311134,-1.4446238312726227
047344121B6780,0,-0.3428690724205936,0.4214718152239167
0473454A216284,0,-1.564771130679226,0.027696310840069283
04734A121B6780,0,-1.3506180260203053,-1.0021593675073281
04734E121B6780,1,-0.23393017690208584,-0.09543325365539498
047350121B6780,1,-0.3775150440019095,-0.16457982611791225
047353121B6780,4,0.9552307288679487,-0.9019212192589383
047355121B6780,0,-0.3710477941889112,-0.8096691243722497
047357121B6780,4,-0.013309822430166925,-1.77037823025713
047357121B6781,0,-1.3506180260203053,-1.0021593675073281
047359121B6780,0,-2.0381270606117625,-0.11242340201816521
047359121B6781,0,-0.3710477941889112,-0.8096691243722497
04735B121B6780,2,0.7246471344865314,-0.4723754457356203
04735C121B6780,1,0.0958408859306267,-0.02446011325967774
04735D121B6780,1,-0.3775150440019095,-0.16457982611791225
047362121B6781,0,-1.5319127587129044,-0.06005287174132128
047364121B6781,0,-1.0585568287803682,0.0800668411169132
047365121B6781,2,1.737035768870411,-2.2350713345282722
047366121B6781,0,-1.3506180260203053,-1.0021593675073281
04736E121B6780,0,-1.0585568287803682,0.0800668411169132
04736F121B6780,0,-1.564771130679226,0.027696310840069283
04736F121B6781,2,2.491680846807999,-0.40121688757647744
047370121B6780,4,-0.7008188570216239,-0.880642264767967
047372121B6780,0,-1.5243726958236463,-0.245687557867594
047387121B6780,4,2.2627986044814126,-0.5135937057698589
047393121B6781,5,1.293526455966368,2.1853776316509568
0473A34A216280,4,-0.04616819439648859,-1.6826290476757393
0473B14A216280,0,0.7431228551224156,0.7372770406178849
0473B2121B6780,5,2.371712638737639,1.888637960646824
0473B54A216280,6,3.013750078483857,-1.0731038691017596
0473B6121B6780,5,1.293526455966368,2.1853776316509568
0473BD121B6780,0,0.36462573155402067,0.9030644950629184
0473BF121B6780,2,2.0152068728858157,-1.6101337940922027
0473BF121B6781,4,0.4882248292706869,-0.39911757780272894
0473C1121B6780,4,3.003885474372999,1.5671513548333273
0473C1121B6781,2,3.4025534290849047,-0.5446297410473097
0473C14A216281,0,-2.0381270606117625,-0.11242340201816521
0473C2121B6781,2,1.512482188630978,-2.1528364061058864
0473C34A216280,0,-0.10873019837851547,0.762944782204684
0473C4121B6780,1,-0.5992082115500883,1.0509105383557578
0473C4121B6781,5,2.8553882397959387,1.3349238404787687
0473C64A216281,0,-1.564771130679226,0.027696310840069283
0473CA121B6781,2,4.342032722406271,1.4838763204361338
0473D3121B6781,0,-1.0585568287803682,0.0800668411169132
0473D8121B6780,0,-1.5319127587129044,-0.06005287174132128
0473DE121B6781,0,-0.20350820028790834,2.098492197852717
0473DF121B6781,0,-0.8772620960877692,-0.8620396546490936
0473E2121B6781,2,3.111265550392752,-1.3699941079996523
0473E4121B6781,4,-0.0537082572857466,-1.4969943615494665
0473E5121B6781,1,-0.4441143241429847,2.4021085291262874
0473F24A216281,0,-2.0381270606117625,-0.11242340201816521
0473FB121B6780,5,1.3010665188556259,1.9997429455246838
0473FE4A216280,0,-1.5319127587129044,-0.06005287174132128
0474004A216285,4,-0.00576975954090891,-1.9560129163834028
0474024A216284,1,-1.0574840157041085,0.539521453244978
047403121B6784,0,-1.0660968916696263,0.2657015272431859
0474034A216284,4,0.7382172115177741,-1.0053209769628253
0474224A216284,6,1.9894927191235658,0.6806149592013983
047429121B6780,0,-1.564771130679226,0.027696310840069283
04742B121B6780,6,0.7880033263373558,-1.3578730592182773
0474354A216284,0,-1.564771130679226,0.027696310840069283
047438121B6780,2,2.451961481952345,-0.12433034462244356
047439121B6780,0,-0.4047887023636646,1.669270048290559
047445121B6780,0,-0.4555061249725406,-0.16795554175050617
047448121B6780,0,-0.8648163895938697,0.6949236768053438
04744C121B6780,0,-1.1994930960312238,-1.1186474811710838
047451121B6780,1,0.08830082304136871,0.16117457286659492
047453121B6780,4,0.9552307288679487,-0.9019212192589383
047455121B6780,0,-0.8319580176275481,0.6071744942239532
047458121B6780,5,3.080914237872499,1.4025768814577442
047459121B6780,0,-1.5319127587129044,-0.06005287174132128
047459121B6781,6,-0.03662332554092629,-1.182372964445969
04745B121B6780,2,0.7246471344865314,-0.4723754457356203
04745C121B6780,1,0.0958408859306267,-0.02446011325967774
04745D121B6780,1,-0.3775150440019095,-0.16457982611791225
04745F121B6781,1,-0.8480105612431919,0.8285558970751375
047462121B6781,0,-0.3661421505842699,0.9329288932084604
047463121B6780,0,-2.0381270606117625,-0.11242340201816521
047464121B6781,4,0.13516650770994665,-0.7572985940954058
047465121B6781,2,2.846300774577096,-2.430723187118848
047468121B6781,0,-1.5243726958236463,-0.245687557867594
04746C121B6780,0,-1.0660968916696263,0.2657015272431859
04746E121B6780,0,-1.0585568287803682,0.0800668411169132
04746F121B6781,2,2.491680846807999,-0.40121688757647744
047470121B6780,1,-0.3417962593443339,0.8809264273519815
04748F121B6781,0,-0.14158857034483724,0.8506939647860745
0474A14A216280,1,-1.5712383804922243,0.6727856090944068
0474AF4A216281,0,-0.6149445002773735,0.7105742519278401
0474B14A216280,0,-1.0585568287803682,0.0800668411169132
0474B2121B6780,5,2.257360399070477,2.0375315883581173
0474B24A216280,2,-0.5047949866613589,-0.6805162639931949
0474BA4A216281,4,0.42072048572304915,-0.8974200365631673
0474BB121B6781,0,-2.0381270606117625,-0.11242340201816521
0474BD121B6780,5,0.834177838736088,1.2145339344121118
0474BF121B6780,1,0.8115286422904011,0.31694486084732565
0474C1121B6781,5,5.964136348796581,1.8077711871689894
0474C34A216280,1,-1.1054225134489462,0.998540008078914
0474D0121B6780,4,0.3446399621708633,-0.4682641502652463
0474D3121B6781,0,-1.0585568287803682,0.0800668411169132
0474D8121B6780,6,2.8042733505700737,-2.0282969912181077
0474D94A216280,0,-0.6535910520567685,1.4469154070099386
0474DD121B6781,4,1.6193494658180054,0.00781254580522383
0474DE121B6781,0,-0.20350820028790834,2.098492197852717
0474E3121B6780,6,-0.5099792554734626,-1.3224926773042036
0474E4121B6780,0,0.4764607714142906,1.3943909184898267
0474E5121B6781,1,-0.4441143241429847,2.4021085291262874
0474E84A216281,0,-2.0381270606117625,-0.11242340201816521
0474E94A216280,0,-2.0381270606117625,-0.11242340201816521
0474FB121B6780,5,1.3010665188556259,1.9997429455246838
0475024A216284,0,-1.5243726958236463,-0.245687557867594
047503121B6784,2,0.8751287261261962,-0.7173901773908105
0475194A216284,5,-0.7484430969031338,1.2700660741444527
0475204A216284,1,-1.0978824505596882,0.8129053219526414
0475224A216284,1,0.9393804941158065,0.711913825168114
0475234A216284,1,-0.36506933750801007,1.392383505336525
0475254A216284,4,0.46004610750236935,-1.6302585173988955
0475354A216284,0,-1.564771130679226,0.027696310840069283
047538121B6780,5,1.1048365458169578,1.3733118736050716
047539121B6780,0,-0.4047887023636646,1.669270048290559
04753E121B6780,0,-0.22890731381972046,0.35915211135653385
047545121B6780,0,-1.564771130679226,0.027696310840069283
047549121B6780,0,-1.1994930960312238,-1.1186474811710838
04754B121B6780,1,-1.5712383804922243,0.6727856090944068
04754D121B6780,4,2.041105436933234,0.7018966587038113
04754F121B6780,1,-0.37465463131065563,0.968675609933372
047554121B6780,1,-0.5992082115500883,1.0509105383557578
047556121B6780,0,-1.564771130679226,0.027696310840069283
047558121B6780,5,3.7684232724639557,0.5128409159685812
047558121B6781,1,-0.16050152665173492,-0.061180068414025485
04755E121B6780,0,-2.0381270606117625,-0.11242340201816521
04755F121B6781,1,-1.0650240785933665,0.7251561393712507
047561121B6781,1,0.062099977755873226,2.4544790594031314
047563121B6780,0,-1.5319127587129044,-0.06005287174132128
047567121B6780,2,0.5479920825781002,-2.7165960214935105
047568121B6781,4,0.6254596660352361,-0.9728943596546556
04757D121B6781,0,-0.7336772289879455,-0.7928930821865763
04758D121B6781,5,0.36836197169280976,0.8887795354276046
04758F121B6781,0,-0.14158857034483724,0.8506939647860745
047590121B6780,0,-1.5723111935684841,0.21333099696634197
047594121B6780,0,-0.8772620960877692,-0.8620396546490936
0475A14A216280,1,-1.5712383804922243,0.6727856090944068
0475AE121B6780,0,-1.5723111935684841,0.21333099696634197
0475AF4A216281,0,-0.6149445002773735,0.7105742519278401
0475B14A216280,1,-0.5916681486608303,0.8652758522294853
0475B24A216280,1,-0.37465463131065563,0.968675609933372
0475BA4A216281,4,0.42072048572304915,-0.8974200365631673
0475BB121B6781,0,-2.0381270606117625,-0.11242340201816521
0475BC121B6780,2,1.4046161061887303,-1.1764767250985106
0475BC121B6781,1,0.08830082304136871,0.16117457286659492
0475BD121B6780,5,2.6101927272245797,-0.6657755351074732
0475BF121B6780,5,2.44607797517461,2.197803059034619
0475C0121B6780,0,-0.8444037241214475,-0.9497888372304841
0475C1121B6781,0,-0.3428690724205936,0.4214718152239167
0475CF121B6780,2,2.8634261312689997,-2.1926499778419672
0475D0121B6780,1,1.662608313364839,0.8676841131488447
0475D2121B6781,1,0.5175968570458551,0.6696239996389097
0475D8121B6780,2,2.2575419727659214,-0.7426898545572447
0475D9121B6780,0,-1.5243726958236463,-0.245687557867594
0475D94A216280,4,0.4611189205786291,-1.1708039052708308
0475DA121B6781,1,1.2100115352419534,1.5224860517304568
0475DD121B6780,1,1.655068250475581,1.0533187992751174
0475DE4A216281,0,-1.0660968916696263,0.2657015272431859
0475E0121B6780,0,-0.8723564524831279,0.8805583629316165
0475E0121B6781,4,1.581850130251877,0.6886810452201593
0475E3121B6780,2,2.401126839865745,-0.6735432820947272
0475E3121B6781,5,3.2982257660287324,3.159521167545756
0475E4121B6780,4,1.3075546731055707,0.5738015254631811
0475E74A216280,0,-0.3785878570781692,-0.6240344382459769
0475E74A216281,0,-2.0381270606117625,-0.11242340201816521
0475E84A216281,0,-2.0381270606117625,-0.11242340201816521
0475E94A216280,1,0.2318856901411923,0.2303211453291123
04761B4A216284,1,-0.40546777236358983,1.6657673740441885
0476204A216284,0,-1.3148992413627296,0.043346885962565515
047628121B6780,4,-0.5119840614397668,-2.008383446660247
047637121B6780,0,-0.14158857034483724,0.8506939647860745
0476394A216284,0,-0.13690892014683304,-0.46819615739148246
04763E121B6780,0,-0.47058625075105653,0.20331383050203924
04764A121B6780,1,-0.909930191186263,2.0763541301417803
04764F121B6780,1,-0.3417962593443339,0.8809264273519815
047652121B6780,0,-1.3506180260203053,-1.0021593675073281
047654121B6780,0,-1.5319127587129044,-0.06005287174132128
047655121B6780,0,-2.0381270606117625,-0.11242340201816521
047656121B6780,0,-1.564771130679226,0.027696310840069283
04765E121B6780,1,-1.0978824505596882,0.8129053219526414
047660121B6780,5,-0.7484430969031338,1.2700660741444527
047661121B6781,1,0.062099977755873226,2.4544790594031314
047663121B6781,0,-1.5243726958236463,-0.245687557867594
047667121B6780,5,0.42594038719101857,2.536867765096027
04766D121B6781,1,-0.22639011401282783,-0.2810679397816678
047670121B6781,0,-1.5243726958236463,-0.245687557867594
04767D121B6781,4,-0.04616819439648859,-1.6826290476757393
047682121B6780,0,-1.376818871305801,1.291145119029208
04768B121B6781,0,-2.0381270606117625,-0.11242340201816521
04768C121B6780,0,-0.8444037241214475,-0.9497888372304841
04768D121B6781,5,0.36836197169280976,0.8887795354276046
047690121B6780,0,-1.5723111935684841,0.21333099696634197
0476AE121B6780,0,-1.5723111935684841,0.21333099696634197
0476B9121B6780,1,1.8975205698334103,0.6327500862412939
0476BB121B6780,4,1.1439483049720816,-0.7416497485824365
0476BB121B6781,5,1.9370032605844978,1.0121770927064906
0476BC121B6780,2,2.2357100078800105,-1.9970661181251559
0476BC121B6781,0,-1.5723111935684841,0.21333099696634197
0476BD4A216281,0,-2.0381270606117625,-0.11242340201816521
0476BF121B6780,5,2.44607797517461,2.197803059034619
0476C0121B6780,0,0.7044763033430207,1.4736181956999834
0476C1121B6780,4,4.1131504800796845,1.371499502242752
0476C1121B6781,0,-0.3428690724205936,0.4214718152239167
0476D2121B6781,1,1.2051058916373119,-0.22011196585025322
0476D6121B6781,5,2.257360399070477,2.0375315883581173
0476D7121B6780,1,-0.3417962593443339,0.8809264273519815
0476DA121B6781,5,3.7873551361827693,2.8972703007191023
0476DA4A216280,5,-0.7484430969031338,1.2700660741444527
0476DB121B6780,2,1.5364369154321575,0.6861783436565625
0476DB121B6781,4,2.751887549688367,-0.6992963847698953
0476DD121B6780,5,4.847331280200637,2.1890577258858377
0476DE121B6780,1,0.8190687051796591,0.13131017472105297
0476DF121B6781,0,-0.6149445002773735,0.7105742519278401
0476E0121B6780,5,-0.5547026577166354,1.8849229098328835
0476E0121B6781,1,0.7507562285605965,1.5092704382468045
0476E3121B6781,2,2.4499573610867906,-2.773562629047025
0476E74A216281,0,-0.8368636612321894,-1.1354235233567571
0476E94A216281,0,-1.5319127587129044,-0.06005287174132128
0477014A216284,4,0.41598621157431964,-1.2619288034848153
047702121B6785,4,0.6770596248525438,-1.5268587596950087
0477054A216284,4,0.68371715153337,0.6786965442601369
04771B4A216284,1,-0.40546777236358983,1.6657673740441885
04771E4A216284,4,-0.0537082572857466,-1.4969943615494665
04771F4A216284,4,0.45250604461311134,-1.4446238312726227
047725121B6780,0,-0.7336772289879455,-0.7928930821865763
0477264A216284,0,-0.3428690724205936,0.4214718152239167
04772A4A216284,1,-0.3699749811126515,-0.350214512244185
04772C4A216284,4,-0.5119840614397668,-2.008383446660247
047737121B6780,4,0.6895053313464432,0.03010457175942886
047746121B6780,1,-1.1054225134489462,0.998540008078914
047747121B6780,0,-1.5319127587129044,-0.06005287174132128
04774A121B6780,0,-1.564771130679226,0.027696310840069283
047753121B6780,0,-2.0381270606117625,-0.11242340201816521
047757121B6780,0,-1.564771130679226,0.027696310840069283
047759121B6780,4,-0.04616819439648859,-1.6826290476757393
04775A121B6781,0,-0.8848021589770272,-0.6764049685228208
04775B121B6781,0,-1.5723111935684841,0.21333099696634197
04775E121B6781,5,-0.7888415317587134,1.5434499428521162
047760121B6780,0,-1.564771130679226,0.027696310840069283
047761121B6780,4,-0.12117590487241495,-0.7940185492497533
047762121B6780,0,-1.5723111935684841,0.21333099696634197
047763121B6781,0,-2.0381270606117625,-0.11242340201816521
04776D121B6781,1,-0.22639011401282783,-0.2810679397816678
047770121B6781,5,1.3010665188556259,1.9997429455246838
047771121B6781,0,-1.5243726958236463,-0.245687557867594
047778121B6780,0,-1.5723111935684841,0.21333099696634197
047789121B6780,4,1.1768066769384034,-0.8293989311638271
04778B121B6781,0,-2.0381270606117625,-0.11242340201816521
04778C121B6780,0,-0.8444037241214475,-0.9497888372304841
047790121B6780,1,-1.5712383804922243,0.6727856090944068
0477A24A216280,0,-2.0381270606117625,-0.11242340201816521
0477B14A216281,0,-1.5723111935684841,0.21333099696634197
0477B9121B6780,1,1.8975205698334103,0.6327500862412939
0477BA121B6780,4,-0.5195241243290248,-1.8227487605339738
0477BB121B6780,4,1.1439483049720816,-0.7416497485824365
0477BB121B6781,4,2.2617257914051527,-0.9730483178979236
0477BB4A216281,5,3.1073861644805705,3.6013715800819925
0477BD4A216281,0,-2.0381270606117625,-0.11242340201816521
0477BE121B6780,5,4.027199423674076,1.118037689072413
0477BE121B6781,6,-0.575505722538278,1.7036502900680608
0477C1121B6780,6,1.5184202203647963,0.12576441142950526
0477C2121B6780,0,0.3184391168853679,1.8250403362712895
0477C24A216281,5,0.5421166414961507,0.13230772578787045
0477C94A216281,0,-0.3428690724205936,0.4214718152239167
0477D7121B6780,5,-0.2750871669705974,1.4101857870026873
0477D8121B6781,2,2.9356647489653667,-1.3298387521598816
0477D9121B6781,4,1.8756886049475001,-0.6216261773266175
0477DA4A216280,5,-0.7484430969031338,1.2700660741444527
0477DB121B6780,2,2.4906080337317396,-0.860671499704542
0477DB121B6781,4,2.954919934840308,0.19288305116669768
0477DC121B6781,4,0.4611189205786291,-1.1708039052708308
0477DE121B6780,1,0.10074652953526808,1.7181379043210323
0477DF121B6781,4,0.21614940141390707,-0.11001514109880575
0477E3121B6781,0,0.260181631387234,0.1734494323564972
0477E4121B6780,4,2.292538932458087,-1.6701400820087404
0477E64A216281,0,-0.8848021589770272,-0.6764049685228208
0477E94A216281,0,-1.0660968916696263,0.2657015272431859
0477F14A216281,0,-1.5243726958236463,-0.245687557867594
0477F34A216281,0,-1.5723111935684841,0.21333099696634197
0478004A216284,4,-0.013309822430166925,-1.77037823025713
0478014A216284,1,0.7441956681986752,1.1967316527459495
047802121B6785,0,-1.0660968916696263,0.2657015272431859
0478024A216285,2,0.6551874416542022,0.961057473457295
0478044A216284,0,-1.564771130679226,0.027696310840069283
04781C4A216284,0,-1.5243726958236463,-0.245687557867594
04781D4A216284,1,1.871319724547915,2.92605457277783
04781E4A216284,0,-1.5723111935684841,0.21333099696634197
04781F4A216284,4,0.45250604461311134,-1.4446238312726227
0478214A216284,4,1.6426225439816815,-0.5036445321793199
0478264A216284,6,-0.5060460297059489,0.2702173708751454
04782A4A216284,1,-0.3699749811126515,-0.350214512244185
04782C121B6780,4,0.3446399621708633,-0.4682641502652463
0478324A216284,0,-1.0585568287803682,0.0800668411169132
04783D121B6780,1,-0.23393017690208584,-0.09543325365539498
047843121B6780,6,1.4868852543464524,-1.1501003053810674
047846121B6780,6,-1.2368139118442394,0.30008176902068745
0478464A216284,0,-0.3353290095313356,0.23583712909764393
047847121B6780,4,0.5635400360921652,0.2749038734119867
04784D121B6780,2,2.1279785989327054,-0.8438954575188684
047853121B6780,0,-2.0381270606117625,-0.11242340201816521
047858121B6780,4,-0.013309822430166925,-1.77037823025713
047859121B6780,4,-0.22746292708908755,-0.7405225519097324
04785C121B6781,0,-1.564771130679226,0.027696310840069283
04785E121B6781,4,-0.013309822430166925,-1.77037823025713
047860121B6780,0,-1.564771130679226,0.027696310840069283
047861121B6780,1,-0.5992082115500883,1.0509105383557578
047862121B6780,1,-1.5712383804922243,0.6727856090944068
047866121B6780,0,0.28272033222779225,0.779534082801396
047867121B6781,5,0.9685125743335408,1.7708102737427942
047868121B6780,0,-1.3073591784734717,-0.14228780016370723
047869121B6780,0,-0.3353290095313356,0.23583712909764393
047871121B6781,0,-1.5723111935684841,0.21333099696634197
047878121B6780,0,-1.5723111935684841,0.21333099696634197
04787C121B6781,1,-0.8404704983539338,0.6429212109488649
047883121B6781,0,-2.0381270606117625,-0.11242340201816521
047889121B6780,4,1.1768066769384034,-0.8293989311638271
04788A121B6781,0,-1.5723111935684841,0.21333099696634197
047890121B6780,1,-1.5712383804922243,0.6727856090944068
047891121B6781,0,0.19826200144416287,1.4212476654231396
0478A24A216280,0,-0.9034629413732647,1.4312648318874424
0478A44A216280,0,-0.23381295742436184,-1.3834459062241764
0478B14A216281,0,-1.5723111935684841,0.21333099696634197
0478B84A216281,6,-1.2378867249204992,-0.15937284310737718
0478B9121B6780,1,0.7882555641267249,0.8284019388318694
0478BA121B6780,0,-1.207033158920482,-0.9330127950448109
0478BB121B6780,4,0.919394724732649,-0.6594148201600506
0478BC4A216281,4,-0.013309822430166925,-1.77037823025713
0478BD121B6781,5,0.8717704848511392,1.4912935187523693
0478BE121B6780,5,2.136129377964928,2.646839656932323
0478BE121B6781,5,3.0684685313785995,-0.15438644999669326
0478BF121B6781,2,4.511818434791591,-0.7402815936378851
0478C2121B6780,4,1.0988155959677723,-0.8327746467964211
0478C24A216281,0,-1.5319127587129044,-0.06005287174132128
0478C34A216281,0,-1.0660968916696263,0.2657015272431859
0478C4121B6780,4,0.5055607159892375,-0.4914289373394374
0478C44A216280,0,-0.8444037241214475,-0.9497888372304841
0478C94A216281,4,0.4882248292706869,-0.39911757780272894
0478D1121B6781,0,-0.8490833743194516,0.3691012849470728
0478D8121B6781,4,1.1881795703560432,0.26810978816254555
0478D9121B6781,5,-0.18714119189486642,0.32384828290807194
0478DB121B6780,4,0.46004610750236935,-1.6302585173988955
0478DC121B6781,4,0.9673332224774869,-1.1184333749939868
0478E1121B6780,2,2.2170492254837733,0.11060368228510722
0478E2121B6781,1,1.4495637534326864,2.231970459879243
0478E3121B6781,0,0.7663959332860918,0.22581996263334114
0478E64A216281,0,-2.0381270606117625,-0.11242340201816521
0478F34A216281,0,-0.6273902067712729,-0.8463890795265973
0478FD4A216280,1,1.8505605727382641,2.1311329213379833
0479014A216285,0,-1.0585568287803682,0.0800668411169132
04791C4A216284,1,-0.4619733747855389,0.4771337565038313
04791D4A216284,1,1.3913062679345525,0.58037955596445
047922121B6780,0,-1.564771130679226,0.027696310840069283
04792C121B6780,4,0.3446399621708633,-0.4682641502652463
04792C4A216284,4,-0.010449409738913033,-0.6371227942058456
0479314A216284,0,-0.3428690724205936,0.4214718152239167
0479324A216284,0,-1.0585568287803682,0.0800668411169132
04793A4A216284,0,-1.3148992413627296,0.043346885962565515
047943121B6780,6,1.4868852543464524,-1.1501003053810674
047951121B6780,4,1.1535335987747273,-0.3179418531792835
047952121B6780,2,-0.005047934575499287,0.016943564537986483
047953121B6780,2,-0.1470570149026146,-1.6412253698780748
047954121B6780,5,-0.31441278874991735,2.1430242678384155
047956121B6780,1,-0.3699749811126515,-0.350214512244185
047958121B6780,4,-0.013309822430166925,-1.77037823025713
04795A121B6780,0,-0.3785878570781692,-0.6240344382459769
04795D121B6781,0,-1.564771130679226,0.027696310840069283
047960121B6781,0,-1.564771130679226,0.027696310840069283
047964121B6780,6,-0.2647837429021032,0.6782066982820387
047966121B6780,0,0.28272033222779225,0.779534082801396
047967121B6781,5,1.6560216089249975,0.8810743082536313
047968121B6780,0,-1.3073591784734717,-0.14228780016370723
047969121B6781,6,-0.7241323601323834,-0.29263699895680595
04796A121B6780,6,-0.39925276033996054,-1.1655969222602958
04796B121B6781,0,-0.8444037241214475,-0.9497888372304841
04796C121B6781,0,-1.5319127587129044,-0.06005287174132128
04797C121B6781,4,0.6819652684571852,0.2157392578857016
047983121B6781,0,-1.5319127587129044,-0.06005287174132128
04798A121B6781,1,-0.5916681486608303,0.8652758522294853
047990121B6780,2,1.1220761217737403,1.7462664845698672
0479B8121B6780,0,-1.3506180260203053,-1.0021593675073281
0479B84A216281,6,-1.2378867249204992,-0.15937284310737718
0479B9121B6781,2,1.5700329381744642,0.14704611093191816
0479BA121B6780,5,4.896620141889455,2.7016184481285266
0479BA121B6781,2,0.5528977261827417,-0.9739980039128002
0479BB121B6780,1,-0.403715889287405,2.1287246604186243
0479BB4A216281,1,-0.5916681486608303,0.8652758522294853
0479BC121B6780,5,-0.7888415317587134,1.5434499428521162
0479BD121B6781,4,1.1364082420828236,-0.5560150624561638
0479BF121B6781,1,-0.8480105612431919,0.8285558970751375
0479C1121B6781,4,1.149533018576648,1.0044509432446442
0479C4121B6780,1,-0.18670237193723047,2.232124418122511
0479C44A216280,4,-0.013309822430166925,-1.77037823025713
0479C5121B6781,1,-1.0574840157041085,0.539521453244978
0479CD121B6780,2,3.913538356276759,-2.223948843808683
0479D0121B6781,6,-0.0441633884301843,-0.9967382783196962
0479D1121B6781,0,-1.564771130679226,0.027696310840069283
0479D5121B6780,0,-1.5723111935684841,0.21333099696634197
0479D6121B6780,0,-0.8706045694069431,1.3435156493060518
0479D9121B6780,4,-0.6932787941323659,-1.06627695089424
0479DB121B6780,0,-0.4630461878617985,0.017679144375766526
0479DD121B6780,5,4.835939479371081,-0.38100634499095554
0479DF121B6780,4,1.1881795703560432,0.26810978816254555
0479E1121B6780,0,-1.0660968916696263,0.2657015272431859
0479E2121B6781,5,3.7873551361827693,2.8972703007191023
0479E34A216280,0,-2.0381270606117625,-0.11242340201816521
0479FD4A216280,0,-0.8848021589770272,-0.6764049685228208
047A214A216284,6,-0.3663943883736388,-1.2533461048416863
047A2C4A216284,6,1.3865592347934625,-0.35937531049996374
047A314A216284,0,-1.5243726958236463,-0.245687557867594
047A32121B6780,6,-1.0037478508784212,0.18210012387339
047A39121B6780,2,0.3187588521406634,-1.3154709708935675
047A3A4A216284,0,-1.564771130679226,0.027696310840069283
047A44121B6780,0,-0.6273902067712729,-0.8463890795265973
047A454A216284,0,-1.579851256457742,0.39896568309261476
047A494A216284,0,-1.5723111935684841,0.21333099696634197
047A4A121B6780,0,-1.3506180260203053,-1.0021593675073281
047A4E121B6780,1,-0.23393017690208584,-0.09543325365539498
047A52121B6780,2,-0.2831018191131801,-1.8960066284668649
047A53121B6780,0,-2.0381270606117625,-0.11242340201816521
047A54121B6780,6,-0.5146589056714667,-0.0036025551266464675
047A55121B6780,0,-0.3710477941889112,-0.8096691243722497
047A56121B6780,1,-0.5916681486608303,0.8652758522294853
047A57121B6780,4,-0.7008188570216239,-0.880642264767967
047A5A121B6780,0,-2.0381270606117625,-0.11242340201816521
047A60121B6781,0,-1.564771130679226,0.027696310840069283
047A64121B6780,6,-0.2647837429021032,0.6782066982820387
047A66121B6781,0,-1.3506180260203053,-1.0021593675073281
047A69121B6781,6,1.7257307365825372,0.20767571589073083
047A6A121B6780,6,-0.39925276033996054,-1.1655969222602958
047A6B121B6781,0,-0.8444037241214475,-0.9497888372304841
047A6C121B6781,0,-1.5319127587129044,-0.06005287174132128
047A7A121B6780,5,-0.7888415317587134,1.5434499428521162
047A8C121B6781,0,-2.0381270606117625,-0.11242340201816521
047A90121B6780,2,1.1220761217737403,1.7462664845698672
047A90121B6781,0,-2.0381270606117625,-0.11242340201816521
047A93121B6781,6,1.0661744303527607,-0.732935518782207
047AA34A216280,0,-1.0660968916696263,0.2657015272431859
047AB14A216280,1,-0.4544333118962809,0.2914990703775585
047AB2121B6780,5,1.676663541256924,2.9640086122622598
047AB54A216280,6,2.313795337398501,-1.7403312350670341
047AB6121B6780,2,1.5200222515202362,-2.338471092232159
047AB8121B6780,0,-1.3506180260203053,-1.0021593675073281
047AB9121B6781,2,2.6044121479078055,0.4415696368234736
047ABA121B6780,0,-0.8415433114301936,0.1834665988208
047ABA121B6781,4,-0.5070784178351255,-0.2657854290795365
047ABB4A216281,1,-0.5916681486608303,0.8652758522294853
047ABC121B6780,5,-0.7888415317587134,1.5434499428521162
047ABD121B6780,0,0.36462573155402067,0.9030644950629184
047ABF121B6781,2,2.665006041884497,-1.4886166913528414
047AC1121B6780,4,1.1768066769384034,-0.8293989311638271
047AC1121B6781,4,1.8267230654148088,-1.9958944809932475
047AC2121B6781,2,1.512482188630978,-2.1528364061058864
047AC3121B6781,2,2.0076668099965578,-1.42449910796593
047AC4121B6780,2,5.173126624097552,0.6632869274094879
047AC5121B6781,6,-0.17791058090263198,-0.8675854179406413
047AC64A216281,0,-2.0381270606117625,-0.11242340201816521
047ACD121B6780,6,-1.1974882900649195,-0.43275671181504055
047AD0121B6781,6,-0.0441633884301843,-0.9967382783196962
047AD5121B6780,0,-1.5723111935684841,0.21333099696634197
047AD6121B6780,4,0.29140761133031684,0.5384267410079601
047AD8121B6780,2,2.5138811118954156,-1.3721285776890861
047AD9121B6780,5,4.242852015472752,1.1124152409548804
047ADD121B6780,5,3.0451954532149235,0.3570706279878505
047ADF121B6780,4,1.1881795703560432,0.26810978816254555
047AE1121B6781,2,3.811863693706234,-1.4075089596031598
047AE2121B6781,2,3.1037254875034943,-1.1843594218733795
047AE4121B6781,1,1.197565828748054,-0.03447727972398056
047AF24A216281,1,-1.0650240785933665,0.7251561393712507
047B1A4A216284,1,0.25208198955099675,1.271265221843688
047B1B4A216284,0,-2.0381270606117625,-0.11242340201816521
047B29121B6780,0,-1.564771130679226,0.027696310840069283
047B32121B6780,6,-0.7305996099453815,0.35245229929753136
047B39121B6780,2,0.3187588521406634,-1.3154709708935675
047B454A216284,0,-1.579851256457742,0.39896568309261476
047B494A216284,2,1.4684222927029287,-1.7845066921918065
047B4A121B6780,0,-1.3506180260203053,-1.0021593675073281
047B4E121B6780,4,-0.4762652767821912,-0.9628771931903529
047B53121B6780,1,-1.0650240785933665,0.7251561393712507
047B55121B6780,0,-0.3710477941889112,-0.8096691243722497
047B57121B6780,4,2.2860716826450886,-1.0250507837544027
047B58121B6780,4,0.6604440733696938,1.1901536222446805
047B59121B6780,0,-1.5319127587129044,-0.06005287174132128
047B5C121B6780,0,-0.9110030042625226,1.6168995180137151
047B5D121B6780,1,-0.3775150440019095,-0.16457982611791225
047B64121B6781,0,-1.0585568287803682,0.0800668411169132
047B65121B6781,0,-2.0381270606117625,-0.11242340201816521
047B66121B6781,0,-1.3506180260203053,-1.0021593675073281
047B6F121B6780,1,-0.5992082115500883,1.0509105383557578
047B6F121B6781,0,-2.0381270606117625,-0.11242340201816521
047B70121B6780,1,0.062099977755873226,2.4544790594031314
047B7A121B6780,5,-0.7888415317587134,1.5434499428521162
047B8C121B6781,0,-2.0381270606117625,-0.11242340201816521
047B90121B6781,1,-0.36506933750801007,1.392383505336525
047B93121B6781,4,-0.013309822430166925,-1.77037823025713
047BB14A216280,2,0.6055428321215861,-0.4167135044557056
047BB2121B6780,5,1.42971614560938,0.5003519503015821
047BB54A216280,6,1.8197070067382468,2.9047728732754172
047BB6121B6780,2,1.5200222515202362,-2.338471092232159
047BBD121B6780,1,-1.1054225134489462,0.998540008078914
047BBF121B6780,3,1.0736703272875803,5.242449254511802
047BBF121B6781,2,3.352515076475954,-2.378352656842004
047BC1121B6780,4,1.1768066769384034,-0.8293989311638271
047BC2121B6781,4,1.4306318897138726,-0.152458924871278
047BC3121B6781,0,-0.18309553481548607,0.4537796838168889
047BC34A216280,0,-1.5243726958236463,-0.245687557867594
047BC4121B6780,2,5.173126624097552,0.6632869274094879
047BC4121B6781,0,-1.0585568287803682,0.0800668411169132
047BC64A216281,0,-2.0381270606117625,-0.11242340201816521
047BCA121B6781,2,2.943204811854625,-1.515473438286154
047BCE121B6781,6,0.9317054129149034,-2.576739139324541
047BD8121B6780,2,2.879159146543418,-2.5184723697002385
047BDE121B6781,1,-1.0650240785933665,0.7251561393712507
047BE1121B6781,2,3.811863693706234,-1.4075089596031598
047BE2121B6781,5,2.5466710661260685,3.046258201620834
047BE4121B6781,1,1.197565828748054,-0.03447727972398056
047BE5121B6781,0,-1.0585568287803682,0.0800668411169132
047BF24A216281,1,-1.0650240785933665,0.7251561393712507
047BFB121B6780,1,0.32705199285088543,2.098860262273082
047BFE4A216280,4,-0.6932787941323659,-1.06627695089424
047BFF4A216280,5,0.3279635368372302,1.162163404135268
047C03121B6784,2,0.8751287261261962,-0.7173901773908105
047C034A216284,1,-1.5636983176029664,0.4871509229681341
047C064A216284,0,-0.08744916546050033,0.9819448111133424
047C194A216284,0,-0.8444037241214475,-0.9497888372304841
047C1C4A216284,0,-1.1994930960312238,-1.1186474811710838
047C224A216284,6,2.9058839960416094,-0.09674418809438314
047C38121B6780,5,1.1048365458169578,1.3733118736050716
047C45121B6780,0,-1.564771130679226,0.027696310840069283
047C48121B6780,0,-0.8648163895938697,0.6949236768053438
047C4B121B6780,0,-1.5723111935684841,0.21333099696634197
047C4C121B6780,4,1.1832739267514016,-1.474488229418165
047C50121B6780,1,0.8753348288045995,-0.2910851062459704
047C53121B6780,0,-0.8011448765746138,-0.08991726988686331
047C55121B6780,0,-0.8319580176275481,0.6071744942239532
047C56121B6780,0,-1.5243726958236463,-0.245687557867594
047C58121B6780,4,0.8742620157283398,-0.7505397183740351
047C59121B6780,2,0.21557241989641968,-1.6580014120637485
047C5B121B6780,0,-1.564771130679226,0.027696310840069283
047C5C121B6780,2,2.2357100078800105,-1.9970661181251559
047C5D121B6780,1,0.12401960769894432,1.2066808263364883
047C62121B6781,0,-2.0381270606117625,-0.11242340201816521
047C63121B6780,0,-1.5319127587129044,-0.06005287174132128
047C64121B6781,4,-0.5119840614397668,-2.008383446660247
047C65121B6781,0,-2.0381270606117625,-0.11242340201816521
047C68121B6781,0,-1.5243726958236463,-0.245687557867594
047C6F121B6780,1,-0.5992082115500883,1.0509105383557578
047C6F121B6781,6,-0.45334425003446865,1.6302007149064617
047C70121B6780,1,-0.3417962593443339,0.8809264273519815
047C8F121B6781,0,-1.5723111935684841,0.21333099696634197
047CA14A216280,1,-1.5712383804922243,0.6727856090944068
047CAF4A216281,0,-0.6149445002773735,0.7105742519278401
047CB14A216280,1,-0.5916681486608303,0.8652758522294853
047CB24A216280,6,-0.04023016266267068,0.5959717698596528
047CBA4A216281,0,-1.5243726958236463,-0.245687557867594
047CBD121B6780,0,-1.5723111935684841,0.21333099696634197
047CBF121B6780,4,1.1535335987747273,-0.3179418531792835
047CC04A216281,0,-0.8723564524831279,0.8805583629316165
047CC1121B6781,5,5.964136348796581,1.8077711871689894
047CC14A216281,0,-1.564771130679226,0.027696310840069283
047CC34A216280,0,-1.5243726958236463,-0.245687557867594
047CC4121B6781,0,-1.0585568287803682,0.0800668411169132
047CD3121B6781,0,-1.0585568287803682,0.0800668411169132
047CD8121B6780,6,-0.9804747727147448,-0.32935695411115373
047CD94A216280,0,-1.5319127587129044,-0.06005287174132128
047CDD121B6781,1,3.282056578388404,2.1920888952693978
047CE3121B6780,2,2.401126839865745,-0.6735432820947272
047CE4121B6780,4,0.45250604461311134,-1.4446238312726227
047CE5121B6781,0,-1.0585568287803682,0.0800668411169132
047CE74A216280,1,-1.5712383804922243,0.6727856090944068
047CE84A216281,0,-1.207033158920482,-0.9330127950448109
047CE94A216280,1,0.2318856901411923,0.2303211453291123
047CFB121B6780,1,0.32705199285088543,2.098860262273082
047CFF4A216280,5,0.3279635368372302,1.162163404135268
047D03121B6784,2,2.817239516600347,-1.2706741366335965
047D16121B6780,1,-1.1054225134489462,0.998540008078914
047D194A216284,5,-0.7484430969031338,1.2700660741444527
047D1C4A216284,0,-0.7336772289879455,-0.7928930821865763
047D204A216284,1,0.7957956270159829,0.6427672527055968
047D224A216284,0,-0.14912863323409525,1.0363286509123473
047D28121B6780,0,-1.564771130679226,0.027696310840069283
047D354A216284,0,-0.8368636612321894,-1.1354235233567571
047D38121B6780,0,-0.14737675015791052,1.4992859372867824
047D39121B6780,1,-0.3775150440019095,-0.16457982611791225
047D3B4A216284,4,1.0566295614971983,-1.2331916020119773
047D3E121B6780,0,-0.47058625075105653,0.20331383050203924
047D41121B6780,0,-0.8444037241214475,-0.9497888372304841
047D48121B6780,0,-0.9034629413732647,1.4312648318874424
047D49121B6780,0,-1.1994930960312238,-1.1186474811710838
047D4B121B6780,0,-2.0381270606117625,-0.11242340201816521
047D4F121B6780,6,-0.7305996099453815,0.35245229929753136
047D50121B6780,0,-0.8848021589770272,-0.6764049685228208
047D54121B6780,1,-0.22639011401282783,-0.2810679397816678
047D55121B6780,2,-0.005047934575499287,0.016943564537986483
047D56121B6780,0,-1.3506180260203053,-1.0021593675073281
047D58121B6780,4,1.5617710503197966,-1.6402756838631982
047D60121B6780,5,-0.7484430969031338,1.2700660741444527
047D63121B6780,5,0.4173275112255009,2.263047839094235
047D67121B6780,0,-0.3428690724205936,0.4214718152239167
047D68121B6781,4,1.312968700626693,-1.8626303251438188
047D7D121B6781,0,-0.8648163895938697,0.6949236768053438
047D8D121B6781,2,1.0204654763022045,-0.18528631855385805
047D8F121B6781,0,-0.14158857034483724,0.8506939647860745
047D90121B6780,4,0.45357885768937106,-0.9851692191445579
047DA14A216280,2,1.0062678867321202,-2.2052069363827305
047DAE121B6780,0,-1.564771130679226,0.027696310840069283
047DAF4A216281,2,2.241805684038636,-1.0830261409851625
047DB14A216280,5,3.6904510989052413,1.982020551886408
047DB24A216280,0,-1.5319127587129044,-0.06005287174132128
047DBB121B6781,0,-2.0381270606117625,-0.11242340201816521
047DBC121B6780,1,0.31951192996162747,2.284494948399355
047DBC121B6781,0,-1.5723111935684841,0.21333099696634197
047DBD121B6780,6,3.9806862686081312,0.21358665105646096
047DBF121B6780,2,0.6889283498289558,-1.517881699205514
047DC0121B6780,5,1.954834645272329,3.58894615269833
047DC04A216281,0,-0.8319580176275481,0.6071744942239532
047DC1121B6781,5,5.964136348796581,1.8077711871689894
047DD0121B6780,1,0.7507562285605965,1.5092704382468045
047DD6121B6780,0,-1.0660968916696263,0.2657015272431859
047DD8121B6780,6,-0.9804747727147448,-0.32935695411115373
047DD94A216280,4,0.17750284963451216,0.626326013983293
047DDA121B6781,4,2.2806576551239663,1.4113810668525968
047DDD121B6781,1,3.282056578388404,2.1920888952693978
047DE0121B6780,0,0.35708566866476266,1.088699181189191
047DE0121B6781,1,0.345712775247123,-0.008809538137181565
047DE3121B6780,5,0.5956944767962804,3.10278875188022
047DE3121B6781,2,2.4499573610867906,-2.773562629047025
047DE4121B6780,4,-0.23500298997834557,-0.5548878657834596
047DE74A216280,0,-0.8086849394638718,0.09571741623940944
047DE74A216281,0,-0.8319580176275481,0.6071744942239532
047DE84A216280,0,-2.0381270606117625,-0.11242340201816521
047DE84A216281,0,-1.207033158920482,-0.9330127950448109
047DE94A216280,0,-1.3506180260203053,-1.0021593675073281
047E054A216284,1,-0.4365742612537268,2.2164738430000144
047E16121B6780,1,-1.1054225134489462,0.998540008078914
047E1B4A216284,0,-2.0381270606117625,-0.11242340201816521
047E204A216284,1,-1.0978824505596882,0.8129053219526414
047E28121B6780,0,-1.564771130679226,0.027696310840069283
047E354A216284,0,-0.8368636612321894,-1.1354235233567571
047E37121B6780,0,-0.8848021589770272,-0.6764049685228208
047E394A216284,0,-1.3506180260203053,-1.0021593675073281
047E3E121B6780,2,3.173185180335823,-2.6177923410662944
047E4A121B6780,0,-1.0585568287803682,0.0800668411169132
047E52121B6780,5,-0.5858091466067722,2.4356293787887093
047E54121B6780,0,-1.5319127587129044,-0.06005287174132128
047E55121B6780,0,-2.0381270606117625,-0.11242340201816521
047E56121B6780,0,-1.3148992413627296,0.043346885962565515
047E57121B6780,0,-1.5723111935684841,0.21333099696634197
047E5E121B6780,1,0.31285440328080133,0.07893964444420905
047E60121B6780,0,-1.0660968916696263,0.2657015272431859
047E67121B6780,4,-0.12117590487241495,-0.7940185492497533
047E6A121B6781,0,-2.0381270606117625,-0.11242340201816521
047E70121B6781,5,1.3010665188556259,1.9997429455246838
047E8B121B6781,0,-1.5723111935684841,0.21333099696634197
047E8C121B6780,1,1.110207396797328,1.737289424080372
047E8D121B6781,0,-1.5319127587129044,-0.06005287174132128
047E90121B6780,0,-1.5723111935684841,0.21333099696634197
047E94121B6780,0,-0.8772620960877692,-0.8620396546490936
047EA04A216281,0,-0.3353290095313356,0.23583712909764393
047EAE121B6780,0,-1.0660968916696263,0.2657015272431859
047EBB121B6780,1,0.38697957754829565,1.5815191360996415
047EBB121B6781,0,-2.0381270606117625,-0.11242340201816521
047EBC121B6780,1,0.31951192996162747,2.284494948399355
047EBC121B6781,0,-1.5319127587129044,-0.06005287174132128
047EBD4A216281,0,-2.0381270606117625,-0.11242340201816521
047EBF121B6780,2,0.6889283498289558,-1.517881699205514
047EC0121B6780,2,2.621747194337664,-2.3484882586964617
047EC0121B6781,4,0.3521800250601213,-0.6538988363915189
047EC1121B6780,6,1.5184202203647963,0.12576441142950526
047EC34A216280,4,0.4611189205786291,-1.1708039052708308
047EC4121B6781,0,-2.0381270606117625,-0.11242340201816521
047ED0121B6780,4,0.3446399621708633,-0.4682641502652463
047ED2121B6781,2,4.519358497680849,-0.9259162797641579
047ED7121B6780,4,-0.07408223615997125,-0.5780526528576508
047EDA121B6781,4,2.751887549688367,-0.6992963847698953
047EDA4A216280,0,-0.8444037241214475,-0.9497888372304841
047EDE121B6780,0,-0.8086849394638718,0.09571741623940944
047EE0121B6780,0,0.35708566866476266,1.088699181189191
047EE0121B6781,1,0.345712775247123,-0.008809538137181565
047EE3121B6781,2,4.153828225243477,-1.9658474858031518
047EE4121B6780,0,-0.3428690724205936,0.4214718152239167
047EE74A216281,0,-0.8319580176275481,0.6071744942239532
047EE94A216281,0,-1.0660968916696263,0.2657015272431859
047F044A216284,1,-0.3775150440019095,-0.16457982611791225
047F054A216284,4,0.68371715153337,0.6786965442601369
047F19121B6780,6,0.8301893608079297,-0.957456104002721
047F1F4A216284,0,-1.5723111935684841,0.21333099696634197
047F204A216284,0,-2.0381270606117625,-0.11242340201816521
047F214A216284,4,1.6426225439816815,-0.5036445321793199
047F264A216284,6,0.7825651209264199,1.1932522349096986
047F2C4A216284,0,-1.3506180260203053,-1.0021593675073281
047F37121B6780,4,1.4306318897138726,-0.152458924871278
047F394A216284,0,-1.3506180260203053,-1.0021593675073281
047F3D121B6780,0,-1.564771130679226,0.027696310840069283
047F46121B6780,6,-1.2368139118442394,0.30008176902068745
047F464A216284,5,0.47184314129024524,2.218695826695721
047F474A216284,0,-1.564771130679226,0.027696310840069283
047F4D121B6780,2,2.815487633524162,-1.7336314230080314
047F53121B6780,0,-2.0381270606117625,-0.11242340201816521
047F55121B6780,0,-2.0381270606117625,-0.11242340201816521
047F57121B6780,4,-0.013309822430166925,-1.77037823025713
047F59121B6780,0,-1.338172319526406,0.5548039639471093
047F60121B6780,4,0.4957648921599449,-0.5847522639290017
047F62121B6780,1,-1.5712383804922243,0.6727856090944068
047F69121B6780,0,-1.3506180260203053,-1.0021593675073281
047F70121B6780,0,-1.5243726958236463,-0.245687557867594
047F70121B6781,5,1.3010665188556259,1.9997429455246838
047F71121B6781,1,-1.5712383804922243,0.6727856090944068
047F8B121B6781,0,-2.0381270606117625,-0.11242340201816521
047F8C121B6780,1,0.38697957754829565,1.5815191360996415
047FA04A216281,4,0.45357885768937106,-0.9851692191445579
047FB14A216281,0,-0.4630461878617985,0.017679144375766526
047FBA121B6780,4,2.303930733287643,0.899923988868053
047FBB121B6781,4,2.2617257914051527,-0.9730483178979236
047FBD4A216281,4,0.3446399621708633,-0.4682641502652463
047FBE121B6780,2,1.3652904844094103,-0.4436382442627824
047FBE121B6781,5,3.0684685313785995,-0.15438644999669326
047FC1121B6780,0,0.7431228551224156,0.7372770406178849
047FC2121B6780,4,1.0988155959677723,-0.8327746467964211
047FC24A216281,0,-1.5319127587129044,-0.06005287174132128
047FC94A216281,0,-0.3785878570781692,-0.6240344382459769
047FCA4A216280,0,-1.0660968916696263,0.2657015272431859
047FD7121B6780,1,-0.3417962593443339,0.8809264273519815
047FD8121B6781,5,-0.06454089943342114,2.1586748429609117
047FD9121B6781,4,1.8756886049475001,-0.6216261773266175
047FDA4A216280,0,-1.5319127587129044,-0.06005287174132128
047FDB121B6781,4,2.954919934840308,0.19288305116669768
047FDC121B6781,1,3.238761999191062,1.4572412716708414
047FDE121B6780,1,0.8190687051796591,0.13131017472105297
047FDF121B6781,2,2.1045708472740867,-0.509249359133236
047FE3121B6781,0,-0.4630461878617985,0.017679144375766526
047FE94A216281,0,-1.0660968916696263,0.2657015272431859
047FF14A216281,0,-1.5243726958236463,-0.245687557867594
047FF34A216281,0,-0.6273902067712729,-0.8463890795265973
0480004A216284,4,-0.013309822430166925,-1.77037823025713
0480014A216284,1,0.7441956681986752,1.1967316527459495
0480044A216284,1,0.651931592643308,1.2259003389695922
048019121B6780,0,-1.3148992413627296,0.043346885962565515
04801C4A216284,0,-1.5243726958236463,-0.245687557867594
04801D4A216284,1,-0.4179134788574892,0.10880404258975099
04801F4A216284,0,-1.5723111935684841,0.21333099696634197
0480204A216284,0,-1.5319127587129044,-0.06005287174132128
0480264A216284,0,-0.3428690724205936,0.4214718152239167
04802A4A216284,1,-0.3699749811126515,-0.350214512244185
04802C121B6780,4,0.3446399621708633,-0.4682641502652463
04803D121B6780,1,-0.23393017690208584,-0.09543325365539498
048043121B6780,6,2.4893569906871496,0.09006213516379817
0480464A216284,5,0.47184314129024524,2.218695826695721
048047121B6780,0,-0.2675538655991155,1.0954932664386325
04804D121B6780,0,-1.0660968916696263,0.2657015272431859
048051121B6780,4,1.1535335987747273,-0.3179418531792835
048053121B6780,0,-2.0381270606117625,-0.11242340201816521
048059121B6780,4,-0.22746292708908755,-0.7405225519097324
048061121B6780,1,-0.5992082115500883,1.0509105383557578
048066121B6780,1,-0.8837293459007675,-0.21695035639475618
048067121B6781,0,-1.5243726958236463,-0.245687557867594
048068121B6780,0,-1.3073591784734717,-0.14228780016370723
048069121B6780,0,-0.3353290095313356,0.23583712909764393
04806D121B6781,1,-1.5712383804922243,0.6727856090944068
04806E121B6781,1,-0.5992082115500883,1.0509105383557578
04808A121B6781,0,-1.5723111935684841,0.21333099696634197
048090121B6780,0,-1.564771130679226,0.027696310840069283
048091121B6781,6,-0.9202329301540065,0.84499170379389
0480A04A216281,1,0.9551135093902247,0.386091433309843
0480A34A216281,0,-2.0381270606117625,-0.11242340201816521
0480B14A216281,0,-0.4630461878617985,0.017679144375766526
0480B84A216281,2,2.846300774577096,-2.430723187118848
0480B9121B6780,0,-0.14444898303609116,-0.2825614712652097
0480BA121B6780,4,1.5807029140386102,0.7441537008873224
0480BB121B6780,1,-0.4365742612537268,2.2164738430000144
0480BB121B6781,0,-1.0660968916696263,0.2657015272431859
0480BC4A216281,6,-0.3663943883736388,-1.2533461048416863
0480BD121B6781,2,2.1963843861006906,-1.264227637289428
0480BE121B6780,2,1.871504786308268,-0.3912677139859385
0480BE121B6781,0,-1.5243726958236463,-0.245687557867594
0480BF121B6781,4,0.022408962227408683,-0.7248719767872362
0480C2121B6780,1,2.5599759753526383,1.9808459516215036
0480C4121B6780,1,-0.18670237193723047,2.232124418122511
0480D1121B6781,0,-0.3353290095313356,0.23583712909764393
0480D8121B6780,1,0.345712775247123,-0.008809538137181565
0480D8121B6781,1,0.7274831503969204,2.0207275162313487
0480D9121B6781,4,1.8756886049475001,-0.6216261773266175
0480DB121B6780,2,1.513555001707238,-1.6933817939778222
0480DC121B6781,1,3.4342543214537455,2.5350553937337073
0480DE121B6781,6,-0.3588543254843808,-1.438980790967959
0480DF121B6781,4,0.919394724732649,-0.6594148201600506
0480E1121B6780,0,-1.0660968916696263,0.2657015272431859
0480E2121B6781,5,3.0998461015913126,3.787006266208265
0480E3121B6781,4,0.36804771382948204,-0.802910248650879
0480E64A216281,1,0.10074652953526808,1.7181379043210323
0480F14A216281,0,-1.5243726958236463,-0.245687557867594
0480F34A216281,4,0.919394724732649,-0.6594148201600506
0480FD4A216280,1,1.1506058316529078,1.4639055553727085
0481004A216284,4,-0.7008188570216239,-0.880642264767967
04811C4A216284,0,-1.5243726958236463,-0.245687557867594
04811D4A216284,1,1.871319724547915,2.92605457277783
04811E121B6780,0,-1.5319127587129044,-0.06005287174132128
04811E4A216284,0,-1.5723111935684841,0.21333099696634197
0481214A216284,4,-0.4762652767821912,-0.9628771931903529
0481294A216284,0,-1.0660968916696263,0.2657015272431859
04812C4A216284,5,0.834177838736088,1.2145339344121118
04813A4A216284,4,0.4611189205786291,-1.1708039052708308
048153121B6780,2,-0.1470570149026146,-1.6412253698780748
048154121B6780,0,-1.0585568287803682,0.0800668411169132
048156121B6780,0,-2.0381270606117625,-0.11242340201816521
048158121B6780,4,-0.5195241243290248,-1.8227487605339738
048161121B6780,4,0.5787788362129412,-0.12679118328447891
048164121B6780,2,2.684096235128869,-2.4320896620662578
048166121B6780,1,-0.8837293459007675,-0.21695035639475618
048167121B6781,6,-0.8726086902724968,-1.30571663511853
048168121B6780,0,-1.0660968916696263,0.2657015272431859
048169121B6781,6,-0.008444603772608746,0.04876797515019746
04816A121B6780,6,2.313795337398501,-1.7403312350670341
04816B121B6781,4,-0.5195241243290248,-1.8227487605339738
04816C121B6781,1,-1.5712383804922243,0.6727856090944068
04816D121B6781,1,-0.22639011401282783,-0.2810679397816678
04817C121B6781,4,1.312968700626693,-1.8626303251438188
048190121B6780,4,-0.48380533967144923,-0.7772425070640802
048191121B6781,0,0.19826200144416287,1.4212476654231396
0481B8121B6780,4,1.1843467398276615,-1.0150336172901
0481B84A216281,1,-0.5916681486608303,0.8652758522294853
0481B9121B6780,0,-1.5319127587129044,-0.06005287174132128
0481B9121B6781,4,0.4882248292706869,-0.39911757780272894
0481BA121B6780,5,4.173392322640423,2.545848160147796
0481BA121B6781,2,0.21557241989641968,-1.6580014120637485
0481BB121B6780,1,-0.403715889287405,2.1287246604186243
0481BB4A216281,1,-0.5916681486608303,0.8652758522294853
0481BC121B6780,2,1.0062678867321202,-2.2052069363827305
0481BF121B6780,2,2.0734643583839496,0.04145710982258988
0481BF121B6781,1,-0.8480105612431919,0.8285558970751375
0481C34A216281,0,-1.3073591784734717,-0.14228780016370723
0481C4121B6780,4,2.091940079019834,1.251109596176095
0481C44A216280,0,-2.0381270606117625,-0.11242340201816521
0481C7121B6780,0,-1.1994930960312238,-1.1186474811710838
0481CD121B6780,6,1.5101583325101284,-1.6615573833656114
0481D0121B6781,1,-1.5636983176029664,0.4871509229681341
0481D1121B6781,0,-0.3353290095313356,0.23583712909764393
0481D9121B6780,5,-0.7877687186824537,2.002904554980181
0481DB121B6780,4,-0.04616819439648859,-1.6826290476757393
0481DF121B6780,6,2.619423338216814,-1.857209235956187
0481E2121B6781,1,1.4495637534326864,2.231970459879243
0481F64A216281,2,4.0524698175613105,-1.7111252908767298
0481FE121B6780,5,2.426092205791452,0.8264744137064542
04821A4A216284,5,1.276813938164613,3.009373495136356
04821B4A216284,0,-2.0381270606117625,-0.11242340201816521
0482214A216284,4,-0.4762652767821912,-0.9628771931903529
04822C4A216284,4,0.6770596248525438,-1.5268587596950087
0482314A216284,0,-1.5243726958236463,-0.245687557867594
048232121B6780,6,0.32111464621781804,-2.143082070330849
048239121B6780,0,-1.0585568287803682,0.0800668411169132
04823A4A216284,0,-1.3148992413627296,0.043346885962565515
048244121B6780,0,-0.6273902067712729,-0.8463890795265973
0482454A216284,0,-1.564771130679226,0.027696310840069283
0482494A216284,1,-1.0650240785933665,0.7251561393712507
04824A121B6780,0,-1.3506180260203053,-1.0021593675073281
04824A4A216284,0,-2.0381270606117625,-0.11242340201816521
048251121B6780,0,-1.579851256457742,0.39896568309261476
048252121B6780,2,-0.2831018191131801,-1.8960066284668649
048253121B6780,6,0.10696154155889734,-1.113226391983452
048254121B6780,0,-0.3710477941889112,-0.8096691243722497
048255121B6780,6,-0.5099792554734626,-1.3224926773042036
048256121B6780,0,-2.0381270606117625,-0.11242340201816521
048257121B6780,5,1.1134494217824755,1.6471317996068635
048258121B6780,4,0.6604440733696938,1.1901536222446805
04825A121B6780,1,-0.3775150440019095,-0.16457982611791225
048264121B6780,6,1.0050168436875304,-1.2544733015143905
048269121B6781,1,-0.36506933750801007,1.392383505336525
04826A121B6780,6,-0.39925276033996054,-1.1655969222602958
04826C121B6781,0,-1.5319127587129044,-0.06005287174132128
048271121B6780,1,1.623961761585444,1.604025268230943
04827A121B6780,5,1.6588044906143702,1.0390338396398036
04827C121B6781,0,-0.8086849394638718,0.09571741623940944
048283121B6781,0,-1.3430779631310472,-1.187794053633601
04828A121B6780,4,0.45250604461311134,-1.4446238312726227
04828C121B6781,4,0.46004610750236935,-1.6302585173988955
048290121B6780,2,1.7155145737829194,-1.2606569701692938
048290121B6781,1,-1.5712383804922243,0.6727856090944068
048294121B6781,0,-2.0381270606117625,-0.11242340201816521
0482A24A216280,1,-1.5712383804922243,0.6727856090944068
0482B2121B6780,5,1.42971614560938,0.5003519503015821
0482B54A216280,6,1.8197070067382468,2.9047728732754172
0482B6121B6780,1,-0.3821946941999136,1.1543102960596445
0482B8121B6780,4,1.1843467398276615,-1.0150336172901
0482B9121B6781,4,0.4882248292706869,-0.39911757780272894
0482BA121B6780,2,3.344975013586696,-2.192717970715731
0482BA121B6781,6,0.693581755644228,-1.9615586796749505
0482BB4A216281,1,-0.5916681486608303,0.8652758522294853
0482BC121B6780,2,1.0062678867321202,-2.2052069363827305
0482BD121B6780,1,-1.1054225134489462,0.998540008078914
0482BF121B6780,0,-0.4047887023636646,1.669270048290559
0482BF121B6781,2,1.5200222515202362,-2.338471092232159
0482C1121B6781,4,1.8267230654148088,-1.9958944809932475
0482C3121B6781,1,-0.5992082115500883,1.0509105383557578
0482C4121B6780,2,3.811863693706234,-1.4075089596031598
0482C44A216280,0,-2.0381270606117625,-0.11242340201816521
0482C5121B6781,6,-0.17791058090263198,-0.8675854179406413
0482C64A216281,1,-1.5712383804922243,0.6727856090944068
0482C7121B6780,2,1.4684222927029287,-1.7845066921918065
0482CA121B6781,2,2.943204811854625,-1.515473438286154
0482D0121B6781,1,-1.5636983176029664,0.4871509229681341
0482D6121B6780,4,0.7306771486285162,-0.8196862908365524
0482D6121B6781,2,1.848231708144592,0.12018936399860523
0482D8121B6780,0,-1.5319127587129044,-0.06005287174132128
0482D9121B6780,2,2.4820955530053537,-0.8249247829796305
0482DF121B6780,0,-0.3972486394744067,1.4836353621642862
0482E2121B6781,5,2.5466710661260685,3.046258201620834
0482F24A216281,4,0.022408962227408683,-0.7248719767872362
0482FE4A216280,1,0.10074652953526808,1.7181379043210323
0483034A216284,4,1.5742167568136962,-0.08331235240876068
048315121B6780,1,-1.1054225134489462,0.998540008078914
048315E2185080,0,-1.0660968916696263,0.2657015272431859
048316E2185080,0,-1.0660968916696263,0.2657015272431859
04831A4A216284,1,0.25208198955099675,1.271265221843688
04831EE2185080,0,-1.5319127587129044,-0.06005287174132128
0483224A216284,6,-0.5690384727252796,1.0585609918137233
048325E2185080,6,-0.5024391925842046,-1.5081273634304764
048329121B6780,4,-0.0537082572857466,-1.4969943615494665
0483314A216284,0,-0.17555547192622806,0.2681449976906162
0483334A216284,0,-1.5243726958236463,-0.245687557867594
048336121B6780,5,1.4965588411183088,3.07755706758755
048339121B6780,0,-1.0585568287803682,0.0800668411169132
048344121B6780,1,-1.5712383804922243,0.6727856090944068
0483454A216284,0,-1.564771130679226,0.027696310840069283
0483494A216284,0,-1.5723111935684841,0.21333099696634197
04834A121B6780,4,0.2648612815852381,-1.1454406898210598
04834A4A216284,2,2.1559313272943856,-2.6742426576809692
04834E121B6780,4,1.0630968113101966,-1.8782809002663148
048352121B6780,4,-0.0537082572857466,-1.4969943615494665
048353121B6780,0,-0.8011448765746138,-0.08991726988686331
048356121B6780,2,2.621747194337664,-2.3484882586964617
048357121B6780,5,0.42594038719101857,2.536867765096027
048359121B6780,0,-1.5319127587129044,-0.06005287174132128
04835B121B6780,0,-1.0660968916696263,0.2657015272431859
04835C121B6780,0,-0.6431232220456911,-0.5205666876683264
04835DE2185080,6,-0.5024391925842046,-1.5081273634304764
04836F121B6780,0,-1.5319127587129044,-0.06005287174132128
04836F121B6781,4,0.029949025116666698,-0.910506662913509
048370121B6780,4,0.022408962227408683,-0.7248719767872362
048371121B6780,0,-1.5243726958236463,-0.245687557867594
04837A121B6780,5,2.346313525205827,0.14929787415064072
048383121B6781,1,-0.3417962593443339,0.8809264273519815
04838C121B6781,4,0.46004610750236935,-1.6302585173988955
048390121B6781,1,-1.5712383804922243,0.6727856090944068
048393121B6781,0,-2.0381270606117625,-0.11242340201816521
048395121B6781,1,-0.8837293459007675,-0.21695035639475618
04839E121B6781,4,0.6548593597651274,-0.5559470695824
0483B54A216280,6,-0.7241323601323834,-0.29263699895680595
0483B6121B6780,1,-0.5992082115500883,1.0509105383557578
0483BD121B6780,0,-1.564771130679226,0.027696310840069283
0483BF121B6780,2,2.846300774577096,-2.430723187118848
0483C1121B6780,1,-0.36506933750801007,1.392383505336525
0483C1121B6781,2,2.1045708472740867,-0.509249359133236
0483C14A216281,0,-1.564771130679226,0.027696310840069283
0483C2121B6781,4,2.2617257914051527,-0.9730483178979236
0483C3121B6781,6,-0.2647837429021032,0.6782066982820387
0483C4121B6780,2,4.146288162354219,-1.7802127996768788
0483C4121B6781,0,-2.0381270606117625,-0.11242340201816521
0483C5121B6781,0,-0.20350820028790834,2.098492197852717
0483C64A216281,1,-1.5712383804922243,0.6727856090944068
0483CA121B6781,1,-1.0574840157041085,0.539521453244978
0483CD121B6780,2,3.913538356276759,-2.223948843808683
0483D8121B6780,6,0.33584378388548397,-1.0008495737900702
0483DD121B6780,2,1.871504786308268,-0.3912677139859385
0483DE121B6781,2,3.2905954465328833,-1.130554423775362
0483E1121B6781,0,-0.3785878570781692,-0.6240344382459769
0483E2121B6781,6,1.0515315402452583,-0.6594445996830666
0483E5121B6781,0,-1.0585568287803682,0.0800668411169132
0483F24A216281,4,0.919394724732649,-0.6594148201600506
0483FB121B6780,2,2.4981480966209975,-1.046306185830815
0483FE4A216280,4,-0.00576975954090891,-1.9560129163834028
0483FF4A216280,2,1.9342381597462068,-1.4587522932072992
0484024A216284,1,-1.0574840157041085,0.539521453244978
048403121B6784,2,2.817239516600347,-1.2706741366335965
0484034A216284,1,1.196792446321561,0.5419297141643374
0484064A216284,0,-1.3430779631310472,-1.187794053633601
048415121B6780,1,-1.1054225134489462,0.998540008078914
04841BE2185080,0,-0.8444037241214475,-0.9497888372304841
04841C4A216284,0,-0.9034629413732647,1.4312648318874424
04841EE2185080,0,-0.8444037241214475,-0.9497888372304841
0484224A216284,0,-0.14912863323409525,1.0363286509123473
0484234A216284,0,-2.0381270606117625,-0.11242340201816521
048429121B6780,4,-0.0537082572857466,-1.4969943615494665
048436121B6780,4,-0.22746292708908755,-0.7405225519097324
048438121B6780,0,-0.14737675015791052,1.4992859372867824
048439121B6780,1,-0.3775150440019095,-0.16457982611791225
048441121B6780,0,-2.0381270606117625,-0.11242340201816521
048445121B6780,1,0.3581584817410224,1.5481537933172558
04844B121B6780,0,-1.0660968916696263,0.2657015272431859
04844B4A216284,0,-1.0660968916696263,0.2657015272431859
04844C4A216284,4,-0.00576975954090891,-1.9560129163834028
048450121B6780,0,-0.2675538655991155,1.0954932664386325
048453121B6780,1,-1.0650240785933665,0.7251561393712507
048455121B6780,6,0.5499968885444046,-2.030705252137467
048456121B6780,0,-1.5243726958236463,-0.245687557867594
048457121B6780,0,-2.0381270606117625,-0.11242340201816521
048458121B6780,0,-1.703703277064528,1.4782142729766543
048459121B6780,1,-1.0650240785933665,0.7251561393712507
04845B121B6780,5,-0.5933492094960302,2.6212640649149823
04845C121B6780,0,-0.6431232220456911,-0.5205666876683264
04845D121B6780,0,-1.564771130679226,0.027696310840069283
048463121B6780,5,0.4173275112255009,2.263047839094235
04846C121B6780,0,-0.8415433114301936,0.1834665988208
04846F121B6780,1,-0.5992082115500883,1.0509105383557578
04846F121B6781,4,0.029949025116666698,-0.910506662913509
048470121B6780,1,0.062099977755873226,2.4544790594031314
04848F121B6781,0,-1.564771130679226,0.027696310840069283
048493121B6781,6,1.0661744303527607,-0.732935518782207
04849E121B6781,4,1.1206752268084055,-0.23019267059789286
0484A14A216280,2,1.0062678867321202,-2.2052069363827305
0484AF4A216281,2,2.241805684038636,-1.0830261409851625
0484B14A216280,1,-1.5636983176029664,0.4871509229681341
0484B24A216280,6,-1.1974882900649195,-0.43275671181504055
0484BA4A216281,5,0.8352506518123476,1.6739885465401765
0484BD121B6780,6,3.9806862686081312,0.21358665105646096
0484BF121B6780,0,-1.5723111935684841,0.21333099696634197
0484C04A216281,0,-0.8319580176275481,0.6071744942239532
0484C1121B6780,1,-0.36506933750801007,1.392383505336525
0484C1121B6781,0,-0.8490833743194516,0.3691012849470728
0484C14A216281,0,-0.14444898303609116,-0.2825614712652097
0484C2121B6781,6,2.231945038481395,0.26004624616757477
0484C34A216280,0,-0.8319580176275481,0.6071744942239532
0484D7121B6781,2,2.6793256098358724,-0.7004000290280402
0484D94A216280,1,-0.5992082115500883,1.0509105383557578
0484DD121B6781,5,-0.7484430969031338,1.2700660741444527
0484DE121B6781,2,3.2905954465328833,-1.130554423775362
0484DF121B6781,0,-1.3430779631310472,-1.187794053633601
0484E1121B6781,0,-0.3785878570781692,-0.6240344382459769
0484E3121B6780,5,-0.12753334245275208,2.9470184638994894
0484E4121B6780,0,-0.4151076901169608,-0.44133941045816955
0484E5121B6781,0,-1.5723111935684841,0.21333099696634197
0484E74A216280,0,-1.3148992413627296,0.043346885962565515
0484E84A216280,4,0.18043061675633146,-1.1555213945686993
0484E84A216281,0,-1.207033158920482,-0.9330127950448109
0484FB121B6780,2,1.8106390620295407,-0.1565702203416519
0485024A216284,1,-1.0574840157041085,0.539521453244978
048503121B6784,4,0.46495175110701076,0.11233950018181481
0485064A216284,0,-0.07990910257124242,0.7963101249870697
048512121B6780,0,-0.8011448765746138,-0.08991726988686331
048516121B6780,1,0.0958408859306267,-0.02446011325967774
0485194A216284,0,-0.8444037241214475,-0.9497888372304841
04851C4A216284,0,-0.9034629413732647,1.4312648318874424
0485204A216284,1,0.7882555641267249,0.8284019388318694
0485224A216284,6,1.9894927191235658,0.6806149592013983
0485234A216284,0,-1.3506180260203053,-1.0021593675073281
048528121B6780,4,0.3446399621708633,-0.4682641502652463
0485354A216284,0,-2.0381270606117625,-0.11242340201816521
048538121B6780,4,0.45250604461311134,-1.4446238312726227
048539121B6780,1,-0.8837293459007675,-0.21695035639475618
04853E121B6780,2,3.173185180335823,-2.6177923410662944
048548121B6780,0,-0.6273902067712729,-0.8463890795265973
048549121B6780,0,-1.1994930960312238,-1.1186474811710838
04854B121B6780,0,-1.0660968916696263,0.2657015272431859
04854B4A216284,4,-0.00576975954090891,-1.9560129163834028
04854C121B6780,4,1.1832739267514016,-1.474488229418165
04854C4A216284,4,-0.7008188570216239,-0.880642264767967
04854F121B6780,4,0.41318042283379125,-0.7117853504368945
048550121B6780,1,0.08830082304136871,0.16117457286659492
048554121B6780,1,-0.22639011401282783,-0.2810679397816678
048555121B6780,1,-1.0650240785933665,0.7251561393712507
048556121B6780,4,-0.11363584198315682,-0.9796532353760261
048557121B6780,0,-2.0381270606117625,-0.11242340201816521
048558121B6780,0,-2.0381270606117625,-0.11242340201816521
04855E121B6780,2,1.8339121401932168,-0.6680272983261956
048563121B6780,0,-1.5319127587129044,-0.06005287174132128
048567121B6780,4,-0.12117590487241495,-0.7940185492497533
048582121B6780,0,-1.376818871305801,1.291145119029208
04858A121B6781,6,-0.8726086902724968,-1.30571663511853
04858D121B6781,4,1.8445821160573628,-0.07091970837079155
04858F121B6781,0,-1.5723111935684841,0.21333099696634197
048590121B6780,4,-0.04126255079184718,0.05996896990497089
0485A14A216280,2,1.0062678867321202,-2.2052069363827305
0485B24A216280,0,-1.5319127587129044,-0.06005287174132128
0485B74A216281,0,-1.0660968916696263,0.2657015272431859
0485BA4A216281,5,0.8352506518123476,1.6739885465401765
0485BB121B6781,0,-2.0381270606117625,-0.11242340201816521
0485BC121B6780,0,0.3027061016109496,2.150862728129561
0485BC121B6781,0,-1.5319127587129044,-0.06005287174132128
0485BD121B6780,6,3.0494688631414326,-0.027597615631865916
0485BF121B6780,4,0.45250604461311134,-1.4446238312726227
0485C0121B6780,4,-0.12117590487241495,-0.7940185492497533
0485C0121B6781,4,0.3521800250601213,-0.6538988363915189
0485C04A216281,6,-0.49753354897956314,0.23447065415023394
0485C1121B6781,0,0.4943205054293121,0.5149223993372646
0485C34A216280,0,-0.8319580176275481,0.6071744942239532
0485D0121B6780,1,0.7507562285605965,1.5092704382468045
0485D6121B6780,0,-1.0660968916696263,0.2657015272431859
0485D8121B6780,2,2.9356647489653667,-1.3298387521598816
0485D94A216280,0,-1.5319127587129044,-0.06005287174132128
0485DA121B6781,1,1.5114833833757575,0.9841722268126002
0485DD121B6781,5,-0.7484430969031338,1.2700660741444527
0485E0121B6780,5,0.8058786240371792,0.605246969098538
0485E0121B6781,4,1.3479531079611506,0.3004176567555177
0485E3121B6781,6,1.3764111400376808,-1.5324045229865562
0485E4121B6780,0,-0.4151076901169608,-0.44133941045816955
0485E74A216280,0,-0.8086849394638718,0.09571741623940944
0485E74A216281,0,-2.0381270606117625,-0.11242340201816521
0485E84A216280,1,0.35325283813638103,-0.19444422426345429
0485E84A216281,0,-1.207033158920482,-0.9330127950448109
0485E94A216280,0,-1.3430779631310472,-1.187794053633601
0485F04A216281,0,-1.5243726958236463,-0.245687557867594
048612121B6780,1,-0.33425619645507587,0.6952917412257088
048616121B6780,1,-1.1054225134489462,0.998540008078914
04861B4A216284,0,-0.8011448765746138,-0.08991726988686331
04861E4A216284,0,-0.3428690724205936,0.4214718152239167
048620121B6780,0,-1.3148992413627296,0.043346885962565515
0486204A216284,1,0.1082865924245261,1.5325032181947598
0486224A216284,0,-1.5243726958236463,-0.245687557867594
048628121B6780,4,-0.12117590487241495,-0.7940185492497533
0486354A216284,0,-2.0381270606117625,-0.11242340201816521
048637121B6780,0,-0.8772620960877692,-0.8620396546490936
0486394A216284,0,-1.3506180260203053,-1.0021593675073281
04863E121B6780,0,-0.8723564524831279,0.8805583629316165
048649121B6780,0,-1.5319127587129044,-0.06005287174132128
04864A121B6780,0,-1.0585568287803682,0.0800668411169132
048656121B6780,4,-0.11363584198315682,-0.9796532353760261
04865E121B6780,2,1.8339121401932168,-0.6680272983261956
04865F121B6780,2,1.512482188630978,-2.1528364061058864
048660121B6780,4,0.4882248292706869,-0.39911757780272894
048667121B6780,6,-0.4667204079266287,-0.4626211099605826
048670121B6781,0,-2.0381270606117625,-0.11242340201816521
048682121B6780,0,-1.376818871305801,1.291145119029208
04868B121B6781,6,0.66333141554443,-0.5151455984806944
04868C121B6780,0,-0.8444037241214475,-0.9497888372304841
04868D121B6781,4,-0.03951066771566239,0.5229262562794061
048690121B6780,4,0.45357885768937106,-0.9851692191445579
0486AC121B6781,0,-2.0381270606117625,-0.11242340201816521
0486AE121B6780,0,-1.0660968916696263,0.2657015272431859
0486B14A216280,5,3.6904510989052413,1.982020551886408
0486B9121B6780,1,1.4495637534326864,2.231970459879243
0486BB121B6781,0,-2.0381270606117625,-0.11242340201816521
0486BC121B6780,0,0.3027061016109496,2.150862728129561
0486BC121B6781,6,1.3406923553801051,-2.5779107764564495
0486BD4A216281,4,0.3446399621708633,-0.4682641502652463
0486BE121B6781,4,-0.7008188570216239,-0.880642264767967
0486BF121B6780,4,0.45250604461311134,-1.4446238312726227
0486C0121B6780,0,-0.9034629413732647,1.4312648318874424
0486C0121B6781,2,3.0041101607304865,-3.1802106536041173
0486C4121B6781,5,-0.2826272298598554,1.59582047312896
0486D0121B6780,1,0.7507562285605965,1.5092704382468045
0486D6121B6780,4,0.3370998992816053,-0.2826294641389735
0486D6121B6781,4,0.45250604461311134,-1.4446238312726227
0486D7121B6780,4,-0.07408223615997125,-0.5780526528576508
0486DA121B6781,4,2.2806576551239663,1.4113810668525968
0486DB121B6781,5,1.4740478062324736,1.8196781297732676
0486DE121B6780,0,-1.5319127587129044,-0.06005287174132128
0486E0121B6780,5,-0.5547026577166354,1.8849229098328835
0486E0121B6781,4,1.3479531079611506,0.3004176567555177
0486E3121B6781,6,1.3764111400376808,-1.5324045229865562
0486E74A216281,0,-0.8319580176275481,0.6071744942239532
0486FE4A216280,0,-0.10873019837851547,0.762944782204684
0487014A216284,0,-2.0381270606117625,-0.11242340201816521
0487054A216284,2,0.18761969153473937,0.1723457880983523
04871B4A216284,0,-2.0381270606117625,-0.11242340201816521
04871F4A216284,0,-1.3306322566371478,0.3691692778208366
0487204A216284,0,-2.0381270606117625,-0.11242340201816521
0487214A216284,4,1.5461313455943013,-0.3568252082497345
0487224A216284,0,-1.5243726958236463,-0.245687557867594
048725121B6780,0,-1.0660968916696263,0.2657015272431859
0487264A216284,6,0.7825651209264199,1.1932522349096986
048728121B6780,2,0.46076793246777886,0.34269796352249365
0487294A216284,2,1.4121561690779882,-1.3621114112247834
04872A4A216284,1,-0.3699749811126515,-0.350214512244185
04872C4A216284,0,-0.14444898303609116,-0.2825614712652097
048737121B6780,0,-0.3428690724205936,0.4214718152239167
048746121B6780,6,-1.2368139118442394,0.30008176902068745
0487464A216284,1,0.2318856901411923,0.2303211453291123
0487474A216284,0,-1.564771130679226,0.027696310840069283
04874A121B6780,0,-1.564771130679226,0.027696310840069283
048752121B6780,5,-0.5933492094960302,2.6212640649149823
048753121B6780,0,-2.0381270606117625,-0.11242340201816521
048755121B6780,0,-2.0381270606117625,-0.11242340201816521
048757121B6780,0,-0.8490833743194516,0.3691012849470728
048759121B6780,0,-0.3785878570781692,-0.6240344382459769
048762121B6780,1,-1.5712383804922243,0.6727856090944068
048769121B6780,0,-0.3785878570781692,-0.6240344382459769
04877D121B6781,0,-0.8648163895938697,0.6949236768053438
04878C121B6780,4,0.911198498894622,-1.1853857927142415
04878E121B6781,0,-0.8490833743194516,0.3691012849470728
048790121B6780,0,-1.5723111935684841,0.21333099696634197
0487A04A216281,1,0.9551135093902247,0.386091433309843
0487AE121B6780,0,-0.8011448765746138,-0.08991726988686331
0487B14A216280,0,-1.5723111935684841,0.21333099696634197
0487B14A216281,0,-0.3710477941889112,-0.8096691243722497
0487B9121B6780,1,0.7620547188412294,3.121706425368406
0487BB121B6780,2,0.7171070715972734,-0.28674075960934753
0487BB121B6781,0,-1.0660968916696263,0.2657015272431859
0487BD4A216281,4,0.45250604461311134,-1.4446238312726227
0487BE121B6780,2,2.1045708472740867,-0.509249359133236
0487BE121B6781,4,-0.7008188570216239,-0.880642264767967
0487C1121B6780,0,0.7431228551224156,0.7372770406178849
0487C2121B6780,1,2.5599759753526383,1.9808459516215036
0487D6121B6781,5,1.0468501416414,4.213820154851063
0487D8121B6781,4,1.8756886049475001,-0.6216261773266175
0487D9121B6781,4,1.8756886049475001,-0.6216261773266175
0487DA4A216280,0,-1.207033158920482,-0.9330127950448109
0487DB121B6781,5,1.9802621081313314,1.8720486600501114
0487DC121B6781,1,0.7882555641267249,0.8284019388318694
0487DE121B6780,4,-0.12117590487241495,-0.7940185492497533
0487DF121B6781,1,-0.5992082115500883,1.0509105383557578
0487E3121B6781,4,0.18043061675633146,-1.1555213945686993
0487E4121B6780,4,2.9924936735434433,-1.0029127160434659
0487E64A216281,0,-2.0381270606117625,-0.11242340201816521
0488004A216284,4,-0.013309822430166925,-1.77037823025713
0488014A216284,1,0.7441956681986752,1.1967316527459495
0488044A216284,1,-0.3775150440019095,-0.16457982611791225
04881C4A216284,1,0.5175968570458551,0.6696239996389097
04881D4A216284,0,-1.0660968916696263,0.2657015272431859
04881E121B6780,0,-1.5319127587129044,-0.06005287174132128
04881E4A216284,1,-1.0650240785933665,0.7251561393712507
04881F4A216284,0,-1.5723111935684841,0.21333099696634197
0488214A216284,4,1.5461313455943013,-0.3568252082497345
0488264A216284,6,0.7825651209264199,1.1932522349096986
0488294A216284,0,-1.0660968916696263,0.2657015272431859
04882A4A216284,0,-0.7336772289879455,-0.7928930821865763
04882C121B6780,6,-1.042394402657816,0.9184412789554889
04882C4A216284,6,-0.7709980448009612,0.6258361680051948
04883D121B6780,0,-0.4047887023636646,1.669270048290559
048843121B6780,6,2.4893569906871496,0.09006213516379817
048846121B6780,5,2.535306931251235,-0.17560015662534256
0488464A216284,0,-0.8319580176275481,0.6071744942239532
048847121B6780,0,-1.5243726958236463,-0.245687557867594
04884D121B6780,0,-1.0660968916696263,0.2657015272431859
048853121B6780,4,1.1843467398276615,-1.0150336172901
048858121B6780,4,-0.5195241243290248,-1.8227487605339738
048859121B6780,4,0.4611189205786291,-1.1708039052708308
048861121B6780,6,0.35683343087539365,-1.0975758168609555
048862121B6780,0,0.30812012913207165,-0.2855691224774388
048866121B6780,0,-1.0660968916696263,0.2657015272431859
048869121B6780,0,-0.6506632849349492,-0.3349320015420536
048880121B6780,0,-1.5723111935684841,0.21333099696634197
048889121B6780,0,-2.0381270606117625,-0.11242340201816521
048890121B6780,0,-1.5723111935684841,0.21333099696634197
048891121B6781,6,-0.9202329301540065,0.84499170379389
048892121B6781,6,-0.17755959279178188,-2.381087286733966
0488A04A216281,0,-0.7336772289879455,-0.7928930821865763
0488A2121B6780,1,-1.5712383804922243,0.6727856090944068
0488B14A216281,1,0.2433947104484722,1.5123725636371244
0488B9121B6780,1,0.062099977755873226,2.4544790594031314
0488BB121B6780,1,-0.5992082115500883,1.0509105383557578
0488BB121B6781,4,0.3446399621708633,-0.4682641502652463
0488BC4A216281,4,-0.48380533967144923,-0.7772425070640802
0488BE121B6780,2,2.1045708472740867,-0.509249359133236
0488BE121B6781,0,-1.5243726958236463,-0.245687557867594
0488BF121B6781,4,0.7099179968188655,-1.6146079422763995
0488C1121B6780,0,-0.4630461878617985,0.017679144375766526
0488C2121B6780,4,1.6476454070640472,-0.049059167167391136
0488C34A216281,0,-1.3073591784734717,-0.14228780016370723
0488C4121B6780,4,2.091940079019834,1.251109596176095
0488C8121B6780,4,2.2974445760627287,0.07245793557197006
0488D1121B6781,4,2.342577285067038,0.16358283378595456
0488D7121B6781,2,2.2357100078800105,-1.9970661181251559
0488D8121B6780,4,3.451842290773723,-0.032069018804620875
0488D9121B6781,4,1.1881795703560432,0.26810978816254555
0488DB121B6780,4,0.45250604461311134,-1.4446238312726227
0488DC121B6781,1,0.7882555641267249,0.8284019388318694
0488DC4A216281,1,-0.3775150440019095,-0.16457982611791225
0488DE121B6781,0,-1.3430779631310472,-1.187794053633601
0488DF121B6781,4,0.919394724732649,-0.6594148201600506
0488E1121B6780,1,0.32530010977470075,1.6359029758986465
0488E2121B6781,0,-0.3661421505842699,0.9329288932084604
0488E3121B6781,4,0.18043061675633146,-1.1555213945686993
0488E64A216281,0,-1.5723111935684841,0.21333099696634197
0488FD4A216280,4,1.1213542968083303,-0.22668999635152226
04891D4A216284,1,0.08830082304136871,0.16117457286659492
04891E121B6780,2,1.871504786308268,-0.3912677139859385
048926121B6780,0,-0.8490833743194516,0.3691012849470728
0489294A216284,0,-0.8368636612321894,-1.1354235233567571
04892C121B6780,6,-1.042394402657816,0.9184412789554889
04892C4A216284,0,-1.5723111935684841,0.21333099696634197
0489324A216284,4,-0.23500298997834557,-0.5548878657834596
04893A4A216284,4,0.4611189205786291,-1.1708039052708308
048943121B6780,6,-0.17791058090263198,-0.8675854179406413
048953121B6780,6,0.10696154155889734,-1.113226391983452
048954121B6780,0,-0.8086849394638718,0.09571741623940944
048956121B6780,1,-0.5916681486608303,0.8652758522294853
048958121B6780,0,-1.5723111935684841,0.21333099696634197
04895A121B6780,1,-1.1054225134489462,0.998540008078914
048961121B6780,4,0.022408962227408683,-0.7248719767872362
048964121B6780,6,-0.49753354897956314,0.23447065415023394
048966121B6780,5,-1.2471173359127337,1.0320608577413362
048968121B6780,1,-0.36506933750801007,1.392383505336525
04896A121B6780,4,-0.5119840614397668,-2.008383446660247
048985121B6780,0,-0.8444037241214475,-0.9497888372304841
04898A121B6781,4,0.46004610750236935,-1.6302585173988955
048990121B6780,4,-0.7008188570216239,-0.880642264767967
048991121B6781,6,-0.9202329301540065,0.84499170379389
0489A24A216280,1,-1.5712383804922243,0.6727856090944068
0489B8121B6780,2,3.344975013586696,-2.192717970715731
0489B9121B6780,1,0.062099977755873226,2.4544790594031314
0489B9121B6781,1,-1.0978824505596882,0.8129053219526414
0489BA121B6781,2,0.21557241989641968,-1.6580014120637485
0489BB121B6780,1,-0.5992082115500883,1.0509105383557578
0489BB4A216281,0,-0.3785878570781692,-0.6240344382459769
0489BC121B6780,2,3.2823763136437,-0.9484224118954596
0489BC4A216281,0,-1.5723111935684841,0.21333099696634197
0489BE121B6781,2,0.8249731540395212,-1.2631004406167237
0489BF121B6780,0,-0.4047887023636646,1.669270048290559
0489BF121B6781,5,4.789073794702503,0.5374668219710451
0489C4121B6780,1,0.49683770523620463,-0.12529765180093708
0489C44A216280,0,-2.0381270606117625,-0.11242340201816521
0489C7121B6780,0,-1.3148992413627296,0.043346885962565515
0489D0121B6781,4,2.736154534413949,-0.3734739929116244
0489D1121B6781,4,2.342577285067038,0.16358283378595456
0489D6121B6780,0,0.04316811403705939,0.07004967465261044
0489D7121B6781,2,1.7698941408367326,-2.3228205171096628
0489D8121B6780,1,0.345712775247123,-0.008809538137181565
0489D9121B6780,1,0.3053143403915433,0.26457433057048174
0489DB121B6780,4,0.45250604461311134,-1.4446238312726227
0489DB4A216280,0,-1.5319127587129044,-0.06005287174132128
0489DF121B6780,0,-2.0381270606117625,-0.11242340201816521
0489E1121B6780,1,-1.5636983176029664,0.4871509229681341
0489E2121B6781,6,-0.03171768193628499,0.5602250531347412
0489FD4A216280,4,1.1213542968083303,-0.22668999635152226
048A214A216284,5,1.6588044906143702,1.0390338396398036
048A26121B6780,0,-0.8490833743194516,0.3691012849470728
048A2C4A216284,5,0.834177838736088,1.2145339344121118
048A314A216284,4,0.6555384297650524,-0.5524443953360295
048A32121B6780,6,0.45844407634692924,0.8339769862627695
048A39121B6780,0,-1.5723111935684841,0.21333099696634197
048A3A4A216284,0,-1.5319127587129044,-0.06005287174132128
048A44121B6780,1,-1.5712383804922243,0.6727856090944068
048A454A216284,0,-2.0381270606117625,-0.11242340201816521
048A494A216284,0,-1.0660968916696263,0.2657015272431859
048A4A121B6780,4,0.2648612815852381,-1.1454406898210598
048A4E121B6780,4,1.0630968113101966,-1.8782809002663148
048A51121B6780,0,-1.5723111935684841,0.21333099696634197
048A52121B6780,0,-1.564771130679226,0.027696310840069283
048A53121B6780,0,-2.0381270606117625,-0.11242340201816521
048A54121B6780,0,-0.8490833743194516,0.3691012849470728
048A57121B6780,0,-1.0660968916696263,0.2657015272431859
048A59121B6780,4,2.5191377436109073,-1.1430324289017004
048A5B121B6780,5,-0.5933492094960302,2.6212640649149823
048A64121B6780,6,1.0050168436875304,-1.2544733015143905
048A6A121B6780,6,2.313795337398501,-1.7403312350670341
048A71121B6780,4,-0.6932787941323659,-1.06627695089424
048A7A121B6780,4,1.1757338638621437,-1.2888535432918922
048A7B121B6780,1,-0.3775150440019095,-0.16457982611791225
048A8A121B6781,4,-0.00576975954090891,-1.9560129163834028
048A8C121B6781,0,-0.3710477941889112,-0.8096691243722497
048A90121B6780,0,-1.5319127587129044,-0.06005287174132128
048A90121B6781,0,-0.24135302031361985,-1.1978112200979036
048AA24A216280,2,0.25883126744325335,-0.7981298447201273
048AB54A216280,6,-0.7241323601323834,-0.29263699895680595
048AB6121B6780,1,-0.5992082115500883,1.0509105383557578
048AB8121B6780,2,3.344975013586696,-2.192717970715731
048AB8121B6781,4,-0.5195241243290248,-1.8227487605339738
048AB84A216281,1,-0.5916681486608303,0.8652758522294853
048AB9121B6781,1,-1.0978824505596882,0.8129053219526414
048ABA121B6781,2,0.35915728699624333,-1.588854839601231
048ABB4A216281,0,-0.3785878570781692,-0.6240344382459769
048ABC121B6780,4,0.46004610750236935,-1.6302585173988955
048ABD121B6780,4,0.4084461486850616,-1.0762941173585427
048ABF121B6780,4,-0.013309822430166925,-1.77037823025713
048ABF121B6781,6,2.5701344765279956,-2.3697699581988747
048AC1121B6781,2,2.1045708472740867,-0.509249359133236
048AC4121B6780,4,0.45250604461311134,-1.4446238312726227
048AC44A216280,0,-2.0381270606117625,-0.11242340201816521
048AC5121B6781,0,-0.20350820028790834,2.098492197852717
048ACA121B6781,1,-1.0574840157041085,0.539521453244978
048ACB121B6781,2,4.342032722406271,1.4838763204361338
048ACD121B6780,4,0.8818020786175977,-0.936174404500308
048AD0121B6781,2,3.108621643840359,-0.1919506022557257
048AD6121B6780,2,1.1296161846629982,1.5606317984435942
048AD6121B6781,4,0.006675946952990457,-0.39904958492896536
048AD8121B6780,1,-0.37465463131065563,0.968675609933372
048AD9121B6780,4,-0.6932787941323659,-1.06627695089424
048ADB121B6780,0,-0.9288620549050768,-0.30807525460874063
048ADD121B6780,2,2.0150896534080918,-0.3221211415234212
048ADF121B6780,0,-2.0381270606117625,-0.11242340201816521
048AE2121B6781,6,2.261842435429837,0.2157653572296183
048AFE4A216280,0,-0.8444037241214475,-0.9497888372304841
048B10121B6780,0,-0.3428690724205936,0.4214718152239167
048B15121B6780,0,-0.4047887023636646,1.669270048290559
048B1A4A216284,4,1.114887046995332,0.418399301902815
048B1B4A216284,0,-2.0381270606117625,-0.11242340201816521
048B21121B6780,1,0.2318856901411923,0.2303211453291123
048B224A216284,0,-2.0381270606117625,-0.11242340201816521
048B29121B6780,0,-1.5723111935684841,0.21333099696634197
048B314A216284,0,-1.564771130679226,0.027696310840069283
048B32121B6780,6,0.32111464621781804,-2.143082070330849
048B36121B6780,4,0.46004610750236935,-1.6302585173988955
048B39121B6780,0,-1.5723111935684841,0.21333099696634197
048B454A216284,0,-0.6273902067712729,-0.8463890795265973
048B494A216284,1,-1.0650240785933665,0.7251561393712507
048B4A121B6780,0,-1.3430779631310472,-1.187794053633601
048B4A4A216284,5,2.5622542294797417,-0.2067569802735372
048B4E121B6780,1,-0.03264967482632944,0.3337888959067628
048B52121B6780,0,-1.564771130679226,0.027696310840069283
048B53121B6780,0,-0.8011448765746138,-0.08991726988686331
048B55121B6780,6,0.5499968885444046,-2.030705252137467
048B57121B6780,0,-1.0660968916696263,0.2657015272431859
048B58121B6780,1,-0.35752927461875217,1.2067488192102525
048B59121B6780,1,-1.0650240785933665,0.7251561393712507
048B5C121B6780,1,1.1506058316529078,1.4639055553727085
048B5D121B6780,1,0.10074652953526808,1.7181379043210323
048B6F121B6780,0,-0.8772620960877692,-0.8620396546490936
048B70121B6780,0,-2.0381270606117625,-0.11242340201816521
048B7A121B6780,4,0.4882248292706869,-0.39911757780272894
048B8C121B6781,6,-0.03662332554092629,-1.182372964445969
048B90121B6781,0,-0.24135302031361985,-1.1978112200979036
048B9E121B6781,1,-1.0978824505596882,0.8129053219526414
048BB54A216280,6,-0.7241323601323834,-0.29263699895680595
048BB6121B6780,5,-0.7484430969031338,1.2700660741444527
048BB84A216281,1,-0.5916681486608303,0.8652758522294853
048BBD121B6780,0,-1.564771130679226,0.027696310840069283
048BBD121B6781,2,0.7246471344865314,-0.4723754457356203
048BBF121B6780,0,-0.8490833743194516,0.3691012849470728
048BBF121B6781,5,3.8697816801461222,0.2581187210421595
048BC1121B6780,0,-1.564771130679226,0.027696310840069283
048BC1121B6781,1,-1.0650240785933665,0.7251561393712507
048BC14A216281,0,-0.14444898303609116,-0.2825614712652097
048BC3121B6781,4,2.2849988695688292,-1.4845053958824677
048BC4121B6780,6,-0.3588543254843808,-1.438980790967959
048BC4121B6781,6,0.05132264953480478,-2.268710468540584
048BC5121B6781,5,3.0998461015913126,3.787006266208265
048BC64A216281,4,-0.5195241243290248,-1.8227487605339738
048BCA121B6780,2,1.4684222927029287,-1.7845066921918065
048BCA121B6781,1,-1.0650240785933665,0.7251561393712507
048BCD121B6780,6,1.5101583325101284,-1.6615573833656114
048BD5121B6780,2,4.519358497680849,-0.9259162797641579
048BD6121B6781,0,-1.0585568287803682,0.0800668411169132
048BD8121B6780,6,0.33584378388548397,-1.0008495737900702
048BDD121B6780,4,2.422646545223527,-0.9962131049721147
048BDE121B6781,1,-0.5992082115500883,1.0509105383557578
048BE1121B6781,2,2.0150896534080918,-0.3221211415234212
048BE2121B6781,6,2.261842435429837,0.2157653572296183
048BE4121B6781,0,-1.5723111935684841,0.21333099696634197
048BFB121B6780,5,4.551075638835242,3.0330158874176973
048BFE4A216280,1,0.10074652953526808,1.7181379043210323
048C024A216284,2,0.6373283910116482,-0.9639172991651608
048C03121B6784,4,0.46495175110701076,0.11233950018181481
048C034A216284,4,1.5742167568136962,-0.08331235240876068
048C10121B6780,0,-0.8490833743194516,0.3691012849470728
048C11121B6780,2,1.2479468236634566,-2.049368655528236
048C15121B6780,1,-0.638533833329408,1.7837490191914862
048C194A216284,0,-0.8444037241214475,-0.9497888372304841
048C1C4A216284,0,-0.21104826317716624,2.2841268839789897
048C224A216284,5,2.327905665699709,2.4799011575425123
048C29121B6780,0,-1.5319127587129044,-0.06005287174132128
048C36121B6780,1,-0.7326044159116858,-0.3334384700585117
048C38121B6780,4,0.45250604461311134,-1.4446238312726227
048C39121B6780,1,-0.3775150440019095,-0.16457982611791225
048C41121B6780,1,-0.5992082115500883,1.0509105383557578
048C45121B6780,6,-0.29296573812328786,-1.2190929196003168
048C48121B6780,0,-1.3148992413627296,0.043346885962565515
048C4A4A216284,0,-2.0381270606117625,-0.11242340201816521
048C4B121B6780,1,-1.0650240785933665,0.7251561393712507
048C4B4A216284,4,-0.7008188570216239,-0.880642264767967
048C4C121B6780,1,-0.5916681486608303,0.8652758522294853
048C4C4A216284,0,-1.3148992413627296,0.043346885962565515
048C53121B6780,0,-0.15403427683873663,-0.7062693666683628
048C55121B6780,4,0.45250604461311134,-1.4446238312726227
048C58121B6780,0,-2.0381270606117625,-0.11242340201816521
048C59121B6780,6,0.09942147866963919,-0.927591705857179
048C5C121B6780,6,-0.7230595470561236,0.1668176131712586
048C5D121B6780,1,0.10074652953526808,1.7181379043210323
048C63121B6780,0,-1.5319127587129044,-0.06005287174132128
048C6C121B6780,0,-0.8415433114301936,0.1834665988208
048C6F121B6780,0,-1.5319127587129044,-0.06005287174132128
048C70121B6780,4,0.022408962227408683,-0.7248719767872362
048C8F121B6781,0,-1.564771130679226,0.027696310840069283
048C93121B6781,0,-2.0381270606117625,-0.11242340201816521
048C95121B6781,1,-0.8837293459007675,-0.21695035639475618
048C9E121B6781,1,-1.0978824505596882,0.8129053219526414
048CA14A216280,2,1.0062678867321202,-2.2052069363827305
048CA14A216281,5,-1.2471173359127337,1.0320608577413362
048CB04A216281,6,-0.03662332554092629,-1.182372964445969
048CB24A216280,0,-1.5319127587129044,-0.06005287174132128
048CBA4A216281,6,-0.5690384727252796,1.0585609918137233
048CBD121B6780,2,4.158733868848119,-0.22324946822244118
048CBD121B6781,2,0.7246471344865314,-0.4723754457356203
048CBF121B6780,6,1.8479794703552228,-2.066085634051541
048CC04A216281,0,-0.8319580176275481,0.6071744942239532
048CC1121B6781,0,-0.8490833743194516,0.3691012849470728
048CC14A216281,0,-1.5723111935684841,0.21333099696634197
048CC2121B6781,1,1.8975205698334103,0.6327500862412939
048CC3121B6781,4,2.2849988695688292,-1.4845053958824677
048CC34A216280,0,-2.0381270606117625,-0.11242340201816521
048CC4121B6781,5,-0.2826272298598554,1.59582047312896
048CCC4A216280,0,-0.8444037241214475,-0.9497888372304841
048CD7121B6781,2,1.0666520909708577,-1.1072621597622292
048CD94A216280,2,-0.1395169520133566,-1.8268600560043475
048CDE121B6781,2,2.1045708472740867,-0.509249359133236
048CDF121B6781,0,-1.3430779631310472,-1.187794053633601
048CE1121B6781,2,2.0150896534080918,-0.3221211415234212
048CE3121B6780,1,-0.7326044159116858,-0.3334384700585117
048CE4121B6780,4,0.45250604461311134,-1.4446238312726227
048CE74A216280,1,-1.5636983176029664,0.4871509229681341
048CE84A216280,1,0.35325283813638103,-0.19444422426345429
048CE94A216280,0,-1.0660968916696263,0.2657015272431859
048CFB121B6780,0,0.7739359961753497,0.04018527650706846
048CFF4A216280,2,2.621747194337664,-2.3484882586964617
048D024A216284,1,-1.0574840157041085,0.539521453244978
048D11121B6780,2,1.2479468236634566,-2.049368655528236
048D12121B6780,4,0.029949025116666698,-0.910506662913509
048D16121B6780,5,1.9934811970517243,2.8526049976162313
048D194A216284,0,-0.8444037241214475,-0.9497888372304841
048D1C4A216284,0,-0.21104826317716624,2.2841268839789897
048D204A216284,1,0.1082865924245261,1.5325032181947598
048D224A216284,5,2.327905665699709,2.4799011575425123
048D234A216284,5,0.5421166414961507,0.13230772578787045
048D264A216284,1,0.345712775247123,-0.008809538137181565
048D28121B6780,4,0.7099179968188655,-1.6146079422763995
048D354A216284,0,-2.0381270606117625,-0.11242340201816521
048D38121B6780,4,0.45250604461311134,-1.4446238312726227
048D39121B6780,1,0.06964004064513113,2.2688443732768584
048D3E121B6780,0,-0.8723564524831279,0.8805583629316165
048D48121B6780,0,-0.6273902067712729,-0.8463890795265973
048D49121B6780,2,0.8325132169287793,-1.4487351267429964
048D4B4A216284,0,-1.0660968916696263,0.2657015272431859
048D4C121B6780,1,0.0958408859306267,-0.02446011325967774
048D4C4A216284,0,-1.3148992413627296,0.043346885962565515
048D50121B6780,5,1.084049728052584,1.2301845095346078
048D56121B6780,0,-1.0660968916696263,0.2657015272431859
048D58121B6780,0,-0.3785878570781692,-0.6240344382459769
048D5E121B6780,0,-2.0381270606117625,-0.11242340201816521
048D60121B6780,4,-0.22746292708908755,-0.7405225519097324
048D63121B6780,6,-1.1974882900649195,-0.43275671181504055
048D67121B6780,0,-1.5243726958236463,-0.245687557867594
048D6C121B6780,5,-0.7484430969031338,1.2700660741444527
048D8F121B6781,0,-1.564771130679226,0.027696310840069283
048D90121B6780,0,-1.5319127587129044,-0.06005287174132128
048D93121B6781,0,-2.0381270606117625,-0.11242340201816521
048DA14A216280,2,0.3187588521406634,-1.3154709708935675
048DA4F2185081,0,-0.8244179547382899,0.4215398080976805
048DB24A216280,1,-0.8480105612431919,0.8285558970751375
048DBA4A216281,6,-0.5690384727252796,1.0585609918137233
048DBB121B6781,5,-1.2546573988019918,1.217695543867609
048DBC121B6780,5,5.269087251315866,2.8831418387844256
048DBD121B6780,5,2.4487218817270024,1.019759553290692
048DBF121B6780,4,-0.48380533967144923,-0.7772425070640802
048DC0121B6780,0,-0.9034629413732647,1.4312648318874424
048DC0121B6781,6,1.944134016712619,-2.471998078770853
048DC1121B6781,5,3.8697816801461222,0.2581187210421595
048DC2121B6781,2,2.300800820312755,0.11718171278637626
048DC34A216280,0,-2.0381270606117625,-0.11242340201816521
048DC4121B6781,1,-0.5916681486608303,0.8652758522294853
048DD0121B6780,3,6.035904181686717,6.244847471807482
048DD6121B6780,4,1.8494877596620043,1.6716783092099186
048DD7121B6781,4,2.3049846389519866,-0.11317675055430278
048DD94A216280,2,0.5479920825781002,-2.7165960214935105
048DDB121B6780,4,0.6075999320202143,-0.09342584050209342
048DDCF2185080,6,-0.120008843248296,-0.08120476969616076
048DDF121B6780,2,1.1915358146060693,0.3128335653769517
048DE0121B6780,5,-0.5547026577166354,1.8849229098328835
048DE3121B6780,1,-0.7326044159116858,-0.3334384700585117
048DE4121B6780,1,0.10074652953526808,1.7181379043210323
048DE74A216280,1,-1.5636983176029664,0.4871509229681341
048DE84A216280,0,-1.5723111935684841,0.21333099696634197
048DE94A216280,0,-0.8319580176275481,0.6071744942239532
048E054A216284,6,0.7951924011157637,-0.030005876551225465
048E12121B6780,4,0.029949025116666698,-0.910506662913509
048E16121B6780,0,-1.338172319526406,0.5548039639471093
048E1B4A216284,4,-0.11363584198315682,-0.9796532353760261
048E1E4A216284,4,2.2806576551239663,1.4113810668525968
048E204A216284,4,1.6268895287072633,-0.17782214032104893
048E264A216284,1,0.345712775247123,-0.008809538137181565
048E28121B6780,0,-0.3428690724205936,0.4214718152239167
048E294A216284,5,1.5009277215178942,-0.4701236825168978
048E354A216284,0,-2.0381270606117625,-0.11242340201816521
048E394A216284,2,0.32629891502992153,-1.5011056570198402
048E3E121B6780,0,-0.8723564524831279,0.8805583629316165
048E4A121B6780,0,-1.564771130679226,0.027696310840069283
048E52121B6780,5,-0.5933492094960302,2.6212640649149823
048E54121B6780,0,-1.5723111935684841,0.21333099696634197
048E56121B6780,0,-1.0660968916696263,0.2657015272431859
048E57121B6780,0,-0.8490833743194516,0.3691012849470728
048E5B121B6780,0,-1.5319127587129044,-0.06005287174132128
048E60121B6780,0,-1.3073591784734717,-0.14228780016370723
048E64F2185080,4,0.3446399621708633,-0.4682641502652463
048E67121B6780,0,-1.5243726958236463,-0.245687557867594
048E8B121B6781,6,-0.024177619047026973,0.37459036700846854
048E8C121B6780,4,0.45250604461311134,-1.4446238312726227
048E8D121B6781,0,-0.3710477941889112,-0.8096691243722497
048E8E121B6781,0,-1.564771130679226,0.027696310840069283
048E90121B6780,0,-1.5319127587129044,-0.06005287174132128
048EAE121B6780,0,-0.8011448765746138,-0.08991726988686331
048EB14A216280,0,-0.8848021589770272,-0.6764049685228208
048EB9121B6780,4,2.544536857142719,0.5963076575944829
048EBB121B6780,2,0.7246471344865314,-0.4723754457356203
048EBB121B6781,5,-1.2546573988019918,1.217695543867609
048EBC121B6780,5,5.269087251315866,2.8831418387844256
048EBC121B6781,2,4.485617589506095,1.553022892898651
048EBD4A216281,4,0.45250604461311134,-1.4446238312726227
048EBE121B6781,2,1.0138079496213783,-2.390841622509003
048EBF121B6780,4,-0.48380533967144923,-0.7772425070640802
048EC0121B6780,6,0.5713330218715426,0.3122026702673219
048EC0121B6781,2,1.4046161061887303,-1.1764767250985106
048ED0121B6780,3,7.898416040733011,9.943846783467167
048ED6121B6780,4,1.8494877596620043,1.6716783092099186
048ED6121B6781,4,0.45250604461311134,-1.4446238312726227
048ED7121B6780,4,2.2849988695688292,-1.4845053958824677
048EDA121B6781,1,1.5114833833757575,0.9841722268126002
048EDA4A216280,0,-1.0585568287803682,0.0800668411169132
048EDB121B6780,6,-0.3588543254843808,-1.438980790967959
048EDB121B6781,1,1.5114833833757575,0.9841722268126002
048EDD4A216280,1,-0.8480105612431919,0.8285558970751375
048EDE121B6780,2,0.4683079953570369,0.157063277396221
048EDF121B6780,0,-1.0256984568140466,-0.007682341464477369
048F014A216284,2,1.5482009732885538,-1.1073301526359929
048F044A216284,6,0.7880033263373558,-1.3578730592182773
048F054A216284,2,0.18761969153473937,0.1723457880983523
048F1E4A216284,6,-0.008444603772608746,0.04876797515019746
048F1F4A216284,0,-1.3306322566371478,0.3691692778208366
048F20121B6780,0,-1.3148992413627296,0.043346885962565515
048F204A216284,5,0.41840032430176055,2.7225024512222995
048F214A216284,1,-0.35752927461875217,1.2067488192102525
048F294A216284,5,1.9678164016374318,0.3150853285956742
048F2A4A216284,2,0.32629891502992153,-1.5011056570198402
048F2C4A216284,0,-0.8319580176275481,0.6071744942239532
048F394A216284,2,-0.5047949866613589,-0.6805162639931949
048F3D121B6780,1,-0.23393017690208584,-0.09543325365539498
048F46121B6780,5,2.535306931251235,-0.17560015662534256
048F464A216284,4,0.18043061675633146,-1.1555213945686993
048F4A121B6780,0,-1.0660968916696263,0.2657015272431859
048F4D121B6780,4,-0.00576975954090891,-1.9560129163834028
048F52121B6780,4,0.4084461486850616,-1.0762941173585427
048F53121B6780,4,1.1843467398276615,-1.0150336172901
048F55121B6780,0,-0.8011448765746138,-0.08991726988686331
048F57121B6780,0,-1.207033158920482,-0.9330127950448109
048F59121B6780,4,0.4611189205786291,-1.1708039052708308
048F62121B6780,0,0.30812012913207165,-0.2855691224774388
048F69121B6780,0,-0.3785878570781692,-0.6240344382459769
048F8C121B6780,0,-0.8444037241214475,-0.9497888372304841
048F8E121B6781,0,-0.8490833743194516,0.3691012849470728
048F90121B6780,4,-0.5195241243290248,-1.8227487605339738
048FA04A216281,4,-0.04616819439648859,-1.6826290476757393
048FA2121B6780,1,-0.8837293459007675,-0.21695035639475618
048FAE121B6780,0,-0.3785878570781692,-0.6240344382459769
048FB14A216280,4,-0.0537082572857466,-1.4969943615494665
048FB14A216281,1,0.2433947104484722,1.5123725636371244
048FB9121B6780,4,2.544536857142719,0.5963076575944829
048FB94A216281,6,-1.2378867249204992,-0.15937284310737718
048FBB121B6780,0,-1.5723111935684841,0.21333099696634197
048FBB121B6781,4,0.3446399621708633,-0.4682641502652463
048FBD4A216281,4,0.45250604461311134,-1.4446238312726227
048FBE121B6780,2,2.1045708472740867,-0.509249359133236
048FBE121B6781,2,0.32629891502992153,-1.5011056570198402
048FC1121B6780,0,-0.18484741789167086,-0.009177602557546426
048FC2121B6780,2,2.020112516490457,0.13246422348850753
048FC24A216281,2,1.1558170299484936,-0.7326726880929418
048FD6121B6781,1,2.154932522039165,0.46276597523751745
048FD7121B6780,4,2.277458806679571,-1.298870709756195
048FD8121B6781,5,-0.06454089943342114,2.1586748429609117
048FD9121B6781,1,0.7274831503969204,2.0207275162313487
048FDA4A216280,0,-1.207033158920482,-0.9330127950448109
048FDD121B6780,2,3.344975013586696,-2.192717970715731
048FDE121B6780,0,-1.5319127587129044,-0.06005287174132128
0490004A216284,0,-1.3506180260203053,-1.0021593675073281
0490014A216284,2,1.5482009732885538,-1.1073301526359929
0490044A216284,6,0.9863560612912929,0.853196498895873
04901C4A216284,0,0.30058006624281364,-0.09993443635116604
04901D4A216284,0,-0.17555547192622806,0.2681449976906162
04901E121B6780,2,1.871504786308268,-0.3912677139859385
04901E4A216284,1,-1.0650240785933665,0.7251561393712507
0490204A216284,1,0.10074652953526808,1.7181379043210323
0490214A216284,4,0.45357885768937106,-0.9851692191445579
0490264A216284,6,0.7825651209264199,1.1932522349096986
0490274A216284,0,-1.5723111935684841,0.21333099696634197
0490294A216284,0,-0.8368636612321894,-1.1354235233567571
04902C4A216284,0,-0.14444898303609116,-0.2825614712652097
0490324A216284,0,-1.0585568287803682,0.0800668411169132
04903D121B6780,1,-0.23393017690208584,-0.09543325365539498
049046121B6780,6,0.7750250580371619,1.3788869210359713
0490464A216284,1,0.2318856901411923,0.2303211453291123
049047121B6780,0,-1.207033158920482,-0.9330127950448109
04904D121B6780,4,-0.00576975954090891,-1.9560129163834028
049053121B6780,0,-0.6273902067712729,-0.8463890795265973
049055121B6780,0,-0.8011448765746138,-0.08991726988686331
049059121B6780,4,-0.6932787941323659,-1.06627695089424
049061121B6780,0,-0.8319580176275481,0.6071744942239532
049062121B6780,0,-0.8772620960877692,-0.8620396546490936
049066121B6780,2,0.18271404793009796,-1.5702522294823578
049068121B6780,4,0.4957648921599449,-0.5847522639290017
04908B121B6781,6,-0.024177619047026973,0.37459036700846854
049090121B6780,4,-0.5195241243290248,-1.8227487605339738
049091121B6781,1,-0.5992082115500883,1.0509105383557578
049092121B6781,0,-2.0381270606117625,-0.11242340201816521
0490A04A216281,6,-0.5428376274397843,-1.2347434947228129
0490A2121B6780,1,-1.5712383804922243,0.6727856090944068
0490B14A216281,0,-0.37572744438691535,0.5092209978053073
0490B8121B6781,6,1.7725964212511154,-0.7107974510712699
0490B9121B6780,3,4.648440406009904,6.467356071331371
0490BB121B6780,1,0.1315596705882023,1.0210461402102158
0490BB121B6781,2,3.4100934919741626,-0.7302644271735824
0490BE121B6780,1,0.7853277970049056,2.610249347383862
0490BE121B6781,2,0.8249731540395212,-1.2631004406167237
0490BF121B6781,5,5.295288096601362,0.589837352247889
0490C1121B6780,0,-0.18484741789167086,-0.009177602557546426
0490C2121B6780,0,-1.0585568287803682,0.0800668411169132
0490C24A216281,2,1.1558170299484936,-0.7326726880929418
0490C34A216281,0,-1.3430779631310472,-1.187794053633601
0490C4121B6780,4,1.1843467398276615,-1.0150336172901
0490C5121B6780,0,-2.0381270606117625,-0.11242340201816521
0490D8121B6780,2,-0.5047949866613589,-0.6805162639931949
0490DB121B6780,5,3.042267686093104,2.138918036539843
0490FD4A216280,0,-2.0381270606117625,-0.11242340201816521
0491004A216284,0,-1.3506180260203053,-1.0021593675073281
04910E121B6780,0,-2.0381270606117625,-0.11242340201816521
04911C4A216284,2,1.5775730010637221,-0.038588575194354456
04911D4A216284,0,-1.0660968916696263,0.2657015272431859
04911E121B6780,0,-1.5723111935684841,0.21333099696634197
04911E4A216284,1,-1.0650240785933665,0.7251561393712507
0491214A216284,5,1.6588044906143702,1.0390338396398036
049126121B6780,0,-0.16157433972799465,-0.5206346805420903
0491274A216284,0,-1.5723111935684841,0.21333099696634197
0491294A216284,0,-0.8368636612321894,-1.1354235233567571
04912C121B6780,4,0.11808157596512633,-1.0719199911989035
04912C4A216284,0,-0.8490833743194516,0.3691012849470728
0491324A216284,1,-0.16050152665173492,-0.061180068414025485
049135121B6780,0,-0.23381295742436184,-1.3834459062241764
04913A4A216284,1,-1.5712383804922243,0.6727856090944068
049143121B6780,6,-0.17791058090263198,-0.8675854179406413
049153121B6780,6,-0.14184080813420627,-1.3355810332640723
049154121B6780,1,0.08830082304136871,0.16117457286659492
049156121B6780,4,-0.013309822430166925,-1.77037823025713
049158121B6780,0,-1.5723111935684841,0.21333099696634197
049159121B6780,4,2.5191377436109073,-1.1430324289017004
04915A121B6780,4,-0.23500298997834557,-0.5548878657834596
04915B121B6780,0,-1.5319127587129044,-0.06005287174132128
049161121B6780,0,-1.166382486275533,0.9798783342976725
049164121B6780,6,0.786930513261096,-1.817327671346342
049166121B6780,2,0.0024921283137587275,-0.1686911215882862
049168121B6780,0,-0.3353290095313356,0.23583712909764393
04916A121B6780,6,-0.17755959279178188,-2.381087286733966
049179121B6780,0,-1.5319127587129044,-0.06005287174132128
049190121B6780,1,-0.4365742612537268,2.2164738430000144
049191121B6781,1,-0.5992082115500883,1.0509105383557578
049192121B6781,6,0.6068258131224809,-1.7037792160210519
0491B8121B6780,2,1.848231708144592,0.12018936399860523
0491B9121B6780,3,4.648440406009904,6.467356071331371
0491B9121B6781,4,1.0959551832765184,-1.9660300828477055
0491BA121B6781,2,2.300800820312755,0.11718171278637626
0491BB121B6780,1,0.1315596705882023,1.0210461402102158
0491BB4A216281,0,-0.8490833743194516,0.3691012849470728
0491BC121B6780,6,-0.2647837429021032,0.6782066982820387
0491BC4A216281,0,-1.5723111935684841,0.21333099696634197
0491BE121B6781,4,2.06437851509691,0.19043958071926753
0491BF121B6780,4,-0.013309822430166925,-1.77037823025713
0491BF121B6781,4,2.06437851509691,0.19043958071926753
0491C4121B6780,4,1.1843467398276615,-1.0150336172901
0491C44A216280,0,-2.0381270606117625,-0.11242340201816521
0491D0121B6781,2,3.108621643840359,-0.1919506022557257
0491D1121B6781,2,3.108621643840359,-0.1919506022557257
0491D6121B6780,0,-1.5723111935684841,0.21333099696634197
0491D8121B6780,4,3.451842290773723,-0.032069018804620875
0491D9121B6780,1,0.3053143403915433,0.26457433057048174
0491DB121B6780,0,-1.338172319526406,0.5548039639471093
0491DB4A216280,0,-1.0660968916696263,0.2657015272431859
0491DF121B6780,6,0.45844407634692924,0.8339769862627695
0491E1121B6780,1,0.32530010977470075,1.6359029758986465
0491FD4A216280,1,-1.0650240785933665,0.7251561393712507
04920E121B6780,0,-2.0381270606117625,-0.11242340201816521
04921A4A216284,4,1.1768066769384034,-0.8293989311638271
04921B4A216284,0,-0.6693240673311868,1.7727377988682098
0492214A216284,4,1.139214030823352,-1.1061585155040845
049222121B6780,4,1.1768066769384034,-0.8293989311638271
0492224A216284,0,-2.0381270606117625,-0.11242340201816521
049226121B6780,0,-0.8490833743194516,0.3691012849470728
04922C4A216284,0,-1.5723111935684841,0.21333099696634197
0492314A216284,0,-0.8630645065176852,1.157880963179779
049232121B6780,6,-1.2378867249204992,-0.15937284310737718
049239121B6780,0,-1.5723111935684841,0.21333099696634197
04923A4A216284,1,-1.5712383804922243,0.6727856090944068
049244121B6780,6,0.5148550854043163,-1.5282252346424186
0492454A216284,1,-1.0574840157041085,0.539521453244978
049252121B6780,0,-1.5723111935684841,0.21333099696634197
049254121B6780,0,-1.5723111935684841,0.21333099696634197
049256121B6780,0,-0.18777518501349003,1.7726698059944457
049257121B6780,0,-1.0660968916696263,0.2657015272431859
049258121B6780,0,-2.0381270606117625,-0.11242340201816521
049259121B6780,2,1.7774342037259905,-2.5084552032359357
04925A121B6780,0,-1.564771130679226,0.027696310840069283
04925B121B6780,5,1.1416281435507931,2.8782727392030303
049264121B6780,4,-0.23500298997834557,-0.5548878657834596
04926A121B6780,4,-0.5119840614397668,-2.008383446660247
049279121B6780,0,-1.5319127587129044,-0.06005287174132128
04927A121B6780,0,-0.15403427683873663,-0.7062693666683628
04928B121B6780,0,-1.5243726958236463,-0.245687557867594
049290121B6780,4,-0.7008188570216239,-0.880642264767967
0492A24A216280,2,0.25883126744325335,-0.7981298447201273
0492B54A216280,6,-0.0441633884301843,-0.9967382783196962
0492B6121B6780,5,-0.7484430969031338,1.2700660741444527
0492B8121B6780,2,1.160722673553135,1.0099253294877681
0492B84A216281,2,2.0152068728858157,-1.6101337940922027
0492B9121B6781,5,3.5190209703235005,0.2838718237173275
0492BA121B6781,2,2.8125598664023426,0.048215985543960574
0492BB4A216281,0,-0.3428690724205936,0.4214718152239167
0492BC121B6780,4,2.222400169625833,-0.2402098370621956
0492BC4A216281,0,-1.5723111935684841,0.21333099696634197
0492BD121B6780,4,0.46004610750236935,-1.6302585173988955
0492BF121B6780,4,-0.013309822430166925,-1.77037823025713
0492BF121B6781,6,0.3239750589090719,-1.009826634279565
0492C1121B6781,1,-1.0650240785933665,0.7251561393712507
0492C44A216280,0,-2.0381270606117625,-0.11242340201816521
0492C5121B6781,5,3.0998461015913126,3.787006266208265
0492CA121B6781,1,-1.0650240785933665,0.7251561393712507
0492CB121B6781,0,-0.8848021589770272,-0.6764049685228208
0492CD121B6780,5,1.5717252259364956,2.1585208847176443
0492D6121B6780,0,-2.0381270606117625,-0.11242340201816521
0492D8121B6780,0,-0.6198501438820148,-1.0320237656528701
0492D9121B6780,5,4.464194194910081,1.410426745274535
0492DB121B6780,4,0.6819652684571852,0.2157392578857016
0492DB4A216280,0,-1.0660968916696263,0.2657015272431859
0492DD121B6780,1,1.894592802711591,2.4145974947932864
0492DF121B6780,0,-0.8319580176275481,0.6071744942239532
0492E1121B6780,1,-1.5636983176029664,0.4871509229681341
0492E7121B6780,4,2.2617257914051527,-0.9730483178979236
0493034A216284,0,-1.5319127587129044,-0.06005287174132128
04930F121B6780,0,-0.3428690724205936,0.4214718152239167
049310121B6780,0,-0.8490833743194516,0.3691012849470728
049315121B6780,4,0.45357885768937106,-0.9851692191445579
04931A4A216284,1,0.42737801240387535,1.308135267391978
0493224A216284,0,-2.0381270606117625,-0.11242340201816521
049325121B6780,5,0.15607945503849788,0.4837298663591767
049329121B6780,0,-0.7412172918772035,-0.6072583960603035
0493314A216284,0,-0.8630645065176852,1.157880963179779
049332121B6780,6,0.45844407634692924,0.8339769862627695
0493334A216284,4,-0.4762652767821912,-0.9628771931903529
049336121B6780,4,-0.04509538132022886,-1.2231744355476746
049339121B6780,6,-0.39925276033996054,-1.1655969222602958
049344121B6780,6,0.5148550854043163,-1.5282252346424186
0493454A216284,1,0.74960901234733,1.5647430939139682
04934A4A216284,5,2.5622542294797417,-0.2067569802735372
04934C4A216284,0,-1.5319127587129044,-0.06005287174132128
04934E121B6780,1,-0.03264967482632944,0.3337888959067628
049352121B6780,1,-0.3699749811126515,-0.350214512244185
049353121B6780,0,-0.15403427683873663,-0.7062693666683628
049355121B6780,4,0.45250604461311134,-1.4446238312726227
049356121B6780,0,-1.0660968916696263,0.2657015272431859
049357121B6780,0,-1.0660968916696263,0.2657015272431859
049358121B6780,0,-2.0381270606117625,-0.11242340201816521
04935C121B6780,0,0.3259791797746258,1.6394056501450167
04935D121B6780,0,-1.564771130679226,0.027696310840069283
04936E121B6780,1,-1.5636983176029664,0.4871509229681341
04936F121B6780,0,-2.0381270606117625,-0.11242340201816521
049370121B6780,4,-0.7008188570216239,-0.880642264767967
04937A121B6780,0,-0.15403427683873663,-0.7062693666683628
04938B121B6780,0,-1.5243726958236463,-0.245687557867594
04939E121B6781,1,-1.0978824505596882,0.8129053219526414
0493A24A216280,0,-2.0381270606117625,-0.11242340201816521
0493B04A216281,6,-0.03662332554092629,-1.182372964445969
0493B54A216280,6,-0.0441633884301843,-0.9967382783196962
0493B6121B6780,5,-0.7484430969031338,1.2700660741444527
0493B84A216281,2,2.846300774577096,-2.430723187118848
0493BD121B6780,0,-2.0381270606117625,-0.11242340201816521
0493BD121B6781,6,1.8972683320440413,-1.5535249118088528
0493BF121B6780,0,-0.3661421505842699,0.9329288932084604
0493C1121B6780,0,-1.3506180260203053,-1.0021593675073281
0493C1121B6781,2,1.4046161061887303,-1.1764767250985106
0493C14A216281,0,-1.5723111935684841,0.21333099696634197
0493C3121B6781,2,1.737035768870411,-2.2350713345282722
0493C5121B6781,1,-0.5916681486608303,0.8652758522294853
0493CD121B6780,4,0.8818020786175977,-0.936174404500308
0493D8121B6780,1,0.9626535722794827,0.2004567471835702
0493DB121B6780,0,-0.24135302031361985,-1.1978112200979036
0493DD121B6780,2,2.0150896534080918,-0.3221211415234212
0493E7121B6780,4,2.2617257914051527,-0.9730483178979236
0493FB121B6780,5,3.851120897749885,2.365788521452423
0493FE4A216280,0,-1.5319127587129044,-0.06005287174132128
049403121B6784,2,2.855886068379742,-2.0070152917156947
0494034A216284,0,-1.5319127587129044,-0.06005287174132128
0494064A216284,0,-1.3430779631310472,-1.187794053633601
04940F121B6780,0,-0.3428690724205936,0.4214718152239167
049410121B6780,0,-0.8490833743194516,0.3691012849470728
049411121B6780,0,-2.0381270606117625,-0.11242340201816521
049415121B6780,0,-0.4047887023636646,1.669270048290559
04941C4A216284,0,-1.3073591784734717,-0.14228780016370723
0494224A216284,0,-0.8368636612321894,-1.1354235233567571
0494234A216284,5,0.5421166414961507,0.13230772578787045
04942D4A216284,6,0.17285012891999033,-0.8933385206158093
0494304A216284,0,-1.3506180260203053,-1.0021593675073281
0494334A216284,1,-0.5992082115500883,1.0509105383557578
049436121B6780,2,-0.5047949866613589,-0.6805162639931949
049438121B6780,5,-0.04848835581777744,1.9372934401097273
049439121B6780,1,0.06964004064513113,2.2688443732768584
049445121B6780,5,0.10660553158932609,3.288491430880257
04944A4A216284,5,2.5622542294797417,-0.2067569802735372
04944B121B6780,1,-1.0650240785933665,0.7251561393712507
04944B4A216284,0,-2.0381270606117625,-0.11242340201816521
04944C4A216284,0,-1.5319127587129044,-0.06005287174132128
049450121B6780,0,-1.5723111935684841,0.21333099696634197
049453121B6780,4,-0.12117590487241495,-0.7940185492497533
049455121B6780,4,2.2849988695688292,-1.4845053958824677
049458121B6780,0,-0.3785878570781692,-0.6240344382459769
049459121B6780,6,0.09942147866963919,-0.927591705857179
04945D121B6780,4,0.7099179968188655,-1.6146079422763995
049463121B6780,6,-1.1974882900649195,-0.43275671181504055
04946C121B6780,5,-0.7484430969031338,1.2700660741444527
04946E121B6780,1,-1.5636983176029664,0.4871509229681341
04946F121B6780,0,-0.8772620960877692,-0.8620396546490936
049470121B6780,0,-1.564771130679226,0.027696310840069283
0494A14A216280,0,-1.3073591784734717,-0.14228780016370723
0494B04A216281,0,-0.37572744438691535,0.5092209978053073
0494B24A216280,1,-0.8480105612431919,0.8285558970751375
0494BA121B6781,2,1.871504786308268,-0.3912677139859385
0494C04A216281,0,-1.3430779631310472,-1.187794053633601
0494C1121B6780,0,-1.3506180260203053,-1.0021593675073281
0494C2121B6781,2,0.9059418671791304,-1.4144819415016272
0494C34A216280,0,-2.0381270606117625,-0.11242340201816521
0494CC4A216280,0,-0.8444037241214475,-0.9497888372304841
0494D94A216280,4,1.3308277512692468,0.06234444747863731
0494DB121B6780,0,-2.0381270606117625,-0.11242340201816521
0494E3121B6780,6,1.5101583325101284,-1.6615573833656114
0494E4121B6780,4,1.6193494658180054,0.00781254580522383
0494E84A216280,0,-0.3785878570781692,-0.6240344382459769
0494E94A216280,1,0.7571490752365879,1.3791084077876952
0494FB121B6780,0,0.7739359961753497,0.04018527650706846
0495024A216284,2,1.324837425603105,-1.8536532646543238
049503121B6784,2,4.044929754672053,-1.5254906047504568
0495064A216284,0,-1.3430779631310472,-1.187794053633601
049511121B6780,0,-1.5723111935684841,0.21333099696634197
049512121B6780,4,-0.22746292708908755,-0.7405225519097324
049516121B6780,4,0.46004610750236935,-1.6302585173988955
04951C4A216284,0,-1.3073591784734717,-0.14228780016370723
0495204A216284,1,0.9393804941158065,0.711913825168114
0495224A216284,0,-0.8368636612321894,-1.1354235233567571
0495234A216284,5,0.5421166414961507,0.13230772578787045
0495264A216284,0,-1.338172319526406,0.5548039639471093
049528121B6780,4,1.0820286750290105,0.5061484844842057
04952B121B6780,1,1.0052690814768996,0.9318016965357563
0495354A216284,1,-0.5916681486608303,0.8652758522294853
049538121B6780,5,-0.04848835581777744,1.9372934401097273
049539121B6780,2,0.2355581892795772,-0.2866727667355836
04953E121B6780,0,-0.8723564524831279,0.8805583629316165
049541121B6780,1,0.08830082304136871,0.16117457286659492
049543121B6780,1,-1.5712383804922243,0.6727856090944068
049545121B6780,5,0.5724213986326042,3.614245829864764
049548121B6780,0,-1.0660968916696263,0.2657015272431859
049549121B6780,1,-0.33425619645507587,0.6952917412257088
04954B4A216284,0,-2.0381270606117625,-0.11242340201816521
04954C121B6780,4,-0.11363584198315682,-0.9796532353760261
04954C4A216284,0,-1.564771130679226,0.027696310840069283
04954F121B6780,0,-1.5243726958236463,-0.245687557867594
049554121B6780,0,-0.8444037241214475,-0.9497888372304841
049556121B6780,1,-0.4103734159682312,-0.07683064353652166
049558121B6780,0,-0.3785878570781692,-0.6240344382459769
04955E121B6780,0,-2.0381270606117625,-0.11242340201816521
049560121B6780,4,0.4882248292706869,-0.39911757780272894
049563121B6780,6,-0.7305996099453815,0.35245229929753136
04956C121B6780,0,-1.5319127587129044,-0.06005287174132128
049590121B6780,4,-0.013309822430166925,-1.77037823025713
0495A14A216280,0,-1.3073591784734717,-0.14228780016370723
0495BF121B6780,1,1.5114833833757575,0.9841722268126002
0495C0121B6780,2,2.6793256098358724,-0.7004000290280402
0495C2121B6780,1,0.10074652953526808,1.7181379043210323
0495C34A216280,0,-2.0381270606117625,-0.11242340201816521
0495D94A216280,4,1.3308277512692468,0.06234444747863731
0495DB121B6780,0,-2.0381270606117625,-0.11242340201816521
0495DF121B6780,2,2.123072955328064,-2.5864934750995787
0495E3121B6780,6,0.786930513261096,-1.817327671346342
0495E4121B6780,4,1.6193494658180054,0.00781254580522383
0495E74A216280,0,-1.5319127587129044,-0.06005287174132128
0495E84A216280,0,-0.3785878570781692,-0.6240344382459769
0495E94A216280,4,0.24814876378348322,-0.3214448263356609
049612121B6780,0,-1.564771130679226,0.027696310840069283
049616121B6780,5,1.9934811970517243,2.8526049976162313
0496194A216284,1,-0.8837293459007675,-0.21695035639475618
04961B4A216284,0,-2.0381270606117625,-0.11242340201816521
04961E4A216284,4,1.1600008485877256,-0.9630311514336208
0496204A216284,1,0.9393804941158065,0.711913825168114
0496264A216284,1,0.345712775247123,-0.008809538137181565
049628121B6780,4,1.805256494278043,0.6619187724649365
0496294A216284,0,-0.8490833743194516,0.3691012849470728
04962A4A216284,5,0.41840032430176055,2.7225024512222995
0496394A216284,1,0.42737801240387535,1.308135267391978
04963C121B6780,1,-1.5636983176029664,0.4871509229681341
04963E121B6780,0,-1.5723111935684841,0.21333099696634197
049649121B6780,0,-1.0660968916696263,0.2657015272431859
04964A121B6780,0,-1.0660968916696263,0.2657015272431859
04964C4A216284,0,-1.3148992413627296,0.043346885962565515
04964F121B6780,0,-1.5243726958236463,-0.245687557867594
049654121B6780,0,-0.8444037241214475,-0.9497888372304841
049656121B6780,1,-0.4103734159682312,-0.07683064353652166
049657121B6780,1,-1.5712383804922243,0.6727856090944068
04965B121B6780,0,-1.564771130679226,0.027696310840069283
04965E121B6780,0,-0.3353290095313356,0.23583712909764393
049660121B6780,0,-1.3073591784734717,-0.14228780016370723
049667121B6780,0,0.24444861611281568,0.49927182421476834
049669121B6780,0,-1.5243726958236463,-0.245687557867594
04968C121B6780,5,0.36082190880355175,1.0744142215538772
049690121B6780,4,-0.7008188570216239,-0.880642264767967
0496AE121B6780,0,-1.0660968916696263,0.2657015272431859
0496B14A216280,4,-0.0537082572857466,-1.4969943615494665
0496B9121B6780,6,-0.2647837429021032,0.6782066982820387
0496BB121B6780,0,-1.5723111935684841,0.21333099696634197
0496BF4A216280,0,-0.9110030042625226,1.6168995180137151
0496C0121B6780,0,0.7663959332860918,0.22581996263334114
0496D7121B6780,4,0.45250604461311134,-1.4446238312726227
0496DA4A216280,1,0.1315596705882023,1.0210461402102158
0496DF121B6780,2,1.1915358146060693,0.3128335653769517
0496E4121B6780,6,0.4730786206500333,-1.5746263556419966
0497014A216284,1,-1.0574840157041085,0.539521453244978
0497044A216284,4,0.7099179968188655,-1.6146079422763995
0497054A216284,6,1.4827014357072206,-0.9197418420403883
04970C4A216284,6,0.9792929225488911,-1.5222558253651528
04971E4A216284,4,1.1600008485877256,-0.9630311514336208
04971F4A216284,4,0.45250604461311134,-1.4446238312726227
0497204A216284,5,-0.7813014688694554,1.3578152567258435
0497214A216284,5,2.4331866872052985,-1.3964942420720392
0497294A216284,0,-0.8490833743194516,0.3691012849470728
04972A4A216284,4,0.2648612815852381,-1.1454406898210598
04972C4A216284,0,-0.3428690724205936,0.4214718152239167
0497394A216284,2,-0.5047949866613589,-0.6805162639931949
04973C121B6780,1,-0.23393017690208584,-0.09543325365539498
04973D121B6780,2,0.6813882869396978,-1.3322470130792412
049746121B6780,2,3.899611848029251,0.2482297235232276
0497464A216284,0,-1.0660968916696263,0.2657015272431859
049747121B6780,6,0.45844407634692924,0.8339769862627695
049752121B6780,4,0.4084461486850616,-1.0762941173585427
049753121B6780,0,-0.6273902067712729,-0.8463890795265973
049755121B6780,0,-0.8011448765746138,-0.08991726988686331
049757121B6780,1,-1.5712383804922243,0.6727856090944068
049759121B6780,4,-0.6932787941323659,-1.06627695089424
04975F121B6780,0,-1.0660968916696263,0.2657015272431859
049762121B6780,0,-0.8772620960877692,-0.8620396546490936
049769121B6780,0,-1.5319127587129044,-0.06005287174132128
049771121B6780,4,-0.22746292708908755,-0.7405225519097324
04978C121B6780,5,0.36082190880355175,1.0744142215538772
0497A5121B6780,4,-0.010449409738913033,-0.6371227942058456
0497AE121B6780,0,-1.5243726958236463,-0.245687557867594
0497B14A216280,1,0.0958408859306267,-0.02446011325967774
0497B9121B6780,6,-0.2647837429021032,0.6782066982820387
0497BF4A216280,0,-1.3506180260203053,-1.0021593675073281
0497C1121B6780,4,0.9648160226705943,-0.4782133238557852
0497C2121B6780,4,1.5974898349773723,-0.5947694303933044
0497D7121B6780,4,0.45250604461311134,-1.4446238312726227
0497DA4A216280,1,0.1315596705882023,1.0210461402102158
0497DE121B6780,0,-0.10873019837851547,0.762944782204684
0498004A216284,0,-1.3506180260203053,-1.0021593675073281
0498014A216284,1,-0.5916681486608303,0.8652758522294853
0498044A216284,4,0.7099179968188655,-1.6146079422763995
049817F2185080,2,0.6044700190453265,-0.8761681165837703
049819121B6780,2,-0.5047949866613589,-0.6805162639931949
04981C4A216284,0,0.30058006624281364,-0.09993443635116604
04981D4A216284,2,2.4906080337317396,-0.860671499704542
04981E4A216284,4,0.20370369492000764,-1.6669784725532433
04981F4A216284,5,-1.2546573988019918,1.217695543867609
0498204A216284,5,-0.7813014688694554,1.3578152567258435
0498214A216284,1,-0.35752927461875217,1.2067488192102525
0498274A216284,1,0.4892976423469466,0.06033703432533575
0498294A216284,0,-0.4047887023636646,1.669270048290559
04982C4A216284,0,-0.6506632849349492,-0.3349320015420536
0498324A216284,1,-0.16050152665173492,-0.061180068414025485
04983D121B6780,0,-0.8706045694069431,1.3435156493060518
049843121B6780,6,1.5176983953993866,-1.8471920694918842
049846121B6780,6,0.7750250580371619,1.3788869210359713
0498464A216284,4,0.18043061675633146,-1.1555213945686993
049847121B6780,0,-0.3785878570781692,-0.6240344382459769
04984D121B6780,4,-0.00576975954090891,-1.9560129163834028
049853121B6780,4,-0.7008188570216239,-0.880642264767967
049858121B6780,0,-1.5319127587129044,-0.06005287174132128
049859121B6780,4,1.1600008485877256,-0.9630311514336208
049861121B6780,0,-0.8444037241214475,-0.9497888372304841
049862121B6780,0,-2.0381270606117625,-0.11242340201816521
049866121B6780,2,0.0024921283137587275,-0.1686911215882862
049868121B6780,4,0.3521800250601213,-0.6538988363915189
049890121B6780,0,-0.8368636612321894,-1.1354235233567571
0498B9121B6780,2,0.36669734988550134,-1.7744895257275037
0498BB121B6780,0,-1.5723111935684841,0.21333099696634197
0498BE121B6780,2,2.879159146543418,-2.5184723697002385
0498C1121B6780,4,0.9648160226705943,-0.4782133238557852
0498C2121B6780,4,1.1757338638621437,-1.2888535432918922
0498C4121B6780,4,3.003885474372999,1.5671513548333273
0498DB121B6780,6,0.059337301677387544,1.037481946928968
0498DE121B6780,2,1.1558170299484936,-0.7326726880929418
0498FD4A216280,1,-1.0650240785933665,0.7251561393712507
04990C121B6780,0,-0.7336772289879455,-0.7928930821865763
04990E121B6780,4,-0.7008188570216239,-0.880642264767967
04991D4A216284,0,-0.17555547192622806,0.2681449976906162
0499214A216284,0,-1.5319127587129044,-0.06005287174132128
0499274A216284,1,-0.23393017690208584,-0.09543325365539498
0499294A216284,4,-0.0537082572857466,-1.4969943615494665
0499324A216284,0,-0.8086849394638718,0.09571741623940944
049936121B6780,0,-1.5723111935684841,0.21333099696634197
04993A4A216284,0,-1.5723111935684841,0.21333099696634197
049943121B6780,6,1.0114840935005287,-1.899562599768728
049954121B6780,0,-1.5723111935684841,0.21333099696634197
049956121B6780,4,-0.013309822430166925,-1.77037823025713
049958121B6780,1,-0.3417962593443339,0.8809264273519815
049959121B6780,1,-0.5916681486608303,0.8652758522294853
04995A121B6780,0,-0.6506632849349492,-0.3349320015420536
04995B121B6780,5,-0.5933492094960302,2.6212640649149823
049961121B6780,0,-0.8444037241214475,-0.9497888372304841
049964121B6780,4,-0.22746292708908755,-0.7405225519097324
049966121B6780,2,0.0024921283137587275,-0.1686911215882862
049968121B6780,6,-0.8726086902724968,-1.30571663511853
04996A121B6780,4,-0.00576975954090891,-1.9560129163834028
049990121B6780,0,-1.338172319526406,0.5548039639471093
0499B8121B6780,1,-0.36506933750801007,1.392383505336525
0499B9121B6780,2,0.36669734988550134,-1.7744895257275037
0499BB121B6780,0,-1.5723111935684841,0.21333099696634197
0499BC121B6780,2,2.838760711687838,-2.245088500992575
0499BF121B6780,4,-0.013309822430166925,-1.77037823025713
0499C4121B6780,4,3.003885474372999,1.5671513548333273
0499C44A216280,0,-2.0381270606117625,-0.11242340201816521
0499D6121B6780,4,2.2849988695688292,-1.4845053958824677
0499D8121B6780,2,-0.5047949866613589,-0.6805162639931949
0499DB121B6780,5,3.509156366212642,2.924127047652415
0499DB4A216280,2,0.2231124827856778,-1.843636098190021
0499DD4A216280,4,0.45357885768937106,-0.9851692191445579
0499E1121B6780,0,-1.0660968916696263,0.2657015272431859
0499FD4A216280,1,-1.0650240785933665,0.7251561393712507
049A0E121B6780,4,-0.7008188570216239,-0.880642264767967
049A25121B6780,0,-1.0660968916696263,0.2657015272431859
049A2C4A216284,0,-0.8490833743194516,0.3691012849470728
049A32121B6780,6,-0.04309057535392452,-0.5372836661916315
049A36121B6780,0,-1.5723111935684841,0.21333099696634197
049A39121B6780,1,0.23942575303045033,0.04468645920283951
049A3A4A216284,0,-1.5723111935684841,0.21333099696634197
049A44121B6780,6,-1.2378867249204992,-0.15937284310737718
049A454A216284,4,1.8756886049475001,-0.6216261773266175
049A4E121B6780,1,-0.03264967482632944,0.3337888959067628
049A52121B6780,0,-1.5723111935684841,0.21333099696634197
049A54121B6780,4,1.5882429769278683,0.5585190147610496
049A57121B6780,4,-0.010449409738913033,-0.6371227942058456
049A59121B6780,1,-0.5916681486608303,0.8652758522294853
049A5B121B6780,0,-1.5723111935684841,0.21333099696634197
049A64121B6780,0,-1.0660968916696263,0.2657015272431859
049A6A121B6780,6,-0.17755959279178188,-2.381087286733966
049A7A121B6780,0,-0.15403427683873663,-0.7062693666683628
049A7B121B6780,4,0.022408962227408683,-0.7248719767872362
049A8B121B6780,0,-1.5723111935684841,0.21333099696634197
049A90121B6780,1,-0.4365742612537268,2.2164738430000144
049AA24A216280,0,-2.0381270606117625,-0.11242340201816521
049AB54A216280,6,-0.537931983835143,0.5078545228578973
049AB6121B6780,5,4.206530004914958,-0.6058641417718353
049AB8121B6780,1,-0.36506933750801007,1.392383505336525
049ABC121B6780,1,0.31285440328080133,0.07893964444420905
049ABD121B6780,0,-2.0381270606117625,-0.11242340201816521
049ABF121B6780,0,-2.0381270606117625,-0.11242340201816521
049AC44A216280,0,-0.8444037241214475,-0.9497888372304841
049ACD121B6780,4,-0.23500298997834557,-0.5548878657834596
049AD6121B6780,4,1.1757338638621437,-1.2888535432918922
049AD8121B6780,6,0.6866044937081062,-1.0266026764652383
049AD9121B6780,0,-0.4393602708079736,0.568291139153502
049ADB121B6780,6,-0.5303919209458849,0.32221983673162463
049ADB4A216280,4,1.5018434656223865,-1.122934557689758
049ADF121B6780,0,-0.3710477941889112,-0.8096691243722497
049AE1121B6780,0,-1.0660968916696263,0.2657015272431859
049B0D121B6780,0,-2.0381270606117625,-0.11242340201816521
049B0F121B6780,4,0.926934787621907,-0.8450495062863234
049B10121B6780,0,-0.16157433972799465,-0.5206346805420903
049B15121B6780,6,1.5112311455863883,-1.2021027712375467
049B1A4A216284,4,0.20370369492000764,-1.6669784725532433
049B1B4A216284,0,-0.6693240673311868,1.7727377988682098
049B224A216284,0,-2.0381270606117625,-0.11242340201816521
049B304A216284,1,-0.5992082115500883,1.0509105383557578
049B39121B6780,1,0.23942575303045033,0.04468645920283951
049B6F121B6780,0,-2.0381270606117625,-0.11242340201816521
049B70121B6780,0,-2.0381270606117625,-0.11242340201816521
049B71121B6780,4,-0.6932787941323659,-1.06627695089424
049BB54A216280,6,-0.537931983835143,0.5078545228578973
049BB6121B6780,6,0.5381281635679925,-2.0396823126269625
049BBC121B6780,0,0.7663959332860918,0.22581996263334114
049BBD121B6780,5,4.397945902879854,2.4636132317254096
049BBF121B6780,1,-0.23393017690208584,-0.09543325365539498
049BE7121B6780,4,1.1832739267514016,-1.474488229418165
049C0D121B6780,0,-2.0381270606117625,-0.11242340201816521
049C0F121B6780,4,0.6770596248525438,-1.5268587596950087
049C10121B6780,0,-0.8490833743194516,0.3691012849470728
049C11121B6780,0,-0.8490833743194516,0.3691012849470728
049C15121B6780,4,0.45357885768937106,-0.9851692191445579
049C1C4A216284,1,-1.0650240785933665,0.7251561393712507
049C224A216284,5,4.847331280200637,2.1890577258858377
049C38121B6780,5,-0.04848835581777744,1.9372934401097273
049C43121B6780,1,-1.5712383804922243,0.6727856090944068
049C45121B6780,5,0.5724213986326042,3.614245829864764
049C48121B6780,0,-1.0660968916696263,0.2657015272431859
049C4C121B6780,1,-0.3775150440019095,-0.16457982611791225
049C50121B6780,0,-1.5723111935684841,0.21333099696634197
049C6F121B6780,0,-2.0381270606117625,-0.11242340201816521
049C70121B6780,1,-1.0574840157041085,0.539521453244978
049CBC121B6780,0,-1.376818871305801,1.291145119029208
049CBF121B6780,0,-0.3785878570781692,-0.6240344382459769
049CE3121B6780,2,4.317434593376967,-0.6503962117575338
049CE4121B6780,2,1.4046161061887303,-1.1764767250985106
049CE6121B6780,0,-1.5723111935684841,0.21333099696634197
049CE64A216280,0,-0.3785878570781692,-0.6240344382459769
049CE7121B6780,4,1.1832739267514016,-1.474488229418165
049CE74A216280,0,-1.5319127587129044,-0.06005287174132128
049CE84A216280,4,-0.5070784178351255,-0.2657854290795365
049CE94A216280,0,-0.4393602708079736,0.568291139153502
049D11121B6780,0,-2.0381270606117625,-0.11242340201816521
049D12121B6780,5,-0.7813014688694554,1.3578152567258435
049D16121B6780,0,-0.3710477941889112,-0.8096691243722497
049D194A216284,5,-0.7813014688694554,1.3578152567258435
049D1C4A216284,0,-1.5319127587129044,-0.06005287174132128
049D224A216284,5,4.896620141889455,2.7016184481285266
049D23121B6780,4,1.5224454285404765,-0.90743720302747
049D264A216284,0,-1.5723111935684841,0.21333099696634197
049D29121B6780,0,-1.5319127587129044,-0.06005287174132128
049D30121B6780,5,-0.7813014688694554,1.3578152567258435
049D314A216284,0,-0.8630645065176852,1.157880963179779
049D32121B6780,6,-1.2378867249204992,-0.15937284310737718
049D334A216284,1,-0.5992082115500883,1.0509105383557578
049D3C4A216284,4,1.0566295614971983,-1.2331916020119773
049D3E121B6780,0,-1.5723111935684841,0.21333099696634197
049D45121B6780,0,-1.5319127587129044,-0.06005287174132128
049D454A216284,4,1.8756886049475001,-0.6216261773266175
049D48121B6780,6,-0.7316724230216414,-0.10700231283053326
049D49121B6780,1,-0.33425619645507587,0.6952917412257088
049D4A4A216284,0,-1.564771130679226,0.027696310840069283
049D4C121B6780,1,-0.3775150440019095,-0.16457982611791225
049D4C4A216284,0,-0.18484741789167086,-0.009177602557546426
049D4F121B6780,0,-1.5243726958236463,-0.245687557867594
049D50121B6780,0,-2.0381270606117625,-0.11242340201816521
049D51121B6780,4,1.5703839262853143,-1.3664557578614063
049D52121B6780,4,-0.0537082572857466,-1.4969943615494665
049D53121B6780,4,0.7099179968188655,-1.6146079422763995
049D55121B6780,4,2.2849988695688292,-1.4845053958824677
049D57121B6780,4,-0.010449409738913033,-0.6371227942058456
049D5C121B6780,2,2.243250070769269,-2.182700804251428
049D5D121B6780,4,0.7099179968188655,-1.6146079422763995
049D8B121B6780,0,-1.5723111935684841,0.21333099696634197
049DBC121B6780,6,2.3213354002877593,-1.925965921193307
049DC0121B6780,0,-0.9034629413732647,1.4312648318874424
049DCD121B6780,5,1.5717252259364956,2.1585208847176443
049DD8121B6780,0,-0.6198501438820148,-1.0320237656528701
049DD9121B6780,0,-1.0660968916696263,0.2657015272431859
049DDB121B6780,6,1.01638973710517,-0.1569645821880177
049DDF121B6780,0,-1.5319127587129044,-0.06005287174132128
049DE3121B6780,2,4.317434593376967,-0.6503962117575338
049DE4121B6780,2,0.7171070715972734,-0.28674075960934753
049DE6121B6780,6,-1.2378867249204992,-0.15937284310737718
049DE64A216280,0,-2.0381270606117625,-0.11242340201816521
049DE74A216280,0,-1.5319127587129044,-0.06005287174132128
049DE84A216280,0,-1.5723111935684841,0.21333099696634197
049DE94A216280,1,0.7571490752365879,1.3791084077876952
049DFB121B6780,0,0.7739359961753497,0.04018527650706846
049DFF4A216280,5,3.310147468309936,0.0014518308578012017
049E024A216284,2,0.6373283910116482,-0.9639172991651608
049E03121B6784,2,4.044929754672053,-1.5254906047504568
049E034A216284,0,-1.5319127587129044,-0.06005287174132128
049E0B121B6780,0,-0.8723564524831279,0.8805583629316165
049E12121B6780,4,-0.23500298997834557,-0.5548878657834596
049E16121B6780,4,0.46004610750236935,-1.6302585173988955
049E194A216284,5,-0.7813014688694554,1.3578152567258435
049E1B4A216284,1,-0.902390128297005,1.890719444015507
049E204A216284,1,0.9393804941158065,0.711913825168114
049E254A216284,2,2.776841081744767,-0.997290267925933
049E264A216284,0,-1.338172319526406,0.5548039639471093
049E29121B6780,5,1.9602763387481739,0.5007200147219468
049E2A4A216284,5,0.41840032430176055,2.7225024512222995
049E2B121B6780,1,1.0052690814768996,0.9318016965357563
049E2D4A216284,6,0.17285012891999033,-0.8933385206158093
049E314A216284,0,-0.8630645065176852,1.157880963179779
049E334A216284,4,0.21124375780926566,-1.852613158679516
049E3C4A216284,4,0.45357885768937106,-0.9851692191445579
049E3E121B6780,4,0.45250604461311134,-1.4446238312726227
049E41121B6780,0,-1.5243726958236463,-0.245687557867594
049E49121B6780,1,-0.33425619645507587,0.6952917412257088
049E4A121B6780,0,-0.3972486394744067,1.4836353621642862
049E4A4A216284,0,-1.564771130679226,0.027696310840069283
049E4B4A216284,1,-0.4179134788574892,0.10880404258975099
049E4C4A216284,0,0.2809684491516074,0.3165767964269609
049E53121B6780,6,-0.14184080813420627,-1.3355810332640723
049E55121B6780,2,1.0138079496213783,-2.390841622509003
049E58121B6780,4,1.8137689750044286,0.626172055740025
049E59121B6780,4,0.45357885768937106,-0.9851692191445579
049E5D121B6780,4,0.7099179968188655,-1.6146079422763995
049E60121B6780,1,-0.5992082115500883,1.0509105383557578
049E63121B6780,6,1.5101583325101284,-1.6615573833656114
049E6C121B6780,0,-1.5319127587129044,-0.06005287174132128
049E71121B6780,0,-0.8772620960877692,-0.8620396546490936
049E82121B6780,1,1.623961761585444,1.604025268230943
049EA14A216280,1,-0.3699749811126515,-0.350214512244185
049EB14A216280,1,0.0958408859306267,-0.02446011325967774
049EB9121B6780,6,-0.2647837429021032,0.6782066982820387
049EBC121B6780,6,2.3213354002877593,-1.925965921193307
049EBF4A216280,4,0.21614940141390707,-0.11001514109880575
049EC0121B6780,0,-0.9034629413732647,1.4312648318874424
049EC1121B6780,5,0.5545623479900501,1.689271057242308
049EC34A216280,0,-1.5319127587129044,-0.06005287174132128
049ED94A216280,0,0.28272033222779225,0.779534082801396
049EDB121B6780,0,-2.0381270606117625,-0.11242340201816521
049EDF121B6780,0,-1.5723111935684841,0.21333099696634197
049EFF4A216280,6,-0.17755959279178188,-2.381087286733966
049F024A216284,6,0.971752859659633,-1.33662113923888
049F03121B6784,0,-1.3148992413627296,0.043346885962565515
049F064A216284,1,-0.5916681486608303,0.8652758522294853
049F1B4A216284,1,-0.902390128297005,1.890719444015507
049F1E4A216284,4,2.2806576551239663,1.4113810668525968
049F1F4A216284,4,0.45250604461311134,-1.4446238312726227
049F214A216284,0,-0.16157433972799465,-0.5206346805420903
049F24121B6780,1,-1.0574840157041085,0.539521453244978
049F28121B6780,0,-0.8848021589770272,-0.6764049685228208
049F29121B6780,1,-1.0650240785933665,0.7251561393712507
049F2A4A216284,4,0.7099179968188655,-1.6146079422763995
049F2C4A216284,0,-0.3428690724205936,0.4214718152239167
049F36121B6780,2,-0.5047949866613589,-0.6805162639931949
049F4B4A216284,1,-0.4179134788574892,0.10880404258975099
049F4D121B6780,0,-1.5723111935684841,0.21333099696634197
049F54121B6780,4,0.7099179968188655,-1.6146079422763995
049F56121B6780,0,-1.3506180260203053,-1.0021593675073281
049F58121B6780,4,1.8137689750044286,0.626172055740025
049F5E121B6780,4,0.3521800250601213,-0.6538988363915189
049F60121B6780,0,0.4764607714142906,1.3943909184898267
049F63121B6780,6,1.5101583325101284,-1.6615573833656114
049F67121B6780,6,-0.4667204079266287,-0.4626211099605826
049F6C121B6780,1,-0.36506933750801007,1.392383505336525
049F6E121B6780,0,-1.0585568287803682,0.0800668411169132
049F71121B6780,0,-0.8772620960877692,-0.8620396546490936
049F90121B6780,1,-0.5992082115500883,1.0509105383557578
049FA14A216280,1,-0.3699749811126515,-0.350214512244185
049FAE121B6780,0,-1.5243726958236463,-0.245687557867594
049FB14A216280,0,-1.0660968916696263,0.2657015272431859
049FB9121B6780,6,-0.2647837429021032,0.6782066982820387
049FBB121B6780,2,1.3824158411013139,-0.20556503498590195
049FBE121B6780,2,2.879159146543418,-2.5184723697002385
049FBF4A216280,4,1.1610736616639854,-0.5035765393055561
049FC1121B6780,5,0.5545623479900501,1.689271057242308
049FC34A216280,0,-1.5319127587129044,-0.06005287174132128
049FD6121B6780,4,-0.5195241243290248,-1.8227487605339738
049FD94A216280,0,0.28272033222779225,0.779534082801396
049FDB121B6780,4,0.6000598691309564,0.09220884562417946
049FDD121B6780,2,1.7698941408367326,-2.3228205171096628
049FDD4A216280,0,-1.0660968916696263,0.2657015272431859
04A0054A216284,0,-1.0660968916696263,0.2657015272431859
04A00C121B6780,2,0.32629891502992153,-1.5011056570198402
04A01C4A216284,0,-1.5319127587129044,-0.06005287174132128
04A01D4A216284,4,1.5628438633960562,-1.1808210717351335
04A01E4A216284,0,-2.0381270606117625,-0.11242340201816521
04A0204A216284,5,-1.2471173359127337,1.0320608577413362
04A0214A216284,5,2.4331866872052985,-1.3964942420720392
04A024121B6780,1,-1.0574840157041085,0.539521453244978
04A0274A216284,1,0.4892976423469466,0.06033703432533575
04A028121B6780,6,-0.5503776903290423,-1.04910880859654
04A0294A216284,4,-0.0537082572857466,-1.4969943615494665
04A02C4A216284,0,-0.14444898303609116,-0.2825614712652097
04A036121B6780,4,0.46495175110701076,0.11233950018181481
04A03C121B6780,1,-0.23393017690208584,-0.09543325365539498
04A046121B6780,6,-0.537931983835143,0.5078545228578973
04A047121B6780,0,-0.3785878570781692,-0.6240344382459769
04A04C4A216284,0,-1.564771130679226,0.027696310840069283
04A04D121B6780,1,0.044240927113319006,0.5295042867806752
04A052121B6780,4,0.36804771382948204,-0.802910248650879
04A056121B6780,0,-0.3661421505842699,0.9329288932084604
04A057121B6780,0,-1.1994930960312238,-1.1186474811710838
04A05E121B6780,0,-1.5319127587129044,-0.06005287174132128
04A05F121B6780,0,-1.0660968916696263,0.2657015272431859
04A060121B6780,0,0.4764607714142906,1.3943909184898267
04A067121B6780,0,-1.5243726958236463,-0.245687557867594
04A069121B6780,0,-1.0660968916696263,0.2657015272431859
04A06E121B6780,0,-1.0585568287803682,0.0800668411169132
04A08C121B6780,1,-0.5916681486608303,0.8652758522294853
04A090121B6780,1,-1.1054225134489462,0.998540008078914
04A0B9121B6780,2,3.344975013586696,-2.192717970715731
04A0BB121B6780,0,0.32136688400718705,0.0431929277192975
04A0BE121B6780,5,1.2323688693011374,1.6638398489187731
04A0D7121B6780,0,-2.0381270606117625,-0.11242340201816521
04A0DA4A216280,0,-1.3430779631310472,-1.187794053633601
04A0DD121B6780,4,1.8381148662443645,0.5741695898835458
04A1014A216284,1,-1.0574840157041085,0.539521453244978
04A1044A216284,4,1.1535335987747273,-0.3179418531792835
04A1054A216284,0,-1.0660968916696263,0.2657015272431859
04A10C121B6780,6,1.6577810924974816,1.802784794058306
04A10D121B6780,0,-1.0660968916696263,0.2657015272431859
04A10E121B6780,0,-0.2234939696710657,0.7271635525245521
04A11C4A216284,0,-0.8319580176275481,0.6071744942239532
04A11D4A216284,2,2.4906080337317396,-0.860671499704542
04A11E4A216284,4,0.20370369492000764,-1.6669784725532433
04A1214A216284,5,1.5265925169321861,2.0673959865036595
04A1274A216284,1,-0.23393017690208584,-0.09543325365539498
04A1294A216284,0,-0.4047887023636646,1.669270048290559
04A12C4A216284,1,-1.1054225134489462,0.998540008078914
04A1394A216284,1,0.42737801240387535,1.308135267391978
04A152121B6780,4,0.36804771382948204,-0.802910248650879
04A153121B6780,4,-0.7008188570216239,-0.880642264767967
04A155121B6780,0,-1.5723111935684841,0.21333099696634197
04A159121B6780,4,1.1600008485877256,-0.9630311514336208
04A15F121B6780,4,0.4882248292706869,-0.39911757780272894
04A162121B6780,0,-2.0381270606117625,-0.11242340201816521
04A169121B6780,0,-1.0660968916696263,0.2657015272431859
04A18C121B6780,1,-0.5916681486608303,0.8652758522294853
04A1A24A216280,1,-1.0650240785933665,0.7251561393712507
04A1B8121B6780,6,2.2552181166450715,-0.251410831816969
04A1BB121B6780,0,0.32136688400718705,0.0431929277192975
04A1BC121B6780,1,0.31285440328080133,0.07893964444420905
04A1BF121B6780,0,-2.0381270606117625,-0.11242340201816521
04A1C2121B6780,2,2.0226297162973497,-0.507755827649694
04A1C4121B6780,1,-0.5992082115500883,1.0509105383557578
04A1D7121B6780,2,3.352515076475954,-2.378352656842004
04A1DA4A216280,5,1.6149840734833292,3.018392452061265
04A1DF121B6780,0,-0.3710477941889112,-0.8096691243722497
04A1E1121B6780,0,-1.0660968916696263,0.2657015272431859
04A1E3121B6780,6,-0.3588543254843808,-1.438980790967959
04A2004A216284,2,0.6551874416542022,0.961057473457295
04A2044A216284,4,1.1535335987747273,-0.3179418531792835
04A20C4A216284,6,0.9792929225488911,-1.5222558253651528
04A20D121B6780,0,-1.1994930960312238,-1.1186474811710838
04A20E121B6780,2,0.8364821743468012,0.018950977691287996
04A219121B6780,2,-0.005047934575499287,0.016943564537986483
04A21A4A216284,0,-0.12585555507041898,0.5248715729278035
04A21B4A216284,0,-2.0381270606117625,-0.11242340201816521
04A2214A216284,0,-1.5319127587129044,-0.06005287174132128
04A228121B6780,0,-2.0381270606117625,-0.11242340201816521
04A2324A216284,0,-0.8086849394638718,0.09571741623940944
04A239121B6780,0,-1.0660968916696263,0.2657015272431859
04A244121B6780,6,-1.2378867249204992,-0.15937284310737718
04A253121B6780,0,-1.3430779631310472,-1.187794053633601
04A255121B6780,0,-2.0381270606117625,-0.11242340201816521
04A261121B6780,4,1.0134882143660826,0.749669684655854
04A266121B6780,1,-1.0574840157041085,0.539521453244978
04A268121B6780,6,1.3790191719042044,-0.17374062437369098
04A271121B6780,0,-0.3428690724205936,0.4214718152239167
04A2B54A216280,6,-0.5071188427822086,-0.18923724125291919
04A2B6121B6780,6,0.5381281635679925,-2.0396823126269625
04A2B8121B6780,6,2.2552181166450715,-0.251410831816969
04A2BC121B6780,0,-1.564771130679226,0.027696310840069283
04A2BE121B6780,0,-0.3972486394744067,1.4836353621642862
04A2BF121B6780,2,1.3437692893219186,0.530776120096197
04A2C1121B6780,6,-0.7305996099453815,0.35245229929753136
04A2C2121B6780,2,2.0226297162973497,-0.507755827649694
04A2C4121B6780,4,3.003885474372999,1.5671513548333273
04A2DB121B6780,4,1.5617710503197966,-1.6402756838631982
04A2DF121B6780,0,-0.3710477941889112,-0.8096691243722497
04A2E1121B6780,1,-0.5992082115500883,1.0509105383557578
04A2FD4A216280,0,-1.5319127587129044,-0.06005287174132128
04A3004A216284,0,-2.0381270606117625,-0.11242340201816521
04A30A121B6780,1,-0.3775150440019095,-0.16457982611791225
04A30D121B6780,0,-2.0381270606117625,-0.11242340201816521
04A30F121B6780,0,-1.3073591784734717,-0.14228780016370723
04A315121B6780,1,1.4317047027901322,0.3069956872567867
04A319121B6780,2,-0.005047934575499287,0.016943564537986483
04A31A4A216284,4,1.1768066769384034,-0.8293989311638271
04A31B4A216284,0,-2.0381270606117625,-0.11242340201816521
04A3224A216284,0,-2.0381270606117625,-0.11242340201816521
04A32D4A216284,0,-1.0660968916696263,0.2657015272431859
04A3324A216284,0,-2.0381270606117625,-0.11242340201816521
04A339121B6780,6,-0.7316724230216414,-0.10700231283053326
04A354121B6780,4,1.5882429769278683,0.5585190147610496
04A356121B6780,0,-0.18777518501349003,1.7726698059944457
04A358121B6780,1,-0.3417962593443339,0.8809264273519815
04A359121B6780,0,-0.8772620960877692,-0.8620396546490936
04A35A121B6780,0,-0.16157433972799465,-0.5206346805420903
04A35B121B6780,5,1.1416281435507931,2.8782727392030303
04A364121B6780,0,-0.9110030042625226,1.6168995180137151
04A366121B6780,4,0.45250604461311134,-1.4446238312726227
04A368121B6780,6,1.3790191719042044,-0.17374062437369098
04A36A121B6780,4,0.3115697773622557,-2.6433381535606193
04A36F121B6780,1,-1.0574840157041085,0.539521453244978
04A370121B6780,0,-1.5319127587129044,-0.06005287174132128
04A371121B6780,5,-0.040948292928519425,1.7516587539834545
04A390121B6780,0,-2.0381270606117625,-0.11242340201816521
04A3B54A216280,6,0.3239750589090719,-1.009826634279565
04A3BC121B6780,0,-1.376818871305801,1.291145119029208
04A3BD121B6780,5,4.397945902879854,2.4636132317254096
04A3BF121B6780,2,2.300800820312755,0.11718171278637626
04A3C1121B6780,6,-1.1974882900649195,-0.43275671181504055
04A3C4121B6780,4,3.003885474372999,1.5671513548333273
04A3C44A216280,0,-1.1788281927694326,-0.577084997156765
04A3D6121B6780,1,0.06964004064513113,2.2688443732768584
04A3D7121B6780,2,1.737035768870411,-2.2350713345282722
04A3DB121B6780,6,0.059337301677387544,1.037481946928968
04A3DB4A216280,1,-1.0650240785933665,0.7251561393712507
04A3DE121B6780,0,-0.8848021589770272,-0.6764049685228208
04A3E7121B6780,4,1.6426225439816815,-0.5036445321793199
04A3FD4A216280,0,-2.0381270606117625,-0.11242340201816521
04A40F121B6780,0,-1.3073591784734717,-0.14228780016370723
04A410121B6780,0,-0.8490833743194516,0.3691012849470728
04A411121B6780,0,-0.8490833743194516,0.3691012849470728
04A415121B6780,6,1.5112311455863883,-1.2021027712375467
04A41C4A216284,1,-1.0650240785933665,0.7251561393712507
04A4224A216284,4,1.0680024549148384,-0.1356828826856046
04A425121B6780,0,-1.5243726958236463,-0.245687557867594
04A432121B6780,6,2.4620833323253946,1.9239120095722693
04A438121B6780,5,-0.04848835581777744,1.9372934401097273
04A445121B6780,0,-1.5319127587129044,-0.06005287174132128
04A4454A216284,0,-2.0381270606117625,-0.11242340201816521
04A450121B6780,5,1.084049728052584,1.2301845095346078
04A451121B6780,2,2.6303600703031815,-2.07466833269467
04A452121B6780,2,2.7025986879995485,-1.2118571070125843
04A454121B6780,1,-0.3699749811126515,-0.350214512244185
04A456121B6780,0,-2.0381270606117625,-0.11242340201816521
04A457121B6780,5,-0.7888415317587134,1.5434499428521162
04A459121B6780,0,-0.8772620960877692,-0.8620396546490936
04A45A121B6780,0,-0.16157433972799465,-0.5206346805420903
04A45B121B6780,0,-1.5723111935684841,0.21333099696634197
04A464121B6780,0,-0.9110030042625226,1.6168995180137151
04A46A121B6780,4,-0.6932787941323659,-1.06627695089424
04A46F121B6780,0,-2.0381270606117625,-0.11242340201816521
04A470121B6780,1,-1.0574840157041085,0.539521453244978
04A48B121B6780,4,1.289695622463017,-1.3511732471592748
04A4AE4A216280,1,1.655068250475581,1.0533187992751174
04A4BC121B6780,1,0.31285440328080133,0.07893964444420905
04A4BD121B6780,4,1.6193494658180054,0.00781254580522383
04A4C44A216280,0,-1.1788281927694326,-0.577084997156765
04A4CD121B6780,0,-1.5319127587129044,-0.06005287174132128
04A4D6121B6780,2,1.265778208351288,0.5274004044636027
04A4D8121B6780,2,2.621747194337664,-2.3484882586964617
04A4D9121B6780,0,0.3184391168853679,1.8250403362712895
04A4DB4A216280,2,0.2231124827856778,-1.843636098190021
04A4DE121B6780,0,-0.10873019837851547,0.762944782204684
04A4E3121B6780,5,3.7753601094529947,-0.3455668994145137
04A4E4121B6780,2,0.7171070715972734,-0.28674075960934753
04A4E64A216280,0,-2.0381270606117625,-0.11242340201816521
04A4E7121B6780,2,2.7025986879995485,-1.2118571070125843
04A4E74A216280,0,-1.5319127587129044,-0.06005287174132128
04A4E84A216280,0,-1.5723111935684841,0.21333099696634197
04A4E94A216280,0,-1.5319127587129044,-0.06005287174132128
04A5034A216284,1,0.9551135093902247,0.386091433309843
04A510121B6780,1,-0.3775150440019095,-0.16457982611791225
04A511121B6780,0,-0.8490833743194516,0.3691012849470728
04A512121B6780,1,-0.3775150440019095,-0.16457982611791225
04A516121B6780,1,-1.0650240785933665,0.7251561393712507
04A5224A216284,6,2.2183749614501527,0.7929917773947798
04A525121B6780,0,-1.369278808416543,1.1055104329029353
04A529121B6780,5,1.9602763387481739,0.5007200147219468
04A52C121B6780,0,-1.0660968916696263,0.2657015272431859
04A5314A216284,4,-0.013309822430166925,-1.77037823025713
04A532121B6780,6,-0.04309057535392452,-0.5372836661916315
04A536121B6780,0,-2.0381270606117625,-0.11242340201816521
04A538121B6780,1,0.8239743487843005,1.8739081923017629
04A541121B6780,0,-1.5243726958236463,-0.245687557867594
04A545121B6780,6,-0.29296573812328786,-1.2190929196003168
04A5454A216284,4,-0.6932787941323659,-1.06627695089424
04A548121B6780,5,0.8277105889230895,1.8596232326664492
04A549121B6780,5,1.5016495464833037,1.5028327984044914
04A54A4A216284,4,-0.052635444209486876,-1.0375397494214018
04A54B121B6780,0,-2.0381270606117625,-0.11242340201816521
04A54C121B6780,0,-0.3785878570781692,-0.6240344382459769
04A54C4A216284,0,-0.9034629413732647,1.4312648318874424
04A54F121B6780,0,-1.5243726958236463,-0.245687557867594
04A550121B6780,4,-0.0537082572857466,-1.4969943615494665
04A552121B6780,2,2.0150896534080918,-0.3221211415234212
04A555121B6780,2,1.0138079496213783,-2.390841622509003
04A556121B6780,0,-2.0381270606117625,-0.11242340201816521
04A557121B6780,5,-0.7888415317587134,1.5434499428521162
04A55C121B6780,2,2.243250070769269,-2.182700804251428
04A55D121B6780,4,0.7099179968188655,-1.6146079422763995
04A560121B6780,2,1.6621627318894272,-1.1696498565033757
04A58B121B6780,4,1.289695622463017,-1.3511732471592748
04A5AE4A216280,6,1.9894927191235658,0.6806149592013983
04A5B64A216280,6,-1.2378867249204992,-0.15937284310737718
04A5C0121B6780,0,-0.9034629413732647,1.4312648318874424
04A5C34A216280,4,-0.013309822430166925,-1.77037823025713
04A5C7121B6780,1,1.8975205698334103,0.6327500862412939
04A5CD121B6780,4,-0.23500298997834557,-0.5548878657834596
04A5D8121B6780,6,0.6866044937081062,-1.0266026764652383
04A5D9121B6780,0,0.3184391168853679,1.8250403362712895
04A5DF121B6780,0,0.32136688400718705,0.0431929277192975
04A5E3121B6780,5,4.462869144044452,-1.2353028649036768
04A5E4121B6780,0,-0.3428690724205936,0.4214718152239167
04A5E64A216280,0,-2.0381270606117625,-0.11242340201816521
04A5E74A216280,1,-1.0650240785933665,0.7251561393712507
04A5E84A216280,0,-1.5723111935684841,0.21333099696634197
04A5E94A216280,0,-1.5319127587129044,-0.06005287174132128
04A5FF4A216280,6,-0.17755959279178188,-2.381087286733966
04A603121B6784,6,-0.9804747727147448,-0.32935695411115373
04A6034A216284,1,0.44889920749136686,0.3337209030329991
04A6064A216284,4,-0.22746292708908755,-0.7405225519097324
04A60B121B6780,0,-0.8723564524831279,0.8805583629316165
04A612121B6780,5,-0.7813014688694554,1.3578152567258435
04A616121B6780,0,-0.8444037241214475,-0.9497888372304841
04A61E4A216284,4,1.1600008485877256,-0.9630311514336208
04A6204A216284,4,0.46004610750236935,-1.6302585173988955
04A6254A216284,0,-0.3428690724205936,0.4214718152239167
04A629121B6780,0,-1.369278808416543,1.1055104329029353
04A62A4A216284,4,0.7099179968188655,-1.6146079422763995
04A630121B6780,5,-0.7813014688694554,1.3578152567258435
04A6314A216284,0,-1.0585568287803682,0.0800668411169132
04A641121B6780,1,-0.17623454192615312,0.2646423234442456
04A649121B6780,5,0.7784217272342712,1.3470625104237608
04A64A121B6780,6,-0.03171768193628499,0.5602250531347412
04A64A4A216284,4,-0.052635444209486876,-1.0375397494214018
04A64B4A216284,1,-1.1054225134489462,0.998540008078914
04A64C4A216284,0,-0.9034629413732647,1.4312648318874424
04A64F121B6780,0,-1.5243726958236463,-0.245687557867594
04A655121B6780,0,-1.5319127587129044,-0.06005287174132128
04A656121B6780,0,-1.5319127587129044,-0.06005287174132128
04A658121B6780,4,1.8137689750044286,0.626172055740025
04A65C121B6780,0,-0.3785878570781692,-0.6240344382459769
04A65D121B6780,0,-0.4226477530062188,-0.2557047243318967
04A660121B6780,1,-0.5992082115500883,1.0509105383557578
04A663121B6780,6,1.6652522199172317,-0.31035939259508194
04A66C121B6780,1,-0.36506933750801007,1.392383505336525
04A682121B6780,0,-1.0585568287803682,0.0800668411169132
04A6A14A216280,0,-0.18777518501349003,1.7726698059944457
04A6B14A216280,0,-1.0660968916696263,0.2657015272431859
04A6B9121B6780,5,1.8018635197804946,3.8223866481223387
04A6BB121B6780,1,0.2433947104484722,1.5123725636371244
04A6BF4A216280,4,1.1610736616639854,-0.5035765393055561
04A6C0121B6780,4,1.466350674371448,0.8930473285986157
04A6C1121B6780,5,0.5545623479900501,1.689271057242308
04A6C34A216280,1,-0.23393017690208584,-0.09543325365539498
04A6C84A216280,0,-0.8086849394638718,0.09571741623940944
04A6D94A216280,2,2.1559313272943856,-2.6742426576809692
04A6DB121B6780,0,-1.5319127587129044,-0.06005287174132128
04A6DD4A216280,0,-0.16157433972799465,-0.5206346805420903
04A6DF121B6780,4,0.3446399621708633,-0.4682641502652463
04A7024A216284,4,0.2648612815852381,-1.1454406898210598
04A703121B6784,5,2.2111737844018235,2.9595074295664885
04A7064A216284,1,-0.5916681486608303,0.8652758522294853
04A7194A216284,0,0.23200290961891626,-1.057691507239669
04A71B4A216284,1,-0.3821946941999136,1.1543102960596445
04A71E4A216284,4,1.1600008485877256,-0.9630311514336208
04A71F4A216284,0,-2.0381270606117625,-0.11242340201816521
04A7204A216284,5,-1.2471173359127337,1.0320608577413362
04A7214A216284,0,-1.564771130679226,0.027696310840069283
04A724121B6780,5,0.19180151314894056,2.1953947981152595
04A7264A216284,0,-2.0381270606117625,-0.11242340201816521
04A728121B6780,0,-0.4189862919337489,-0.3506505695383136
04A72A4A216284,5,0.41840032430176055,2.7225024512222995
04A72C4A216284,5,3.739641324795419,-1.3910731528844074
04A736121B6780,4,1.1524607856984677,-0.7773964653073481
04A73C121B6780,4,-0.7008188570216239,-0.880642264767967
04A73D121B6780,6,0.05179723878812953,1.2231166330552408
04A73E121B6780,4,-0.23500298997834557,-0.5548878657834596
04A7454A216284,0,-0.8723564524831279,0.8805583629316165
04A746121B6780,6,1.7949537553102992,-0.5694436538829537
04A74B4A216284,1,-0.4179134788574892,0.10880404258975099
04A753121B6780,0,-0.4047887023636646,1.669270048290559
04A754121B6780,1,0.6651506815637007,2.2064566765357116
04A756121B6780,0,-0.3661421505842699,0.9329288932084604
04A758121B6780,1,0.12401960769894432,1.2066808263364883
04A75E121B6780,0,-1.5319127587129044,-0.06005287174132128
04A760121B6780,4,-0.22746292708908755,-0.7405225519097324
04A763121B6780,6,1.6652522199172317,-0.31035939259508194
04A767121B6780,0,-1.5319127587129044,-0.06005287174132128
04A76C121B6780,1,-0.36506933750801007,1.392383505336525
04A76E121B6780,0,-1.3148992413627296,0.043346885962565515
04A771121B6780,0,-1.5723111935684841,0.21333099696634197
04A790121B6780,1,-0.5992082115500883,1.0509105383557578
04A7A14A216280,0,-0.18777518501349003,1.7726698059944457
04A7AE121B6780,0,-1.3148992413627296,0.043346885962565515
04A7B14A216280,1,-1.0978824505596882,0.8129053219526414
04A7B9121B6780,5,2.4893725543719514,2.932650682633176
04A7BB121B6780,2,1.3824158411013139,-0.20556503498590195
04A7BE121B6780,5,1.9323236103864936,2.331067214884048
04A7BF4A216280,1,0.3299797599727048,0.3170128537210895
04A7C1121B6780,1,1.1892523834323028,0.7275644002906102
04A7C34A216280,1,-0.23393017690208584,-0.09543325365539498
04A7D4121B6780,1,1.1713649834625586,2.2588272068125557
04A7D6121B6780,2,2.658538792071499,-0.8435273930985037
04A7D94A216280,2,2.1559313272943856,-2.6742426576809692
04A7DB121B6780,0,-1.5319127587129044,-0.06005287174132128
04A7DD121B6780,5,3.5905379182423993,3.8348146195297916
04A7DD4A216280,4,0.45357885768937106,-0.9851692191445579
04A7E4121B6780,4,3.003885474372999,1.5671513548333273
04A809121B6780,1,-1.0650240785933665,0.7251561393712507
04A80C121B6780,6,1.6577810924974816,1.802784794058306
04A81C4A216284,0,-1.5319127587129044,-0.06005287174132128
04A81D4A216284,1,0.1315596705882023,1.0210461402102158
04A81E4A216284,0,-2.0381270606117625,-0.11242340201816521
04A8204A216284,5,-1.2471173359127337,1.0320608577413362
04A8214A216284,0,-0.8490833743194516,0.3691012849470728
04A824121B6780,5,0.19180151314894056,2.1953947981152595
04A8264A216284,0,-2.0381270606117625,-0.11242340201816521
04A8274A216284,1,0.044240927113319006,0.5295042867806752
04A828121B6780,0,-0.8848021589770272,-0.6764049685228208
04A8294A216284,6,0.32865470910707606,-2.328716756457122
04A82C4A216284,4,1.6426225439816815,-0.5036445321793199
04A836121B6780,1,-0.5916681486608303,0.8652758522294853
04A83C121B6780,4,-0.7008188570216239,-0.880642264767967
04A83D121B6780,6,0.5176131058314075,1.548871032039748
04A846121B6780,6,0.32111464621781804,-2.143082070330849
04A847121B6780,6,1.769668654129296,1.0710499574807222
04A84D121B6780,1,0.044240927113319006,0.5295042867806752
04A854121B6780,1,0.6651506815637007,2.2064566765357116
04A856121B6780,0,-1.5319127587129044,-0.06005287174132128
04A857121B6780,1,0.345712775247123,-0.008809538137181565
04A85E121B6780,0,-1.5319127587129044,-0.06005287174132128
04A85F121B6780,4,0.4882248292706869,-0.39911757780272894
04A867121B6780,0,-1.5319127587129044,-0.06005287174132128
04A869121B6780,5,2.6101927272245797,-0.6657755351074732
04A86E121B6780,0,-1.3148992413627296,0.043346885962565515
04A88C121B6780,6,2.6280362141823317,-1.583389309954395
04A890121B6780,0,-2.0381270606117625,-0.11242340201816521
04A8AE121B6780,0,-1.3148992413627296,0.043346885962565515
04A8B44A216280,4,2.9924936735434433,-1.0029127160434659
04A8BB121B6780,1,0.8239743487843005,1.8739081923017629
04A8BE121B6780,5,2.6026526643353214,-0.48014084898120046
04A8C4121B6780,4,1.8445821160573628,-0.07091970837079155
04A8D6121B6780,0,-1.3506180260203053,-1.0021593675073281
04A8D7121B6780,0,-2.0381270606117625,-0.11242340201816521
04A8DA4A216280,5,1.6149840734833292,3.018392452061265
04A8DD121B6780,2,1.7698941408367326,-2.3228205171096628
04A9054A216284,1,-0.5992082115500883,1.0509105383557578
04A90C121B6780,0,-0.8086849394638718,0.09571741623940944
04A90D121B6780,0,-1.1994930960312238,-1.1186474811710838
04A91D4A216284,4,1.5628438633960562,-1.1808210717351335
04A91F4A216284,0,-0.3785878570781692,-0.6240344382459769
04A9214A216284,5,1.5265925169321861,2.0673959865036595
04A9294A216284,6,0.32865470910707606,-2.328716756457122
04A92C4A216284,1,-0.37465463131065563,0.968675609933372
04A952121B6780,4,1.0555567484209387,-1.692646214140042
04A955121B6780,0,-2.0381270606117625,-0.11242340201816521
04A957121B6780,0,-2.0381270606117625,-0.11242340201816521
04A95F121B6780,4,0.4882248292706869,-0.39911757780272894
04A962121B6780,0,-2.0381270606117625,-0.11242340201816521
04A969121B6780,5,2.6101927272245797,-0.6657755351074732
04A98C121B6780,1,-1.0574840157041085,0.539521453244978
04A99B121B6780,0,-0.6506632849349492,-0.3349320015420536
04A9BB121B6780,1,0.8239743487843005,1.8739081923017629
04A9BC121B6780,0,-1.564771130679226,0.027696310840069283
04A9BE121B6780,0,-0.3972486394744067,1.4836353621642862
04A9BF121B6780,2,1.3437692893219186,0.530776120096197
04A9C14A216280,0,-0.6273902067712729,-0.8463890795265973
04A9C2121B6780,4,1.1881795703560432,0.26810978816254555
04A9C4121B6780,4,1.8445821160573628,-0.07091970837079155
04A9D7121B6780,0,-2.0381270606117625,-0.11242340201816521
04A9DA4A216280,4,0.7099179968188655,-1.6146079422763995
04A9DF121B6780,0,0.7431228551224156,0.7372770406178849
04A9E1121B6780,5,0.09019086767740486,0.2638419949915344
04AA014A216284,0,-2.0381270606117625,-0.11242340201816521
04AA044A216284,6,0.7880033263373558,-1.3578730592182773
04AA0A121B6780,1,-1.0650240785933665,0.7251561393712507
04AA0D121B6780,0,-1.1994930960312238,-1.1186474811710838
04AA0E121B6780,4,-0.7008188570216239,-0.880642264767967
04AA19121B6780,2,-0.005047934575499287,0.016943564537986483
04AA2C4A216284,1,-1.1054225134489462,0.998540008078914
04AA324A216284,0,-1.3506180260203053,-1.0021593675073281
04AA39121B6780,0,-1.564771130679226,0.027696310840069283
04AA44121B6780,6,-0.5303919209458849,0.32221983673162463
04AA4E121B6780,0,-1.5723111935684841,0.21333099696634197
04AA53121B6780,1,-1.0574840157041085,0.539521453244978
04AA58121B6780,0,-0.24135302031361985,-1.1978112200979036
04AA59121B6780,0,-0.8086849394638718,0.09571741623940944
04AA62121B6780,0,-2.0381270606117625,-0.11242340201816521
04AA66121B6780,4,-0.013309822430166925,-1.77037823025713
04AA68121B6780,6,1.5187712084756464,-1.3877374573638195
04AA9E121B6780,0,-2.0381270606117625,-0.11242340201816521
04AAB54A216280,6,-1.2378867249204992,-0.15937284310737718
04AAB8121B6780,2,4.485617589506095,1.553022892898651
04AABC121B6780,0,-0.9110030042625226,1.6168995180137151
04AABE121B6780,0,-0.20350820028790834,2.098492197852717
04AAC1121B6780,1,0.10074652953526808,1.7181379043210323
04AAC2121B6780,4,1.8756886049475001,-0.6216261773266175
04AAC4121B6780,4,2.751887549688367,-0.6992963847698953
04AADB121B6780,4,1.5617710503197966,-1.6402756838631982
04AADF121B6780,4,1.4306318897138726,-0.152458924871278
04AAE0121B6780,4,3.003885474372999,1.5671513548333273
04AAE1121B6780,1,0.08830082304136871,0.16117457286659492
04AB004A216284,1,-0.5916681486608303,0.8652758522294853
04AB0A121B6780,1,-0.3775150440019095,-0.16457982611791225
04AB0F121B6780,0,-1.3073591784734717,-0.14228780016370723
04AB15121B6780,0,-0.16157433972799465,-0.5206346805420903
04AB19121B6780,2,-0.005047934575499287,0.016943564537986483
04AB1B4A216284,0,-2.0381270606117625,-0.11242340201816521
04AB224A216284,0,-2.0381270606117625,-0.11242340201816521
04AB324A216284,6,-1.0161935573723204,-1.3748632075810474
04AB39121B6780,0,-1.564771130679226,0.027696310840069283
04AB3A4A216284,0,-1.5243726958236463,-0.245687557867594
04AB444A216284,2,-0.4719366146950372,-0.7682654465745854
04AB4A4A216284,0,-1.0660968916696263,0.2657015272431859
04AB53121B6780,1,-1.0574840157041085,0.539521453244978
04AB54121B6780,1,-0.3775150440019095,-0.16457982611791225
04AB56121B6780,0,-2.0381270606117625,-0.11242340201816521
04AB58121B6780,4,-0.5195241243290248,-1.8227487605339738
04AB59121B6780,0,-0.8086849394638718,0.09571741623940944
04AB5B121B6780,2,-0.24738303445560456,-0.8505003749969712
04AB64121B6780,0,-0.9110030042625226,1.6168995180137151
04AB66121B6780,4,-0.013309822430166925,-1.77037823025713
04AB68121B6780,6,2.6280362141823317,-1.583389309954395
04AB6A121B6780,4,0.16798491026243204,-2.7124847260231366
04AB6F121B6780,0,-2.0381270606117625,-0.11242340201816521
04AB70121B6780,0,-1.564771130679226,0.027696310840069283
04AB87121B6780,0,0.05390375191784583,1.9285080868489404
04AB90121B6780,0,-2.0381270606117625,-0.11242340201816521
04ABB54A216280,6,-1.2378867249204992,-0.15937284310737718
04ABB8121B6780,4,1.1881795703560432,0.26810978816254555
04ABBC121B6780,1,0.31285440328080133,0.07893964444420905
04ABBD121B6780,4,1.6193494658180054,0.00781254580522383
04ABBF121B6780,4,2.7286144715246907,-0.18783930678535166
04ABC1121B6780,1,0.10074652953526808,1.7181379043210323
04ABC4121B6780,4,2.751887549688367,-0.6992963847698953
04ABC44A216280,0,-1.5723111935684841,0.21333099696634197
04ABD2121B6780,0,-0.8086849394638718,0.09571741623940944
04ABD6121B6780,0,-1.5243726958236463,-0.245687557867594
04ABD7121B6780,6,1.4379197148137612,-2.524368609047697
04ABDB121B6780,4,0.8742620157283398,-0.7505397183740351
04ABDB4A216280,4,0.2838675484410588,0.7240614271342328
04ABDD121B6780,2,1.826372077303959,-0.482392612199923
04ABDE121B6780,2,1.381343028025054,-0.6650196471139665
04ABE7121B6780,0,-0.9034629413732647,1.4312648318874424
04AC0F121B6780,2,2.2575419727659214,-0.7426898545572447
04AC10121B6780,1,-0.3775150440019095,-0.16457982611791225
04AC15121B6780,1,1.4317047027901322,0.3069956872567867
04AC224A216284,5,1.1480953933637914,2.2331834409486926
04AC38121B6780,1,0.8239743487843005,1.8739081923017629
04AC3A4A216284,0,-1.5243726958236463,-0.245687557867594
04AC43121B6780,4,-0.0008641159362675583,-0.2134148988026926
04AC45121B6780,0,-0.1398366872686525,1.3136512511605096
04AC48121B6780,0,-1.207033158920482,-0.9330127950448109
04AC494A216284,0,-0.18777518501349003,1.7726698059944457
04AC4A4A216284,0,-1.0660968916696263,0.2657015272431859
04AC4B121B6780,0,-2.0381270606117625,-0.11242340201816521
04AC4C121B6780,0,-0.3785878570781692,-0.6240344382459769
04AC4F121B6780,5,1.8390264102307095,-0.3625272682542679
04AC50121B6780,0,-1.3506180260203053,-1.0021593675073281
04AC52121B6780,4,0.46004610750236935,-1.6302585173988955
04AC53121B6780,4,0.37558777671873994,-0.9885449347771519
04AC54121B6780,1,-0.3775150440019095,-0.16457982611791225
04AC57121B6780,5,-0.7888415317587134,1.5434499428521162
04AC59121B6780,4,-0.22746292708908755,-0.7405225519097324
04AC5B121B6780,5,0.4059546178078612,1.1655391197678617
04AC61121B6780,0,-2.0381270606117625,-0.11242340201816521
04AC6A121B6780,4,-0.5195241243290248,-1.8227487605339738
04AC6F121B6780,1,-1.0574840157041085,0.539521453244978
04AC70121B6780,0,-1.564771130679226,0.027696310840069283
04AC90121B6780,1,0.0958408859306267,-0.02446011325967774
04ACAE4A216280,0,-1.0585568287803682,0.0800668411169132
04ACBC121B6780,0,-1.5243726958236463,-0.245687557867594
04ACBD121B6780,4,0.6555384297650524,-0.5524443953360295
04ACC7121B6780,4,1.6193494658180054,0.00781254580522383
04ACCD121B6780,6,1.0158127555876826,-1.7049508531529605
04ACD6121B6780,2,2.186236084430839,0.8076954463959237
04ACD8121B6780,2,1.9417782226354647,-1.644386979333572
04ACD9121B6780,1,2.5945475437969474,3.081824860758561
04ACDB121B6780,6,-0.5303919209458849,0.32221983673162463
04ACDB4A216280,1,-1.0650240785933665,0.7251561393712507
04ACDE121B6780,2,-0.5123350495506169,-0.49488157786692216
04ACE3121B6780,6,1.6180244149523764,-2.6379170643729872
04ACE4121B6780,0,-0.3428690724205936,0.4214718152239167
04ACE7121B6780,0,-0.9034629413732647,1.4312648318874424
04ACE74A216280,1,-1.0650240785933665,0.7251561393712507
04ACE84A216280,0,-1.5723111935684841,0.21333099696634197
04AD0B121B6780,2,1.7513276708670635,-0.7950603848340886
04AD10121B6780,1,-0.3775150440019095,-0.16457982611791225
04AD11121B6780,0,-0.8490833743194516,0.3691012849470728
04AD12121B6780,1,-1.0650240785933665,0.7251561393712507
04AD16121B6780,0,-2.0381270606117625,-0.11242340201816521
04AD21121B6780,2,1.0138079496213783,-2.390841622509003
04AD224A216284,5,1.1480953933637914,2.2331834409486926
04AD30121B6780,6,0.012471617008809473,1.9559551138909688
04AD314A216284,0,-1.0585568287803682,0.0800668411169132
04AD32121B6780,6,2.4620833323253946,1.9239120095722693
04AD36121B6780,0,-1.3506180260203053,-1.0021593675073281
04AD38121B6780,0,-2.0381270606117625,-0.11242340201816521
04AD41121B6780,1,-0.17623454192615312,0.2646423234442456
04AD48121B6780,4,-0.5195241243290248,-1.8227487605339738
04AD49121B6780,0,-0.16157433972799465,-0.5206346805420903
04AD494A216284,0,-0.18777518501349003,1.7726698059944457
04AD4A4A216284,4,1.1439483049720816,-0.7416497485824365
04AD4C121B6780,4,-0.23500298997834557,-0.5548878657834596
04AD4C4A216284,4,-0.00576975954090891,-1.9560129163834028
04AD4D4A216284,0,-1.0660968916696263,0.2657015272431859
04AD4F121B6780,0,-1.5243726958236463,-0.245687557867594
04AD52121B6780,2,1.871504786308268,-0.3912677139859385
04AD55121B6780,0,-1.5319127587129044,-0.06005287174132128
04AD56121B6780,0,-1.5319127587129044,-0.06005287174132128
04AD57121B6780,6,1.4850303003008927,1.0912017152989895
04AD59121B6780,4,-0.22746292708908755,-0.7405225519097324
04AD5C121B6780,0,-1.5243726958236463,-0.245687557867594
04AD5D121B6780,0,-0.4226477530062188,-0.2557047243318967
04AD60121B6780,1,-0.5992082115500883,1.0509105383557578
04AD8B121B6780,4,0.5897408813776606,-2.0184006131245495
04ADAE4A216280,0,-1.0585568287803682,0.0800668411169132
04ADBF121B6780,1,1.8975205698334103,0.6327500862412939
04ADC0121B6780,6,-0.2647837429021032,0.6782066982820387
04ADC7121B6780,4,-0.00576975954090891,-1.9560129163834028
04ADC84A216280,0,-0.8086849394638718,0.09571741623940944
04ADCD121B6780,0,-1.5319127587129044,-0.06005287174132128
04ADD8121B6780,2,2.621747194337664,-2.3484882586964617
04ADD9121B6780,2,4.485617589506095,1.553022892898651
04ADDF121B6780,1,0.08830082304136871,0.16117457286659492
04ADE3121B6780,6,0.786930513261096,-1.817327671346342
04ADE4121B6780,2,2.621747194337664,-2.3484882586964617
04ADE64A216280,0,-0.3785878570781692,-0.6240344382459769
04ADE74A216280,0,-1.5319127587129044,-0.06005287174132128
04ADE84A216280,4,0.3521800250601213,-0.6538988363915189
04AE024A216284,0,-2.0381270606117625,-0.11242340201816521
04AE03121B6784,5,2.1618849227130053,2.4469467073238
04AE034A216284,0,-1.5723111935684841,0.21333099696634197
04AE0B121B6780,1,0.2318856901411923,0.2303211453291123
04AE12121B6780,1,-0.3775150440019095,-0.16457982611791225
04AE16121B6780,0,-2.0381270606117625,-0.11242340201816521
04AE1B4A216284,1,-0.403715889287405,2.1287246604186243
04AE1CF2185084,4,0.2648612815852381,-1.1454406898210598
04AE1E4A216284,0,-1.3430779631310472,-1.187794053633601
04AE1F4A216284,0,-1.5319127587129044,-0.06005287174132128
04AE244A216284,5,2.6392414328436207,1.2646736237581069
04AE29121B6780,0,-1.369278808416543,1.1055104329029353
04AE2A4A216284,1,-0.3775150440019095,-0.16457982611791225
04AE30121B6780,6,0.012471617008809473,1.9559551138909688
04AE314A216284,0,-1.0585568287803682,0.0800668411169132
04AE324A216284,1,0.3581584817410224,1.5481537933172558
04AE36121B6780,0,-1.3506180260203053,-1.0021593675073281
04AE3E121B6780,4,0.4882248292706869,-0.39911757780272894
04AE41121B6780,0,-1.5319127587129044,-0.06005287174132128
04AE49121B6780,4,0.4882248292706869,-0.39911757780272894
04AE4A4A216284,4,1.1439483049720816,-0.7416497485824365
04AE4B4A216284,1,-0.4179134788574892,0.10880404258975099
04AE4C4A216284,4,-0.00576975954090891,-1.9560129163834028
04AE53121B6780,5,-0.7888415317587134,1.5434499428521162
04AE55121B6780,0,-1.3148992413627296,0.043346885962565515
04AE56121B6780,5,-0.7484430969031338,1.2700660741444527
04AE58121B6780,1,0.12401960769894432,1.2066808263364883
04AE59121B6780,1,-0.23393017690208584,-0.09543325365539498
04AE5C121B6780,0,-0.3785878570781692,-0.6240344382459769
04AE5D121B6780,0,-0.4226477530062188,-0.2557047243318967
04AE60121B6780,1,-0.5992082115500883,1.0509105383557578
04AE63121B6780,6,0.09942147866963919,-0.927591705857179
04AE71121B6780,4,0.6770596248525438,-1.5268587596950087
04AE82121B6780,0,-1.6725967881743908,0.9275078040208286
04AE8F121B6780,0,-0.8723564524831279,0.8805583629316165
04AEB14A216280,1,-1.0978824505596882,0.8129053219526414
04AEB9121B6780,0,-0.3428690724205936,0.4214718152239167
04AEBC121B6780,6,0.9317054129149034,-2.576739139324541
04AEBF121B6780,4,2.2849988695688292,-1.4845053958824677
04AEBF4A216280,0,-1.0585568287803682,0.0800668411169132
04AEC0121B6780,4,0.919394724732649,-0.6594148201600506
04AEC1121B6780,1,1.1892523834323028,0.7275644002906102
04AEC84A216280,5,-0.08781397759709736,2.6701319209454555
04AED94A216280,4,1.2972356853522748,-1.5368079332855478
04AEDB121B6780,2,1.1915358146060693,0.3128335653769517
04AEDD4A216280,4,0.022408962227408683,-0.7248719767872362
04AEDF121B6780,4,0.3446399621708633,-0.4682641502652463
04AF024A216284,0,-2.0381270606117625,-0.11242340201816521
04AF03121B6784,0,-0.6149445002773735,0.7105742519278401
04AF064A216284,4,-0.22746292708908755,-0.7405225519097324
04AF09121B6780,0,-0.3785878570781692,-0.6240344382459769
04AF194A216284,4,0.7382172115177741,-1.0053209769628253
04AF1B121B6780,0,-1.5723111935684841,0.21333099696634197
04AF1B4A216284,1,-0.403715889287405,2.1287246604186243
04AF1E4A216284,0,-1.3430779631310472,-1.187794053633601
04AF264A216284,0,-1.564771130679226,0.027696310840069283
04AF28121B6780,0,-0.8848021589770272,-0.6764049685228208
04AF2A4A216284,0,-1.564771130679226,0.027696310840069283
04AF2C4A216284,1,0.8115286422904011,0.31694486084732565
04AF324A216284,4,-0.0537082572857466,-1.4969943615494665
04AF3D121B6780,1,-0.5992082115500883,1.0509105383557578
04AF4A121B6780,1,0.2318856901411923,0.2303211453291123
04AF4B4A216284,1,-0.4179134788574892,0.10880404258975099
04AF4D121B6780,1,-0.5512697138052507,0.5918919835218219
04AF53121B6780,0,-0.4047887023636646,1.669270048290559
04AF54121B6780,0,-1.5723111935684841,0.21333099696634197
04AF56121B6780,0,-1.5319127587129044,-0.06005287174132128
04AF58121B6780,0,-0.6273902067712729,-0.8463890795265973
04AF59121B6780,0,-1.5319127587129044,-0.06005287174132128
04AF5E121B6780,4,1.1768066769384034,-0.8293989311638271
04AF63121B6780,6,-0.7316724230216414,-0.10700231283053326
04AF65121B6780,2,0.6938339934335972,0.22471631837519623
04AF67121B6780,0,-1.5243726958236463,-0.245687557867594
04AF6E121B6780,5,1.293526455966368,2.1853776316509568
04AF71121B6780,1,1.1581458945421659,1.278270869246436
04AF90121B6780,4,0.45357885768937106,-0.9851692191445579
04AFA14A216280,0,-1.564771130679226,0.027696310840069283
04AFAE121B6780,0,-0.8368636612321894,-1.1354235233567571
04AFB14A216280,1,-1.0978824505596882,0.8129053219526414
04AFB44A216280,4,2.9924936735434433,-1.0029127160434659
04AFB9121B6780,0,-0.3428690724205936,0.4214718152239167
04AFBE121B6780,1,-0.23393017690208584,-0.09543325365539498
04AFBF121B6780,2,1.9342381597462068,-1.4587522932072992
04AFBF4A216280,0,-1.0585568287803682,0.0800668411169132
04AFC1121B6780,2,3.8243094002001334,0.1494543718512779
04AFC34A216280,1,-1.1054225134489462,0.998540008078914
04AFC94A216280,4,0.6075999320202143,-0.09342584050209342
04AFCF4A216280,0,-1.3073591784734717,-0.14228780016370723
04AFD6121B6780,5,1.8390264102307095,-0.3625272682542679
04AFD94A216280,4,1.2972356853522748,-1.5368079332855478
04AFDB121B6780,2,1.1915358146060693,0.3128335653769517
04AFDD121B6780,2,2.24815571437391,-0.44010278667071834
04AFDD4A216280,4,0.022408962227408683,-0.7248719767872362
04B0054A216284,1,-0.5992082115500883,1.0509105383557578
04B00C121B6780,0,-0.8086849394638718,0.09571741623940944
04B01C4A216284,1,-0.22639011401282783,-0.2810679397816678
04B01D4A216284,0,-2.0381270606117625,-0.11242340201816521
04B01E4A216284,4,0.46004610750236935,-1.6302585173988955
04B0204A216284,5,-1.2471173359127337,1.0320608577413362
04B0214A216284,0,-1.564771130679226,0.027696310840069283
04B0264A216284,0,-1.899195599327211,0.4004001509137885
04B028121B6780,0,-0.8848021589770272,-0.6764049685228208
04B0394A216284,0,-1.564771130679226,0.027696310840069283
04B03D121B6780,1,-0.5992082115500883,1.0509105383557578
04B046121B6780,6,0.32111464621781804,-2.143082070330849
04B047121B6780,2,2.829644798147163,0.36283738264745824
04B0494A216284,0,-0.7412172918772035,-0.6072583960603035
04B04D121B6780,6,2.2187259495610028,-0.7205100913985448
04B052121B6780,4,1.5617710503197966,-1.6402756838631982
04B056121B6780,0,-1.5243726958236463,-0.245687557867594
04B057121B6780,0,-2.0381270606117625,-0.11242340201816521
04B05E121B6780,0,-1.3506180260203053,-1.0021593675073281
04B065121B6780,2,0.6938339934335972,0.22471631837519623
04B067121B6780,4,0.42072048572304915,-0.8974200365631673
04B069121B6780,4,1.139214030823352,-1.1061585155040845
04B08C121B6780,0,-1.5723111935684841,0.21333099696634197
04B090121B6780,4,1.5628438633960562,-1.1808210717351335
04B0AE121B6780,0,-1.5243726958236463,-0.245687557867594
04B0BB121B6780,5,5.956596285907323,1.993405873295262
04B0BC121B6780,5,4.053080533704276,1.9652445097007343
04B0BE121B6780,1,-0.23393017690208584,-0.09543325365539498
04B0C4121B6780,0,-0.9213219920158188,-0.49370994073501345
04B0CF121B6780,5,3.9317790477257275,3.651360701534227
04B0D6121B6780,4,1.5693111132090545,-1.825910369989471
04B0D7121B6780,1,0.3224396970834468,0.5026475398473622
04B0DD121B6780,2,2.9356647489653667,-1.3298387521598816
04B1014A216284,1,-0.5916681486608303,0.8652758522294853
04B1054A216284,1,-0.5992082115500883,1.0509105383557578
04B10D121B6780,0,-1.3148992413627296,0.043346885962565515
04B10E121B6780,4,-0.7008188570216239,-0.880642264767967
04B11C4A216284,1,-0.22639011401282783,-0.2810679397816678
04B11D4A216284,1,0.1315596705882023,1.0210461402102158
04B11E4A216284,4,0.46004610750236935,-1.6302585173988955
04B1214A216284,4,-0.5195241243290248,-1.8227487605339738
04B12C4A216284,4,0.691257214422628,0.4930618581338641
04B1354A216284,1,-0.5992082115500883,1.0509105383557578
04B1394A216284,4,-0.5727564751695712,-0.8160578692607676
04B143121B6780,6,-0.0441633884301843,-0.9967382783196962
04B1464A216284,6,0.9317054129149034,-2.576739139324541
04B1494A216284,0,-0.7412172918772035,-0.6072583960603035
04B152121B6780,4,1.0555567484209387,-1.692646214140042
04B155121B6780,5,0.5778354261537262,1.177813979257764
04B157121B6780,0,-2.0381270606117625,-0.11242340201816521
04B15F121B6780,0,-0.15403427683873663,-0.7062693666683628
04B162121B6780,0,-1.564771130679226,0.027696310840069283
04B169121B6780,1,0.06964004064513113,2.2688443732768584
04B179121B6780,4,0.45250604461311134,-1.4446238312726227
04B18C121B6780,0,-1.5723111935684841,0.21333099696634197
04B1BB121B6780,5,5.956596285907323,1.993405873295262
04B1BC121B6780,0,-0.3785878570781692,-0.6240344382459769
04B1BE121B6780,0,-0.20350820028790834,2.098492197852717
04B1C2121B6780,4,1.8756886049475001,-0.6216261773266175
04B1C4121B6780,0,-0.9213219920158188,-0.49370994073501345
04B1CF121B6780,1,-0.5992082115500883,1.0509105383557578
04B1D7121B6780,0,-2.0381270606117625,-0.11242340201816521
04B1DF121B6780,4,0.45250604461311134,-1.4446238312726227
04B1E0121B6780,0,-1.0585568287803682,0.0800668411169132
04B1E1121B6780,0,-1.0660968916696263,0.2657015272431859
04B20A121B6780,4,0.9036584360053639,-0.9997511065879687
04B20C121B6780,1,0.7957956270159829,0.6427672527055968
04B20D121B6780,0,-1.1994930960312238,-1.1186474811710838
04B20E121B6780,4,0.45357885768937106,-0.9851692191445579
04B219121B6780,2,-0.005047934575499287,0.016943564537986483
04B21A4A216284,4,-0.22746292708908755,-0.7405225519097324
04B2214A216284,4,-0.5195241243290248,-1.8227487605339738
04B2224A216284,0,-0.3972486394744067,1.4836353621642862
04B2274A216284,4,-0.010449409738913033,-0.6371227942058456
04B228121B6780,0,-1.0660968916696263,0.2657015272431859
04B2304A216284,0,-1.564771130679226,0.027696310840069283
04B2324A216284,5,4.531089869452084,1.6616872420895323
04B239121B6780,0,-1.3506180260203053,-1.0021593675073281
04B2464A216284,6,0.9317054129149034,-2.576739139324541
04B24E121B6780,0,-1.5723111935684841,0.21333099696634197
04B253121B6780,6,-0.2647837429021032,0.6782066982820387
04B255121B6780,5,0.5778354261537262,1.177813979257764
04B259121B6780,4,-0.7008188570216239,-0.880642264767967
04B25F121B6780,0,-0.15403427683873663,-0.7062693666683628
04B262121B6780,0,-1.564771130679226,0.027696310840069283
04B266121B6780,1,-0.22639011401282783,-0.2810679397816678
04B268121B6780,6,0.786930513261096,-1.817327671346342
04B271121B6780,0,-1.5243726958236463,-0.245687557867594
04B279121B6780,4,-0.23500298997834557,-0.5548878657834596
04B280121B6780,0,-1.5723111935684841,0.21333099696634197
04B29B121B6780,0,-1.338172319526406,0.5548039639471093
04B2B24A216280,0,0.7739359961753497,0.04018527650706846
04B2B54A216280,6,-1.2454267878097574,0.026261843018895604
04B2B6121B6780,6,0.8728048700053466,-0.2261111546505349
04B2B8121B6780,5,1.4314680286855648,0.9633092366760174
04B2BC121B6780,0,-0.3785878570781692,-0.6240344382459769
04B2BE121B6780,5,1.6074440105940713,3.204027138187538
04B2C1121B6780,0,-2.0381270606117625,-0.11242340201816521
04B2C2121B6780,0,-0.8848021589770272,-0.6764049685228208
04B2C4121B6780,2,4.044929754672053,-1.5254906047504568
04B2DB121B6780,5,2.847848176906681,1.5205585266050414
04B2DF121B6780,4,0.45250604461311134,-1.4446238312726227
04B2E0121B6780,0,-1.5723111935684841,0.21333099696634197
04B2E1121B6780,5,0.09019086767740486,0.2638419949915344
04B3004A216284,5,2.2008824626032504,0.1971036834483767
04B30A121B6780,4,0.9036584360053639,-0.9997511065879687
04B30F121B6780,2,3.088635874457202,-1.5632792475838904
04B315121B6780,0,-0.16157433972799465,-0.5206346805420903
04B31A4A216284,0,-0.8490833743194516,0.3691012849470728
04B31B4A216284,0,-1.0660968916696263,0.2657015272431859
04B3224A216284,0,-0.8086849394638718,0.09571741623940944
04B3324A216284,5,5.23104461053744,2.328914608054807
04B339121B6780,0,-1.3506180260203053,-1.0021593675073281
04B33A4A216284,0,-1.5723111935684841,0.21333099696634197
04B34E121B6780,1,-1.5712383804922243,0.6727856090944068
04B34F121B6780,5,1.8390264102307095,-0.3625272682542679
04B353121B6780,6,3.0863120183363515,-1.0720002248436147
04B356121B6780,4,0.4611189205786291,-1.1708039052708308
04B358121B6780,0,-2.0381270606117625,-0.11242340201816521
04B359121B6780,4,-0.7008188570216239,-0.880642264767967
04B35A121B6780,0,-2.0381270606117625,-0.11242340201816521
04B35B121B6780,0,-1.5319127587129044,-0.06005287174132128
04B361121B6780,4,1.0134882143660826,0.749669684655854
04B364121B6780,1,-1.5712383804922243,0.6727856090944068
04B366121B6780,4,0.4611189205786291,-1.1708039052708308
04B368121B6780,6,0.605635780568497,-0.8752211755803351
04B36A121B6780,4,0.4084461486850616,-1.0762941173585427
04B36F121B6780,0,-2.0381270606117625,-0.11242340201816521
04B370121B6780,1,1.9790511334952203,1.7728839121715427
04B371121B6780,1,-0.14805582015783553,1.495783263040412
04B390121B6780,1,0.0958408859306267,-0.02446011325967774
04B3B24A216280,0,0.7739359961753497,0.04018527650706846
04B3B6121B6780,6,0.8728048700053466,-0.2261111546505349
04B3B8121B6780,5,1.4314680286855648,0.9633092366760174
04B3BC121B6780,0,-1.5243726958236463,-0.245687557867594
04B3BD121B6780,0,-0.3785878570781692,-0.6240344382459769
04B3C44A216280,0,-1.564771130679226,0.027696310840069283
04B3D2121B6780,2,2.9561716629856485,-2.721192098770181
04B3D6121B6780,0,-1.5243726958236463,-0.245687557867594
04B3D7121B6780,6,1.4379197148137612,-2.524368609047697
04B3DB121B6780,5,2.8553882397959387,1.3349238404787687
04B3DB4A216280,6,0.3164349960198138,-0.8241919481532921
04B3DE121B6780,1,0.10074652953526808,1.7181379043210323
04B3E7121B6780,0,-1.0660968916696263,0.2657015272431859
04B4004A216284,5,2.2008824626032504,0.1971036834483767
04B40F121B6780,0,-1.3148992413627296,0.043346885962565515
04B410121B6780,1,-0.3775150440019095,-0.16457982611791225
04B415121B6780,0,-0.16157433972799465,-0.5206346805420903
04B419121B6780,2,-0.005047934575499287,0.016943564537986483
04B432121B6780,0,-0.22890731381972046,0.35915211135653385
04B438121B6780,0,-2.0381270606117625,-0.11242340201816521
04B43A4A216284,0,-1.5723111935684841,0.21333099696634197
04B445121B6780,0,-0.1398366872686525,1.3136512511605096
04B448121B6780,4,0.911198498894622,-1.1853857927142415
04B4494A216284,1,-1.0978824505596882,0.8129053219526414
04B44B121B6780,0,-1.5243726958236463,-0.245687557867594
04B452121B6780,4,0.46004610750236935,-1.6302585173988955
04B453121B6780,6,1.4168095748932605,-1.80578839169422
04B456121B6780,6,0.7955433892266138,-1.54350774534455
04B457121B6780,6,1.4850303003008927,1.0912017152989895
04B459121B6780,4,-0.22746292708908755,-0.7405225519097324
04B45A121B6780,0,-2.0381270606117625,-0.11242340201816521
04B45B121B6780,0,-1.5319127587129044,-0.06005287174132128
04B461121B6780,0,-2.0381270606117625,-0.11242340201816521
04B464121B6780,1,-1.5712383804922243,0.6727856090944068
04B46A121B6780,4,1.0959551832765184,-1.9660300828477055
04B470121B6780,1,1.9790511334952203,1.7728839121715427
04B490121B6780,1,0.0958408859306267,-0.02446011325967774
04B4AE4A216280,2,0.001419315237499001,-0.628145733716351
04B4BC121B6780,4,0.7174580597081235,-1.8002426284026722
04B4BD121B6780,4,0.6555384297650524,-0.5524443953360295
04B4BF121B6780,4,2.7286144715246907,-0.18783930678535166
04B4C1121B6780,0,0.35708566866476266,1.088699181189191
04B4C44A216280,0,-0.8772620960877692,-0.8620396546490936
04B4C7121B6780,4,-0.00576975954090891,-1.9560129163834028
04B4CD121B6780,2,1.0062678867321202,-2.2052069363827305
04B4D2121B6780,0,-0.8086849394638718,0.09571741623940944
04B4D6121B6780,5,4.847331280200637,2.1890577258858377
04B4D8121B6780,4,0.46004610750236935,-1.6302585173988955
04B4D9121B6780,0,-2.0381270606117625,-0.11242340201816521
04B4DB4A216280,4,0.2838675484410588,0.7240614271342328
04B4DD121B6780,4,1.7630515523955528,-1.2110535343010402
04B4DE121B6780,2,1.381343028025054,-0.6650196471139665
04B4E3121B6780,6,-0.0441633884301843,-0.9967382783196962
04B4E64A216280,0,-0.3785878570781692,-0.6240344382459769
04B4E7121B6780,0,-1.0660968916696263,0.2657015272431859
04B4E94A216280,0,-0.8319580176275481,0.6071744942239532
04B5034A216284,4,1.1364082420828236,-0.5560150624561638
04B50AF2185080,2,0.6373283910116482,-0.9639172991651608
04B50B121B6780,1,0.2318856901411923,0.2303211453291123
04B511121B6780,1,1.2558233142461879,1.6171136241908122
04B516121B6780,6,1.607191772804702,1.0177521401373906
04B517121B6780,1,-1.0650240785933665,0.7251561393712507
04B522121B6780,0,-2.0381270606117625,-0.11242340201816521
04B5244A216284,0,-0.8772620960877692,-0.8620396546490936
04B5264A216284,0,-0.4226477530062188,-0.2557047243318967
04B529121B6780,5,-1.2546573988019918,1.217695543867609
04B530121B6780,5,4.1966654008040996,2.034391082163252
04B532121B6780,0,-1.5723111935684841,0.21333099696634197
04B536121B6780,0,-2.0381270606117625,-0.11242340201816521
04B538121B6780,0,-1.5723111935684841,0.21333099696634197
04B541121B6780,0,-1.5319127587129044,-0.06005287174132128
04B545121B6780,0,-0.1398366872686525,1.3136512511605096
04B547121B6780,0,-1.564771130679226,0.027696310840069283
04B548121B6780,4,0.911198498894622,-1.1853857927142415
04B549121B6780,4,0.4882248292706869,-0.39911757780272894
04B5494A216284,0,-0.18777518501349003,1.7726698059944457
04B54A4A216284,0,-1.5243726958236463,-0.245687557867594
04B54B121B6780,4,-0.5195241243290248,-1.8227487605339738
04B54C121B6780,0,-1.5319127587129044,-0.06005287174132128
04B54F121B6780,0,-1.5243726958236463,-0.245687557867594
04B550121B6780,0,-1.3506180260203053,-1.0021593675073281
04B551121B6780,1,0.0958408859306267,-0.02446011325967774
04B553121B6780,4,0.37558777671873994,-0.9885449347771519
04B555121B6780,0,-1.3148992413627296,0.043346885962565515
04B556121B6780,5,-0.7484430969031338,1.2700660741444527
04B557121B6780,6,1.4850303003008927,1.0912017152989895
04B559121B6780,0,-2.0381270606117625,-0.11242340201816521
04B55D121B6780,4,0.2648612815852381,-1.1454406898210598
04B560121B6780,0,-0.3353290095313356,0.23583712909764393
04B570121B6780,0,-2.0381270606117625,-0.11242340201816521
04B58B121B6780,2,0.923067223871034,-1.1764087322247465
04B58F121B6780,6,0.28932908732775603,-1.5958782756213938
04B5AE4A216280,2,0.6889283498289558,-1.517881699205514
04B5BF121B6780,4,2.041105436933234,0.7018966587038113
04B5C0121B6780,2,2.621747194337664,-2.3484882586964617
04B5C7121B6780,4,-0.18975306149631213,-1.7517756201382566
04B5C84A216280,5,-0.08781397759709736,2.6701319209454555
04B5CD121B6780,6,1.846906657278963,-2.5255402461796055
04B5D8121B6780,4,0.46004610750236935,-1.6302585173988955
04B5D9121B6780,2,4.485617589506095,1.553022892898651
04B5DD121B6780,4,0.45250604461311134,-1.4446238312726227
04B5DF121B6780,0,-1.0660968916696263,0.2657015272431859
04B5E3121B6780,6,-0.0441633884301843,-0.9967382783196962
04B5E64A216280,2,1.296884697241425,-0.023306064492223187
04B5E74A216280,0,-1.5319127587129044,-0.06005287174132128
04B5E84A216280,0,-0.17064982832158676,2.0107430152713266
04B5E94A216280,1,-1.0574840157041085,0.539521453244978
04B5EBF2185080,2,0.6044700190453265,-0.8761681165837703
04B603121B6784,0,-0.6149445002773735,0.7105742519278401
04B6034A216284,1,0.8115286422904011,0.31694486084732565
04B6064A216284,4,0.029949025116666698,-0.910506662913509
04B60B121B6780,0,-1.0660968916696263,0.2657015272431859
04B610121B6780,1,-0.3775150440019095,-0.16457982611791225
04B612121B6780,1,-1.0650240785933665,0.7251561393712507
04B616121B6780,6,1.140303092685164,0.2325431290248186
04B617121B6780,1,-1.0650240785933665,0.7251561393712507
04B61B121B6780,0,-1.5723111935684841,0.21333099696634197
04B61E4A216284,1,-0.2743286117576656,0.17795061505226836
04B61F4A216284,0,-1.5319127587129044,-0.06005287174132128
04B622121B6780,0,-2.0381270606117625,-0.11242340201816521
04B629121B6780,5,-1.2546573988019918,1.217695543867609
04B62A121B6780,0,-0.723881405158653,-0.699569755597012
04B62A4A216284,0,0.32136688400718705,0.0431929277192975
04B62B121B6780,5,1.7089600627010446,1.584744102865717
04B62D4A216284,4,0.3521800250601213,-0.6538988363915189
04B630121B6780,4,0.45250604461311134,-1.4446238312726227
04B6314A216284,6,1.4482387025670571,-0.41375915029896876
04B634121B6780,6,0.9734451474216644,0.6748536345468452
04B636121B6780,0,-2.0381270606117625,-0.11242340201816521
04B63E121B6780,0,-0.22890731381972046,0.35915211135653385
04B641121B6780,2,1.1220761217737403,1.7462664845698672
04B647121B6780,1,-0.23393017690208584,-0.09543325365539498
04B649121B6780,6,-0.5060460297059489,0.2702173708751454
04B64A4A216284,4,1.1439483049720816,-0.7416497485824365
04B64B4A216284,1,-0.4179134788574892,0.10880404258975099
04B64F121B6780,0,-1.5243726958236463,-0.245687557867594
04B655121B6780,0,-1.3148992413627296,0.043346885962565515
04B658121B6780,0,-0.6273902067712729,-0.8463890795265973
04B65C121B6780,0,-0.8444037241214475,-0.9497888372304841
04B65D121B6780,6,1.1659388803215436,1.315569666101771
04B660121B6780,0,-0.3353290095313356,0.23583712909764393
04B663121B6780,6,1.3403726201248096,0.5626005307084075
04B671121B6780,1,1.1581458945421659,1.278270869246436
04B682121B6780,0,-1.5243726958236463,-0.245687557867594
04B68B121B6780,2,2.0323322295777193,-1.372060584815322
04B691121B6780,2,0.6044700190453265,-0.8761681165837703
04B6A14A216280,0,-1.564771130679226,0.027696310840069283
04B6B9121B6780,0,-0.8490833743194516,0.3691012849470728
04B6BB121B6780,4,0.8131306734458411,-2.147290642814339
04B6BF121B6780,4,0.45250604461311134,-1.4446238312726227
04B6BF4A216280,4,1.883228667836758,-0.8072608634528903
04B6C0121B6780,0,-0.9034629413732647,1.4312648318874424
04B6D94A216280,0,-2.0381270606117625,-0.11242340201816521
04B6DC121B6780,2,1.737035768870411,-2.2350713345282722
04B6DF121B6780,1,0.08830082304136871,0.16117457286659492
04B7024A216284,0,-2.0381270606117625,-0.11242340201816521
04B703121B6784,0,-0.3785878570781692,-0.6240344382459769
04B7064A216284,4,0.029949025116666698,-0.910506662913509
04B71B121B6780,0,-1.5723111935684841,0.21333099696634197
04B71B4A216284,0,-2.0381270606117625,-0.11242340201816521
04B71E4A216284,1,-0.2743286117576656,0.17795061505226836
04B71F4A216284,0,-1.5319127587129044,-0.06005287174132128
04B7204A216284,1,-0.5916681486608303,0.8652758522294853
04B7214A216284,0,-0.8490833743194516,0.3691012849470728
04B728121B6780,0,-0.8848021589770272,-0.6764049685228208
04B72A121B6780,0,-0.723881405158653,-0.699569755597012
04B72A4A216284,0,-1.564771130679226,0.027696310840069283
04B72B121B6780,5,1.0214510281095879,2.47448006835488
04B72C4A216284,0,-0.3586020876950118,0.7472942070821877
04B7314A216284,6,1.4482387025670571,-0.41375915029896876
04B734121B6780,6,0.9734451474216644,0.6748536345468452
04B73E121B6780,0,-0.8490833743194516,0.3691012849470728
04B7424A216284,0,-1.338172319526406,0.5548039639471093
04B7434A216284,5,-0.5547026577166354,1.8849229098328835
04B746121B6780,6,0.32111464621781804,-2.143082070330849
04B747121B6780,0,0.4997338495779668,0.8829338405052828
04B74A121B6780,1,0.2318856901411923,0.2303211453291123
04B74B4A216284,6,-0.0834890102095043,-0.26389979748396813
04B753121B6780,0,-0.9110030042625226,1.6168995180137151
04B756121B6780,0,-1.5243726958236463,-0.245687557867594
04B758121B6780,5,0.32042347394797205,1.3477980902615407
04B759121B6780,4,0.45357885768937106,-0.9851692191445579
04B75C121B6780,0,-0.8244179547382899,0.4215398080976805
04B75E121B6780,0,-1.3506180260203053,-1.0021593675073281
04B763121B6780,6,1.3403726201248096,0.5626005307084075
04B765121B6780,0,-0.8244179547382899,0.4215398080976805
04B767121B6780,6,0.2882562742514963,-2.0553328877494583
04B76E121B6780,1,0.2318856901411923,0.2303211453291123
04B771121B6780,0,-1.0660968916696263,0.2657015272431859
04B790121B6780,6,-0.7316724230216414,-0.10700231283053326
04B7A14A216280,0,-1.564771130679226,0.027696310840069283
04B7AE121B6780,0,-0.8368636612321894,-1.1354235233567571
04B7B14A216280,0,-0.3353290095313356,0.23583712909764393
04B7B9121B6780,0,-0.16157433972799465,-0.5206346805420903
04B7BB121B6780,4,1.1600008485877256,-0.9630311514336208
04B7BC121B6780,5,4.053080533704276,1.9652445097007343
04B7BE121B6780,4,-0.5195241243290248,-1.8227487605339738
04B7BF121B6780,5,5.125502384216042,2.8139952663219083
04B7BF4A216280,4,1.883228667836758,-0.8072608634528903
04B7C1121B6780,4,3.451842290773723,-0.032069018804620875
04B7C94A216280,0,-2.0381270606117625,-0.11242340201816521
04B7D6121B6780,2,0.9622079908040708,-1.8368772224686503
04B7D94A216280,0,-2.0381270606117625,-0.11242340201816521
04B809121B6780,4,3.451842290773723,-0.032069018804620875
04B81C4A216284,6,-0.4667204079266287,-0.4626211099605826
04B81D4A216284,5,0.7701598393796036,-0.44025928437135575
04B81E4A216284,4,0.7099179968188655,-1.6146079422763995
04B8204A216284,1,-0.5916681486608303,0.8652758522294853
04B8214A216284,0,-0.8490833743194516,0.3691012849470728
04B8294A216284,6,1.388630853124943,-3.0369293312903856
04B82C4A216284,0,-0.3586020876950118,0.7472942070821877
04B8394A216284,4,0.9648160226705943,-0.4782133238557852
04B83C121B6780,5,-0.2740143538943377,1.869640399130752
04B8424A216284,5,-0.5471625948273774,1.6992882237066107
04B846121B6780,5,4.39995070884616,3.149504001081453
04B847121B6780,0,0.4997338495779668,0.8829338405052828
04B8494A216284,4,-0.03951066771566239,0.5229262562794061
04B84D121B6780,6,-0.7305996099453815,0.35245229929753136
04B856121B6780,0,-2.0381270606117625,-0.11242340201816521
04B857121B6780,0,-2.0381270606117625,-0.11242340201816521
04B85E121B6780,0,-1.3506180260203053,-1.0021593675073281
04B860121B6780,0,-1.5723111935684841,0.21333099696634197
04B865121B6780,0,-0.8244179547382899,0.4215398080976805
04B867121B6780,6,-1.2378867249204992,-0.15937284310737718
04B869121B6780,1,0.06964004064513113,2.2688443732768584
04B86C121B6780,0,-0.8011448765746138,-0.08991726988686331
04B86E121B6780,5,1.293526455966368,2.1853776316509568
04B890121B6780,4,0.6586921902935091,0.7271963358702455
04B8AE121B6780,0,-0.8368636612321894,-1.1354235233567571
04B8BB121B6780,1,0.12401960769894432,1.2066808263364883
04B8BC121B6780,1,2.3163764397815423,2.456887320322491
04B8BE121B6780,1,2.6207483890824426,0.7885203742220247
04B8C1121B6780,5,5.4897076057877845,1.2081968621826902
04B8C34A216280,6,-0.7709980448009612,0.6258361680051948
04B8C4121B6780,4,1.0555567484209387,-1.692646214140042
04B8D04A216280,0,-1.5723111935684841,0.21333099696634197
04B8D6121B6780,2,1.6497170253955278,-2.7266131879578133
04B8D7121B6780,1,-0.5992082115500883,1.0509105383557578
04B8DD121B6780,4,1.6501626068709394,-0.6892792183055926
04B8DD4A216280,4,-0.48380533967144923,-0.7772425070640802
04B9054A216284,1,-0.5992082115500883,1.0509105383557578
04B90C121B6780,1,0.7957956270159829,0.6427672527055968
04B90E121B6780,4,0.45357885768937106,-0.9851692191445579
04B91D4A216284,0,-2.0381270606117625,-0.11242340201816521
04B9214A216284,0,-0.16157433972799465,-0.5206346805420903
04B9274A216284,2,0.15651320264460225,0.7230522570541782
04B9294A216284,6,0.32865470910707606,-2.328716756457122
04B92C4A216284,6,1.0964791874892144,2.7490025852946864
04B9304A216284,2,2.123072955328064,-2.5864934750995787
04B9354A216284,0,-1.0660968916696263,0.2657015272431859
04B9394A216284,4,0.9648160226705943,-0.4782133238557852
04B943121B6780,6,-0.0441633884301843,-0.9967382783196962
04B9464A216284,6,-0.3588543254843808,-1.438980790967959
04B9494A216284,4,-0.03951066771566239,0.5229262562794061
04B952121B6780,0,-0.8490833743194516,0.3691012849470728
04B955121B6780,5,-0.7484430969031338,1.2700660741444527
04B957121B6780,0,-2.0381270606117625,-0.11242340201816521
04B95F121B6780,2,1.6572570882847857,-2.912247874084086
04B962121B6780,1,1.9283337108863443,-0.06434167786952251
04B969121B6780,0,-0.8368636612321894,-1.1354235233567571
04B96C121B6780,2,2.1634713901836435,-2.859877343807242
04B99AF2185080,0,-0.8244179547382899,0.4215398080976805
04B9BB121B6780,1,0.12401960769894432,1.2066808263364883
04B9BC121B6780,0,-1.3073591784734717,-0.14228780016370723
04B9BE121B6780,5,1.6074440105940713,3.204027138187538
04B9C2121B6780,0,-0.8848021589770272,-0.6764049685228208
04B9C4121B6780,4,1.0555567484209387,-1.692646214140042
04B9CF121B6780,2,2.533866881278573,-0.000799932360921134
04B9D7121B6780,1,1.4317047027901322,0.3069956872567867
04B9DD121B6780,1,0.8315144116735586,1.6882735061754903
04B9DF121B6780,6,1.2538191933806337,-1.03211866023377
04B9E0121B6780,0,-1.0585568287803682,0.0800668411169132
04B9E1121B6780,2,1.979370868750516,-1.3676273949933149
04BA014A216284,2,1.0138079496213783,-2.390841622509003
04BA0A121B6780,5,0.7730202520708576,0.6929961516799287
04BA0C121B6780,2,-0.006120747651759013,-0.44251104759007825
04BA0D121B6780,0,-0.9034629413732647,1.4312648318874424
04BA1A4A216284,0,1.0183938579707241,2.4922677022365645
04BA274A216284,4,0.6770596248525438,-1.5268587596950087
04BA28121B6780,0,-1.0585568287803682,0.0800668411169132
04BA2C4A216284,4,0.691257214422628,0.4930618581338641
04BA304A216284,2,2.123072955328064,-2.5864934750995787
04BA324A216284,6,-0.12862171921381374,-0.3550246956979526
04BA354A216284,1,-0.5992082115500883,1.0509105383557578
04BA39121B6780,0,-1.3506180260203053,-1.0021593675073281
04BA43121B6780,5,1.7151750747246743,-1.246620193438767
04BA44121B6780,6,-0.10214979260574178,1.8437700029262951
04BA464A216284,6,-0.03662332554092629,-1.182372964445969
04BA4E121B6780,1,-1.5712383804922243,0.6727856090944068
04BA53121B6780,6,3.0863120183363515,-1.0720002248436147
04BA58121B6780,4,1.0445947032562195,0.19896321570002817
04BA5F121B6780,0,-0.8848021589770272,-0.6764049685228208
04BA62121B6780,1,1.2408246762948876,0.8253942876196405
04BA66121B6780,4,0.4611189205786291,-1.1708039052708308
04BA68121B6780,6,1.2931448151599538,-1.764957141069498
04BA71121B6780,1,-0.14805582015783553,1.495783263040412
04BA79121B6780,0,-2.0381270606117625,-0.11242340201816521
04BAB24A216280,0,-1.564771130679226,0.027696310840069283
04BAB6121B6780,6,1.3406923553801051,-2.5779107764564495
04BAB8121B6780,0,-0.18309553481548607,0.4537796838168889
04BABC121B6780,0,-0.6198501438820148,-1.0320237656528701
04BABE121B6780,5,2.238447442763579,1.1256575551580168
04BAC8121B6780,6,-0.9804747727147448,-0.32935695411115373
04BADB121B6780,5,2.1142974130790178,1.392463393364411
04BADF121B6780,6,1.2538191933806337,-1.03211866023377
04BAE0121B6780,0,-1.0585568287803682,0.0800668411169132
04BAE1121B6780,0,-0.3710477941889112,-0.8096691243722497
04BB004A216284,0,-1.564771130679226,0.027696310840069283
04BB014A216284,1,-0.5916681486608303,0.8652758522294853
04BB0A121B6780,5,1.4605292866623143,-0.19673981380923436
04BB0F121B6780,0,-1.3148992413627296,0.043346885962565515
04BB15121B6780,1,-0.5916681486608303,0.8652758522294853
04BB19121B6780,2,-0.005047934575499287,0.016943564537986483
04BB224A216284,0,-0.3972486394744067,1.4836353621642862
04BB38121B6780,0,-1.5319127587129044,-0.06005287174132128
04BB39121B6780,0,-0.8490833743194516,0.3691012849470728
04BB3A4A216284,0,-1.0660968916696263,0.2657015272431859
04BB53121B6780,6,1.0518825283561084,-2.172946468476391
04BB54121B6780,1,-1.0650240785933665,0.7251561393712507
04BB56121B6780,4,0.5972809442669185,-2.204035299250822
04BB58121B6780,4,1.0445947032562195,0.19896321570002817
04BB59121B6780,1,-0.5916681486608303,0.8652758522294853
04BB5A121B6780,4,0.46004610750236935,-1.6302585173988955
04BB5B121B6780,1,-1.0574840157041085,0.539521453244978
04BB61121B6780,0,-2.0381270606117625,-0.11242340201816521
04BB64121B6780,1,-1.5712383804922243,0.6727856090944068
04BB66121B6780,1,-0.22639011401282783,-0.2810679397816678
04BB68121B6780,6,1.2931448151599538,-1.764957141069498
04BB6A121B6780,0,-1.5243726958236463,-0.245687557867594
04BB6F121B6780,0,-1.564771130679226,0.027696310840069283
04BB70121B6780,1,1.9790511334952203,1.7728839121715427
04BB71121B6780,0,-1.0585568287803682,0.0800668411169132
04BB8B121B6780,6,1.4379197148137612,-2.524368609047697
04BB90121B6780,5,-1.2546573988019918,1.217695543867609
04BBB24A216280,0,-1.564771130679226,0.027696310840069283
04BBB6121B6780,1,-1.5636983176029664,0.4871509229681341
04BBB8121B6780,0,-0.18309553481548607,0.4537796838168889
04BBBC121B6780,4,0.7174580597081235,-1.8002426284026722
04BBBD121B6780,0,-0.3785878570781692,-0.6240344382459769
04BBC1121B6780,1,-0.5992082115500883,1.0509105383557578
04BBD2121B6780,6,-0.5428376274397843,-1.2347434947228129
04BBD6121B6780,0,-1.338172319526406,0.5548039639471093
04BBDB121B6780,5,2.1142974130790178,1.392463393364411
04BBDB4A216280,6,1.0039440306112706,-1.7139279136424552
04BBDE121B6780,0,-2.0381270606117625,-0.11242340201816521
04BBE7121B6780,5,0.40488180473160157,0.7060845076397971
04BC004A216284,0,-1.564771130679226,0.027696310840069283
04BC0F121B6780,0,-0.7412172918772035,-0.6072583960603035
04BC11121B6780,6,-0.03064486886002515,1.0196796652628057
04BC15121B6780,1,-0.5916681486608303,0.8652758522294853
04BC19121B6780,1,-1.0650240785933665,0.7251561393712507
04BC224A216284,5,3.547802917992037,2.187785892570316
04BC38121B6780,0,-1.5723111935684841,0.21333099696634197
04BC39121B6780,0,-0.3428690724205936,0.4214718152239167
04BC3A4A216284,0,-0.3785878570781692,-0.6240344382459769
04BC48121B6780,4,0.911198498894622,-1.1853857927142415
04BC494A216284,0,-0.6198501438820148,-1.0320237656528701
04BC4B121B6780,4,-0.5195241243290248,-1.8227487605339738
04BC4C121B6780,0,-0.8244179547382899,0.4215398080976805
04BC52121B6780,0,-2.0381270606117625,-0.11242340201816521
04BC53121B6780,1,0.4892976423469466,0.06033703432533575
04BC54121B6780,6,1.9508461673441708,1.4169561142834965
04BC56121B6780,1,-0.17623454192615312,0.2646423234442456
04BC57121B6780,2,-0.5047949866613589,-0.6805162639931949
04BC59121B6780,1,-0.5916681486608303,0.8652758522294853
04BC61121B6780,0,-2.0381270606117625,-0.11242340201816521
04BC64121B6780,0,-1.5319127587129044,-0.06005287174132128
04BC6A121B6780,0,-1.5243726958236463,-0.245687557867594
04BC6D121B6780,0,-0.3428690724205936,0.4214718152239167
04BC70121B6780,0,-1.0660968916696263,0.2657015272431859
04BC8B121B6780,6,1.0786201368466604,0.8240278126722305
04BC90121B6780,5,-1.2546573988019918,1.217695543867609
04BCAE4A216280,5,-0.7813014688694554,1.3578152567258435
04BCBC121B6780,5,-0.7409030340138758,1.08443138801818
04BCBD121B6780,0,-0.8319580176275481,0.6071744942239532
04BCBF121B6780,1,0.10074652953526808,1.7181379043210323
04BCC1121B6780,1,1.5114833833757575,0.9841722268126002
04BCC4121B6780,4,0.46495175110701076,0.11233950018181481
04BCC44A216280,1,-1.0574840157041085,0.539521453244978
04BCC7121B6780,0,-0.8772620960877692,-0.8620396546490936
04BCCD121B6780,2,1.0062678867321202,-2.2052069363827305
04BCD2121B6780,2,2.9561716629856485,-2.721192098770181
04BCD6121B6780,0,-1.338172319526406,0.5548039639471093
04BCD8121B6780,1,0.10074652953526808,1.7181379043210323
04BCD9121B6780,6,1.1272923285421486,2.05191082118387
04BCDB4A216280,6,1.0039440306112706,-1.7139279136424552
04BCDD121B6780,4,0.45250604461311134,-1.4446238312726227
04BCDE121B6780,1,-0.5992082115500883,1.0509105383557578
04BCE64A216280,2,1.296884697241425,-0.023306064492223187
04BCE7121B6780,5,0.40488180473160157,0.7060845076397971
04BCE74A216280,0,-2.0381270606117625,-0.11242340201816521
04BCE84A216280,0,-0.17064982832158676,2.0107430152713266
04BCE94A216280,1,-1.0574840157041085,0.539521453244978
04BD0B121B6780,0,-1.0660968916696263,0.2657015272431859
04BD10121B6780,4,-0.0537082572857466,-1.4969943615494665
04BD11121B6780,6,0.8824165512260851,-3.0892998615672296
04BD16121B6780,1,-1.0650240785933665,0.7251561393712507
04BD17121B6780,0,-0.6149445002773735,0.7105742519278401
04BD224A216284,5,4.235311952583494,1.2980499270811532
04BD244A216284,1,1.4928226009795198,3.0918420272228637
04BD264A216284,4,-0.11363584198315682,-0.9796532353760261
04BD30121B6780,0,-1.338172319526406,0.5548039639471093
04BD32121B6780,0,-2.0381270606117625,-0.11242340201816521
04BD36121B6780,5,0.8717704848511392,1.4912935187523693
04BD38121B6780,0,-1.5319127587129044,-0.06005287174132128
04BD39121B6780,6,3.037023156647533,-1.5845609470863036
04BD41121B6780,2,1.1220761217737403,1.7462664845698672
04BD49121B6780,1,-0.1529614637624769,-0.24681475454029822
04BD494A216284,1,-1.0978824505596882,0.8129053219526414
04BD4C121B6780,0,-0.8244179547382899,0.4215398080976805
04BD4F121B6780,0,-1.5243726958236463,-0.245687557867594
04BD50121B6780,1,0.345712775247123,-0.008809538137181565
04BD51121B6780,1,0.0958408859306267,-0.02446011325967774
04BD52121B6780,0,-2.0381270606117625,-0.11242340201816521
04BD53121B6780,6,-0.14184080813420627,-1.3355810332640723
04BD55121B6780,0,-0.3785878570781692,-0.6240344382459769
04BD57121B6780,0,-1.564771130679226,0.027696310840069283
04BD59121B6780,0,-1.5319127587129044,-0.06005287174132128
04BD5D121B6780,6,1.1659388803215436,1.315569666101771
04BD60121B6780,2,2.621747194337664,-2.3484882586964617
04BD8B121B6780,0,-1.0585568287803682,0.0800668411169132
04BDAE4A216280,5,-0.7813014688694554,1.3578152567258435
04BDBF121B6780,0,-0.8415433114301936,0.1834665988208
04BDC4121B6780,4,0.46495175110701076,0.11233950018181481
04BDC44A216280,1,-1.0574840157041085,0.539521453244978
04BDC7121B6780,2,2.5948672790522433,-0.05868644640629674
04BDCD121B6780,2,0.17517398504083995,-1.384617543356085
04BDD8121B6780,0,-0.8319580176275481,0.6071744942239532
04BDD9121B6780,0,-2.0381270606117625,-0.11242340201816521
04BDDD121B6780,1,-1.0978824505596882,0.8129053219526414
04BDDF121B6780,0,-1.0660968916696263,0.2657015272431859
04BDE3121B6780,6,-0.5099792554734626,-1.3224926773042036
04BDE64A216280,0,-1.3148992413627296,0.043346885962565515
04BDE74A216280,0,-0.3972486394744067,1.4836353621642862
04BDE84A216280,0,-0.17064982832158676,2.0107430152713266
04BDE94A216280,0,-1.5319127587129044,-0.06005287174132128
04BE03121B6784,0,-0.3785878570781692,-0.6240344382459769
04BE064A216284,0,-1.5723111935684841,0.21333099696634197
04BE0B121B6780,4,-0.5119840614397668,-2.008383446660247
04BE16121B6780,1,0.1082865924245261,1.5325032181947598
04BE17121B6780,1,-1.0650240785933665,0.7251561393712507
04BE194A216284,2,0.17517398504083995,-1.384617543356085
04BE1B121B6780,0,-2.0381270606117625,-0.11242340201816521
04BE1B4A216284,1,-0.8837293459007675,-0.21695035639475618
04BE1E4A216284,0,-1.3430779631310472,-1.187794053633601
04BE1F4A216284,0,-1.3073591784734717,-0.14228780016370723
04BE21121B6780,6,1.5112311455863883,-1.2021027712375467
04BE2A4A216284,0,-0.8490833743194516,0.3691012849470728
04BE2B121B6780,5,1.7089600627010446,1.584744102865717
04BE30121B6780,5,4.1966654008040996,2.034391082163252
04BE32121B6780,5,0.7730202520708576,0.6929961516799287
04BE36121B6780,5,0.8717704848511392,1.4912935187523693
04BE3E121B6780,4,0.4882248292706869,-0.39911757780272894
04BE41121B6780,0,-0.3661421505842699,0.9329288932084604
04BE47121B6780,1,-0.23393017690208584,-0.09543325365539498
04BE49121B6780,1,0.74960901234733,1.5647430939139682
04BE4A4A216284,0,-1.5243726958236463,-0.245687557867594
04BE4B4A216284,4,0.45250604461311134,-1.4446238312726227
04BE51121B6780,0,-1.0585568287803682,0.0800668411169132
04BE53121B6780,1,-1.0650240785933665,0.7251561393712507
04BE55121B6780,2,0.6813882869396978,-1.3322470130792412
04BE58121B6780,4,-0.017989472628171046,-0.45148810807957285
04BE5C121B6780,0,-0.8244179547382899,0.4215398080976805
04BE5D121B6780,4,1.1757338638621437,-1.2888535432918922
04BE60121B6780,5,1.5584784710613802,1.829758834520907
04BE63121B6780,1,0.23307572269517599,-0.5982368951116044
04BE71121B6780,0,-1.0660968916696263,0.2657015272431859
04BE8B121B6780,0,-1.0585568287803682,0.0800668411169132
04BEB14A216280,0,-0.3353290095313356,0.23583712909764393
04BEB9121B6780,0,-0.8490833743194516,0.3691012849470728
04BEBF121B6780,5,5.459926852864028,2.4412914262481884
04BEBF4A216280,0,-1.338172319526406,0.5548039639471093
04BEC0121B6780,6,0.5713330218715426,0.3122026702673219
04BEC94A216280,0,-2.0381270606117625,-0.11242340201816521
04BED94A216280,1,-0.23393017690208584,-0.09543325365539498
04BEDB121B6780,0,-1.0660968916696263,0.2657015272431859
04BEDC121B6780,4,0.2648612815852381,-1.1454406898210598
04BEDF121B6780,0,-1.0585568287803682,0.0800668411169132
04BEE3121B6780,6,-0.5099792554734626,-1.3224926773042036
04BF03121B6784,4,0.46004610750236935,-1.6302585173988955
04BF064A216284,4,0.029949025116666698,-0.910506662913509
04BF09121B6780,2,0.6938339934335972,0.22471631837519623
04BF17121B6780,0,-1.3148992413627296,0.043346885962565515
04BF1B121B6780,0,-2.0381270606117625,-0.11242340201816521
04BF1B4A216284,0,-2.0381270606117625,-0.11242340201816521
04BF1E4A216284,2,1.428023857847349,-1.511122823484143
04BF214A216284,2,3.0961759373464597,-1.7489139337101631
04BF2A4A216284,0,-0.8490833743194516,0.3691012849470728
04BF2B121B6780,5,1.028991090998846,2.2888453822286072
04BF2C4A216284,0,-1.3073591784734717,-0.14228780016370723
04BF314A216284,4,-0.013309822430166925,-1.77037823025713
04BF34121B6780,6,-0.45334425003446865,1.6302007149064617
04BF364A216284,4,-0.11363584198315682,-0.9796532353760261
04BF3C121B6780,0,-1.0660968916696263,0.2657015272431859
04BF3D121B6780,0,-0.22890731381972046,0.35915211135653385
04BF3E121B6780,0,-1.564771130679226,0.027696310840069283
04BF424A216284,2,3.186703699905982,-0.6013743974837926
04BF434A216284,4,0.7382172115177741,-1.0053209769628253
04BF47121B6780,1,-0.3775150440019095,-0.16457982611791225
04BF4A121B6780,0,0.24444861611281568,0.49927182421476834
04BF4B4A216284,0,-1.5319127587129044,-0.06005287174132128
04BF4D121B6780,6,-0.7305996099453815,0.35245229929753136
04BF53121B6780,1,-1.0650240785933665,0.7251561393712507
04BF54121B6780,0,-0.8011448765746138,-0.08991726988686331
04BF56121B6780,0,-2.0381270606117625,-0.11242340201816521
04BF58121B6780,4,-0.017989472628171046,-0.45148810807957285
04BF5C121B6780,0,-1.5723111935684841,0.21333099696634197
04BF5E121B6780,0,-1.3306322566371478,0.3691692778208366
04BF60121B6780,0,-1.5723111935684841,0.21333099696634197
04BF63121B6780,4,0.919394724732649,-0.6594148201600506
04BF65121B6780,0,-0.8244179547382899,0.4215398080976805
04BF67121B6780,6,-0.4067928232292187,-0.9799622361340229
04BF6E121B6780,4,0.9880891008342705,-0.989670401840329
04BF71121B6780,0,-1.5723111935684841,0.21333099696634197
04BF82121B6780,0,-1.5243726958236463,-0.245687557867594
04BF90121B6780,1,0.062099977755873226,2.4544790594031314
04BF91121B6780,2,0.6044700190453265,-0.8761681165837703
04BFA14A216280,0,-1.564771130679226,0.027696310840069283
04BFAE121B6780,1,-0.7401444788009438,-0.1478037839322389
04BFB14A216280,0,-0.2234939696710657,0.7271635525245521
04BFB9121B6780,0,-0.8490833743194516,0.3691012849470728
04BFBB121B6780,0,-1.5723111935684841,0.21333099696634197
04BFBC121B6780,1,2.3163764397815423,2.456887320322491
04BFBE121B6780,1,1.933239354490986,1.6782563397111874
04BFBF121B6780,6,2.4263645476678186,0.8784057561023758
04BFBF4A216280,0,-1.338172319526406,0.5548039639471093
04BFC0121B6780,0,-0.9034629413732647,1.4312648318874424
04BFC1121B6780,5,5.4897076057877845,1.2081968621826902
04BFC34A216280,6,-0.7709980448009612,0.6258361680051948
04BFC4121B6780,4,-0.22746292708908755,-0.7405225519097324
04BFC94A216280,1,-0.5992082115500883,1.0509105383557578
04BFD04A216280,0,-0.8723564524831279,0.8805583629316165
04BFD94A216280,1,-0.23393017690208584,-0.09543325365539498
04C0054A216284,5,-0.2740143538943377,1.869640399130752
04C009121B6780,4,2.06437851509691,0.19043958071926753
04C01C4A216284,0,-1.1994930960312238,-1.1186474811710838
04C01D4A216284,1,0.32705199285088543,2.098860262273082
04C01E4A216284,0,-1.5723111935684841,0.21333099696634197
04C0204A216284,0,-1.338172319526406,0.5548039639471093
04C0214A216284,2,3.0961759373464597,-1.7489139337101631
04C0294A216284,6,0.32865470910707606,-2.328716756457122
04C02C4A216284,0,-0.3586020876950118,0.7472942070821877
04C0394A216284,0,-1.5243726958236463,-0.245687557867594
04C03C121B6780,0,-1.0660968916696263,0.2657015272431859
04C03D121B6780,0,-1.0585568287803682,0.0800668411169132
04C0424A216284,0,-1.338172319526406,0.5548039639471093
04C0434A216284,4,0.7382172115177741,-1.0053209769628253
04C046121B6780,5,4.39995070884616,3.149504001081453
04C0494A216284,0,-0.7412172918772035,-0.6072583960603035
04C056121B6780,1,-0.3775150440019095,-0.16457982611791225
04C057121B6780,0,-2.0381270606117625,-0.11242340201816521
04C05E121B6780,0,-1.3306322566371478,0.3691692778208366
04C060121B6780,4,1.1757338638621437,-1.2888535432918922
04C065121B6780,0,-0.8244179547382899,0.4215398080976805
04C067121B6780,0,0.24444861611281568,0.49927182421476834
04C069121B6780,0,-0.8368636612321894,-1.1354235233567571
04C06C121B6780,6,2.645895264824886,0.3415854626680612
04C06E121B6780,1,0.2318856901411923,0.2303211453291123
04C090121B6780,6,-0.7316724230216414,-0.10700231283053326
04C091121B6780,0,-2.0381270606117625,-0.11242340201816521
04C091F2185080,4,0.4882248292706869,-0.39911757780272894
04C0AE121B6780,1,-0.7401444788009438,-0.1478037839322389
04C0BB121B6780,5,5.30282815949062,0.4042026661216163
04C0BC121B6780,2,3.305649391807376,-1.4598794898800036
04C0BE121B6780,4,-0.23500298997834557,-0.5548878657834596
04C0C1121B6780,4,1.1600008485877256,-0.9630311514336208
04C0C34A216280,1,-0.3775150440019095,-0.16457982611791225
04C0C4121B6780,2,2.684096235128869,-2.4320896620662578
04C0CF121B6780,5,5.450381984008464,1.9410353430184182
04C0D6121B6780,4,2.764333256182266,0.857666946684542
04C0D7121B6780,2,-0.006120747651759013,-0.44251104759007825
04C0DD121B6780,5,2.4901506300950196,2.404719444663305
04C0F1F2185080,4,0.4882248292706869,-0.39911757780272894
04C0F2F2185080,4,0.3446399621708633,-0.4682641502652463
04C1044A216284,0,-1.3306322566371478,0.3691692778208366
04C1054A216284,5,-0.2740143538943377,1.869640399130752
04C10D121B6780,0,-0.9034629413732647,1.4312648318874424
04C11D4A216284,5,0.7701598393796036,-0.44025928437135575
04C11E4A216284,4,0.7099179968188655,-1.6146079422763995
04C1214A216284,0,-0.16157433972799465,-0.5206346805420903
04C1274A216284,1,0.08830082304136871,0.16117457286659492
04C128121B6780,4,2.153859708962905,0.0033113631094527874
04C1294A216284,6,1.388630853124943,-3.0369293312903856
04C12C4A216284,6,1.0114840935005287,-1.899562599768728
04C1304A216284,0,-1.3148992413627296,0.043346885962565515
04C1354A216284,0,-0.600281024626348,0.5914559262276933
04C1394A216284,0,-1.564771130679226,0.027696310840069283
04C1464A216284,6,-0.03662332554092629,-1.182372964445969
04C1494A216284,0,-0.7412172918772035,-0.6072583960603035
04C152121B6780,0,-0.16157433972799465,-0.5206346805420903
04C155121B6780,5,-0.7888415317587134,1.5434499428521162
04C15F121B6780,0,-1.5723111935684841,0.21333099696634197
04C162121B6780,1,1.2408246762948876,0.8253942876196405
04C169121B6780,1,-0.36506933750801007,1.392383505336525
04C16C121B6780,0,-0.8011448765746138,-0.08991726988686331
04C179121B6780,0,-2.0381270606117625,-0.11242340201816521
04C1BB121B6780,5,4.6153191248991625,1.2939386316107793
04C1BC121B6780,2,3.819403756595492,-1.5931436457294326
04C1BE121B6780,5,2.238447442763579,1.1256575551580168
04C1D7121B6780,1,-0.5992082115500883,1.0509105383557578
04C1DD121B6780,2,1.986910931639774,-1.5532620811195876
04C1DF121B6780,2,3.270089217613352,-1.7025425922336006
04C1E0121B6780,0,-0.8848021589770272,-0.6764049685228208
04C2014A216284,1,0.23942575303045033,0.04468645920283951
04C20A121B6780,5,1.4605292866623143,-0.19673981380923436
04C20C121B6780,2,-0.006120747651759013,-0.44251104759007825
04C214121B6780,4,0.45250604461311134,-1.4446238312726227
04C21A4A216284,4,-0.5119840614397668,-2.008383446660247
04C2214A216284,6,0.17285012891999033,-0.8933385206158093
04C2224A216284,0,-0.3972486394744067,1.4836353621642862
04C2274A216284,2,0.15651320264460225,0.7230522570541782
04C22C4A216284,6,1.0964791874892144,2.7490025852946864
04C22D4A216284,4,0.3521800250601213,-0.6538988363915189
04C2304A216284,0,-1.3148992413627296,0.043346885962565515
04C237121B6780,6,0.10551715482826443,-0.013551728717185484
04C238121B6780,1,-0.01691665955191132,0.007966504048491821
04C244121B6780,6,0.7289441090855386,1.0231806098996497
04C2464A216284,6,-0.3663943883736388,-1.2533461048416863
04C24E121B6780,0,-0.8244179547382899,0.4215398080976805
04C253121B6780,6,1.0443424654668505,-1.9873117823501187
04C255121B6780,5,-0.7484430969031338,1.2700660741444527
04C25F121B6780,0,-0.6273902067712729,-0.8463890795265973
04C260121B6780,4,0.029949025116666698,-0.910506662913509
04C262121B6780,1,1.9283337108863443,-0.06434167786952251
04C266121B6780,4,0.4611189205786291,-1.1708039052708308
04C268121B6780,6,1.799359117058812,-1.712586610792654
04C271121B6780,0,-2.0381270606117625,-0.11242340201816521
04C273121B6780,6,-1.1974882900649195,-0.43275671181504055
04C280121B6780,0,-0.8368636612321894,-1.1354235233567571
04C2AB4A216280,0,-1.5319127587129044,-0.06005287174132128
04C2B24A216280,1,-0.5992082115500883,1.0509105383557578
04C2B6121B6780,1,-1.5636983176029664,0.4871509229681341
04C2B8121B6780,0,-1.3306322566371478,0.3691692778208366
04C2BC121B6780,2,3.819403756595492,-1.5931436457294326
04C2BE121B6780,2,2.6292872572269217,-2.5341229448227347
04C2C04A216280,0,-0.9110030042625226,1.6168995180137151
04C2C5121B6780,0,-2.0381270606117625,-0.11242340201816521
04C2C8121B6780,4,2.9849536106541854,-0.817278029917193
04C2DB121B6780,5,1.8280643650659902,1.5290821615858023
04C2DF121B6780,6,0.43517099818325305,1.345434064247313
04C2E0121B6780,5,1.0786357005314622,3.666616360141608
04C2E1121B6780,2,1.2918618341590593,-0.4778914295041519
04C2E1F2185080,0,-0.8244179547382899,0.4215398080976805
04C3004A216284,0,-1.0660968916696263,0.2657015272431859
04C3014A216284,1,0.23942575303045033,0.04468645920283951
04C30A121B6780,5,1.4605292866623143,-0.19673981380923436
04C30F121B6780,0,-0.7412172918772035,-0.6072583960603035
04C315121B6780,4,0.6866449186551893,-1.1031508642918555
04C319121B6780,1,-1.0650240785933665,0.7251561393712507
04C31A4A216284,0,1.0183938579707241,2.4922677022365645
04C3224A216284,0,-0.3972486394744067,1.4836353621642862
04C32D4A216284,4,0.3521800250601213,-0.6538988363915189
04C338121B6780,1,-0.01691665955191132,0.007966504048491821
04C33A4A216284,0,-2.0381270606117625,-0.11242340201816521
04C344121B6780,6,-0.2572436800128452,0.4925720121557659
04C34E121B6780,5,-0.025215277654101195,1.4258363621251833
04C34F121B6780,0,-0.3785878570781692,-0.6240344382459769
04C353121B6780,6,1.1074447207188425,0.32029231160620925
04C354121B6780,6,1.1197522656528904,2.2375455073101427
04C356121B6780,1,-1.5636983176029664,0.4871509229681341
04C358121B6780,1,-0.16050152665173492,-0.061180068414025485
04C359121B6780,1,-0.5916681486608303,0.8652758522294853
04C35A121B6780,0,-2.0381270606117625,-0.11242340201816521
04C361121B6780,4,0.7306771486285162,-0.8196862908365524
04C364121B6780,0,-1.5319127587129044,-0.06005287174132128
04C366121B6780,2,1.986910931639774,-1.5532620811195876
04C368121B6780,6,1.2931448151599538,-1.764957141069498
04C36A121B6780,5,0.7035605592385283,2.1264290708728435
04C36F121B6780,4,-0.48380533967144923,-0.7772425070640802
04C370121B6780,0,-1.0660968916696263,0.2657015272431859
04C371121B6780,0,-2.0381270606117625,-0.11242340201816521
04C390121B6780,0,-0.8772620960877692,-0.8620396546490936
04C39BF2185080,2,1.1558170299484936,-0.7326726880929418
04C3B24A216280,1,-0.5992082115500883,1.0509105383557578
04C3B8121B6780,4,1.1881795703560432,0.26810978816254555
04C3BC121B6780,5,-0.7409030340138758,1.08443138801818
04C3BD121B6780,0,-0.8319580176275481,0.6071744942239532
04C3C1121B6780,0,-0.8244179547382899,0.4215398080976805
04C3C5121B6780,0,-2.0381270606117625,-0.11242340201816521
04C3C8121B6780,4,2.2974445760627287,0.07245793557197006
04C3D2121B6780,6,1.4475596325671323,-0.41726182454533933
04C3D6F2185080,2,1.1558170299484936,-0.7326726880929418
04C3DB121B6780,5,1.8280643650659902,1.5290821615858023
04C3DB4A216280,0,-0.14444898303609116,-0.2825614712652097
04C3DE121B6780,0,-0.4047887023636646,1.669270048290559
04C3E7121B6780,1,0.3053143403915433,0.26457433057048174
04C4004A216284,0,-1.0660968916696263,0.2657015272431859
04C40F121B6780,0,-0.9110030042625226,1.6168995180137151
04C411121B6780,6,-0.0441633884301843,-0.9967382783196962
04C415121B6780,4,0.6866449186551893,-1.1031508642918555
04C4224A216284,4,2.923033980711114,0.4305202031494495
04C4304A216284,0,-1.3506180260203053,-1.0021593675073281
04C438121B6780,0,-1.5319127587129044,-0.06005287174132128
04C439121B6780,0,-0.9455745727068315,0.5159206088766581
04C43A4A216284,0,-1.0660968916696263,0.2657015272431859
04C445121B6780,0,-1.564771130679226,0.027696310840069283
04C448121B6780,0,0.5197196189611242,2.2542624858334475
04C4494A216284,0,-1.0585568287803682,0.0800668411169132
04C44F121B6780,0,-0.8848021589770272,-0.6764049685228208
04C453121B6780,6,1.4168095748932605,-1.80578839169422
04C454121B6780,0,-1.5319127587129044,-0.06005287174132128
04C456121B6780,0,-1.0585568287803682,0.0800668411169132
04C457121B6780,2,-0.5047949866613589,-0.6805162639931949
04C459121B6780,1,-0.5916681486608303,0.8652758522294853
04C45A121B6780,4,0.21614940141390707,-0.11001514109880575
04C45B121B6780,0,-0.8848021589770272,-0.6764049685228208
04C461121B6780,4,0.7306771486285162,-0.8196862908365524
04C464121B6780,6,1.3482324182693632,-2.7635454625827225
04C46A121B6780,4,1.8370420531681046,0.11471497775548123
04C470121B6780,0,-1.564771130679226,0.027696310840069283
04C490121B6780,0,-1.1788281927694326,-0.577084997156765
04C4AE4A216280,0,-1.0660968916696263,0.2657015272431859
04C4BC121B6780,0,0.7663959332860918,0.22581996263334114
04C4BD121B6780,1,-1.1054225134489462,0.998540008078914
04C4BF121B6780,0,-0.8415433114301936,0.1834665988208
04C4C1121B6780,0,-0.8244179547382899,0.4215398080976805
04C4C4121B6780,0,0.23200290961891626,-1.057691507239669
04C4C7121B6780,2,2.5948672790522433,-0.05868644640629674
04C4CD121B6780,1,0.0958408859306267,-0.02446011325967774
04C4D2121B6780,6,-0.5428376274397843,-1.2347434947228129
04C4D8121B6780,1,1.4221194089874865,-0.11671220814636643
04C4D9121B6780,6,1.958386230233429,1.231321428157224
04C4DB4A216280,6,1.0039440306112706,-1.7139279136424552
04C4DD121B6780,4,1.7630515523955528,-1.2110535343010402
04C4DE121B6780,0,-1.3506180260203053,-1.0021593675073281
04C4E64A216280,0,-1.3148992413627296,0.043346885962565515
04C4E74A216280,0,-1.5319127587129044,-0.06005287174132128
04C4E84A216280,0,-0.17064982832158676,2.0107430152713266
04C4E94A216280,0,-1.5319127587129044,-0.06005287174132128
04C50B121B6780,4,-0.5119840614397668,-2.008383446660247
04C510121B6780,1,-0.4179134788574892,0.10880404258975099
04C511121B6780,6,-0.0441633884301843,-0.9967382783196962
04C512121B6780,6,-0.5146589056714667,-0.0036025551266464675
04C516121B6780,1,0.1082865924245261,1.5325032181947598
04C5224A216284,4,2.923033980711114,0.4305202031494495
04C5244A216284,2,2.4981480966209975,-1.046306185830815
04C5264A216284,0,-1.0660968916696263,0.2657015272431859
04C530121B6780,0,-1.0660968916696263,0.2657015272431859
04C532121B6780,1,-0.5992082115500883,1.0509105383557578
04C536121B6780,5,0.8717704848511392,1.4912935187523693
04C5374A216284,0,-1.0660968916696263,0.2657015272431859
04C539121B6780,6,3.037023156647533,-1.5845609470863036
04C541121B6780,6,-0.7316724230216414,-0.10700231283053326
04C545121B6780,6,0.44271106107251107,1.1597993781210403
04C548121B6780,0,-0.8368636612321894,-1.1354235233567571
04C549121B6780,5,0.41840032430176055,2.7225024512222995
04C5494A216284,0,-0.6198501438820148,-1.0320237656528701
04C54B121B6780,0,-0.8444037241214475,-0.9497888372304841
04C54C121B6780,1,-1.0574840157041085,0.539521453244978
04C54F121B6780,0,-1.5243726958236463,-0.245687557867594
04C550121B6780,0,-0.8723564524831279,0.8805583629316165
04C551121B6780,0,-1.0585568287803682,0.0800668411169132
04C552121B6780,1,-0.23393017690208584,-0.09543325365539498
04C553121B6780,1,0.4892976423469466,0.06033703432533575
04C555121B6780,2,0.6813882869396978,-1.3322470130792412
04C557121B6780,0,-1.5319127587129044,-0.06005287174132128
04C55D121B6780,0,-1.5319127587129044,-0.06005287174132128
04C58B121B6780,2,0.8984018042898725,-1.2288472553753544
04C5C4121B6780,4,1.0630968113101966,-1.8782809002663148
04C5C7121B6780,5,0.4406005893891771,1.7515907611096906
04C5CD121B6780,2,-0.5123350495506169,-0.49488157786692216
04C5D9121B6780,6,1.958386230233429,1.231321428157224
04C5DD121B6780,0,-0.18309553481548607,0.4537796838168889
04C5DF121B6780,0,-1.5243726958236463,-0.245687557867594
04C5E14A216280,4,1.1757338638621437,-1.2888535432918922
04C5E3121B6780,6,-0.5099792554734626,-1.3224926773042036
04C5E64A216280,0,-0.4047887023636646,1.669270048290559
04C5E74A216280,0,-1.5319127587129044,-0.06005287174132128
04C5E94A216280,0,-2.0381270606117625,-0.11242340201816521
04C603121B6784,4,0.46004610750236935,-1.6302585173988955
04C6034A216284,0,-0.3428690724205936,0.4214718152239167
04C6064A216284,1,-1.0650240785933665,0.7251561393712507
04C60B121B6780,2,-0.5047949866613589,-0.6805162639931949
04C610121B6780,1,-0.4179134788574892,0.10880404258975099
04C616121B6780,1,0.1082865924245261,1.5325032181947598
04C617121B6780,4,0.5787788362129412,-0.12679118328447891
04C61B121B6780,4,1.1832739267514016,-1.474488229418165
04C61E4A216284,0,-1.3430779631310472,-1.187794053633601
04C61F4A216284,0,-1.3430779631310472,-1.187794053633601
04C6244A216284,1,1.4928226009795198,3.0918420272228637
04C6264A216284,0,-1.0660968916696263,0.2657015272431859
04C62A4A216284,0,-1.0660968916696263,0.2657015272431859
04C62B121B6780,5,1.0214510281095879,2.47448006835488
04C630121B6780,0,-1.338172319526406,0.5548039639471093
04C632121B6780,0,-2.0381270606117625,-0.11242340201816521
04C634121B6780,0,-2.0381270606117625,-0.11242340201816521
04C636121B6780,5,0.8717704848511392,1.4912935187523693
04C6364A216284,1,-1.5712383804922243,0.6727856090944068
04C641121B6780,0,-0.3661421505842699,0.9329288932084604
04C64B4A216284,0,-1.5319127587129044,-0.06005287174132128
04C655121B6780,2,0.6813882869396978,-1.3322470130792412
04C658121B6780,0,-1.0660968916696263,0.2657015272431859
04C659121B6780,0,-1.5319127587129044,-0.06005287174132128
04C65C121B6780,0,-1.5723111935684841,0.21333099696634197
04C65D121B6780,4,0.45357885768937106,-0.9851692191445579
04C663121B6780,4,0.919394724732649,-0.6594148201600506
04C66B121B6780,0,-0.3972486394744067,1.4836353621642862
04C670121B6780,0,-2.0381270606117625,-0.11242340201816521
04C68B121B6780,0,-0.8772620960877692,-0.8620396546490936
04C6A14A216280,0,-1.564771130679226,0.027696310840069283
04C6B14A216280,0,0.28272033222779225,0.779534082801396
04C6B9121B6780,6,1.6755751644958623,-0.33803454733518234
04C6BB121B6780,0,-1.5723111935684841,0.21333099696634197
04C6BF121B6780,5,3.0511334849487413,2.635671445523243
04C6BF4A216280,0,-0.8723564524831279,0.8805583629316165
04C6C0121B6780,2,2.838760711687838,-2.245088500992575
04C6C4121B6780,4,0.46004610750236935,-1.6302585173988955
04C6C94A216280,1,-0.5992082115500883,1.0509105383557578
04C6D94A216280,0,-1.3073591784734717,-0.14228780016370723
04C6DB121B6780,2,2.6406790580564774,0.03594112605405825
04C6DC121B6780,2,4.706237943978014,-0.1219220837030839
04C6DF121B6780,1,0.983747886389408,1.9062160608947354
04C6E4121B6780,1,0.2791134951060478,2.557878817107018
04C703121B6784,6,-0.5690384727252796,1.0585609918137233
04C7064A216284,0,-1.5723111935684841,0.21333099696634197
04C709121B6780,0,-0.8319580176275481,0.6071744942239532
04C71B121B6780,4,1.1832739267514016,-1.474488229418165
04C71B4A216284,4,-0.052635444209486876,-1.0375397494214018
04C71E4A216284,0,-1.3430779631310472,-1.187794053633601
04C71F4A216284,0,-1.3073591784734717,-0.14228780016370723
04C7214A216284,2,2.9188501620718825,0.6608786664901286
04C72A4A216284,0,-1.0660968916696263,0.2657015272431859
04C72B121B6780,4,0.6941849815444473,-1.2887855504181283
04C72C4A216284,0,-1.5243726958236463,-0.245687557867594
04C734121B6780,5,-0.7877687186824537,2.002904554980181
04C7364A216284,1,-1.5712383804922243,0.6727856090944068
04C73C121B6780,5,-0.2740143538943377,1.869640399130752
04C73D121B6780,0,-1.0585568287803682,0.0800668411169132
04C7424A216284,0,-2.0381270606117625,-0.11242340201816521
04C746121B6780,5,1.0276660401332174,-0.35688422794960417
04C74A121B6780,6,-0.03171768193628499,0.5602250531347412
04C74B4A216284,0,-1.5319127587129044,-0.06005287174132128
04C74F121B6780,5,1.43078895868564,0.9598065624296467
04C753121B6780,0,-0.3785878570781692,-0.6240344382459769
04C754121B6780,5,0.04225236993256695,0.7228605498254705
04C756121B6780,4,0.014868899338150669,-0.5392372906609635
04C758121B6780,1,0.08830082304136871,0.16117457286659492
04C75C121B6780,0,-1.5723111935684841,0.21333099696634197
04C75E121B6780,0,-1.3506180260203053,-1.0021593675073281
04C763121B6780,1,-0.8480105612431919,0.8285558970751375
04C765121B6780,4,0.45357885768937106,-0.9851692191445579
04C767121B6780,4,1.7787845676699714,-1.5368759261593115
04C76E121B6780,6,-0.7241323601323834,-0.29263699895680595
04C790121B6780,0,-1.5319127587129044,-0.06005287174132128
04C7A14A216280,0,-1.564771130679226,0.027696310840069283
04C7AE121B6780,0,-1.3506180260203053,-1.0021593675073281
04C7B14A216280,0,-1.0660968916696263,0.2657015272431859
04C7B5121B6780,0,-1.5319127587129044,-0.06005287174132128
04C7B9121B6780,1,1.197565828748054,-0.03447727972398056
04C7BB121B6780,0,-1.5723111935684841,0.21333099696634197
04C7BC121B6780,2,2.6181403572159194,-0.5701435243908405
04C7BE121B6780,4,-0.23500298997834557,-0.5548878657834596
04C7BF121B6780,5,2.5842448048292037,1.8504624344106704
04C7BF4A216280,0,-0.8723564524831279,0.8805583629316165
04C7C0121B6780,2,3.3574207200805954,-0.6357546392612939
04C7C1121B6780,4,1.1600008485877256,-0.9630311514336208
04C7C34A216280,0,-1.0660968916696263,0.2657015272431859
04C7C4121B6780,2,-0.1395169520133566,-1.8268600560043475
04C7D94A216280,0,-1.3073591784734717,-0.14228780016370723
04C7DB121B6780,0,-1.0660968916696263,0.2657015272431859
04C7DC121B6780,4,0.2648612815852381,-1.1454406898210598
04C7DD4A216280,4,-0.7008188570216239,-0.880642264767967
04C809121B6780,0,-0.8319580176275481,0.6071744942239532
04C81D4A216284,4,1.0555567484209387,-1.692646214140042
04C81E4A216284,0,-0.8415433114301936,0.1834665988208
04C8214A216284,0,-0.7336772289879455,-0.7928930821865763
04C8294A216284,6,-0.3588543254843808,-1.438980790967959
04C8354A216284,0,-1.3506180260203053,-1.0021593675073281
04C8394A216284,0,-1.5243726958236463,-0.245687557867594
04C83C121B6780,0,-1.0660968916696263,0.2657015272431859
04C83D121B6780,2,-0.006120747651759013,-0.44251104759007825
04C8424A216284,6,2.1267275558881154,0.10683817734947146
04C847121B6780,1,-0.3775150440019095,-0.16457982611791225
04C84A121B6780,0,-0.7336772289879455,-0.7928930821865763
04C856121B6780,4,0.022408962227408683,-0.7248719767872362
04C857121B6780,4,-0.6932787941323659,-1.06627695089424
04C859121B6780,0,-1.0660968916696263,0.2657015272431859
04C85E121B6780,0,-1.5319127587129044,-0.06005287174132128
04C860121B6780,6,-0.17791058090263198,-0.8675854179406413
04C867121B6780,4,1.7787845676699714,-1.5368759261593115
04C869121B6780,6,-0.03064486886002515,1.0196796652628057
04C86C121B6780,0,-1.5319127587129044,-0.06005287174132128
04C86E121B6780,6,1.3225135694822554,-1.3623742419140485
04C890121B6780,1,0.062099977755873226,2.4544790594031314
04C891121B6780,0,-2.0381270606117625,-0.11242340201816521
04C8AE121B6780,0,-1.3506180260203053,-1.0021593675073281
04C8BB121B6780,4,1.0059481514768247,0.9353043707821267
04C8BC121B6780,4,-0.0008641159362675583,-0.2134148988026926
04C8C1121B6780,1,0.7392900245940338,-0.5458663648347605
04C8C34A216280,0,-1.0660968916696263,0.2657015272431859
04C8C4121B6780,2,1.1482769670592357,-0.5470380019666692
04C8D7121B6780,2,-0.006120747651759013,-0.44251104759007825
04C8DA4A216280,0,-0.3785878570781692,-0.6240344382459769
04C8DD121B6780,1,0.8315144116735586,1.6882735061754903
04C908121B6780,4,-0.00576975954090891,-1.9560129163834028
04C90E121B6780,0,-1.3506180260203053,-1.0021593675073281
04C91D4A216284,4,2.9849536106541854,-0.817278029917193
04C91E4A216284,0,-1.5723111935684841,0.21333099696634197
04C9204A216284,0,-1.338172319526406,0.5548039639471093
04C928121B6780,4,2.153859708962905,0.0033113631094527874
04C9294A216284,6,0.32865470910707606,-2.328716756457122
04C9304A216284,0,-1.5319127587129044,-0.06005287174132128
04C937121B6780,6,0.10551715482826443,-0.013551728717185484
04C9394A216284,0,-1.5243726958236463,-0.245687557867594
04C9464A216284,2,3.851618726333688,-0.9761506107420411
04C947121B6780,0,-2.0381270606117625,-0.11242340201816521
04C9494A216284,6,-0.5146589056714667,-0.0036025551266464675
04C955121B6780,0,-1.5723111935684841,0.21333099696634197
04C957121B6780,0,-1.1994930960312238,-1.1186474811710838
04C95F121B6780,0,-1.0660968916696263,0.2657015272431859
04C962121B6780,0,-1.5243726958236463,-0.245687557867594
04C969121B6780,1,-0.4365742612537268,2.2164738430000144
04C96C121B6780,6,2.645895264824886,0.3415854626680612
04C991121B6780,0,-2.0381270606117625,-0.11242340201816521
04C9AB4A216280,2,-0.4719366146950372,-0.7682654465745854
04C9BC121B6780,4,1.312968700626693,-1.8626303251438188
04C9BE121B6780,2,3.352515076475954,-2.378352656842004
04C9C04A216280,0,-0.9110030042625226,1.6168995180137151
04C9C4121B6780,2,1.1482769670592357,-0.5470380019666692
04C9D7121B6780,2,-0.006120747651759013,-0.44251104759007825
04C9DD121B6780,5,2.4901506300950196,2.404719444663305
04C9DF121B6780,6,0.43517099818325305,1.345434064247313
04C9E0121B6780,4,0.9902151362024063,1.2611267626403977
04C9E1121B6780,4,2.986026423730445,-0.3578234177891282
04CA0A121B6780,2,0.6938339934335972,0.22471631837519623
04CA0E121B6780,0,-1.3506180260203053,-1.0021593675073281
04CA22121B6780,0,-0.8444037241214475,-0.9497888372304841
04CA274A216284,1,0.08830082304136871,0.16117457286659492
04CA28121B6780,6,-0.17755959279178188,-2.381087286733966
04CA2C4A216284,6,1.0114840935005287,-1.899562599768728
04CA2D4A216284,1,-0.403715889287405,2.1287246604186243
04CA304A216284,0,-1.5319127587129044,-0.06005287174132128
04CA37121B6780,4,-0.48380533967144923,-0.7772425070640802
04CA38121B6780,5,0.3279635368372302,1.162163404135268
04CA44121B6780,6,-0.2572436800128452,0.4925720121557659
04CA464A216284,6,2.104133547724364,0.6217979295803859
04CA4E121B6780,5,-0.025215277654101195,1.4258363621251833
04CA53121B6780,2,0.9388002391454521,-1.502231124083018
04CA55121B6780,1,-0.5992082115500883,1.0509105383557578
04CA58121B6780,1,-0.16050152665173492,-0.061180068414025485
04CA5F121B6780,0,-1.0660968916696263,0.2657015272431859
04CA62121B6780,0,-1.5243726958236463,-0.245687557867594
04CA66121B6780,4,-0.11363584198315682,-0.9796532353760261
04CA68121B6780,6,-0.008444603772608746,0.04876797515019746
04CA71121B6780,1,0.1082865924245261,1.5325032181947598
04CAB24A216280,5,0.7701598393796036,-0.44025928437135575
04CAB6121B6780,6,0.6915101373127475,0.7159953411154719
04CAB8121B6780,0,-1.3306322566371478,0.3691692778208366
04CABC121B6780,4,0.20370369492000764,-1.6669784725532433
04CABE121B6780,2,3.352515076475954,-2.378352656842004
04CAC04A216280,0,-0.9110030042625226,1.6168995180137151
04CAC4121B6780,4,2.153859708962905,0.0033113631094527874
04CAC8121B6780,2,0.9108475107837719,0.32811607607908305
04CACE121B6780,2,1.4046161061887303,-1.1764767250985106
04CADB121B6780,2,2.9263902249611404,0.4752439803638558
04CADF121B6780,6,0.12444901854707827,2.3708776560333353
04CAE0121B6780,5,1.0786357005314622,3.666616360141608
04CAE1121B6780,1,1.2175515981312113,1.336851365604184
04CB004A216284,0,-1.0585568287803682,0.0800668411169132
04CB014A216284,2,-0.27819617550853887,-0.1534086108861549
04CB0A121B6780,2,0.6938339934335972,0.22471631837519623
04CB0C121B6780,1,0.9626535722794827,0.2004567471835702
04CB0F121B6780,0,-0.9110030042625226,1.6168995180137151
04CB14121B6780,0,-1.5723111935684841,0.21333099696634197
04CB15121B6780,4,2.3114707961769008,0.7142893027417804
04CB224A216284,4,0.45250604461311134,-1.4446238312726227
04CB2D4A216284,1,-0.403715889287405,2.1287246604186243
04CB304A216284,1,-0.33425619645507587,0.6952917412257088
04CB314A216284,0,-2.0381270606117625,-0.11242340201816521
04CB38121B6780,5,0.3279635368372302,1.162163404135268
04CB3A4A216284,0,-1.564771130679226,0.027696310840069283
04CB53121B6780,6,1.1074447207188425,0.32029231160620925
04CB54121B6780,0,-1.5319127587129044,-0.06005287174132128
04CB58121B6780,0,-0.3353290095313356,0.23583712909764393
04CB59121B6780,1,-0.5916681486608303,0.8652758522294853
04CB5A121B6780,5,0.04225236993256695,0.7228605498254705
04CB61121B6780,4,0.7306771486285162,-0.8196862908365524
04CB64121B6780,6,1.3482324182693632,-2.7635454625827225
04CB66121B6780,4,-0.11363584198315682,-0.9796532353760261
04CB68121B6780,6,-0.008444603772608746,0.04876797515019746
04CB6F121B6780,1,-0.403715889287405,2.1287246604186243
04CB71121B6780,1,0.1082865924245261,1.5325032181947598
04CB8B121B6780,6,0.6068258131224809,-1.7037792160210519
04CB90121B6780,1,-0.5992082115500883,1.0509105383557578
04CBB24A216280,5,0.26394553748074584,-0.49262981464819966
04CBB6121B6780,6,0.6915101373127475,0.7159953411154719
04CBB8121B6780,2,2.8125598664023426,0.048215985543960574
04CBBC121B6780,2,1.8839504928021675,1.165695617468499
04CBBD121B6780,2,0.46076793246777886,0.34269796352249365
04CBC1121B6780,5,-0.7813014688694554,1.3578152567258435
04CBC4121B6780,2,1.4170618126826298,0.38048660635592696
04CBC8121B6780,2,0.9108475107837719,0.32811607607908305
04CBCE121B6780,2,0.9388002391454521,-1.502231124083018
04CBD2121B6780,6,1.0457617648803383,0.9117769952536211
04CBDB121B6780,2,1.737035768870411,-2.2350713345282722
04CBDB4A216280,1,1.9283337108863443,-0.06434167786952251
04CBDE121B6780,0,-0.4047887023636646,1.669270048290559
04CC004A216284,0,-1.0585568287803682,0.0800668411169132
04CC014A216284,2,-0.27819617550853887,-0.1534086108861549
04CC0C121B6780,1,0.9626535722794827,0.2004567471835702
04CC0F121B6780,4,-0.0537082572857466,-1.4969943615494665
04CC11121B6780,6,1.49514714220112,0.637221489414049
04CC22121B6780,0,-1.0660968916696263,0.2657015272431859
04CC224A216284,5,3.0684685313785995,-0.15438644999669326
04CC304A216284,1,-0.33425619645507587,0.6952917412257088
04CC38121B6780,0,-0.3428690724205936,0.4214718152239167
04CC3A4A216284,0,-1.3506180260203053,-1.0021593675073281
04CC45121B6780,6,0.44271106107251107,1.1597993781210403
04CC48121B6780,0,0.5197196189611242,2.2542624858334475
04CC494A216284,0,-1.0585568287803682,0.0800668411169132
04CC4B121B6780,0,-2.0381270606117625,-0.11242340201816521
04CC4C121B6780,1,-0.22639011401282783,-0.2810679397816678
04CC4F121B6780,6,0.755144954371034,-1.2701238766368865
04CC50121B6780,0,-1.338172319526406,0.5548039639471093
04CC52121B6780,0,-2.0381270606117625,-0.11242340201816521
04CC54121B6780,1,-1.0650240785933665,0.7251561393712507
04CC56121B6780,0,0.19826200144416287,1.4212476654231396
04CC57121B6780,0,-1.5319127587129044,-0.06005287174132128
04CC59121B6780,1,-0.5916681486608303,0.8652758522294853
04CC5A121B6780,0,-2.0381270606117625,-0.11242340201816521
04CC5B121B6780,0,-0.8848021589770272,-0.6764049685228208
04CC64121B6780,0,-1.5319127587129044,-0.06005287174132128
04CC67121B6780,4,2.9924936735434433,-1.0029127160434659
04CC6A121B6780,4,1.0630968113101966,-1.8782809002663148
04CC6F121B6780,4,0.20370369492000764,-1.6669784725532433
04CC8B121B6780,6,1.4379197148137612,-2.524368609047697
04CC90121B6780,0,-1.564771130679226,0.027696310840069283
04CCB14A216280,1,1.5752895698899558,0.3761422597193041
04CCBC121B6780,2,1.8839504928021675,1.165695617468499
04CCBD121B6780,4,-0.5119840614397668,-2.008383446660247
04CCC4121B6780,0,-1.3148992413627296,0.043346885962565515
04CCC7121B6780,5,-0.025215277654101195,1.4258363621251833
04CCCD121B6780,1,0.0958408859306267,-0.02446011325967774
04CCD2121B6780,6,1.4475596325671323,-0.41726182454533933
04CCD8121B6780,0,0.29516603872169167,2.3364974142558337
04CCD9121B6780,6,1.958386230233429,1.231321428157224
04CCDB4A216280,0,-0.14444898303609116,-0.2825614712652097
04CCDE121B6780,0,-0.4047887023636646,1.669270048290559
04CCE14A216280,1,-0.22639011401282783,-0.2810679397816678
04CCE74A216280,1,-1.0978824505596882,0.8129053219526414
04CCE94A216280,0,-2.0381270606117625,-0.11242340201816521
04CD0B121B6780,0,-0.4226477530062188,-0.2557047243318967
04CD10121B6780,1,-0.4179134788574892,0.10880404258975099
04CD11121B6780,6,1.49514714220112,0.637221489414049
04CD12121B6780,6,-0.5146589056714667,-0.0036025551266464675
04CD16121B6780,0,-2.0381270606117625,-0.11242340201816521
04CD17121B6780,0,-1.5243726958236463,-0.245687557867594
04CD224A216284,5,3.0684685313785995,-0.15438644999669326
04CD244A216284,5,2.6392414328436207,1.2646736237581069
04CD264A216284,0,-1.0660968916696263,0.2657015272431859
04CD38121B6780,4,0.7306771486285162,-0.8196862908365524
04CD4C121B6780,0,-1.5319127587129044,-0.06005287174132128
04CD4F121B6780,6,0.755144954371034,-1.2701238766368865
04CD50121B6780,0,-1.338172319526406,0.5548039639471093
04CDB14A216280,1,1.5752895698899558,0.3761422597193041
04CDBF121B6780,4,1.5617710503197966,-1.6402756838631982
04CDDF121B6780,5,1.0786357005314622,3.666616360141608
04CDE14A216280,0,-0.4047887023636646,1.669270048290559
04CDE64A216280,0,-0.4047887023636646,1.669270048290559
04CDE74A216280,1,-1.0978824505596882,0.8129053219526414
04CDE94A216280,0,-1.0660968916696263,0.2657015272431859
04CE0B121B6780,2,1.6497170253955278,-2.7266131879578133
04CE10121B6780,0,-2.0381270606117625,-0.11242340201816521
04CE12121B6780,6,-0.5146589056714667,-0.0036025551266464675
04CE17121B6780,4,0.029949025116666698,-0.910506662913509
04CE18121B6780,6,1.05678817196075,-0.43034845089568097
04CE194A216284,2,1.7774342037259905,-2.5084552032359357
04CE1B4A216284,0,-1.338172319526406,0.5548039639471093
04CE1E4A216284,4,-0.04616819439648859,-1.6826290476757393
04CE1F4A216284,0,-1.3430779631310472,-1.187794053633601
04CE244A216284,2,2.641732963720821,-0.9771596133682973
04CE264A216284,0,-1.0660968916696263,0.2657015272431859
04CE2A4A216284,0,-0.8848021589770272,-0.6764049685228208
04CE41121B6780,0,-1.0660968916696263,0.2657015272431859
04CE4F121B6780,5,0.743279924094183,1.8495425279188098
04CEB14A216280,0,-1.0660968916696263,0.2657015272431859
04CEB9121B6780,0,-1.0660968916696263,0.2657015272431859
04CEBB121B6780,0,-2.0381270606117625,-0.11242340201816521
04CEBF121B6780,2,4.123015084190543,-1.2687557216923349
04CEBF4A216280,4,1.1524607856984677,-0.7773964653073481
04CEDF121B6780,1,0.983747886389408,1.9062160608947354
04CEE64A216280,0,0.10142559953519323,1.721640578567403
04CF034A216284,4,-0.00576975954090891,-1.9560129163834028
04CF09121B6780,4,0.45250604461311134,-1.4446238312726227
04CF194A216284,2,1.7774342037259905,-2.5084552032359357
04CF1B4A216284,4,1.092348346154774,-0.18768534854208363
04CF1E4A216284,2,1.428023857847349,-1.511122823484143
04CF2A4A216284,0,-1.5723111935684841,0.21333099696634197
04CF2B4A216284,1,-0.5981353984738285,1.5103651504838227
04CF2C4A216284,0,-1.5243726958236463,-0.245687557867594
04CF32121B6780,0,-2.0381270606117625,-0.11242340201816521
04CF3C121B6780,4,0.9552307288679487,-0.9019212192589383
04CF41121B6780,0,-1.0660968916696263,0.2657015272431859
04CF494A216284,0,-1.0585568287803682,0.0800668411169132
04CF4A4A216284,0,-1.207033158920482,-0.9330127950448109
04CF4D121B6780,6,2.231945038481395,0.26004624616757477
04CF4F121B6780,1,-0.5916681486608303,0.8652758522294853
04CF52121B6780,0,-2.0381270606117625,-0.11242340201816521
04CF53121B6780,0,-0.6460509891675105,1.2612807208836658
04CF57121B6780,5,0.42594038719101857,2.536867765096027
04CF59121B6780,1,0.06964004064513113,2.2688443732768584
04CF5B121B6780,0,-0.8444037241214475,-0.9497888372304841
04CF5D121B6780,1,-1.0650240785933665,0.7251561393712507
04CF6A121B6780,2,2.123072955328064,-2.5864934750995787
04CF6B121B6780,0,-0.6273902067712729,-0.8463890795265973
04CF8B121B6780,0,-0.17064982832158676,2.0107430152713266
04CF8F121B6780,6,-0.5417648143635245,-0.7752888825947482
04CFAE121B6780,4,-0.010449409738913033,-0.6371227942058456
04CFB14A216280,0,-1.0660968916696263,0.2657015272431859
04CFB8121B6780,0,-0.6198501438820148,-1.0320237656528701
04CFB9121B6780,0,-1.5723111935684841,0.21333099696634197
04CFBA121B6780,2,0.35915728699624333,-1.588854839601231
04CFBB121B6780,0,-2.0381270606117625,-0.11242340201816521
04CFBC121B6780,4,-0.0008641159362675583,-0.2134148988026926
04CFBE121B6780,2,0.6813882869396978,-1.3322470130792412
04CFBF121B6780,2,4.123015084190543,-1.2687557216923349
04CFBF4A216280,4,1.1524607856984677,-0.7773964653073481
04CFC1121B6780,5,-0.7813014688694554,1.3578152567258435
04CFC4121B6780,1,-0.3775150440019095,-0.16457982611791225
04CFCD121B6780,1,0.0958408859306267,-0.02446011325967774
04CFD9121B6780,6,1.958386230233429,1.231321428157224
04CFE4121B6780,1,0.2791134951060478,2.557878817107018
04D003121B6784,6,-0.5690384727252796,1.0585609918137233
04D0034A216284,0,-0.3428690724205936,0.4214718152239167
04D0064A216284,1,-1.0650240785933665,0.7251561393712507
04D008121B6780,4,-0.00576975954090891,-1.9560129163834028
04D009121B6780,4,0.45250604461311134,-1.4446238312726227
04D01B121B6780,2,3.352515076475954,-2.378352656842004
04D01C4A216284,4,1.1757338638621437,-1.2888535432918922
04D01D4A216284,4,1.0555567484209387,-1.692646214140042
04D0214A216284,0,-0.7336772289879455,-0.7928930821865763
04D02B121B6780,4,0.6941849815444473,-1.2887855504181283
04D02C4A216284,0,-1.3073591784734717,-0.14228780016370723
04D030121B6780,0,-0.8490833743194516,0.3691012849470728
04D032121B6780,0,-2.0381270606117625,-0.11242340201816521
04D034121B6780,5,-0.7877687186824537,2.002904554980181
04D03C121B6780,4,0.9552307288679487,-0.9019212192589383
04D047121B6780,0,-1.338172319526406,0.5548039639471093
04D0484A216284,4,-0.04616819439648859,-1.6826290476757393
04D04A121B6780,0,0.24444861611281568,0.49927182421476834
04D04A4A216284,0,-1.207033158920482,-0.9330127950448109
04D04B4A216284,0,0.16334522947826424,0.4738423455007606
04D04D121B6780,6,0.42272529168935363,-0.21152926720712423
04D051121B6780,0,-0.8630645065176852,1.157880963179779
04D053121B6780,0,-0.3785878570781692,-0.6240344382459769
04D055121B6780,6,-0.5099792554734626,-1.3224926773042036
04D058121B6780,0,-0.3785878570781692,-0.6240344382459769
04D05C121B6780,0,-1.5723111935684841,0.21333099696634197
04D05D121B6780,1,-1.0650240785933665,0.7251561393712507
04D063121B6780,1,-0.8480105612431919,0.8285558970751375
04D06B121B6780,0,-0.6273902067712729,-0.8463890795265973
04D08B121B6780,0,-0.17064982832158676,2.0107430152713266
04D0AE121B6780,4,0.6895053313464432,0.03010457175942886
04D0BC121B6780,4,0.983822289526415,1.3912887930995073
04D0BE121B6780,2,2.7101387508888064,-1.397491793138857
04D0C4121B6780,2,-0.1395169520133566,-1.8268600560043475
04D0C94A216280,4,0.6695195619632859,-1.341224073568736
04D0D94A216280,4,0.3446399621708633,-0.4682641502652463
04D103121B6784,0,-0.8319580176275481,0.6071744942239532
04D108121B6780,1,0.47710417364241625,0.6896487009210449
04D11B121B6780,2,3.352515076475954,-2.378352656842004
04D11D4A216284,4,3.4911679125530433,-0.7649074996403491
04D11E4A216284,0,-0.8415433114301936,0.1834665988208
04D1204A216284,0,-1.3430779631310472,-1.187794053633601
04D1274A216284,0,-1.5723111935684841,0.21333099696634197
04D12B121B6780,4,0.6941849815444473,-1.2887855504181283
04D1304A216284,0,-1.5319127587129044,-0.06005287174132128
04D1314A216284,4,0.7382172115177741,-1.0053209769628253
04D1354A216284,0,-1.3506180260203053,-1.0021593675073281
04D1364A216284,4,0.29140761133031684,0.5384267410079601
04D137121B6780,4,-0.48380533967144923,-0.7772425070640802
04D147121B6780,0,-1.338172319526406,0.5548039639471093
04D14B4A216284,0,-1.0660968916696263,0.2657015272431859
04D151121B6780,0,-0.8630645065176852,1.157880963179779
04D153121B6780,0,-1.0585568287803682,0.0800668411169132
04D154121B6780,5,0.04225236993256695,0.7228605498254705
04D155121B6780,6,-0.17755959279178188,-2.381087286733966
04D156121B6780,1,-0.8837293459007675,-0.21695035639475618
04D158121B6780,0,-0.3785878570781692,-0.6240344382459769
04D159121B6780,2,0.21557241989641968,-1.6580014120637485
04D15C121B6780,1,-0.3417962593443339,0.8809264273519815
04D15E121B6780,0,-1.5319127587129044,-0.06005287174132128
04D160121B6780,0,-1.3506180260203053,-1.0021593675073281
04D163121B6780,4,-0.23500298997834557,-0.5548878657834596
04D165121B6780,1,-0.403715889287405,2.1287246604186243
04D167121B6780,1,-1.0978824505596882,0.8129053219526414
04D190121B6780,0,-1.564771130679226,0.027696310840069283
04D1A14A216280,4,0.21124375780926566,-1.852613158679516
04D1BC121B6780,2,2.591966441413906,-1.115393694630964
04D1BE121B6780,1,0.062099977755873226,2.4544790594031314
04D1C04A216280,6,0.07441066593812731,0.5371547402386405
04D1C94A216280,4,-0.017989472628171046,-0.45148810807957285
04D1D94A216280,4,0.3446399621708633,-0.4682641502652463
04D1DB121B6780,2,2.6406790580564774,0.03594112605405825
04D1DC121B6780,5,4.6586137040965045,2.028786255209336
04D1DD121B6780,1,-0.4103734159682312,-0.07683064353652166
04D1DF121B6780,2,2.0150896534080918,-0.3221211415234212
04D1E0121B6780,2,0.8249731540395212,-1.2631004406167237
04D1E1121B6780,2,2.90455826007523,-0.7791322832040556
04D2054A216284,1,-0.5916681486608303,0.8652758522294853
04D20A121B6780,2,1.381343028025054,-0.6650196471139665
04D21A4A216284,2,0.6044700190453265,-0.8761681165837703
04D2224A216284,4,0.45250604461311134,-1.4446238312726227
04D2234A216284,0,0.23690855322355778,0.684906510341041
04D2304A216284,0,-1.5319127587129044,-0.06005287174132128
04D2354A216284,0,-1.3506180260203053,-1.0021593675073281
04D2364A216284,4,0.29140761133031684,0.5384267410079601
04D237121B6780,0,-0.8244179547382899,0.4215398080976805
04D238121B6780,1,-0.43828745773171396,1.0277457512815666
04D2394A216284,0,-1.0585568287803682,0.0800668411169132
04D2424A216284,0,-2.0381270606117625,-0.11242340201816521
04D244121B6780,6,-0.008444603772608746,0.04876797515019746
04D24E121B6780,4,1.8267230654148088,-1.9958944809932475
04D252121B6780,0,-0.16157433972799465,-0.5206346805420903
04D254121B6780,5,0.04225236993256695,0.7228605498254705
04D256121B6780,4,0.022408962227408683,-0.7248719767872362
04D257121B6780,0,-1.5723111935684841,0.21333099696634197
04D259121B6780,2,0.21557241989641968,-1.6580014120637485
04D25E121B6780,0,-1.0660968916696263,0.2657015272431859
04D260121B6780,0,-1.3506180260203053,-1.0021593675073281
04D265121B6780,0,-1.1994930960312238,-1.1186474811710838
04D267121B6780,1,-1.0978824505596882,0.8129053219526414
04D269121B6780,4,1.0755425178040963,-0.32131756881187745
04D26C121B6780,6,-1.1974882900649195,-0.43275671181504055
04D291121B6780,4,-0.23500298997834557,-0.5548878657834596
04D2B0121B6780,4,-0.7008188570216239,-0.880642264767967
04D2B24A216280,0,-1.564771130679226,0.027696310840069283
04D2B6121B6780,2,4.123015084190543,-1.2687557216923349
04D2B8121B6780,1,0.23942575303045033,0.04468645920283951
04D2BC121B6780,2,3.4230603431051865,-1.9359830876576094
04D2BE121B6780,1,0.062099977755873226,2.4544790594031314
04D2C04A216280,1,0.8115286422904011,0.31694486084732565
04D2C1121B6780,1,-1.0574840157041085,0.539521453244978
04D2C4121B6780,5,4.206530004914958,-0.6058641417718353
04D2D7121B6780,2,-0.006120747651759013,-0.44251104759007825
04D2D9121B6780,5,-0.06561371250968082,1.6992202308328468
04D2DA4A216280,0,-1.207033158920482,-0.9330127950448109
04D2DD121B6780,0,-1.5723111935684841,0.21333099696634197
04D2DF121B6780,2,2.0150896534080918,-0.3221211415234212
04D2E1121B6780,0,-0.3428690724205936,0.4214718152239167
04D3054A216284,1,-0.5916681486608303,0.8652758522294853
04D30A121B6780,2,1.7513276708670635,-0.7950603848340886
04D30C121B6780,0,-1.338172319526406,0.5548039639471093
04D30F121B6780,0,-1.5319127587129044,-0.06005287174132128
04D32D4A216284,0,-1.5243726958236463,-0.245687557867594
04D338121B6780,1,-0.43828745773171396,1.0277457512815666
04D3394A216284,0,-1.5243726958236463,-0.245687557867594
04D33F4A216284,1,0.3581584817410224,1.5481537933172558
04D344121B6780,6,-0.008444603772608746,0.04876797515019746
04D3464A216284,6,0.32865470910707606,-2.328716756457122
04D34E121B6780,0,-1.3148992413627296,0.043346885962565515
04D352121B6780,0,-0.8490833743194516,0.3691012849470728
04D362121B6780,0,-1.5243726958236463,-0.245687557867594
04D369121B6780,4,1.0755425178040963,-0.32131756881187745
04D36C121B6780,6,-0.7316724230216414,-0.10700231283053326
04D36E121B6780,6,-0.7241323601323834,-0.29263699895680595
04D36F121B6780,0,-0.24135302031361985,-1.1978112200979036
04D37B121B6780,0,-1.5723111935684841,0.21333099696634197
04D391121B6780,0,-2.0381270606117625,-0.11242340201816521
04D3B24A216280,0,-1.564771130679226,0.027696310840069283
04D3B6121B6780,6,-0.5493048772527824,-0.5896541964684754
04D3B8121B6780,2,2.168377033788285,-1.117279326226532
04D3BC121B6780,2,1.8839504928021675,1.165695617468499
04D3BD121B6780,2,3.3639068773055096,0.19171141403478897
04D3C1121B6780,2,-0.4643965518057791,-0.953900132700858
04D3C4121B6780,5,3.872105536266973,-0.23316030169811613
04D3D4121B6780,0,-1.0660968916696263,0.2657015272431859
04D3D7121B6780,2,-0.006120747651759013,-0.44251104759007825
04D3D9121B6780,5,-0.06561371250968082,1.6992202308328468
04D3DA4A216280,4,-0.5195241243290248,-1.8227487605339738
04D40C121B6780,0,-1.338172319526406,0.5548039639471093
04D40F121B6780,0,-1.5319127587129044,-0.06005287174132128
04D411121B6780,0,-0.8444037241214475,-0.9497888372304841
04D415121B6780,0,-1.0660968916696263,0.2657015272431859
04D4224A216284,0,0.36462573155402067,0.9030644950629184
04D4244A216284,1,-1.5636983176029664,0.4871509229681341
04D4354A216284,6,0.6295905073696765,1.9637935741821142
04D439121B6780,2,1.979370868750516,-1.3676273949933149
04D43A121B6780,4,-0.7008188570216239,-0.880642264767967
04D445121B6780,0,-1.0660968916696263,0.2657015272431859
04D4464A216284,2,3.0205248246424077,-0.15556121771539544
04D448121B6780,0,-0.8368636612321894,-1.1354235233567571
04D44F121B6780,1,0.2318856901411923,0.2303211453291123
04D453121B6780,0,-1.0660968916696263,0.2657015272431859
04D455121B6780,1,-0.5992082115500883,1.0509105383557578
04D458121B6780,0,-1.3306322566371478,0.3691692778208366
04D462121B6780,0,-1.5243726958236463,-0.245687557867594
04D466121B6780,5,-0.1453923930953062,1.0220436912770334
04D468121B6780,1,0.10074652953526808,1.7181379043210323
04D46E121B6780,6,-0.7241323601323834,-0.29263699895680595
04D46F121B6780,1,-0.403715889287405,2.1287246604186243
04D4B14A216280,2,2.6574659789952393,-1.3029820052265686
04D4BC121B6780,2,1.8914905556914257,0.9800609313422263
04D4BD121B6780,2,3.3639068773055096,0.19171141403478897
04D4BF121B6780,4,1.5617710503197966,-1.6402756838631982
04D4C5121B6780,0,-2.0381270606117625,-0.11242340201816521
04D4C8121B6780,2,2.0076668099965578,-1.42449910796593
04D4DB121B6780,0,-0.8011448765746138,-0.08991726988686331
04D4DD4A216280,0,-1.564771130679226,0.027696310840069283
04D4E74A216280,1,-1.0978824505596882,0.8129053219526414
04D4E84A216280,0,-1.5319127587129044,-0.06005287174132128
04D4E94A216280,0,-1.0660968916696263,0.2657015272431859
04D5014A216284,2,-0.27819617550853887,-0.1534086108861549
04D50B121B6780,0,-1.3506180260203053,-1.0021593675073281
04D50D121B6780,5,5.269087251315866,2.8831418387844256
04D510121B6780,0,-2.0381270606117625,-0.11242340201816521
04D511121B6780,0,-0.8444037241214475,-0.9497888372304841
04D512121B6780,0,-1.5319127587129044,-0.06005287174132128
04D515121B6780,4,2.3114707961769008,0.7142893027417804
04D516121B6780,5,1.5717252259364956,2.1585208847176443
04D517121B6780,0,-0.7412172918772035,-0.6072583960603035
04D522121B6780,0,-1.0660968916696263,0.2657015272431859
04D5224A216284,0,0.36462573155402067,0.9030644950629184
04D5264A216284,4,-0.0723690396819843,0.6106754388607968
04D5314A216284,0,-2.0381270606117625,-0.11242340201816521
04D539121B6780,2,1.979370868750516,-1.3676273949933149
04D53A121B6780,1,-0.5992082115500883,1.0509105383557578
04D53A4A216284,0,-1.564771130679226,0.027696310840069283
04D545121B6780,0,-1.0660968916696263,0.2657015272431859
04D548121B6780,0,-0.8011448765746138,-0.08991726988686331
04D549121B6780,4,-0.013309822430166925,-1.77037823025713
04D54B121B6780,0,-1.564771130679226,0.027696310840069283
04D54C121B6780,0,-0.8086849394638718,0.09571741623940944
04D54F121B6780,1,0.2318856901411923,0.2303211453291123
04D550121B6780,1,-0.3417962593443339,0.8809264273519815
04D553121B6780,0,-0.3972486394744067,1.4836353621642862
04D554121B6780,1,-1.0650240785933665,0.7251561393712507
04D555121B6780,1,-0.5992082115500883,1.0509105383557578
04D556121B6780,0,0.19826200144416287,1.4212476654231396
04D558121B6780,0,-1.3306322566371478,0.3691692778208366
04D559121B6780,1,-0.5916681486608303,0.8652758522294853
04D55A121B6780,1,-1.0650240785933665,0.7251561393712507
04D561121B6780,4,0.7306771486285162,-0.8196862908365524
04D566121B6780,5,-0.1453923930953062,1.0220436912770334
04D58B121B6780,0,-0.7336772289879455,-0.7928930821865763
04D5B14A216280,2,2.6574659789952393,-1.3029820052265686
04D5BF121B6780,0,-0.07990910257124242,0.7963101249870697
04D5C8121B6780,2,2.0076668099965578,-1.42449910796593
04D5CE121B6780,2,1.809585156365197,0.8565305190807043
04D5D2121B6780,6,0.10696154155889734,-1.113226391983452
04D5DB121B6780,2,2.9263902249611404,0.4752439803638558
04D5DB4A216280,0,-1.0660968916696263,0.2657015272431859
04D5DD121B6780,1,0.8315144116735586,1.6882735061754903
04D5DD4A216280,0,-1.564771130679226,0.027696310840069283
04D5DF121B6780,5,1.0786357005314622,3.666616360141608
04D5E64A216280,0,-1.5723111935684841,0.21333099696634197
04D5E94A216280,1,-0.23393017690208584,-0.09543325365539498
04D6004A216284,0,0.4661417836609945,-0.7162185402589019
04D6014A216284,0,-1.338172319526406,0.5548039639471093
04D60B121B6780,0,-1.3506180260203053,-1.0021593675073281
04D610121B6780,0,-1.0585568287803682,0.0800668411169132
04D612121B6780,0,-0.8444037241214475,-0.9497888372304841
04D616121B6780,5,1.5717252259364956,2.1585208847176443
04D617121B6780,4,-0.0537082572857466,-1.4969943615494665
04D619121B6780,1,-0.3775150440019095,-0.16457982611791225
04D61E4A216284,1,-1.0650240785933665,0.7251561393712507
04D61F4A216284,1,-0.18377460481541114,0.4502770095705183
04D622121B6780,0,-0.8011448765746138,-0.08991726988686331
04D6264A216284,4,-0.0723690396819843,0.6106754388607968
04D62A4A216284,0,-0.2159539067818078,0.5415288663982794
04D6314A216284,5,0.9074892695087149,2.5367997722222633
04D63A4A216284,0,-1.564771130679226,0.027696310840069283
04D63D121B6780,0,-1.564771130679226,0.027696310840069283
04D649121B6780,0,-1.0585568287803682,0.0800668411169132
04D6494A216284,0,-0.6149445002773735,0.7105742519278401
04D64F121B6780,0,-2.0381270606117625,-0.11242340201816521
04D652121B6780,0,-2.0381270606117625,-0.11242340201816521
04D653121B6780,1,0.9551135093902247,0.386091433309843
04D654121B6780,1,-0.4103734159682312,-0.07683064353652166
04D656121B6780,0,-1.1994930960312238,-1.1186474811710838
04D657121B6780,5,0.42594038719101857,2.536867765096027
04D659121B6780,1,-0.5916681486608303,0.8652758522294853
04D65A121B6780,1,-1.0650240785933665,0.7251561393712507
04D661121B6780,0,-1.207033158920482,-0.9330127950448109
04D664121B6780,6,0.8301893608079297,-0.957456104002721
04D682121B6780,0,-2.0381270606117625,-0.11242340201816521
04D68B121B6780,2,2.4978958588316287,-3.2325811838809613
04D6B14A216280,0,-1.0660968916696263,0.2657015272431859
04D6B8121B6780,0,-1.3073591784734717,-0.14228780016370723
04D6B9121B6780,2,2.947911420048632,-0.4991703839951235
04D6BA121B6780,4,-0.7008188570216239,-0.880642264767967
04D6BB121B6780,6,-0.2647837429021032,0.6782066982820387
04D6BF121B6780,6,2.6770017537150226,-0.20912100628776464
04D6BF4A216280,6,0.32865470910707606,-2.328716756457122
04D6C1121B6780,4,0.45357885768937106,-0.9851692191445579
04D6C4121B6780,1,-0.3775150440019095,-0.16457982611791225
04D6CD121B6780,0,-0.3428690724205936,0.4214718152239167
04D6D14A216280,1,1.616421698696186,1.7896599543572158
04D6D2121B6780,6,1.0457617648803383,0.9117769952536211
04D6D8121B6780,1,1.148853948576723,1.0009482689982736
04D6D9121B6780,0,0.7431228551224156,0.7372770406178849
04D6DB4A216280,0,-1.0660968916696263,0.2657015272431859
04D6DD121B6780,1,0.8315144116735586,1.6882735061754903
04D6DF121B6780,1,0.08830082304136871,0.16117457286659492
04D6E3121B6780,5,1.0114877882000897,1.229080865276463
04D6E4121B6780,6,-0.5024391925842046,-1.5081273634304764
04D6E64A216280,0,-1.5243726958236463,-0.245687557867594
04D711121B6780,0,-0.8444037241214475,-0.9497888372304841
04D719121B6780,1,-1.0650240785933665,0.7251561393712507
04D7194A216284,4,1.1768066769384034,-0.8293989311638271
04D71B4A216284,0,-1.338172319526406,0.5548039639471093
04D71E4A216284,4,-0.04616819439648859,-1.6826290476757393
04D71F4A216284,0,-1.3430779631310472,-1.187794053633601
04D7214A216284,2,3.788590615542558,-0.8960518816186157
04D72A4A216284,0,-0.2234939696710657,0.7271635525245521
04D72B4A216284,4,2.2849988695688292,-1.4845053958824677
04D732121B6780,0,-1.0660968916696263,0.2657015272431859
04D73C121B6780,2,0.7856475322602015,-0.5302619597809959
04D7494A216284,0,-1.0585568287803682,0.0800668411169132
04D74A4A216284,2,2.0150896534080918,-0.3221211415234212
04D74F121B6780,0,-2.0381270606117625,-0.11242340201816521
04D752121B6780,0,-1.5243726958236463,-0.245687557867594
04D753121B6780,2,0.4683079953570369,0.157063277396221
04D757121B6780,0,-0.8444037241214475,-0.9497888372304841
04D759121B6780,6,-0.1375121460470522,-1.1409692866483048
04D75B121B6780,0,-0.8444037241214475,-0.9497888372304841
04D75D121B6780,0,-1.0660968916696263,0.2657015272431859
04D76A121B6780,0,-1.0660968916696263,0.2657015272431859
04D78B121B6780,0,-0.9110030042625226,1.6168995180137151
04D7B14A216280,2,1.7906532926463832,-1.5278988656698167
04D7B8121B6780,1,-0.37465463131065563,0.968675609933372
04D7B9121B6780,2,2.947911420048632,-0.4991703839951235
04D7BA121B6780,4,-0.7008188570216239,-0.880642264767967
04D7BB121B6780,6,-0.2647837429021032,0.6782066982820387
04D7BC121B6780,4,0.983822289526415,1.3912887930995073
04D7BE121B6780,2,-0.006120747651759013,-0.44251104759007825
04D7BF121B6780,6,2.6770017537150226,-0.20912100628776464
04D7BF4A216280,6,0.32865470910707606,-2.328716756457122
04D7C1121B6780,1,-0.3775150440019095,-0.16457982611791225
04D7C4121B6780,1,-0.3775150440019095,-0.16457982611791225
04D7CD121B6780,1,0.0958408859306267,-0.02446011325967774
04D7D8121B6780,1,0.31776004688544274,1.821537662024919
04D7D9121B6780,0,0.7431228551224156,0.7372770406178849
04D7DE121B6780,0,-0.3586020876950118,0.7472942070821877
04D7E4121B6780,0,-0.3428690724205936,0.4214718152239167
04D803121B6784,0,-0.8319580176275481,0.6071744942239532
04D8064A216284,1,-0.22639011401282783,-0.2810679397816678
04D808121B6780,1,0.45090332835692076,2.982953187457581
04D81B121B6780,2,3.352515076475954,-2.378352656842004
04D81D4A216284,1,1.4549777809538083,-0.20446139072775707
04D81E4A216284,4,0.022408962227408683,-0.7248719767872362
04D8204A216284,4,0.24814876378348322,-0.3214448263356609
04D821121B6780,0,-2.0381270606117625,-0.11242340201816521
04D8214A216284,2,2.9188501620718825,0.6608786664901286
04D822121B6780,2,0.001419315237499001,-0.628145733716351
04D825121B6780,0,-0.7336772289879455,-0.7928930821865763
04D8274A216284,0,-1.5723111935684841,0.21333099696634197
04D82B121B6780,4,0.6941849815444473,-1.2887855504181283
04D82B4A216284,4,2.2849988695688292,-1.4845053958824677
04D82C4A216284,0,-1.0585568287803682,0.0800668411169132
04D8324A216284,4,1.1768066769384034,-0.8293989311638271
04D83C121B6780,2,0.7856475322602015,-0.5302619597809959
04D84A121B6780,0,-1.564771130679226,0.027696310840069283
04D84A4A216284,2,2.0150896534080918,-0.3221211415234212
04D84B4A216284,0,-1.0585568287803682,0.0800668411169132
04D84D121B6780,6,0.5663101587891769,-0.1423826947446069
04D851121B6780,0,-1.338172319526406,0.5548039639471093
04D855121B6780,4,2.003750986799552,-0.557041781819418
04D858121B6780,2,3.221123678080661,-3.0768108959002305
04D859121B6780,6,-0.1375121460470522,-1.1409692866483048
04D85C121B6780,1,-0.3417962593443339,0.8809264273519815
04D85D121B6780,0,-1.0660968916696263,0.2657015272431859
04D863121B6780,0,-1.5319127587129044,-0.06005287174132128
04D88B121B6780,0,-0.9110030042625226,1.6168995180137151
04D893121B6780,1,-0.22639011401282783,-0.2810679397816678
04D8A14A216280,0,-0.9288620549050768,-0.30807525460874063
04D8BC121B6780,0,-0.10873019837851547,0.762944782204684
04D8BE121B6780,0,-1.564771130679226,0.027696310840069283
04D8C24A216280,4,0.9880891008342705,-0.989670401840329
04D8C94A216280,4,0.6075999320202143,-0.09342584050209342
04D8D94A216280,4,-0.07408223615997125,-0.5780526528576508
04D8DC121B6780,6,0.07950137130312232,-1.0375695289444178
04D8DE121B6780,0,-0.4047887023636646,1.669270048290559
04D903121B6784,5,4.896620141889455,2.7016184481285266
04D9064A216284,1,-0.5916681486608303,0.8652758522294853
04D91D4A216284,1,0.32705199285088543,2.098860262273082
04D91E4A216284,4,0.7099179968188655,-1.6146079422763995
04D9204A216284,4,0.24814876378348322,-0.3214448263356609
04D92B121B6780,0,-0.4047887023636646,1.669270048290559
04D92C4A216284,0,-1.0585568287803682,0.0800668411169132
04D92D4A216284,0,-0.4047887023636646,1.669270048290559
04D9304A216284,5,-0.7888415317587134,1.5434499428521162
04D9324A216284,0,-0.8848021589770272,-0.6764049685228208
04D9364A216284,1,3.289596641277662,2.006454209143125
04D937121B6780,5,0.6061623068073579,1.135306657201955
04D93B4A216284,4,0.6770596248525438,-1.5268587596950087
04D94A121B6780,0,-1.5723111935684841,0.21333099696634197
04D94B4A216284,0,-0.3710477941889112,-0.8096691243722497
04D953121B6780,4,0.46004610750236935,-1.6302585173988955
04D954121B6780,0,-1.3306322566371478,0.3691692778208366
04D955121B6780,4,2.003750986799552,-0.557041781819418
04D956121B6780,0,-1.207033158920482,-0.9330127950448109
04D958121B6780,2,3.221123678080661,-3.0768108959002305
04D95C121B6780,4,0.7306771486285162,-0.8196862908365524
04D95E121B6780,0,-0.3785878570781692,-0.6240344382459769
04D960121B6780,1,-0.5916681486608303,0.8652758522294853
04D963121B6780,0,-1.5319127587129044,-0.06005287174132128
04D967121B6780,5,-0.2750871669705974,1.4101857870026873
04D993121B6780,0,-0.8490833743194516,0.3691012849470728
04D9A14A216280,4,0.6548593597651274,-0.5559470695824
04D9BC121B6780,0,-1.3430779631310472,-1.187794053633601
04D9BE121B6780,1,0.062099977755873226,2.4544790594031314
04D9C04A216280,1,0.8115286422904011,0.31694486084732565
04D9C94A216280,4,0.6075999320202143,-0.09342584050209342
04D9D94A216280,4,-0.07408223615997125,-0.5780526528576508
04D9DD121B6780,4,4.1131504800796845,1.371499502242752
04D9E1121B6780,0,-0.3428690724205936,0.4214718152239167
04DA08121B6784,0,-2.0381270606117625,-0.11242340201816521
04DA0A121B6780,4,0.7099179968188655,-1.6146079422763995
04DA1A4A216284,0,-1.564771130679226,0.027696310840069283
04DA1B121B6780,4,1.8191830025255509,-1.810259794866975
04DA1E121B6780,4,0.4957648921599449,-0.5847522639290017
04DA304A216284,5,-0.7813014688694554,1.3578152567258435
04DA314A216284,1,-0.5916681486608303,0.8652758522294853
04DA364A216284,1,-0.3775150440019095,-0.16457982611791225
04DA37121B6780,5,0.6061623068073579,1.135306657201955
04DA38121B6780,0,-1.0660968916696263,0.2657015272431859
04DA394A216284,4,0.7174580597081235,-1.8002426284026722
04DA44121B6780,6,0.38620545865056194,-0.02883423941931684
04DA4E121B6780,4,1.8034499872511327,-1.484437403008704
04DA54121B6780,0,-1.3306322566371478,0.3691692778208366
04DA55121B6780,0,-0.4151076901169608,-0.44133941045816955
04DA57121B6780,0,-0.7412172918772035,-0.6072583960603035
04DA59121B6780,0,-1.3073591784734717,-0.14228780016370723
04DA5E121B6780,5,1.6661384508252248,0.42709408236869084
04DA60121B6780,1,-0.5916681486608303,0.8652758522294853
04DA67121B6780,5,-0.2750871669705974,1.4101857870026873
04DA69121B6780,0,-1.564771130679226,0.027696310840069283
04DA6C121B6780,6,-0.7305996099453815,0.35245229929753136
04DA7B121B6780,4,0.022408962227408683,-0.7248719767872362
04DA90121B6780,0,-1.5319127587129044,-0.06005287174132128
04DA91121B6780,0,-2.0381270606117625,-0.11242340201816521
04DAB24A216280,6,-0.5146589056714667,-0.0036025551266464675
04DAB6121B6780,4,-0.09776815321379631,-1.1286646476353865
04DAB8121B6780,1,0.23942575303045033,0.04468645920283951
04DABC121B6780,2,-0.2831018191131801,-1.8960066284668649
04DABE121B6780,0,-1.5243726958236463,-0.245687557867594
04DAC04A216280,1,-1.5636983176029664,0.4871509229681341
04DAC1121B6780,2,0.8325132169287793,-1.4487351267429964
04DAC4121B6780,0,-1.0585568287803682,0.0800668411169132
04DAD9121B6780,1,-0.5992082115500883,1.0509105383557578
04DADA4A216280,0,-1.207033158920482,-0.9330127950448109
04DADD121B6780,0,-0.8848021589770272,-0.6764049685228208
04DADF121B6780,2,2.0150896534080918,-0.3221211415234212
04DAE1121B6780,1,0.3581584817410224,1.5481537933172558
04DB054A216284,1,-1.0650240785933665,0.7251561393712507
04DB0A121B6780,4,1.3974270314103223,-2.504343907765562
04DB224A216284,0,-1.3148992413627296,0.043346885962565515
04DB234A216284,0,-0.6149445002773735,0.7105742519278401
04DB304A216284,4,1.1138142339190722,-0.04105531022524949
04DB38121B6780,0,-1.0660968916696263,0.2657015272431859
04DB3F4A216284,1,0.3581584817410224,1.5481537933172558
04DB464A216284,1,-0.5916681486608303,0.8652758522294853
04DB52121B6780,0,-1.3073591784734717,-0.14228780016370723
04DB57121B6780,1,-0.33425619645507587,0.6952917412257088
04DB62121B6780,1,-0.5992082115500883,1.0509105383557578
04DB65121B6780,0,-1.5243726958236463,-0.245687557867594
04DB69121B6780,0,-0.7336772289879455,-0.7928930821865763
04DB6C121B6780,6,-1.1974882900649195,-0.43275671181504055
04DB6E121B6780,6,-0.7241323601323834,-0.29263699895680595
04DB6F121B6780,0,-0.24135302031361985,-1.1978112200979036
04DB70121B6780,0,-1.0660968916696263,0.2657015272431859
04DB71121B6780,5,-0.040948292928519425,1.7516587539834545
04DB91121B6780,4,-0.23500298997834557,-0.5548878657834596
04DBB24A216280,6,-0.5146589056714667,-0.0036025551266464675
04DBB6121B6780,6,-0.5493048772527824,-0.5896541964684754
04DBB8121B6780,6,-1.1974882900649195,-0.43275671181504055
04DBBC121B6780,2,1.8839504928021675,1.165695617468499
04DBBD121B6780,1,0.8190687051796591,0.13131017472105297
04DBC1121B6780,2,0.8325132169287793,-1.4487351267429964
04DBC4121B6780,0,-1.0585568287803682,0.0800668411169132
04DBD7121B6780,2,-0.006120747651759013,-0.44251104759007825
04DBDA4A216280,0,-1.207033158920482,-0.9330127950448109
04DBDF121B6780,1,0.1315596705882023,1.0210461402102158
04DC0D121B6780,0,-0.3710477941889112,-0.8096691243722497
04DC0F121B6780,4,0.022408962227408683,-0.7248719767872362
04DC11121B6780,0,-1.5243726958236463,-0.245687557867594
04DC15121B6780,0,-1.0660968916696263,0.2657015272431859
04DC224A216284,2,4.706237943978014,-0.1219220837030839
04DC2D4A216284,0,-1.5243726958236463,-0.245687557867594
04DC2E4A216284,0,-2.0381270606117625,-0.11242340201816521
04DC304A216284,4,1.1138142339190722,-0.04105531022524949
04DC39121B6780,4,0.022408962227408683,-0.7248719767872362
04DC3F4A216284,1,0.3581584817410224,1.5481537933172558
04DC45121B6780,5,-1.2546573988019918,1.217695543867609
04DC464A216284,1,-0.5916681486608303,0.8652758522294853
04DC49121B6780,0,-1.3430779631310472,-1.187794053633601
04DC4C121B6780,1,0.05178099000257702,0.3438696006544024
04DC4F121B6780,1,0.2318856901411923,0.2303211453291123
04DC50121B6780,0,-1.5723111935684841,0.21333099696634197
04DC52121B6780,0,-2.0381270606117625,-0.11242340201816521
04DC53121B6780,2,1.1839957517168112,0.49846825150322444
04DC58121B6780,4,2.342577285067038,0.16358283378595456
04DC62121B6780,1,0.2318856901411923,0.2303211453291123
04DC66121B6780,0,-1.5243726958236463,-0.245687557867594
04DC68121B6780,4,0.3446399621708633,-0.4682641502652463
04DC6E121B6780,6,-0.7241323601323834,-0.29263699895680595
04DC6F121B6780,0,-0.24135302031361985,-1.1978112200979036
04DCBC121B6780,2,1.8839504928021675,1.165695617468499
04DCBD121B6780,1,0.8190687051796591,0.13131017472105297
04DCBF121B6780,0,-0.07990910257124242,0.7963101249870697
04DCDB121B6780,4,1.6268895287072633,-0.17782214032104893
04DCDD4A216280,0,-0.3785878570781692,-0.6240344382459769
04DCE3121B6780,1,0.7853277970049056,2.610249347383862
04DCE84A216280,1,0.345712775247123,-0.008809538137181565
04DD004A216284,1,-1.5712383804922243,0.6727856090944068
04DD014A216284,1,-0.8761892830115094,-0.4025850425210289
04DD0B121B6780,4,-0.010449409738913033,-0.6371227942058456
04DD0D121B6780,0,-2.0381270606117625,-0.11242340201816521
04DD10121B6780,0,-0.8086849394638718,0.09571741623940944
04DD12121B6780,0,-0.8444037241214475,-0.9497888372304841
04DD15121B6780,0,-1.0660968916696263,0.2657015272431859
04DD16121B6780,5,1.5265925169321861,2.0673959865036595
04DD22121B6780,0,-0.8011448765746138,-0.08991726988686331
04DD224A216284,2,4.706237943978014,-0.1219220837030839
04DD264A216284,4,-0.5195241243290248,-1.8227487605339738
04DD2E4A216284,0,-2.0381270606117625,-0.11242340201816521
04DD314A216284,5,0.9074892695087149,2.5367997722222633
04DD39121B6780,4,0.022408962227408683,-0.7248719767872362
04DD3A4A216284,4,1.7863246305592293,-1.7225106122855842
04DD48121B6780,6,0.32865470910707606,-2.328716756457122
04DD4F121B6780,1,-1.0574840157041085,0.539521453244978
04DD50121B6780,0,-1.5723111935684841,0.21333099696634197
04DD52121B6780,0,-1.5723111935684841,0.21333099696634197
04DD53121B6780,4,0.45250604461311134,-1.4446238312726227
04DD54121B6780,6,0.5499968885444046,-2.030705252137467
04DD55121B6780,0,-1.0660968916696263,0.2657015272431859
04DD58121B6780,2,3.4025534290849047,-0.5446297410473097
04DD59121B6780,2,0.8896056260044931,-1.761432678900178
04DD5A121B6780,4,0.029949025116666698,-0.910506662913509
04DD61121B6780,0,-1.207033158920482,-0.9330127950448109
04DD64121B6780,6,1.0282584620815822,-0.14798752169852292
04DD66121B6780,5,0.7035605592385283,2.1264290708728435
04DD68121B6780,4,1.289695622463017,-1.3511732471592748
04DD8B121B6780,0,-1.564771130679226,0.027696310840069283
04DDBF121B6780,5,4.425547643130686,2.146767900356634
04DDC14A216280,1,-0.22639011401282783,-0.2810679397816678
04DDC8121B6780,1,1.2332846134056297,1.011028973745913
04DDD14A216280,4,0.4882248292706869,-0.39911757780272894
04DDD2121B6780,6,1.9845870755189243,-1.061983058379312
04DDDB121B6780,4,1.6268895287072633,-0.17782214032104893
04DDDB4A216280,0,-1.0660968916696263,0.2657015272431859
04DDDD121B6780,1,0.8115286422904011,0.31694486084732565
04DDDD4A216280,0,-1.0660968916696263,0.2657015272431859
04DDE3121B6780,1,0.7853277970049056,2.610249347383862
04DDE64A216280,0,-1.5243726958236463,-0.245687557867594
04DE004A216284,0,-0.22136725093046244,0.173517425230261
04DE014A216284,1,-0.8761892830115094,-0.4025850425210289
04DE0B121B6780,4,0.6770596248525438,-1.5268587596950087
04DE10121B6780,0,-1.5243726958236463,-0.245687557867594
04DE11121B6780,1,0.2318856901411923,0.2303211453291123
04DE16121B6780,5,1.5265925169321861,2.0673959865036595
04DE17121B6780,0,-1.5723111935684841,0.21333099696634197
04DE19121B6780,0,-2.0381270606117625,-0.11242340201816521
04DE194A216284,4,0.01775555641213639,-0.28119499631779976
04DE1E4A216284,1,-0.5992082115500883,1.0509105383557578
04DE1F4A216284,1,-1.205708108054853,1.7127168151334007
04DE22121B6780,2,-0.4643965518057791,-0.953900132700858
04DE244A216284,4,-0.12117590487241495,-0.7940185492497533
04DE264A216284,4,0.20370369492000764,-1.6669784725532433
04DE314A216284,4,1.0630968113101966,-1.8782809002663148
04DE3A4A216284,4,0.6770596248525438,-1.5268587596950087
04DE49121B6780,5,2.65915826675727,0.7084927685591568
04DE52121B6780,0,-1.5243726958236463,-0.245687557867594
04DE53121B6780,1,0.9551135093902247,0.386091433309843
04DE54121B6780,6,1.3810907902356848,-2.851294645164113
04DE56121B6780,0,-1.0585568287803682,0.0800668411169132
04DE57121B6780,1,-0.8837293459007675,-0.21695035639475618
04DE59121B6780,6,-0.5428376274397843,-1.2347434947228129
04DE5B121B6780,0,-1.5319127587129044,-0.06005287174132128
04DE61121B6780,0,-1.207033158920482,-0.9330127950448109
04DE64121B6780,6,1.8593523637728626,-0.9685769147251683
04DE6A121B6780,4,1.8034499872511327,-1.484437403008704
04DE82121B6780,0,-2.0381270606117625,-0.11242340201816521
04DEB14A216280,0,-0.3710477941889112,-0.8096691243722497
04DEB8121B6780,5,2.583991881939084,1.6275289514290625
04DEB9121B6780,0,0.5383804013573616,0.14659268542318424
04DEBA121B6780,2,0.35915728699624333,-1.588854839601231
04DEBB121B6780,6,-0.4667204079266287,-0.4626211099605826
04DEBF121B6780,6,0.42272529168935363,-0.21152926720712423
04DEBF4A216280,6,2.1914522911992473,1.1133397830099265
04DEC1121B6780,0,-1.3430779631310472,-1.187794053633601
04DEC4121B6780,1,-0.3775150440019095,-0.16457982611791225
04DEC8121B6780,1,1.2332846134056297,1.011028973745913
04DED2121B6780,6,0.10696154155889734,-1.113226391983452
04DED8121B6780,2,3.344975013586696,-2.192717970715731
04DED9121B6780,1,0.12401960769894432,1.2066808263364883
04DEDB4A216280,0,-1.0660968916696263,0.2657015272431859
04DEDD121B6780,2,1.871504786308268,-0.3912677139859385
04DEDF121B6780,2,1.703294860695657,0.24386783813453602
04DEE3121B6780,0,-1.5243726958236463,-0.245687557867594
04DEE4121B6780,4,3.003885474372999,1.5671513548333273
04DEE94A216280,1,-0.23393017690208584,-0.09543325365539498
04DEF04A216280,4,-0.0537082572857466,-1.4969943615494665
04DF034A216284,1,0.3581584817410224,1.5481537933172558
04DF17121B6780,0,-1.5723111935684841,0.21333099696634197
04DF19121B6780,0,-2.0381270606117625,-0.11242340201816521
04DF194A216284,1,0.4892976423469466,0.06033703432533575
04DF1B4A216284,0,-0.3785878570781692,-0.6240344382459769
04DF1E4A216284,1,-1.0650240785933665,0.7251561393712507
04DF214A216284,4,2.2885796174957838,2.2734510625717976
04DF254A216284,5,1.084049728052584,1.2301845095346078
04DF2B4A216284,0,-1.5243726958236463,-0.245687557867594
04DF32121B6780,2,1.979370868750516,-1.3676273949933149
04DF3C121B6780,1,-1.3919084843520935,0.9122252933186974
04DF474A216284,0,-1.376818871305801,1.291145119029208
04DF494A216284,0,0.07256453431408341,-0.17916171356132285
04DF4A4A216284,4,-0.7008188570216239,-0.880642264767967
04DF4F121B6780,0,-1.3306322566371478,0.3691692778208366
04DF52121B6780,0,-2.0381270606117625,-0.11242340201816521
04DF53121B6780,1,-0.7401444788009438,-0.1478037839322389
04DF57121B6780,0,-1.564771130679226,0.027696310840069283
04DF5B121B6780,0,-1.5723111935684841,0.21333099696634197
04DF5D121B6780,0,-1.5319127587129044,-0.06005287174132128
04DF6A121B6780,0,-1.0660968916696263,0.2657015272431859
04DF82121B6780,0,-2.0381270606117625,-0.11242340201816521
04DF8B121B6780,0,-1.564771130679226,0.027696310840069283
04DF8C121B6780,4,0.45250604461311134,-1.4446238312726227
04DFB14A216280,0,-0.3710477941889112,-0.8096691243722497
04DFB8121B6780,5,3.271500916530541,0.7377929859398998
04DFB9121B6780,0,0.5383804013573616,0.14659268542318424
04DFBA121B6780,2,0.35915728699624333,-1.588854839601231
04DFBB121B6780,2,0.6373283910116482,-0.9639172991651608
04DFBC121B6780,0,-0.10873019837851547,0.762944782204684
04DFBE121B6780,0,-1.564771130679226,0.027696310840069283
04DFBF121B6780,6,0.42272529168935363,-0.21152926720712423
04DFBF4A216280,6,1.6852379893003895,1.0609692527330827
04DFC1121B6780,0,-1.3430779631310472,-1.187794053633601
04DFC24A216280,0,-1.0660968916696263,0.2657015272431859
04DFC4121B6780,4,1.5882429769278683,0.5585190147610496
04DFCD121B6780,0,-0.3428690724205936,0.4214718152239167
04DFD8121B6780,2,3.344975013586696,-2.192717970715731
04DFDE121B6780,4,-0.11363584198315682,-0.9796532353760261
04DFDF121B6780,2,1.703294860695657,0.24386783813453602
04DFE3121B6780,5,4.065526240198174,3.5222078411551725
04DFE4121B6780,6,0.18529583541388964,0.663624810838628
04DFF04A216280,4,-0.0537082572857466,-1.4969943615494665
04E0024A216284,0,-0.8244179547382899,0.4215398080976805
04E003121B6784,5,4.896620141889455,2.7016184481285266
04E0064A216284,4,-0.00576975954090891,-1.9560129163834028
04E008121B6780,4,0.4894148618246707,-1.2276756182434458
04E009121B6780,4,-0.00576975954090891,-1.9560129163834028
04E01D4A216284,5,3.0451954532149235,0.3570706279878505
04E0214A216284,2,3.788590615542558,-0.8960518816186157
04E02B121B6780,0,-0.4047887023636646,1.669270048290559
04E02B4A216284,0,-1.5243726958236463,-0.245687557867594
04E02C4A216284,0,-0.9110030042625226,1.6168995180137151
04E032121B6780,0,-1.0660968916696263,0.2657015272431859
04E0324A216284,0,-0.8848021589770272,-0.6764049685228208
04E037121B6780,1,-1.0978824505596882,0.8129053219526414
04E03C121B6780,1,-1.3919084843520935,0.9122252933186974
04E046121B6780,4,0.3446399621708633,-0.4682641502652463
04E047121B6780,4,1.289695622463017,-1.3511732471592748
04E04A4A216284,4,-0.7008188570216239,-0.880642264767967
04E04B4A216284,0,-1.0660968916696263,0.2657015272431859
04E04D121B6780,6,0.5663101587891769,-0.1423826947446069
04E051121B6780,0,-1.338172319526406,0.5548039639471093
04E053121B6780,0,-0.3710477941889112,-0.8096691243722497
04E055121B6780,4,-0.7008188570216239,-0.880642264767967
04E058121B6780,4,3.451842290773723,-0.032069018804620875
04E05C121B6780,4,0.7306771486285162,-0.8196862908365524
04E05D121B6780,4,1.1757338638621437,-1.2888535432918922
04E063121B6780,0,-1.5319127587129044,-0.06005287174132128
04E08B121B6780,0,-1.564771130679226,0.027696310840069283
04E0BE121B6780,0,-1.564771130679226,0.027696310840069283
04E0C94A216280,2,1.6675760760380816,-0.8016384153353575
04E0D9121B6780,4,1.6426225439816815,-0.5036445321793199
04E0D94A216280,4,-0.12117590487241495,-0.7940185492497533
04E0DC121B6780,6,1.0964791874892144,2.7490025852946864
04E0DE121B6780,4,-0.11363584198315682,-0.9796532353760261
04E103121B6784,4,1.8148417880806884,1.0856266678680895
04E108121B6780,4,0.4894148618246707,-1.2276756182434458
04E11B121B6780,4,1.8191830025255509,-1.810259794866975
04E11D4A216284,1,1.4549777809538083,-0.20446139072775707
04E11E121B6780,4,0.4957648921599449,-0.5847522639290017
04E11E4A216284,4,0.45250604461311134,-1.4446238312726227
04E1204A216284,0,-0.8723564524831279,0.8805583629316165
04E1274A216284,2,-0.4643965518057791,-0.953900132700858
04E1294A216284,0,-1.5319127587129044,-0.06005287174132128
04E12B121B6780,0,-0.8086849394638718,0.09571741623940944
04E12C4A216284,0,-2.0381270606117625,-0.11242340201816521
04E1304A216284,4,-0.5195241243290248,-1.8227487605339738
04E1314A216284,1,-0.5916681486608303,0.8652758522294853
04E1324A216284,0,-0.8848021589770272,-0.6764049685228208
04E1334A216284,6,0.7880033263373558,-1.3578730592182773
04E1364A216284,1,-0.3775150440019095,-0.16457982611791225
04E147121B6780,4,1.289695622463017,-1.3511732471592748
04E14B4A216284,0,-2.0381270606117625,-0.11242340201816521
04E151121B6780,1,0.74960901234733,1.5647430939139682
04E153121B6780,1,0.12401960769894432,1.2066808263364883
04E154121B6780,0,-1.3430779631310472,-1.187794053633601
04E155121B6780,4,-0.7008188570216239,-0.880642264767967
04E158121B6780,4,3.451842290773723,-0.032069018804620875
04E159121B6780,4,1.1535335987747273,-0.3179418531792835
04E15C121B6780,5,0.18426145025968255,2.3810294842415325
04E15E121B6780,5,1.6661384508252248,0.42709408236869084
04E160121B6780,0,-1.5319127587129044,-0.06005287174132128
04E163121B6780,0,-1.5319127587129044,-0.06005287174132128
04E167121B6780,4,0.6479983668757944,-0.3668097092097568
04E193121B6780,0,-0.8490833743194516,0.3691012849470728
04E1A14A216280,4,0.6548593597651274,-0.5559470695824
04E1BC121B6780,5,1.78873874328667,2.2619206424215306
04E1BE121B6780,0,-1.5243726958236463,-0.245687557867594
04E1C04A216280,1,-1.5636983176029664,0.4871509229681341
04E1C1121B6780,1,-0.5992082115500883,1.0509105383557578
04E1C7121B6780,6,0.32111464621781804,-2.143082070330849
04E1C94A216280,0,-1.3430779631310472,-1.187794053633601
04E1D6121B6780,1,-0.14805582015783553,1.495783263040412
04E1D94A216280,2,0.15651320264460225,0.7230522570541782
04E1DC121B6780,6,0.07950137130312232,-1.0375695289444178
04E1DD121B6780,4,1.3432734577631464,1.6193077789330748
04E1E1121B6780,1,0.3581584817410224,1.5481537933172558
04E2054A216284,0,-1.5243726958236463,-0.245687557867594
04E20A121B6780,4,1.60610271094289,-0.3209495043915126
04E21A4A216284,4,-0.7008188570216239,-0.880642264767967
04E21B121B6780,5,-0.2750871669705974,1.4101857870026873
04E21E121B6780,0,-1.5723111935684841,0.21333099696634197
04E2224A216284,0,-1.338172319526406,0.5548039639471093
04E2304A216284,0,-1.207033158920482,-0.9330127950448109
04E2314A216284,0,-2.0381270606117625,-0.11242340201816521
04E2334A216284,6,0.39652444640385803,2.081775219329412
04E238121B6780,1,0.3581584817410224,1.5481537933172558
04E2394A216284,1,0.8115286422904011,0.31694486084732565
04E244121B6780,6,0.38620545865056194,-0.02883423941931684
04E24E121B6780,0,-0.7336772289879455,-0.7928930821865763
04E252121B6780,0,-1.3073591784734717,-0.14228780016370723
04E254121B6780,0,-1.3430779631310472,-1.187794053633601
04E256121B6780,0,-0.3785878570781692,-0.6240344382459769
04E257121B6780,1,-0.33425619645507587,0.6952917412257088
04E259121B6780,4,1.1535335987747273,-0.3179418531792835
04E25E121B6780,5,0.9786294162337679,1.3168300478578538
04E265121B6780,0,-1.5319127587129044,-0.06005287174132128
04E267121B6780,4,-0.03951066771566239,0.5229262562794061
04E269121B6780,5,1.8018635197804946,3.8223866481223387
04E26B121B6780,4,-0.6932787941323659,-1.06627695089424
04E26C121B6780,6,0.6915101373127475,0.7159953411154719
04E271121B6780,0,-0.3586020876950118,0.7472942070821877
04E291121B6780,0,-1.5319127587129044,-0.06005287174132128
04E2B24A216280,5,-0.7813014688694554,1.3578152567258435
04E2B6121B6780,6,-0.5493048772527824,-0.5896541964684754
04E2B8121B6780,2,2.168377033788285,-1.117279326226532
04E2BC121B6780,6,0.10803435463515706,-0.653771779855387
04E2BE121B6780,4,1.5742167568136962,-0.08331235240876068
04E2C04A216280,0,-0.22890731381972046,0.35915211135653385
04E2C1121B6780,4,-0.017989472628171046,-0.45148810807957285
04E2C34A216280,1,-1.0650240785933665,0.7251561393712507
04E2C4121B6780,5,0.7701598393796036,-0.44025928437135575
04E2D6121B6780,1,-0.14805582015783553,1.495783263040412
04E2DA4A216280,1,-0.35752927461875217,1.2067488192102525
04E2DD121B6780,5,0.9871733567297782,-0.33685952666746893
04E2DF121B6780,1,0.1315596705882023,1.0210461402102158
04E2E1121B6780,0,-1.5723111935684841,0.21333099696634197
04E3054A216284,1,-1.0650240785933665,0.7251561393712507
04E30A121B6780,4,2.293611745534347,-1.2106854698806757
04E30F121B6780,4,-0.0537082572857466,-1.4969943615494665
04E3224A216284,0,-1.338172319526406,0.5548039639471093
04E32D4A216284,0,-0.9110030042625226,1.6168995180137151
04E3304A216284,4,-0.013309822430166925,-1.77037823025713
04E338121B6780,1,0.3581584817410224,1.5481537933172558
04E3394A216284,1,0.8115286422904011,0.31694486084732565
04E33F4A216284,4,-0.0537082572857466,-1.4969943615494665
04E344121B6780,6,-0.7709980448009612,0.6258361680051948
04E3464A216284,4,0.45250604461311134,-1.4446238312726227
04E34E121B6780,5,-0.32195285163917536,2.3286589539646885
04E352121B6780,1,-0.638533833329408,1.7837490191914862
04E360121B6780,0,-1.5319127587129044,-0.06005287174132128
04E362121B6780,2,-0.4643965518057791,-0.953900132700858
04E365121B6780,2,1.85577177103385,-0.06544532212766742
04E369121B6780,4,2.2230792396257577,-0.236707162815825
04E36B121B6780,4,-0.6932787941323659,-1.06627695089424
04E36C121B6780,6,-0.7305996099453815,0.35245229929753136
04E36E121B6780,0,-1.0660968916696263,0.2657015272431859
04E36F121B6780,1,0.35325283813638103,-0.19444422426345429
04E391121B6780,0,-1.5319127587129044,-0.06005287174132128
04E3B24A216280,5,-0.7813014688694554,1.3578152567258435
04E3B6121B6780,4,0.5897408813776606,-2.0184006131245495
04E3B8121B6780,6,-0.7305996099453815,0.35245229929753136
04E3BC121B6780,1,-0.22639011401282783,-0.2810679397816678
04E3BD121B6780,0,-2.0381270606117625,-0.11242340201816521
04E3C1121B6780,2,3.000755561398111,0.7844090787516508
04E3C4121B6780,1,0.29623885179795123,2.795952026383899
04E3DA4A216280,1,-0.35752927461875217,1.2067488192102525
04E3DF121B6780,3,6.02878579078367,3.290115157310973
04E3E3121B6780,0,-0.8086849394638718,0.09571741623940944
04E3E4121B6780,5,1.3218500631671324,1.4767116313089585
04E4054A216284,2,1.1839957517168112,0.49846825150322444
04E40C121B6780,0,-1.3430779631310472,-1.187794053633601
04E40D121B6780,0,-2.0381270606117625,-0.11242340201816521
04E40F121B6780,4,-0.0537082572857466,-1.4969943615494665
04E41F121B6780,6,-0.0009045408833507313,-0.13686671097607525
04E4224A216284,2,4.706237943978014,-0.1219220837030839
04E426121B6780,6,-0.5099792554734626,-1.3224926773042036
04E428121B6780,0,-0.3710477941889112,-0.8096691243722497
04E4304A216284,4,0.20370369492000764,-1.6669784725532433
04E436121B6780,0,-1.5723111935684841,0.21333099696634197
04E439121B6780,5,-0.05700083654416313,1.9730401568346392
04E43F4A216284,4,-0.0537082572857466,-1.4969943615494665
04E445121B6780,1,-1.0650240785933665,0.7251561393712507
04E4464A216284,4,-0.22746292708908755,-0.7405225519097324
04E44C121B6780,4,-0.0537082572857466,-1.4969943615494665
04E44F121B6780,1,-1.0574840157041085,0.539521453244978
04E452121B6780,0,-1.5723111935684841,0.21333099696634197
04E453121B6780,4,0.45250604461311134,-1.4446238312726227
04E455121B6780,0,-1.0660968916696263,0.2657015272431859
04E458121B6780,1,-0.902390128297005,1.890719444015507
04E462121B6780,2,-0.4643965518057791,-0.953900132700858
04E466121B6780,4,1.1832739267514016,-1.474488229418165
04E468121B6780,4,0.5897408813776606,-2.0184006131245495
04E46E121B6780,6,-0.7241323601323834,-0.29263699895680595
04E46F121B6780,1,-0.5992082115500883,1.0509105383557578
04E4BC121B6780,0,-0.3785878570781692,-0.6240344382459769
04E4BD121B6780,0,-2.0381270606117625,-0.11242340201816521
04E4BF121B6780,5,0.44814065227843514,1.5659560749834178
04E4C14A216280,4,0.4611189205786291,-1.1708039052708308
04E4DB121B6780,4,1.8137689750044286,0.626172055740025
04E4DD4A216280,0,-0.3785878570781692,-0.6240344382459769
04E4E3121B6780,5,1.1059093588932174,1.8327664857331363
04E4E84A216280,0,-2.0381270606117625,-0.11242340201816521
04E5014A216284,1,-0.8637435765176101,1.1543782889334087
04E50B121B6780,4,0.7174580597081235,-1.8002426284026722
04E50C121B6780,0,-1.5243726958236463,-0.245687557867594
04E50D121B6780,0,-2.0381270606117625,-0.11242340201816521
04E50E121B6780,4,0.022408962227408683,-0.7248719767872362
04E510121B6780,0,-0.4630461878617985,0.017679144375766526
04E512121B6780,5,-0.08134672778409902,2.0250426226911182
04E515121B6780,4,0.926934787621907,-0.8450495062863234
04E516121B6780,2,0.46076793246777886,0.34269796352249365
04E522121B6780,2,-0.9706108537046371,-1.006270662977702
04E5224A216284,2,4.706237943978014,-0.1219220837030839
04E5244A216284,4,-0.12117590487241495,-0.7940185492497533
04E5264A216284,4,-0.5195241243290248,-1.8227487605339738
04E536121B6780,0,-0.3661421505842699,0.9329288932084604
04E539121B6780,2,1.979370868750516,-1.3676273949933149
04E545121B6780,1,-1.0650240785933665,0.7251561393712507
04E548121B6780,6,0.32865470910707606,-2.328716756457122
04E549121B6780,5,0.19180151314894056,2.1953947981152595
04E54C121B6780,4,1.5703839262853143,-1.3664557578614063
04E54F121B6780,4,-0.017989472628171046,-0.45148810807957285
04E552121B6780,4,-0.12117590487241495,-0.7940185492497533
04E553121B6780,0,-1.5723111935684841,0.21333099696634197
04E554121B6780,5,0.3115330471147335,0.5618534993111887
04E555121B6780,4,-0.017989472628171046,-0.45148810807957285
04E558121B6780,0,-0.3353290095313356,0.23583712909764393
04E559121B6780,1,0.003842492257739335,0.8028881554883385
04E561121B6780,0,-1.5723111935684841,0.21333099696634197
04E564121B6780,6,-0.04309057535392452,-0.5372836661916315
04E566121B6780,0,-0.6074044373881153,0.5249395658015673
04E568121B6780,4,-0.013309822430166925,-1.77037823025713
04E58B121B6780,0,-0.8444037241214475,-0.9497888372304841
04E5AE4A216280,6,-0.7241323601323834,-0.29263699895680595
04E5BC121B6780,0,-1.5319127587129044,-0.06005287174132128
04E5BF121B6780,5,3.7380386085392288,3.0365038658457966
04E5CF121B6780,4,1.0445947032562195,0.19896321570002817
04E5D2121B6780,0,-1.5319127587129044,-0.06005287174132128
04E5DB121B6780,4,1.8137689750044286,0.626172055740025
04E5DB4A216280,4,1.0555567484209387,-1.692646214140042
04E5E3121B6780,1,0.3224396970834468,0.5026475398473622
04E5E64A216280,1,-1.0650240785933665,0.7251561393712507
04E5E74A216280,1,-1.5712383804922243,0.6727856090944068
04E5E84A216280,0,-2.0381270606117625,-0.11242340201816521
04E5E94A216280,0,-1.3506180260203053,-1.0021593675073281
04E5FA4A216280,0,-1.0660968916696263,0.2657015272431859
04E6004A216284,1,-1.5712383804922243,0.6727856090944068
04E60B121B6780,0,-0.4226477530062188,-0.2557047243318967
04E610121B6780,0,-0.4630461878617985,0.017679144375766526
04E611121B6780,0,-1.564771130679226,0.027696310840069283
04E612121B6780,0,-0.8444037241214475,-0.9497888372304841
04E616121B6780,2,0.46076793246777886,0.34269796352249365
04E6194A216284,0,-1.338172319526406,0.5548039639471093
04E61E4A216284,5,1.898608946594472,3.9347932458387365
04E61F4A216284,0,-0.14444898303609116,-0.2825614712652097
04E622121B6780,0,-1.5243726958236463,-0.245687557867594
04E6224A216284,1,-0.7326044159116858,-0.3334384700585117
04E624121B6780,0,-0.8011448765746138,-0.08991726988686331
04E6244A216284,0,-0.8011448765746138,-0.08991726988686331
04E6264A216284,4,-0.5195241243290248,-1.8227487605339738
04E6314A216284,4,1.0630968113101966,-1.8782809002663148
04E649121B6780,5,0.19180151314894056,2.1953947981152595
04E6494A216284,1,0.9551135093902247,0.386091433309843
04E64F121B6780,1,-1.5712383804922243,0.6727856090944068
04E652121B6780,0,-2.0381270606117625,-0.11242340201816521
04E653121B6780,0,-0.6460509891675105,1.2612807208836658
04E654121B6780,5,0.3115330471147335,0.5618534993111887
04E656121B6780,1,-0.8637435765176101,1.1543782889334087
04E657121B6780,4,-0.23500298997834557,-0.5548878657834596
04E659121B6780,1,0.8349363939490198,-0.017701237538307116
04E65B121B6780,0,-1.5723111935684841,0.21333099696634197
04E65F121B6780,0,-1.0660968916696263,0.2657015272431859
04E661121B6780,6,1.1074447207188425,0.32029231160620925
04E664121B6780,6,-0.04309057535392452,-0.5372836661916315
04E66A121B6780,4,0.3521800250601213,-0.6538988363915189
04E68B121B6780,2,1.6572570882847857,-2.912247874084086
04E6B14A216280,0,-1.0585568287803682,0.0800668411169132
04E6B8121B6780,5,1.7625378980011748,4.5552251289580665
04E6B9121B6780,0,-1.564771130679226,0.027696310840069283
04E6BA121B6780,5,1.4665077433432157,2.0053128158995404
04E6BB121B6780,5,4.128444675396467,-0.8625990248299573
04E6BC121B6780,4,-0.0537082572857466,-1.4969943615494665
04E6BD121B6780,1,2.3239165026708,2.271252634196218
04E6BF121B6780,6,0.42272529168935363,-0.21152926720712423
04E6BF4A216280,6,0.655791352655172,-0.32951091235442176
04E6C14A216280,4,0.4611189205786291,-1.1708039052708308
04E6D2121B6780,0,-1.5319127587129044,-0.06005287174132128
04E6D8121B6780,5,1.3239216814986128,-1.200842389481464
04E6DB4A216280,4,1.5617710503197966,-1.6402756838631982
04E6DD4A216280,0,-0.3785878570781692,-0.6240344382459769
04E6DF121B6780,5,2.426092205791452,0.8264744137064542
04E6E3121B6780,5,1.0114877882000897,1.229080865276463
04E6E4121B6780,6,-0.5024391925842046,-1.5081273634304764
04E6E64A216280,1,-0.23393017690208584,-0.09543325365539498
04E6E94A216280,0,-1.3506180260203053,-1.0021593675073281
04E6F04A216280,0,-1.0660968916696263,0.2657015272431859
04E7034A216284,0,-1.5243726958236463,-0.245687557867594
04E709121B6780,4,-0.6932787941323659,-1.06627695089424
04E711121B6780,0,-1.564771130679226,0.027696310840069283
04E718121B6780,4,0.4882248292706869,-0.39911757780272894
04E719121B6780,0,-2.0381270606117625,-0.11242340201816521
04E7194A216284,0,-1.3306322566371478,0.3691692778208366
04E71B4A216284,4,0.45250604461311134,-1.4446238312726227
04E71E4A216284,1,-0.5992082115500883,1.0509105383557578
04E71F4A216284,0,0.3184391168853679,1.8250403362712895
04E7214A216284,1,-0.5992082115500883,1.0509105383557578
04E72B4A216284,0,-1.5243726958236463,-0.245687557867594
04E72E121B6780,6,-0.5024391925842046,-1.5081273634304764
04E7314A216284,0,-1.5319127587129044,-0.06005287174132128
04E732121B6780,0,-2.0381270606117625,-0.11242340201816521
04E73C121B6780,1,-0.35752927461875217,1.2067488192102525
04E746121B6780,4,0.3446399621708633,-0.4682641502652463
04E7474A216284,2,2.855886068379742,-2.0070152917156947
04E74A4A216284,0,-1.5723111935684841,0.21333099696634197
04E74D121B6780,6,-0.49753354897956314,0.23447065415023394
04E74F121B6780,1,-1.5712383804922243,0.6727856090944068
04E752121B6780,4,0.20370369492000764,-1.6669784725532433
04E757121B6780,4,-0.23500298997834557,-0.5548878657834596
04E75B121B6780,0,-1.5243726958236463,-0.245687557867594
04E75D121B6780,4,0.4882248292706869,-0.39911757780272894
04E76A121B6780,4,1.8034499872511327,-1.484437403008704
04E770121B6780,4,0.45250604461311134,-1.4446238312726227
04E78B121B6780,0,-1.564771130679226,0.027696310840069283
04E7B14A216280,6,-0.5428376274397843,-1.2347434947228129
04E7B8121B6780,5,1.7625378980011748,4.5552251289580665
04E7B9121B6780,4,2.0486454998224923,0.5162619725775386
04E7BA121B6780,5,2.154016777934672,1.1155768504103776
04E7BC121B6780,2,1.0062678867321202,-2.2052069363827305
04E7BE121B6780,0,-1.564771130679226,0.027696310840069283
04E7BF121B6780,6,1.1583988174322855,1.5012043522280438
04E7BF4A216280,6,0.655791352655172,-0.32951091235442176
04E7C1121B6780,4,0.9036584360053639,-0.9997511065879687
04E7D8121B6780,1,1.4221194089874865,-0.11671220814636643
04E7D9121B6780,2,3.344975013586696,-2.192717970715731
04E7DD121B6780,2,1.871504786308268,-0.3912677139859385
04E7DE121B6780,5,2.906222881882538,1.884136777951052
04E7DF121B6780,5,1.7385831711999953,1.716210379195617
04E7E1121B6780,0,-0.3428690724205936,0.4214718152239167
04E7E3121B6780,4,-0.23500298997834557,-0.5548878657834596
04E8024A216284,0,-2.0381270606117625,-0.11242340201816521
04E803121B6784,4,1.114887046995332,0.418399301902815
04E8034A216284,0,-1.0660968916696263,0.2657015272431859
04E809121B6780,0,-1.564771130679226,0.027696310840069283
04E817121B6780,4,1.5974898349773723,-0.5947694303933044
04E818121B6780,4,1.8370420531681046,0.11471497775548123
04E819121B6780,0,-2.0381270606117625,-0.11242340201816521
04E81D4A216284,1,0.9393804941158065,0.711913825168114
04E81E4A216284,4,0.4084461486850616,-1.0762941173585427
04E8214A216284,4,2.2885796174957838,2.2734510625717976
04E8254A216284,5,1.7558257473696228,0.6662709359037161
04E8274A216284,2,-0.4643965518057791,-0.953900132700858
04E82B121B6780,0,-0.8086849394638718,0.09571741623940944
04E82B4A216284,0,-1.5243726958236463,-0.245687557867594
04E82C4A216284,0,-0.9110030042625226,1.6168995180137151
04E832121B6780,2,1.979370868750516,-1.3676273949933149
04E8324A216284,0,-2.0381270606117625,-0.11242340201816521
04E846121B6780,4,0.5960909117129346,-1.3754772588101054
04E847121B6780,1,-0.5916681486608303,0.8652758522294853
04E8474A216284,2,2.0247921666884614,-1.1864258986890492
04E84A121B6780,4,0.46004610750236935,-1.6302585173988955
04E84A4A216284,4,-0.7008188570216239,-0.880642264767967
04E84B4A216284,0,-0.3428690724205936,0.4214718152239167
04E84D121B6780,6,-0.49753354897956314,0.23447065415023394
04E855121B6780,4,-0.7008188570216239,-0.880642264767967
04E858121B6780,5,-0.13785233020604817,0.8364090051507607
04E85D121B6780,0,-0.8848021589770272,-0.6764049685228208
04E863121B6780,0,-1.5319127587129044,-0.06005287174132128
04E88B121B6780,0,-1.564771130679226,0.027696310840069283
04E8A14A216280,0,-1.5723111935684841,0.21333099696634197
04E8AB4A216280,0,0.3027061016109496,2.150862728129561
04E8AE121B6780,4,-0.22746292708908755,-0.7405225519097324
04E8BC121B6780,4,1.8149161912176954,0.5706994000728617
04E8C1121B6780,4,0.9036584360053639,-0.9997511065879687
04E8C24A216280,1,0.12401960769894432,1.2066808263364883
04E8C94A216280,0,-1.3430779631310472,-1.187794053633601
04E8D9121B6780,2,3.344975013586696,-2.192717970715731
04E8DC121B6780,1,0.9433494515338285,2.179599929602399
04E8DE121B6780,5,2.906222881882538,1.884136777951052
04E8E1121B6780,4,2.2009533776753485,0.2192772595015554
04E9024A216284,1,-0.4441143241429847,2.4021085291262874
04E903121B6784,0,0.04316811403705939,0.07004967465261044
04E9064A216284,4,-0.6932787941323659,-1.06627695089424
04E908121B6780,0,-1.564771130679226,0.027696310840069283
04E917121B6780,4,1.5974898349773723,-0.5947694303933044
04E91B121B6780,6,0.059337301677387544,1.037481946928968
04E91D4A216284,5,3.0451954532149235,0.3570706279878505
04E91E121B6780,0,-1.5723111935684841,0.21333099696634197
04E91E4A216284,4,0.45250604461311134,-1.4446238312726227
04E9204A216284,0,-0.8723564524831279,0.8805583629316165
04E9254A216284,0,-2.0381270606117625,-0.11242340201816521
04E9274A216284,2,-0.4643965518057791,-0.953900132700858
04E9304A216284,0,-0.10873019837851547,0.762944782204684
04E9324A216284,0,-2.0381270606117625,-0.11242340201816521
04E9334A216284,6,0.39652444640385803,2.081775219329412
04E947121B6780,0,-2.0381270606117625,-0.11242340201816521
04E94A121B6780,5,0.5621024108793081,1.5036363711160352
04E94B4A216284,0,-0.3710477941889112,-0.8096691243722497
04E951121B6780,1,0.062099977755873226,2.4544790594031314
04E953121B6780,1,0.12401960769894432,1.2066808263364883
04E954121B6780,0,-0.9110030042625226,1.6168995180137151
04E955121B6780,4,-0.7008188570216239,-0.880642264767967
04E958121B6780,5,0.834177838736088,1.2145339344121118
04E95C121B6780,5,0.18426145025968255,2.3810294842415325
04E95E121B6780,5,0.9786294162337679,1.3168300478578538
04E963121B6780,5,0.8277105889230895,1.8596232326664492
04E967121B6780,4,0.45357885768937106,-0.9851692191445579
04E9A14A216280,0,-1.5723111935684841,0.21333099696634197
04E9AE121B6780,4,0.46004610750236935,-1.6302585173988955
04E9BC121B6780,4,1.8149161912176954,0.5706994000728617
04E9BE121B6780,4,1.5742167568136962,-0.08331235240876068
04E9C04A216280,0,-0.22890731381972046,0.35915211135653385
04E9C1121B6780,1,-1.0650240785933665,0.7251561393712507
04E9C34A216280,1,-1.0650240785933665,0.7251561393712507
04E9C94A216280,0,-2.0381270606117625,-0.11242340201816521
04E9D6121B6780,2,-0.006120747651759013,-0.44251104759007825
04E9DC121B6780,1,0.7620547188412294,3.121706425368406
04E9E1121B6780,0,-1.0660968916696263,0.2657015272431859
04EA054A216284,0,-1.5243726958236463,-0.245687557867594
04EA0A121B6780,4,1.60610271094289,-0.3209495043915126
04EA1A4A216284,0,-0.9288620549050768,-0.30807525460874063
04EA1B121B6780,0,-0.8848021589770272,-0.6764049685228208
04EA1E121B6780,4,1.1138142339190722,-0.04105531022524949
04EA204A216284,0,-0.8723564524831279,0.8805583629316165
04EA254A216284,0,-2.0381270606117625,-0.11242340201816521
04EA304A216284,0,-0.10873019837851547,0.762944782204684
04EA314A216284,4,-0.013309822430166925,-1.77037823025713
04EA334A216284,4,0.6866449186551893,-1.1031508642918555
04EA38121B6780,0,-1.3148992413627296,0.043346885962565515
04EA44121B6780,6,-0.7709980448009612,0.6258361680051948
04EA4E121B6780,5,-0.32195285163917536,2.3286589539646885
04EA52121B6780,0,-0.7336772289879455,-0.7928930821865763
04EA54121B6780,2,0.14897313975534435,0.9086869431804511
04EA57121B6780,0,-0.8444037241214475,-0.9497888372304841
04EA59121B6780,2,0.21557241989641968,-1.6580014120637485
04EA5E121B6780,2,0.001419315237499001,-0.628145733716351
04EA60121B6780,0,-1.564771130679226,0.027696310840069283
04EA65121B6780,2,1.85577177103385,-0.06544532212766742
04EA67121B6780,4,0.6479983668757944,-0.3668097092097568
04EA69121B6780,4,2.2230792396257577,-0.236707162815825
04EA6B121B6780,4,0.7099179968188655,-1.6146079422763995
04EA6C121B6780,6,0.6915101373127475,0.7159953411154719
04EA71121B6780,0,-0.3586020876950118,0.7472942070821877
04EA91121B6780,6,1.0443424654668505,-1.9873117823501187
04EAB24A216280,2,1.8339121401932168,-0.6680272983261956
04EAB6121B6780,5,-0.025215277654101195,1.4258363621251833
04EABE121B6780,4,1.4098727379042217,-0.9473805763111248
04EAC04A216280,1,-1.0650240785933665,0.7251561393712507
04EAC1121B6780,1,-0.5992082115500883,1.0509105383557578
04EAC34A216280,1,-0.4103734159682312,-0.07683064353652166
04EAC4121B6780,1,0.29623885179795123,2.795952026383899
04EAD6121B6780,2,-0.006120747651759013,-0.44251104759007825
04EADA4A216280,1,-1.0574840157041085,0.539521453244978
04EADF121B6780,4,2.0286597304393346,-0.8550666727506261
04EAE0121B6780,4,-0.23500298997834557,-0.5548878657834596
04EAE1121B6780,0,-1.0660968916696263,0.2657015272431859
04EAE3121B6780,1,-0.3775150440019095,-0.16457982611791225
04EAE4121B6780,4,-0.23500298997834557,-0.5548878657834596
04EB0A121B6780,4,0.7174580597081235,-1.8002426284026722
04EB0F121B6780,4,-0.0537082572857466,-1.4969943615494665
04EB244A216284,0,-1.0585568287803682,0.0800668411169132
04EB26121B6780,6,-0.5099792554734626,-1.3224926773042036
04EB294A216284,0,-1.5319127587129044,-0.06005287174132128
04EB304A216284,4,0.7099179968188655,-1.6146079422763995
04EB314A216284,4,-0.7008188570216239,-0.880642264767967
04EB38121B6780,0,-1.3148992413627296,0.043346885962565515
04EB394A216284,0,-0.9288620549050768,-0.30807525460874063
04EB3F4A216284,0,-0.3428690724205936,0.4214718152239167
04EB444A216284,6,-0.1850996556810399,-2.195452600607693
04EB464A216284,5,0.5724213986326042,3.614245829864764
04EB52121B6780,2,0.32629891502992153,-1.5011056570198402
04EB57121B6780,0,-0.8444037241214475,-0.9497888372304841
04EB60121B6780,0,-0.8772620960877692,-0.8620396546490936
04EB65121B6780,4,1.6426225439816815,-0.5036445321793199
04EB69121B6780,1,-0.36506933750801007,1.392383505336525
04EB6B121B6780,4,0.022408962227408683,-0.7248719767872362
04EB6C121B6780,6,-0.008444603772608746,0.04876797515019746
04EB6F121B6780,0,0.23200290961891626,-1.057691507239669
04EB71121B6780,0,-0.3586020876950118,0.7472942070821877
04EB91121B6780,6,1.0443424654668505,-1.9873117823501187
04EBB24A216280,2,1.8339121401932168,-0.6680272983261956
04EBB6121B6780,5,-0.025215277654101195,1.4258363621251833
04EBB8121B6780,0,-0.3661421505842699,0.9329288932084604
04EBBC121B6780,0,-1.5243726958236463,-0.245687557867594
04EBBD121B6780,0,-2.0381270606117625,-0.11242340201816521
04EBC1121B6780,2,3.000755561398111,0.7844090787516508
04EBC34A216280,1,-1.0574840157041085,0.539521453244978
04EBC4121B6780,1,-0.20243538721164872,2.557946809980782
04EBD4121B6780,2,-0.005047934575499287,0.016943564537986483
04EBDA4A216280,1,-1.0574840157041085,0.539521453244978
04EBDD121B6780,5,0.9871733567297782,-0.33685952666746893
04EBDF121B6780,4,2.7286144715246907,-0.18783930678535166
04EBE4121B6780,4,-0.23500298997834557,-0.5548878657834596
04EC074A216284,2,2.879159146543418,-2.5184723697002385
04EC0C121B6780,0,-1.5243726958236463,-0.245687557867594
04EC0F121B6780,4,-0.0537082572857466,-1.4969943615494665
04EC224A216284,0,-1.5243726958236463,-0.245687557867594
04EC244A216284,0,-1.0585568287803682,0.0800668411169132
04EC26121B6780,6,-0.5099792554734626,-1.3224926773042036
04EC294A216284,0,-1.5319127587129044,-0.06005287174132128
04EC2E4A216284,0,-1.5319127587129044,-0.06005287174132128
04EC304A216284,4,0.20370369492000764,-1.6669784725532433
04EC36121B6780,0,-0.3661421505842699,0.9329288932084604
04EC39121B6780,2,1.979370868750516,-1.3676273949933149
04EC3F4A216284,0,-1.0660968916696263,0.2657015272431859
04EC45121B6780,1,-1.0650240785933665,0.7251561393712507
04EC464A216284,0,-1.376818871305801,1.291145119029208
04EC4C121B6780,0,-0.8444037241214475,-0.9497888372304841
04EC4F121B6780,4,-0.017989472628171046,-0.45148810807957285
04EC50121B6780,0,-0.7336772289879455,-0.7928930821865763
04EC52121B6780,4,-0.12117590487241495,-0.7940185492497533
04EC53121B6780,0,-1.5723111935684841,0.21333099696634197
04EC58121B6780,0,-1.0660968916696263,0.2657015272431859
04EC62121B6780,0,-1.0660968916696263,0.2657015272431859
04EC66121B6780,0,-0.6074044373881153,0.5249395658015673
04EC68121B6780,4,-0.013309822430166925,-1.77037823025713
04EC6E121B6780,0,-1.0660968916696263,0.2657015272431859
04EC6F121B6780,1,0.35325283813638103,-0.19444422426345429
04EC70121B6780,0,-0.7412172918772035,-0.6072583960603035
04ECAE4A216280,6,-0.7241323601323834,-0.29263699895680595
04ECBC121B6780,0,-0.8444037241214475,-0.9497888372304841
04ECBD121B6780,4,2.2617257914051527,-0.9730483178979236
04ECBF121B6780,4,-0.00576975954090891,-1.9560129163834028
04ECC1121B6780,1,0.31951192996162747,2.284494948399355
04ECC34A216280,1,-1.0574840157041085,0.539521453244978
04ECD4121B6780,2,-0.005047934575499287,0.016943564537986483
04ECE3121B6780,5,4.595333355516006,-0.07739001371738542
04ECE74A216280,0,-2.0381270606117625,-0.11242340201816521
04ECE84A216280,0,0.32136688400718705,0.0431929277192975
04ED004A216284,0,-2.0381270606117625,-0.11242340201816521
04ED014A216284,1,-0.5916681486608303,0.8652758522294853
04ED054A216284,2,1.1839957517168112,0.49846825150322444
04ED0B121B6780,0,-0.4226477530062188,-0.2557047243318967
04ED0C121B6780,6,-0.7305996099453815,0.35245229929753136
04ED0F121B6780,5,5.269087251315866,2.8831418387844256
04ED12121B6780,4,-0.5119840614397668,-2.008383446660247
04ED22121B6780,0,-2.0381270606117625,-0.11242340201816521
04ED224A216284,1,2.180331635570977,2.2021060617337005
04ED244A216284,0,-0.3785878570781692,-0.6240344382459769
04ED264A216284,4,-0.7008188570216239,-0.880642264767967
04ED2E4A216284,0,-1.5319127587129044,-0.06005287174132128
04ED36121B6780,0,-0.3661421505842699,0.9329288932084604
04ED39121B6780,4,1.1084008897704178,-0.4090667513932681
04ED3A4A216284,0,-0.3972486394744067,1.4836353621642862
04ED3D121B6780,1,0.062099977755873226,2.4544790594031314
04ED45121B6780,1,-1.0650240785933665,0.7251561393712507
04ED4C121B6780,0,-1.5723111935684841,0.21333099696634197
04ED4F121B6780,0,0.23200290961891626,-1.057691507239669
04ED50121B6780,0,-1.3506180260203053,-1.0021593675073281
04ED52121B6780,4,1.5807029140386102,0.7441537008873224
04ED53121B6780,0,-1.5723111935684841,0.21333099696634197
04ED54121B6780,0,-0.8444037241214475,-0.9497888372304841
04ED55121B6780,4,-0.017989472628171046,-0.45148810807957285
04ED59121B6780,1,0.8349363939490198,-0.017701237538307116
04ED5F121B6780,6,-0.9804747727147448,-0.32935695411115373
04ED61121B6780,4,0.7382172115177741,-1.0053209769628253
04ED62121B6780,0,-0.8723564524831279,0.8805583629316165
04ED64121B6780,6,-0.4067928232292187,-0.9799622361340229
04ED66121B6780,0,-0.8490833743194516,0.3691012849470728
04ED68121B6780,0,-2.0381270606117625,-0.11242340201816521
04ED8B121B6780,0,-0.8444037241214475,-0.9497888372304841
04EDAE4A216280,0,-0.3710477941889112,-0.8096691243722497
04EDBC121B6780,0,-1.0660968916696263,0.2657015272431859
04EDBD121B6780,6,2.6583409713187853,1.8985487941224986
04EDBF121B6780,4,-0.00576975954090891,-1.9560129163834028
04EDC14A216280,6,1.1200720009081861,-0.902965799854715
04EDCB4A216280,5,-0.7484430969031338,1.2700660741444527
04EDD2121B6780,0,-1.5723111935684841,0.21333099696634197
04EDD6121B6780,0,-1.0660968916696263,0.2657015272431859
04EDDB121B6780,0,-0.6535910520567685,1.4469154070099386
04EDDD4A216280,2,1.054206384476958,-2.6642254912166665
04EDE3121B6780,5,4.595333355516006,-0.07739001371738542
04EDE74A216280,0,-1.5319127587129044,-0.06005287174132128
04EDE84A216280,0,-1.3506180260203053,-1.0021593675073281
04EDE94A216280,1,-0.5992082115500883,1.0509105383557578
04EDFA4A216280,0,-1.5723111935684841,0.21333099696634197
04EE014A216284,1,-1.5636983176029664,0.4871509229681341
04EE0B121B6780,0,-0.4226477530062188,-0.2557047243318967
04EE10121B6780,4,0.3521800250601213,-0.6538988363915189
04EE11121B6780,0,-0.9288620549050768,-0.30807525460874063
04EE12121B6780,5,-0.08134672778409902,2.0250426226911182
04EE16121B6780,0,-1.5243726958236463,-0.245687557867594
04EE194A216284,0,-0.8723564524831279,0.8805583629316165
04EE1B4A216284,4,2.2860716826450886,-1.0250507837544027
04EE1E4A216284,2,1.049526734278954,-1.3453353690391097
04EE1F4A216284,0,0.3184391168853679,1.8250403362712895
04EE22121B6780,0,-2.0381270606117625,-0.11242340201816521
04EE224A216284,1,-0.7326044159116858,-0.3334384700585117
04EE24121B6780,0,-2.0381270606117625,-0.11242340201816521
04EE244A216284,0,-0.3785878570781692,-0.6240344382459769
04EE264A216284,4,0.20370369492000764,-1.6669784725532433
04EE304A216284,0,-0.18777518501349003,1.7726698059944457
04EE314A216284,0,-0.8444037241214475,-0.9497888372304841
04EE49121B6780,0,-1.0660968916696263,0.2657015272431859
04EE494A216284,0,-1.564771130679226,0.027696310840069283
04EE52121B6780,0,-0.6273902067712729,-0.8463890795265973
04EE54121B6780,0,-0.8444037241214475,-0.9497888372304841
04EE56121B6780,1,-0.17623454192615312,0.2646423234442456
04EE57121B6780,4,-0.23500298997834557,-0.5548878657834596
04EE59121B6780,1,0.8349363939490198,-0.017701237538307116
04EE5A121B6780,1,-1.0650240785933665,0.7251561393712507
04EE5F121B6780,1,-1.5636983176029664,0.4871509229681341
04EE61121B6780,0,-1.0660968916696263,0.2657015272431859
04EE64121B6780,6,-0.4067928232292187,-0.9799622361340229
04EE6A121B6780,1,-0.3821946941999136,1.1543102960596445
04EE8B121B6780,0,-0.8444037241214475,-0.9497888372304841
04EEB14A216280,0,-0.3710477941889112,-0.8096691243722497
04EEB8121B6780,4,2.759427612577625,-0.8849310708961681
04EEB9121B6780,0,-1.0585568287803682,0.0800668411169132
04EEBA121B6780,4,1.1757338638621437,-1.2888535432918922
04EEBD121B6780,4,1.5617710503197966,-1.6402756838631982
04EEBF121B6780,6,1.1583988174322855,1.5012043522280438
04EEBF4A216280,6,-0.024177619047026973,0.37459036700846854
04EEC14A216280,6,1.1200720009081861,-0.902965799854715
04EEC5121B6780,0,-2.0381270606117625,-0.11242340201816521
04EECB4A216280,5,-0.7484430969031338,1.2700660741444527
04EECF121B6780,1,0.7853277970049056,2.610249347383862
04EED2121B6780,6,-0.7305996099453815,0.35245229929753136
04EED6121B6780,5,2.2762922627892905,4.421960973108638
04EED8121B6780,5,1.3239216814986128,-1.200842389481464
04EEDB4A216280,4,-0.23500298997834557,-0.5548878657834596
04EEDD121B6780,6,2.667063982071818,1.5324175085839982
04EEDD4A216280,6,-0.0441633884301843,-0.9967382783196962
04EEE3121B6780,5,2.615098370829221,1.0768224824732369
04EF10121B6780,4,0.3521800250601213,-0.6538988363915189
04EF11121B6780,0,-2.0381270606117625,-0.11242340201816521
04EF194A216284,0,-0.8723564524831279,0.8805583629316165
04EF1B4A216284,0,-0.3785878570781692,-0.6240344382459769
04EF1E4A216284,2,1.737035768870411,-2.2350713345282722
04EF224A216284,1,-0.7326044159116858,-0.3334384700585117
04EF2B4A216284,0,-0.14912863323409525,1.0363286509123473
04EF2E121B6780,0,-0.8444037241214475,-0.9497888372304841
04EF314A216284,6,0.6068258131224809,-1.7037792160210519
04EF32121B6780,0,-1.5723111935684841,0.21333099696634197
04EF3C121B6780,1,-0.35752927461875217,1.2067488192102525
04EF474A216284,0,-1.5319127587129044,-0.06005287174132128
04EF494A216284,4,1.6426225439816815,-0.5036445321793199
04EF4A4A216284,0,-1.5723111935684841,0.21333099696634197
04EF4D121B6780,4,2.751887549688367,-0.6992963847698953
04EF4F121B6780,4,2.2860716826450886,-1.0250507837544027
04EF52121B6780,1,-0.3699749811126515,-0.350214512244185
04EF57121B6780,4,-0.5694274586263307,-0.18218402570974043
04EF5B121B6780,1,-0.3775150440019095,-0.16457982611791225
04EF5D121B6780,0,-0.8848021589770272,-0.6764049685228208
04EF6A121B6780,4,0.3521800250601213,-0.6538988363915189
04EF8B121B6780,0,-1.564771130679226,0.027696310840069283
04EFB14A216280,0,-0.8490833743194516,0.3691012849470728
04EFB8121B6780,4,2.759427612577625,-0.8849310708961681
04EFB9121B6780,5,1.4748211886589668,1.2432711358849498
04EFBF121B6780,1,0.8190687051796591,0.13131017472105297
04EFBF4A216280,6,-0.024177619047026973,0.37459036700846854
04EFC1121B6780,0,-1.338172319526406,0.5548039639471093
04EFC24A216280,0,-1.0660968916696263,0.2657015272431859
04EFD4121B6780,0,-1.5319127587129044,-0.06005287174132128
04EFD8121B6780,5,5.295288096601362,0.589837352247889
04EFD9121B6780,5,3.5166964291019,2.7384923615261423
04EFDB4A216280,4,-0.23500298997834557,-0.5548878657834596
04EFDE121B6780,0,-0.3586020876950118,0.7472942070821877
04EFE1121B6780,4,2.2009533776753485,0.2192772595015554
04EFE3121B6780,5,3.3026074054206775,0.18708651698407397
04EFE4121B6780,0,-0.3428690724205936,0.4214718152239167
04F0024A216284,1,-1.0650240785933665,0.7251561393712507
04F017121B6780,4,-0.013309822430166925,-1.77037823025713
04F019121B6780,0,-2.0381270606117625,-0.11242340201816521
04F01D4A216284,4,1.6268895287072633,-0.17782214032104893
04F0214A216284,0,-0.4393602708079736,0.568291139153502
04F0254A216284,5,1.7558257473696228,0.6662709359037161
04F0274A216284,2,-0.4643965518057791,-0.953900132700858
04F02B4A216284,0,-0.14912863323409525,1.0363286509123473
04F02C4A216284,1,-1.1054225134489462,0.998540008078914
04F032121B6780,2,1.979370868750516,-1.3676273949933149
04F03C121B6780,6,-1.2368139118442394,0.30008176902068745
04F046121B6780,4,-0.23500298997834557,-0.5548878657834596
04F047121B6780,4,-0.23500298997834557,-0.5548878657834596
04F055121B6780,0,-1.5319127587129044,-0.06005287174132128
04F058121B6780,5,0.834177838736088,1.2145339344121118
04F05D121B6780,0,-0.8848021589770272,-0.6764049685228208
04F063121B6780,5,0.8277105889230895,1.8596232326664492
04F08B121B6780,0,-1.564771130679226,0.027696310840069283
04F0AE121B6780,0,-1.5723111935684841,0.21333099696634197
04F0C1121B6780,0,-1.338172319526406,0.5548039639471093
04F0C24A216280,0,-1.0660968916696263,0.2657015272431859
04F0CB121B6780,0,-2.0381270606117625,-0.11242340201816521
04F0D9121B6780,2,3.344975013586696,-2.192717970715731
04F0DC121B6780,0,-1.0660968916696263,0.2657015272431859
04F0DE121B6780,5,2.906222881882538,1.884136777951052
04F0E1121B6780,5,3.389577151421939,0.26508116280277555
04F1024A216284,1,-1.0650240785933665,0.7251561393712507
04F103121B6784,4,0.8742620157283398,-0.7505397183740351
04F117121B6780,0,0.4586017207717365,-0.5305838541326291
04F11B121B6780,5,0.8058786240371792,0.605246969098538
04F11D4A216284,4,1.6268895287072633,-0.17782214032104893
04F11E121B6780,4,1.1138142339190722,-0.04105531022524949
04F1214A216284,0,-0.4393602708079736,0.568291139153502
04F1254A216284,0,-2.0381270606117625,-0.11242340201816521
04F1274A216284,2,-0.4643965518057791,-0.953900132700858
04F12B121B6780,0,-1.3506180260203053,-1.0021593675073281
04F12C4A216284,1,-0.5992082115500883,1.0509105383557578
04F1304A216284,2,2.1559313272943856,-2.6742426576809692
04F1334A216284,4,0.6866449186551893,-1.1031508642918555
04F147121B6780,6,0.2882562742514963,-2.0553328877494583
04F1474A216284,0,-1.5319127587129044,-0.06005287174132128
04F14A121B6780,0,-2.0381270606117625,-0.11242340201816521
04F14B4A216284,0,-0.3428690724205936,0.4214718152239167
04F151121B6780,4,0.029949025116666698,-0.910506662913509
04F154121B6780,4,0.4084461486850616,-1.0762941173585427
04F156121B6780,6,1.5133295149998014,1.7004886806125636
04F158121B6780,5,1.5276653300084457,2.5268505986317242
04F159121B6780,0,-0.6149445002773735,0.7105742519278401
04F15C121B6780,2,0.001419315237499001,-0.628145733716351
04F163121B6780,5,0.8277105889230895,1.8596232326664492
04F167121B6780,4,2.2974445760627287,0.07245793557197006
04F1A14A216280,0,-1.5723111935684841,0.21333099696634197
04F1AE121B6780,0,-1.5723111935684841,0.21333099696634197
04F1BE121B6780,4,1.4098727379042217,-0.9473805763111248
04F1C1121B6780,1,-0.5992082115500883,1.0509105383557578
04F1C34A216280,1,-0.4103734159682312,-0.07683064353652166
04F1C94A216280,0,-1.5723111935684841,0.21333099696634197
04F1D6121B6780,2,2.552798744997387,2.3836294523895996
04F1DC121B6780,0,-1.0660968916696263,0.2657015272431859
04F1E1121B6780,0,-1.5723111935684841,0.21333099696634197
04F203121B6784,4,1.1138142339190722,-0.04105531022524949
04F2054A216284,0,-1.3073591784734717,-0.14228780016370723
04F20A121B6780,4,1.5617710503197966,-1.6402756838631982
04F21A4A216284,0,-2.0381270606117625,-0.11242340201816521
04F21B121B6780,5,0.8058786240371792,0.605246969098538
04F21E4A216284,4,1.0959551832765184,-1.9660300828477055
04F2204A216284,0,0.32136688400718705,0.0431929277192975
04F2224A216284,0,-2.0381270606117625,-0.11242340201816521
04F2254A216284,0,-2.0381270606117625,-0.11242340201816521
04F2304A216284,4,1.0959551832765184,-1.9660300828477055
04F2314A216284,1,0.044240927113319006,0.5295042867806752
04F2334A216284,0,-1.5723111935684841,0.21333099696634197
04F238121B6780,0,-1.3148992413627296,0.043346885962565515
04F2394A216284,0,-2.0381270606117625,-0.11242340201816521
04F2404A216284,0,-1.0660968916696263,0.2657015272431859
04F24E121B6780,1,-1.5712383804922243,0.6727856090944068
04F251121B6780,4,-0.00576975954090891,-1.9560129163834028
04F254121B6780,4,0.4084461486850616,-1.0762941173585427
04F256121B6780,6,1.5133295149998014,1.7004886806125636
04F257121B6780,4,1.5628438633960562,-1.1808210717351335
04F259121B6780,4,0.9991187813675488,-1.665637169703442
04F25C121B6780,2,2.90455826007523,-0.7791322832040556
04F25E121B6780,1,-1.5636983176029664,0.4871509229681341
04F260121B6780,2,0.18271404793009796,-1.5702522294823578
04F265121B6780,4,1.6426225439816815,-0.5036445321793199
04F267121B6780,4,2.2974445760627287,0.07245793557197006
04F269121B6780,1,0.10074652953526808,1.7181379043210323
04F26B121B6780,2,0.001419315237499001,-0.628145733716351
04F26C121B6780,6,-0.4544170631107284,1.170746102778397
04F271121B6780,0,-0.3586020876950118,0.7472942070821877
04F2B24A216280,0,-1.5723111935684841,0.21333099696634197
04F2B6121B6780,4,1.0959551832765184,-1.9660300828477055
04F2BC121B6780,0,-1.5243726958236463,-0.245687557867594
04F2BE121B6780,2,3.943684502949661,0.45514610915191334
04F2BF121B6780,1,-0.35752927461875217,1.2067488192102525
04F2C04A216280,1,-1.0650240785933665,0.7251561393712507
04F2C1121B6780,4,0.8742620157283398,-0.7505397183740351
04F2C34A216280,6,-0.07594894732024629,-0.4495344836102409
04F2C4121B6780,1,0.29623885179795123,2.795952026383899
04F2D6121B6780,2,2.552798744997387,2.3836294523895996
04F2D7121B6780,0,-0.3428690724205936,0.4214718152239167
04F2DA4A216280,4,-0.07408223615997125,-0.5780526528576508
04F2DF121B6780,0,-0.3785878570781692,-0.6240344382459769
04F2E4121B6780,4,-0.23500298997834557,-0.5548878657834596
04F3054A216284,0,-1.3073591784734717,-0.14228780016370723
04F30A121B6780,4,1.5617710503197966,-1.6402756838631982
04F30F121B6780,4,-0.0537082572857466,-1.4969943615494665
04F31A4A216284,0,-0.9288620549050768,-0.30807525460874063
04F3224A216284,0,-2.0381270606117625,-0.11242340201816521
04F3244A216284,0,-1.564771130679226,0.027696310840069283
04F3294A216284,0,-1.3430779631310472,-1.187794053633601
04F3304A216284,6,0.6068258131224809,-1.7037792160210519
04F3314A216284,1,0.044240927113319006,0.5295042867806752
04F338121B6780,0,-1.3148992413627296,0.043346885962565515
04F3394A216284,0,-0.9288620549050768,-0.30807525460874063
04F33F4A216284,4,0.919394724732649,-0.6594148201600506
04F342121B6780,5,-0.7813014688694554,1.3578152567258435
04F344121B6780,6,-0.3424396615724596,1.5856686449207633
04F3464A216284,0,0.27730698807913745,0.41152264163337776
04F34A4A216284,4,0.20370369492000764,-1.6669784725532433
04F34E121B6780,0,-1.3506180260203053,-1.0021593675073281
04F360121B6780,2,0.18271404793009796,-1.5702522294823578
04F365121B6780,0,-1.0660968916696263,0.2657015272431859
04F369121B6780,4,-0.017989472628171046,-0.45148810807957285
04F36B121B6780,2,0.001419315237499001,-0.628145733716351
04F36C121B6780,6,0.6915101373127475,0.7159953411154719
04F36E121B6780,4,1.6426225439816815,-0.5036445321793199
04F36F121B6780,0,0.23200290961891626,-1.057691507239669
04F371121B6780,1,-1.5636983176029664,0.4871509229681341
04F391121B6780,5,0.7124263580941657,2.6231824798562435
04F3B24A216280,0,-0.8848021589770272,-0.6764049685228208
04F3B6121B6780,6,2.626963401106072,-2.0428439220824597
04F3B8121B6780,4,-0.7008188570216239,-0.880642264767967
04F3BC121B6780,1,-0.18670237193723047,2.232124418122511
04F3BD121B6780,4,1.5617710503197966,-1.6402756838631982
04F3BF121B6780,2,2.4906080337317396,-0.860671499704542
04F3C1121B6780,1,0.31951192996162747,2.284494948399355
04F3C34A216280,1,-0.22639011401282783,-0.2810679397816678
04F3C4121B6780,2,3.108621643840359,-0.1919506022557257
04F3D4121B6780,0,-0.6881626205010773,0.34593649787288167
04F3DA4A216280,4,-0.07408223615997125,-0.5780526528576508
04F3DF121B6780,0,-0.3785878570781692,-0.6240344382459769
04F3E4121B6780,4,-0.23500298997834557,-0.5548878657834596
04F40C121B6780,1,-1.0650240785933665,0.7251561393712507
04F40F121B6780,2,0.6938339934335972,0.22471631837519623
04F4224A216284,5,2.471513503729397,1.0076759100107195
04F4294A216284,0,-1.5319127587129044,-0.06005287174132128
04F4304A216284,6,0.6068258131224809,-1.7037792160210519
04F43F4A216284,0,-1.0660968916696263,0.2657015272431859
04F445121B6780,1,-1.0650240785933665,0.7251561393712507
04F4464A216284,5,0.5724213986326042,3.614245829864764
04F4484A216284,0,-1.3148992413627296,0.043346885962565515
04F44F121B6780,0,0.23200290961891626,-1.057691507239669
04F452121B6780,4,1.5807029140386102,0.7441537008873224
04F453121B6780,0,-1.0660968916696263,0.2657015272431859
04F455121B6780,1,0.345712775247123,-0.008809538137181565
04F458121B6780,0,-1.0660968916696263,0.2657015272431859
04F462121B6780,0,-0.8723564524831279,0.8805583629316165
04F466121B6780,0,-0.16157433972799465,-0.5206346805420903
04F468121B6780,0,-2.0381270606117625,-0.11242340201816521
04F46F121B6780,0,0.23200290961891626,-1.057691507239669
04F4AE4A216280,4,0.13516650770994665,-0.7572985940954058
04F4BC121B6780,4,0.4882248292706869,-0.39911757780272894
04F4BD121B6780,4,2.342577285067038,0.16358283378595456
04F4BF121B6780,0,-1.0660968916696263,0.2657015272431859
04F4C1121B6780,2,1.5249278951248775,-0.595873074651449
04F4C34A216280,6,1.5790130510363845,-0.2133887994587758
04F4E74A216280,0,-1.5319127587129044,-0.06005287174132128
04F4E84A216280,0,-1.6850424946682905,-0.6294555274336089
04F5014A216284,0,-1.5723111935684841,0.21333099696634197
04F50B121B6780,0,-0.4226477530062188,-0.2557047243318967
04F50C121B6780,5,2.4407267500945564,-1.582128928198312
04F512121B6780,4,-0.5195241243290248,-1.8227487605339738
04F516121B6780,0,-0.3586020876950118,0.7472942070821877
04F522121B6780,0,-0.3428690724205936,0.4214718152239167
04F5224A216284,0,-1.5243726958236463,-0.245687557867594
04F524121B6780,2,1.0138079496213783,-2.390841622509003
04F5264A216284,4,-0.7008188570216239,-0.880642264767967
04F52E4A216284,1,0.062099977755873226,2.4544790594031314
04F5304A216284,5,1.9678164016374318,0.3150853285956742
04F536121B6780,0,-0.8319580176275481,0.6071744942239532
04F545121B6780,1,-1.0650240785933665,0.7251561393712507
04F549121B6780,1,0.12401960769894432,1.2066808263364883
04F54C121B6780,0,-1.5723111935684841,0.21333099696634197
04F54F121B6780,4,0.42072048572304915,-0.8974200365631673
04F550121B6780,4,0.5401322844335463,0.6095499717976197
04F552121B6780,1,1.400598213899995,0.8577021562126127
04F553121B6780,0,-1.0660968916696263,0.2657015272431859
04F554121B6780,0,-0.8444037241214475,-0.9497888372304841
04F558121B6780,0,-1.0660968916696263,0.2657015272431859
04F559121B6780,0,-1.0585568287803682,0.0800668411169132
04F55A121B6780,1,-1.0650240785933665,0.7251561393712507
04F55F121B6780,4,-0.017989472628171046,-0.45148810807957285
04F561121B6780,0,-0.3785878570781692,-0.6240344382459769
04F562121B6780,0,-0.8848021589770272,-0.6764049685228208
04F564121B6780,6,-1.1974882900649195,-0.43275671181504055
04F568121B6780,0,-2.0381270606117625,-0.11242340201816521
04F5AE4A216280,5,0.5484666718314248,0.7752310801023145
04F5BC121B6780,4,1.1757338638621437,-1.2888535432918922
04F5BD121B6780,2,3.596972938271328,0.07372976888749155
04F5BF121B6780,0,-1.0660968916696263,0.2657015272431859
04F5C14A216280,0,-0.3710477941889112,-0.8096691243722497
04F5CB4A216280,5,-0.7484430969031338,1.2700660741444527
04F5CF121B6780,0,-0.3785878570781692,-0.6240344382459769
04F5D14A216280,0,-1.5723111935684841,0.21333099696634197
04F5DD4A216280,2,0.36669734988550134,-1.7744895257275037
04F5E3121B6780,5,0.30720438502757946,0.3672417526954212
04F5E64A216280,0,-1.5243726958236463,-0.245687557867594
04F5E74A216280,0,-0.8444037241214475,-0.9497888372304841
04F5E84A216280,0,-1.6850424946682905,-0.6294555274336089
04F6004A216284,0,-2.0381270606117625,-0.11242340201816521
04F60B121B6780,2,1.6497170253955278,-2.7266131879578133
04F610121B6780,0,-0.3353290095313356,0.23583712909764393
04F611121B6780,0,-2.0381270606117625,-0.11242340201816521
04F612121B6780,0,-1.1994930960312238,-1.1186474811710838
04F616121B6780,0,-1.8587971644716315,0.12701628220612518
04F6194A216284,1,-1.0650240785933665,0.7251561393712507
04F61C121B6780,0,-2.0381270606117625,-0.11242340201816521
04F61F4A216284,5,0.32042347394797205,1.3477980902615407
04F622121B6780,0,-0.3428690724205936,0.4214718152239167
04F6224A216284,0,-1.5723111935684841,0.21333099696634197
04F6244A216284,4,-0.23500298997834557,-0.5548878657834596
04F6264A216284,4,-0.7008188570216239,-0.880642264767967
04F62E121B6780,0,-0.8444037241214475,-0.9497888372304841
04F6304A216284,5,1.9678164016374318,0.3150853285956742
04F6314A216284,0,-0.8415433114301936,0.1834665988208
04F648121B6780,4,0.4611189205786291,-1.1708039052708308
04F649121B6780,1,-1.0650240785933665,0.7251561393712507
04F6494A216284,0,-1.564771130679226,0.027696310840069283
04F64F121B6780,1,0.08830082304136871,0.16117457286659492
04F652121B6780,0,-1.5723111935684841,0.21333099696634197
04F653121B6780,5,1.47011458046496,0.22696808159391874
04F654121B6780,4,1.1034952461657763,-2.151664768973978
04F656121B6780,4,-0.013309822430166925,-1.77037823025713
04F657121B6780,0,-1.0660968916696263,0.2657015272431859
04F659121B6780,0,-0.5523425268815103,0.13243737139375714
04F65A121B6780,4,0.7099179968188655,-1.6146079422763995
04F65B121B6780,1,0.9626535722794827,0.2004567471835702
04F65F121B6780,4,0.4449659817238533,-1.25898914514635
04F661121B6780,5,0.19180151314894056,2.1953947981152595
04F664121B6780,6,-1.1974882900649195,-0.43275671181504055
04F66A121B6780,0,-0.8086849394638718,0.09571741623940944
04F6B14A216280,0,-0.8490833743194516,0.3691012849470728
04F6B8121B6780,0,-0.3353290095313356,0.23583712909764393
04F6B9121B6780,5,1.4748211886589668,1.2432711358849498
04F6BA121B6780,2,1.5482009732885538,-1.1073301526359929
04F6BD121B6780,2,4.284481972862785,-0.8160061966016715
04F6BF121B6780,6,0.6866044937081062,-1.0266026764652383
04F6BF4A216280,1,0.7853277970049056,2.610249347383862
04F6C14A216280,0,-0.3710477941889112,-0.8096691243722497
04F6C5121B6780,1,-0.5916681486608303,0.8652758522294853
04F6CB4A216280,5,-0.7484430969031338,1.2700660741444527
04F6D14A216280,0,-1.5723111935684841,0.21333099696634197
04F6D2121B6780,0,-0.8319580176275481,0.6071744942239532
04F6DB4A216280,4,0.9552307288679487,-0.9019212192589383
04F6DD121B6780,4,1.3694743030486423,-0.6739967076034614
04F6DD4A216280,2,0.2231124827856778,-1.843636098190021
04F6DF121B6780,0,-1.564771130679226,0.027696310840069283
04F6E3121B6780,5,0.30720438502757946,0.3672417526954212
04F6E4121B6780,2,-0.5112622364743572,-0.03542696573885744
04F6E64A216280,0,-1.5243726958236463,-0.245687557867594
04F6E94A216280,4,-0.09776815321379631,-1.1286646476353865
04F7034A216284,0,-2.0381270606117625,-0.11242340201816521
04F710121B6780,0,-0.3353290095313356,0.23583712909764393
04F711121B6780,4,-0.8415028864831106,0.10691841099418295
04F719121B6780,1,-1.0574840157041085,0.539521453244978
04F71B4A216284,4,2.2860716826450886,-1.0250507837544027
04F71E4A216284,2,1.737035768870411,-2.2350713345282722
04F71F4A216284,1,-0.5916681486608303,0.8652758522294853
04F722121B6780,2,0.001419315237499001,-0.628145733716351
04F7224A216284,0,-1.5723111935684841,0.21333099696634197
04F72B4A216284,0,-1.376818871305801,1.291145119029208
04F72E121B6780,0,-1.564771130679226,0.027696310840069283
04F7314A216284,0,-0.8415433114301936,0.1834665988208
04F73C121B6780,6,-1.2368139118442394,0.30008176902068745
04F73D121B6780,0,-1.0660968916696263,0.2657015272431859
04F746121B6780,5,0.36082190880355175,1.0744142215538772
04F748121B6780,1,-1.5712383804922243,0.6727856090944068
04F7494A216284,0,-1.564771130679226,0.027696310840069283
04F74A4A216284,0,-1.5723111935684841,0.21333099696634197
04F74D121B6780,0,-0.8848021589770272,-0.6764049685228208
04F74F121B6780,0,-1.376818871305801,1.291145119029208
04F752121B6780,4,1.598562648053632,-0.1353148182652397
04F753121B6780,4,3.451842290773723,-0.032069018804620875
04F757121B6780,0,-1.0660968916696263,0.2657015272431859
04F75B121B6780,4,0.029949025116666698,-0.910506662913509
04F75D121B6780,0,-0.8848021589770272,-0.6764049685228208
04F76A121B6780,1,-0.3821946941999136,1.1543102960596445
04F770121B6780,0,-0.8086849394638718,0.09571741623940944
04F78B121B6780,0,-0.10873019837851547,0.762944782204684
04F7B14A216280,0,0.5383804013573616,0.14659268542318424
04F7B8121B6780,0,-0.3353290095313356,0.23583712909764393
04F7B9121B6780,1,0.062099977755873226,2.4544790594031314
04F7BA121B6780,2,2.115532892438806,-2.4008587889733057
04F7BF121B6780,5,4.617963031451556,0.11589512586685255
04F7BF4A216280,1,0.7853277970049056,2.610249347383862
04F7C1121B6780,0,-1.369278808416543,1.1055104329029353
04F7D2121B6780,0,-2.0381270606117625,-0.11242340201816521
04F7D8121B6780,6,2.667063982071818,1.5324175085839982
04F7DB4A216280,0,-0.15403427683873663,-0.7062693666683628
04F7DD121B6780,4,1.3694743030486423,-0.6739967076034614
04F7DE121B6780,4,3.4593823536629813,-0.21770370493089364
04F7DF121B6780,0,-1.5723111935684841,0.21333099696634197
04F7E1121B6780,5,-0.08134672778409902,2.0250426226911182
04F7E3121B6780,5,4.065526240198174,3.5222078411551725
04F7E4121B6780,0,-0.3428690724205936,0.4214718152239167
04F7E6121B6780,2,3.352515076475954,-2.378352656842004
04F8034A216284,0,-2.0381270606117625,-0.11242340201816521
04F819121B6780,1,-1.0574840157041085,0.539521453244978
04F81D4A216284,0,-0.7412172918772035,-0.6072583960603035
04F81E4A216284,5,1.898608946594472,3.9347932458387365
04F8214A216284,0,-1.0660968916696263,0.2657015272431859
04F829121B6780,0,-1.5723111935684841,0.21333099696634197
04F82B121B6780,0,-2.0381270606117625,-0.11242340201816521
04F82B4A216284,0,-1.376818871305801,1.291145119029208
04F82C4A216284,2,2.7101387508888064,-1.397491793138857
04F832121B6780,0,-1.5723111935684841,0.21333099696634197
04F83D121B6780,0,-1.0660968916696263,0.2657015272431859
04F846121B6780,5,0.36082190880355175,1.0744142215538772
04F847121B6780,6,0.2882562742514963,-2.0553328877494583
04F8474A216284,0,-1.5319127587129044,-0.06005287174132128
04F84A121B6780,5,2.65915826675727,0.7084927685591568
04F84A4A216284,0,-1.5723111935684841,0.21333099696634197
04F84B4A216284,6,0.10696154155889734,-1.113226391983452
04F84D121B6780,1,-1.0650240785933665,0.7251561393712507
04F853121B6780,0,-2.0381270606117625,-0.11242340201816521
04F855121B6780,0,-0.18777518501349003,1.7726698059944457
04F858121B6780,5,1.5276653300084457,2.5268505986317242
04F85D121B6780,1,-0.5992082115500883,1.0509105383557578
04F863121B6780,1,-0.5916681486608303,0.8652758522294853
04F87F121B6780,0,-1.3506180260203053,-1.0021593675073281
04F88B121B6780,0,-0.10873019837851547,0.762944782204684
04F8A14A216280,0,-0.3661421505842699,0.9329288932084604
04F8A7121B6780,6,-1.1974882900649195,-0.43275671181504055
04F8AE121B6780,0,-1.5723111935684841,0.21333099696634197
04F8B44A216280,0,-0.8244179547382899,0.4215398080976805
04F8C1121B6780,1,1.196792446321561,0.5419297141643374
04F8C24A216280,0,-1.564771130679226,0.027696310840069283
04F8C94A216280,0,-1.5723111935684841,0.21333099696634197
04F8DC121B6780,4,-0.017989472628171046,-0.45148810807957285
04F8DE121B6780,5,1.1019087786951383,3.155159282157064
04F8E1121B6780,5,1.3810028438660582,1.3123586446850988
04F8E3121B6780,0,-0.3586020876950118,0.7472942070821877
04F903121B6784,0,-0.8848021589770272,-0.6764049685228208
04F917121B6780,4,-0.013309822430166925,-1.77037823025713
04F91B121B6780,1,0.7441956681986752,1.1967316527459495
04F91D4A216284,0,-1.5723111935684841,0.21333099696634197
04F91E4A216284,4,-0.013309822430166925,-1.77037823025713
04F9204A216284,4,-0.013309822430166925,-1.77037823025713
04F9214A216284,0,-1.0660968916696263,0.2657015272431859
04F9254A216284,5,1.8758180079645448,1.1424335973436903
04F9274A216284,0,-1.338172319526406,0.5548039639471093
04F929121B6780,0,-1.5723111935684841,0.21333099696634197
04F92B121B6780,1,0.2913332081933098,1.053354008803188
04F92C4A216284,2,2.7101387508888064,-1.397491793138857
04F9304A216284,1,1.1205533123058233,0.16824244934596222
04F9334A216284,0,-1.5723111935684841,0.21333099696634197
04F9474A216284,0,-1.5319127587129044,-0.06005287174132128
04F94A121B6780,1,-1.0650240785933665,0.7251561393712507
04F951121B6780,4,-0.00576975954090891,-1.9560129163834028
04F953121B6780,0,-2.0381270606117625,-0.11242340201816521
04F954121B6780,4,1.6193494658180054,0.00781254580522383
04F955121B6780,4,1.1832739267514016,-1.474488229418165
04F956121B6780,6,-0.5146589056714667,-0.0036025551266464675
04F959121B6780,0,-0.6149445002773735,0.7105742519278401
04F95C121B6780,2,4.013823265781916,-0.9747841357946311
04F95E121B6780,1,-1.5636983176029664,0.4871509229681341
04F963121B6780,1,-0.5916681486608303,0.8652758522294853
04F967121B6780,0,-0.3785878570781692,-0.6240344382459769
04F97F121B6780,1,-0.8480105612431919,0.8285558970751375
04F9A14A216280,6,-0.03171768193628499,0.5602250531347412
04F9AE121B6780,0,-2.0381270606117625,-0.11242340201816521
04F9BB121B6780,0,-0.9034629413732647,1.4312648318874424
04F9BE121B6780,2,3.2484838151993163,-2.0458986467861457
04F9C04A216280,1,-1.0574840157041085,0.539521453244978
04F9C1121B6780,4,1.5617710503197966,-1.6402756838631982
04F9C24A216280,0,-1.564771130679226,0.027696310840069283
04F9C34A216280,4,-0.010449409738913033,-0.6371227942058456
04F9C94A216280,0,-1.207033158920482,-0.9330127950448109
04F9D6121B6780,5,-0.08888679067335703,2.2106773088173908
04F9DC121B6780,4,0.6819652684571852,0.2157392578857016
04FA03121B6784,4,1.1138142339190722,-0.04105531022524949
04FA054A216284,1,-0.3417962593443339,0.8809264273519815
04FA17121B6780,4,-0.013309822430166925,-1.77037823025713
04FA1A4A216284,0,-2.0381270606117625,-0.11242340201816521
04FA1E4A216284,4,-0.013309822430166925,-1.77037823025713
04FA254A216284,5,0.7665530022578593,1.3380854499342658
04FA274A216284,0,-1.338172319526406,0.5548039639471093
04FA28121B6780,0,-1.5243726958236463,-0.245687557867594
04FA304A216284,1,1.1205533123058233,0.16824244934596222
04FA314A216284,0,-1.5319127587129044,-0.06005287174132128
04FA334A216284,0,-1.5319127587129044,-0.06005287174132128
04FA38121B6780,5,1.0483309433950085,0.18467825606471439
04FA394A216284,0,-0.4151076901169608,-0.44133941045816955
04FA42121B6780,5,-0.7813014688694554,1.3578152567258435
04FA4E121B6780,0,-1.3506180260203053,-1.0021593675073281
04FA52121B6780,0,-0.8368636612321894,-1.1354235233567571
04FA54121B6780,4,1.6193494658180054,0.00781254580522383
04FA56121B6780,1,-0.3699749811126515,-0.350214512244185
04FA57121B6780,4,1.5628438633960562,-1.1808210717351335
04FA58121B6780,0,-0.8444037241214475,-0.9497888372304841
04FA59121B6780,6,-0.008444603772608746,0.04876797515019746
04FA5C121B6780,4,0.45250604461311134,-1.4446238312726227
04FA5E121B6780,1,-1.5636983176029664,0.4871509229681341
04FA60121B6780,1,-0.5992082115500883,1.0509105383557578
04FA65121B6780,0,-1.0660968916696263,0.2657015272431859
04FA6B121B6780,4,0.45357885768937106,-0.9851692191445579
04FA6C121B6780,6,-1.1974882900649195,-0.43275671181504055
04FA71121B6780,1,-1.5636983176029664,0.4871509229681341
04FA91121B6780,0,-1.5723111935684841,0.21333099696634197
04FAB24A216280,6,-0.7634579819117032,0.440201481878922
04FAB6121B6780,6,1.0590716031345164,-0.8450792858093392
04FAB8121B6780,0,-0.3661421505842699,0.9329288932084604
04FABC121B6780,1,-0.18670237193723047,2.232124418122511
04FABE121B6780,2,4.379354223320037,-1.8981944448241763
04FABF121B6780,1,-0.35752927461875217,1.2067488192102525
04FAC04A216280,1,-1.0574840157041085,0.539521453244978
04FAC1121B6780,4,0.46004610750236935,-1.6302585173988955
04FAC34A216280,0,-1.5319127587129044,-0.06005287174132128
04FAC4121B6780,2,3.108621643840359,-0.1919506022557257
04FAD6121B6780,5,-0.08888679067335703,2.2106773088173908
04FAD7121B6780,4,0.4651622811336578,-0.2180450686317741
04FADD121B6780,4,0.3521800250601213,-0.6538988363915189
04FADF121B6780,4,0.45250604461311134,-1.4446238312726227
04FAE4121B6780,4,2.342577285067038,0.16358283378595456
04FAF44A216280,0,-0.8444037241214475,-0.9497888372304841
04FB0F121B6780,2,0.6938339934335972,0.22471631837519623
04FB224A216284,0,-2.0381270606117625,-0.11242340201816521
04FB304A216284,6,1.2335624339841331,-1.4011896041107357
04FB314A216284,0,-1.5319127587129044,-0.06005287174132128
04FB38121B6780,5,1.0483309433950085,0.18467825606471439
04FB394A216284,0,-0.4151076901169608,-0.44133941045816955
04FB3F4A216284,4,0.919394724732649,-0.6594148201600506
04FB42121B6780,0,-0.23381295742436184,-1.3834459062241764
04FB44121B6780,6,-0.3424396615724596,1.5856686449207633
04FB464A216284,0,0.27730698807913745,0.41152264163337776
04FB4E121B6780,0,-1.3506180260203053,-1.0021593675073281
04FB55121B6780,0,-1.5319127587129044,-0.06005287174132128
04FB57121B6780,0,-1.3430779631310472,-1.187794053633601
04FB60121B6780,1,-0.5992082115500883,1.0509105383557578
04FB65121B6780,2,-0.4719366146950372,-0.7682654465745854
04FB69121B6780,4,1.149533018576648,1.0044509432446442
04FB6B121B6780,2,0.001419315237499001,-0.628145733716351
04FB6C121B6780,6,-0.4544170631107284,1.170746102778397
04FB6E121B6780,1,-1.5636983176029664,0.4871509229681341
04FB6F121B6780,4,0.3521800250601213,-0.6538988363915189
04FB71121B6780,0,-1.5243726958236463,-0.245687557867594
04FB91121B6780,5,0.7124263580941657,2.6231824798562435
04FBB24A216280,6,-0.7634579819117032,0.440201481878922
04FBB6121B6780,6,2.626963401106072,-2.0428439220824597
04FBB8121B6780,1,-0.3417962593443339,0.8809264273519815
04FBBC121B6780,0,-1.0585568287803682,0.0800668411169132
04FBBD121B6780,4,1.8191830025255509,-1.810259794866975
04FBBF121B6780,4,-0.00576975954090891,-1.9560129163834028
04FBC1121B6780,6,1.8593523637728626,-0.9685769147251683
04FBC4121B6780,4,-0.04616819439648859,-1.6826290476757393
04FBCE121B6780,4,1.6426225439816815,-0.5036445321793199
04FBD4121B6780,2,-0.005047934575499287,0.016943564537986483
04FBD7121B6780,5,4.065526240198174,3.5222078411551725
04FBDA4A216280,2,-0.1395169520133566,-1.8268600560043475
04FBDD121B6780,4,-0.11363584198315682,-0.9796532353760261
04FBE0121B6780,4,3.003885474372999,1.5671513548333273
04FBE4121B6780,4,2.342577285067038,0.16358283378595456
04FBF44A216280,0,-0.8444037241214475,-0.9497888372304841
04FC0C121B6780,2,1.6572570882847857,-2.912247874084086
04FC0F121B6780,0,-0.9110030042625226,1.6168995180137151
04FC224A216284,5,3.884551242760872,1.3238030297563212
04FC294A216284,0,-1.3430779631310472,-1.187794053633601
04FC2E4A216284,1,0.062099977755873226,2.4544790594031314
04FC304A216284,6,1.2335624339841331,-1.4011896041107357
04FC36121B6780,0,-0.8319580176275481,0.6071744942239532
04FC39121B6780,4,0.4084461486850616,-1.0762941173585427
04FC3F4A216284,4,0.919394724732649,-0.6594148201600506
04FC45121B6780,1,-1.0650240785933665,0.7251561393712507
04FC464A216284,0,0.27730698807913745,0.41152264163337776
04FC4C121B6780,1,-0.4619733747855389,0.4771337565038313
04FC4E121B6780,5,3.5120841333344615,1.1422796391004224
04FC4F121B6780,4,0.42072048572304915,-0.8974200365631673
04FC50121B6780,4,1.0059481514768247,0.9353043707821267
04FC52121B6780,0,-2.0381270606117625,-0.11242340201816521
04FC53121B6780,0,-0.6273902067712729,-0.8463890795265973
04FC62121B6780,0,-1.5723111935684841,0.21333099696634197
04FC66121B6780,0,-0.16157433972799465,-0.5206346805420903
04FC6E121B6780,4,1.6426225439816815,-0.5036445321793199
04FC6F121B6780,4,0.3521800250601213,-0.6538988363915189
04FCAE4A216280,5,0.5484666718314248,0.7752310801023145
04FCBC121B6780,4,0.6151399949094725,-0.27906052662836617
04FCBF121B6780,2,2.7025986879995485,-1.2118571070125843
04FCC1121B6780,5,-0.0580736496204228,1.513585544706574
04FCC4121B6780,2,1.7062226278174766,-1.5379795704174561
04FCD4121B6780,0,-0.6881626205010773,0.34593649787288167
04FCDE121B6780,6,0.24419637832344657,-1.6870031738353783
04FCE74A216280,0,-1.5243726958236463,-0.245687557867594
04FCE84A216280,0,-1.3506180260203053,-1.0021593675073281
04FD014A216284,4,0.45250604461311134,-1.4446238312726227
04FD0B121B6780,2,1.0638186362756064,0.09467558065507423
04FD12121B6780,4,1.312968700626693,-1.8626303251438188
04FD16121B6780,0,-1.3073591784734717,-0.14228780016370723
04FD18121B6780,4,0.919394724732649,-0.6594148201600506
04FD184A216284,0,-1.338172319526406,0.5548039639471093
04FD22121B6780,2,1.7917261057226428,-1.068444253541752
04FD224A216284,5,2.938402183848935,1.7928849211232913
04FD264A216284,4,-0.7008188570216239,-0.880642264767967
04FD36121B6780,6,-1.2368139118442394,0.30008176902068745
04FD38121B6780,1,-1.1054225134489462,0.998540008078914
04FD39121B6780,4,0.4084461486850616,-1.0762941173585427
04FD3D121B6780,4,1.1138142339190722,-0.04105531022524949
04FD45121B6780,1,-1.0650240785933665,0.7251561393712507
04FD4E121B6780,5,2.402819127627776,1.337931491690998
04FD4F121B6780,0,-1.1994930960312238,-1.1186474811710838
04FD50121B6780,0,-1.5243726958236463,-0.245687557867594
04FD52121B6780,0,-2.0381270606117625,-0.11242340201816521
04FD53121B6780,5,0.32042347394797205,1.3477980902615407
04FD54121B6780,4,1.1034952461657763,-2.151664768973978
04FD58121B6780,2,2.4932162086336245,-1.9136910617034044
04FD59121B6780,0,-0.18777518501349003,1.7726698059944457
04FD5A121B6780,6,1.0443424654668505,-1.9873117823501187
04FD5F121B6780,4,0.4449659817238533,-1.25898914514635
04FD61121B6780,5,0.19180151314894056,2.1953947981152595
04FD62121B6780,2,0.18271404793009796,-1.5702522294823578
04FD64121B6780,6,-1.1974882900649195,-0.43275671181504055
04FD66121B6780,0,-0.16157433972799465,-0.5206346805420903
04FDAE4A216280,1,0.9626535722794827,0.2004567471835702
04FDBC121B6780,4,1.0368959660247012,0.41502358627022123
04FDBD121B6780,4,0.8742620157283398,-0.7505397183740351
04FDBF121B6780,2,2.7025986879995485,-1.2118571070125843
04FDC14A216280,1,0.23307572269517599,-0.5982368951116044
04FDC4121B6780,2,1.0187135932260196,-0.6482436049282929
04FDC5121B6780,1,-0.5916681486608303,0.8652758522294853
04FDCB4A216280,1,-1.0650240785933665,0.7251561393712507
04FDCF121B6780,2,2.1045708472740867,-0.509249359133236
04FDDD4A216280,1,1.1892523834323028,0.7275644002906102
04FDE3121B6780,2,2.4499573610867906,-2.773562629047025
04FDE74A216280,0,-1.5243726958236463,-0.245687557867594
04FDE84A216280,0,-1.3506180260203053,-1.0021593675073281
04FDE94A216280,4,0.7099179968188655,-1.6146079422763995
04FDFA4A216280,0,-1.5723111935684841,0.21333099696634197
04FE014A216284,0,-1.5723111935684841,0.21333099696634197
04FE10121B6780,4,1.1757338638621437,-1.2888535432918922
04FE11121B6780,4,-0.8415028864831106,0.10691841099418295
04FE12121B6780,4,-0.5195241243290248,-1.8227487605339738
04FE16121B6780,0,-0.3586020876950118,0.7472942070821877
04FE18121B6780,1,0.08830082304136871,0.16117457286659492
04FE184A216284,0,-1.338172319526406,0.5548039639471093
04FE194A216284,0,-1.5319127587129044,-0.06005287174132128
04FE1B4A216284,0,-1.5319127587129044,-0.06005287174132128
04FE1F4A216284,5,0.32042347394797205,1.3477980902615407
04FE22121B6780,0,-1.564771130679226,0.027696310840069283
04FE224A216284,0,-2.0381270606117625,-0.11242340201816521
04FE244A216284,0,-1.564771130679226,0.027696310840069283
04FE264A216284,4,-0.7008188570216239,-0.880642264767967
04FE2E121B6780,0,-1.564771130679226,0.027696310840069283
04FE48121B6780,1,-1.5712383804922243,0.6727856090944068
04FE49121B6780,1,-1.0650240785933665,0.7251561393712507
04FE494A216284,0,-2.0381270606117625,-0.11242340201816521
04FE4B121B6780,0,-2.0381270606117625,-0.11242340201816521
04FE52121B6780,1,0.7674687463623514,0.685274574761406
04FE53121B6780,4,0.43384526221687364,0.6630459691376407
04FE54121B6780,0,-0.3785878570781692,-0.6240344382459769
04FE56121B6780,2,0.18271404793009796,-1.5702522294823578
04FE57121B6780,0,-1.3506180260203053,-1.0021593675073281
04FE59121B6780,1,-0.7401444788009438,-0.1478037839322389
04FE5B121B6780,1,0.9626535722794827,0.2004567471835702
04FE5F121B6780,0,-0.3661421505842699,0.9329288932084604
04FE61121B6780,0,-1.5243726958236463,-0.245687557867594
04FE64121B6780,6,-1.1974882900649195,-0.43275671181504055
04FE68121B6780,2,1.0138079496213783,-2.390841622509003
04FE6A121B6780,0,-0.3353290095313356,0.23583712909764393
04FEB14A216280,0,0.5383804013573616,0.14659268542318424
04FEB9121B6780,1,0.062099977755873226,2.4544790594031314
04FEBA121B6780,2,3.344975013586696,-2.192717970715731
04FEBD121B6780,2,2.9561716629856485,-2.721192098770181
04FEBF121B6780,1,-0.3417962593443339,0.8809264273519815
04FEBF4A216280,0,0.5459204642466197,-0.03904200070308841
04FEC5121B6780,4,0.2724013444744961,-1.3310753759473326
04FECB4A216280,1,-1.0650240785933665,0.7251561393712507
04FECF121B6780,4,0.45250604461311134,-1.4446238312726227
04FED2121B6780,0,-1.3506180260203053,-1.0021593675073281
04FEDB4A216280,1,1.2332846134056297,1.011028973745913
04FEDF121B6780,0,-1.5723111935684841,0.21333099696634197
04FEE3121B6780,2,2.4499573610867906,-2.773562629047025
04FEE4121B6780,0,-0.3428690724205936,0.4214718152239167
04FEE6121B6780,0,-0.4047887023636646,1.669270048290559
04FEE94A216280,4,0.7099179968188655,-1.6146079422763995
04FF10121B6780,4,1.1757338638621437,-1.2888535432918922
04FF11121B6780,0,-0.3710477941889112,-0.8096691243722497
04FF194A216284,1,-1.0650240785933665,0.7251561393712507
04FF1B4A216284,0,-1.5319127587129044,-0.06005287174132128
04FF1E4A216284,1,-0.40546777236358983,1.6657673740441885
04FF244A216284,1,-0.8761892830115094,-0.4025850425210289
04FF2B4A216284,0,-1.3430779631310472,-1.187794053633601
04FF3D121B6780,0,-1.0660968916696263,0.2657015272431859
04FF48121B6780,1,-0.35752927461875217,1.2067488192102525
04FF4B121B6780,0,-2.0381270606117625,-0.11242340201816521
04FF4D121B6780,1,-0.5992082115500883,1.0509105383557578
04FF4F121B6780,0,-1.376818871305801,1.291145119029208
04FF70121B6780,4,0.46004610750236935,-1.6302585173988955
04FFAB4A216280,1,-1.0650240785933665,0.7251561393712507
04FFB14A216280,0,0.5383804013573616,0.14659268542318424
04FFB8121B6780,0,-0.3353290095313356,0.23583712909764393
04FFB9121B6780,2,1.1839957517168112,0.49846825150322444
04FFBA121B6780,2,2.6574659789952393,-1.3029820052265686
04FFBF121B6780,1,-0.3417962593443339,0.8809264273519815
04FFBF4A216280,2,2.1837206440644383,-2.128172286752675
04FFDF121B6780,2,0.8722009590043769,1.0644572311611815
04FFE1121B6780,5,1.9810354905578247,1.2956416661617935
04FFE3121B6780,0,0.32890694689644506,-0.14244175840697526
04FFE4121B6780,2,-0.5112622364743572,-0.03542696573885744
04FFE6121B6780,0,-0.3661421505842699,0.9329288932084604
