card_id,cluster,PC1,PC2
040017121B6785,0,-0.8467593950429332,-0.4997131417438407
040018121B6785,0,1.462301924650664,0.3816630985256534
040018F2185081,0,-0.7387562549644977,0.1416205353767312
040019121B6785,0,0.17453485509055927,0.6390974477244388
04001DF2185085,1,0.13504098814903326,0.9177552314745998
04001EF2185085,1,0.9936527722171634,1.802191278906693
040025F2185085,1,0.4130050270436174,2.0527478772079335
040026F2185085,1,-0.5356443827903486,1.5375234261273958
040027F2185085,1,-0.36110117316620116,1.509377568513303
04002C121B6785,0,0.46687686185264526,0.7301501545505531
04002EF2185085,1,-0.5356443827903486,1.5375234261273958
040030F2185085,5,0.3652332906929907,-2.7797698968812017
04003BF2185081,0,-0.6711405317505179,0.06728390566448768
04003EF2185081,6,0.21847794136161547,0.422414378579598
040043F2185081,0,0.4391223237965508,-1.8890735455852659
040044F2185081,1,0.045003362383197305,1.2869668278261555
040075F2185081,0,0.6403514408310635,-0.1344022946960042
0400A9F2185081,6,0.04393473173746796,0.4505602361936908
0400B0F2185081,0,-0.15810850979095162,-0.10893606292450911
0400B2F2185081,3,-1.4864380769383116,-0.4092505216080272
0400B6F2185081,0,0.6580031598907493,-0.8275765874230562
0400B74A216281,0,1.5299176478646437,0.30732646881340986
0400B8F2185081,1,0.13504098814903326,0.9177552314745998
0400BAF2185081,1,0.13504098814903326,0.9177552314745998
0400BFF2185081,1,0.1783029609508165,1.4122551422284815
0400C0F2185081,0,-0.15810850979095162,-0.10893606292450911
0400E8F2185081,3,-1.0029764054541301,0.2548889825885345
0400EDF2185081,1,-0.5356443827903486,1.5375234261273958
040100E2185085,0,0.059703695657517514,0.11615430360523614
040103F2185085,3,-2.0670858221118578,-0.15869392330678686
040104F2185085,1,1.4174090268262478,0.8866062454924933
04010CF2185081,6,-0.3621698038119305,0.6729709768808383
040110E2185085,6,-1.3362415947038226,-0.10982352536603844
040111F2185085,3,-1.4864380769383116,-0.4092505216080272
040112F2185085,1,-0.5356443827903486,1.5375234261273958
040114E2185085,2,5.532548950414261,-3.10375619115706
040117121B6785,0,-0.8467593950429332,-0.4997131417438407
040118121B6785,0,1.4150180995924775,-0.6680968712859875
040119F2185085,3,-1.8492806396859274,0.3076601298330021
04011BE2185085,1,0.8247967453777446,1.8744405644674804
04011BF2185085,1,-0.5356443827903486,1.5375234261273958
04011EF2185081,0,0.39819250799293626,-0.031919807369667846
040128F2185081,5,1.8539209293068504,0.33541901871617774
04012DE2185085,0,1.3553744382404962,0.33547232642750263
04012FE2185081,3,-0.5799820092603996,0.447880610351093
040130F2185081,1,-0.36110117316620116,1.509377568513303
040131E2185081,2,0.49100314778931725,-1.8795306624142587
040133F2185085,1,-0.5356443827903486,1.5375234261273958
040134F2185085,3,-1.3118948673141642,-0.43739637922212
040138F2185085,1,0.10977374796831184,1.4045659433439737
040139121B6785,6,0.01958098132527156,1.0193967766598158
04013AE2185085,1,2.41683664576225,0.725705838856942
04013BE2185081,0,0.059703695657517514,0.11615430360523614
040141F2185085,6,-1.3362415947038226,-0.10982352536603844
040143E2185081,1,0.2874109730059817,2.6194970735226026
040145F2185085,1,0.3576628512068538,0.3765209822326756
040146F2185085,6,0.2617399141633987,0.9169142893334797
040149E2185081,1,1.7063436126284275,-0.07958774893928011
04014BE2185081,1,2.613555034564645,0.3793189634397772
04014DF2185081,3,-1.0930140312199659,0.6241005789400899
04014FE2185081,1,0.2874109730059817,2.6194970735226026
040151F2185081,3,-1.29191099125631,1.221082977020308
04015BE2185081,1,0.08826533518498056,1.7814667385800371
040161E2185081,1,3.013920121250762,0.1994030854002383
04016BE2185081,0,3.788734138111166,-1.588126220393798
04017DE2185081,1,1.8399570064489605,1.7494201316622253
04017FE2185081,0,2.01224893317998,-2.4482343539467437
040183E2185081,1,3.30640285279583,1.1674346023663562
040189F2185081,3,-2.0670858221118578,-0.15869392330678686
04018CF2185081,1,0.045003362383197305,1.2869668278261555
040191E2185081,3,-1.4864380769383116,-0.4092505216080272
040197E2185081,3,-0.5968718699047314,0.03247824190138684
04019FF2185081,3,-1.268632894512381,0.05710353153176158
0401A8F2185081,3,-1.8492806396859274,0.3076601298330021
0401ACF2185081,1,-0.5356443827903486,1.5375234261273958
0401B44A216281,5,1.4320474298374026,0.89223569199178
0401B6F2185081,1,2.306975233859828,1.3283350090019073
0401B8E2185081,0,-0.9143680952343745,-0.6666401986416406
0401C1F2185081,3,-2.0670858221118578,-0.15869392330678686
0401C2E2185081,0,3.788734138111166,-1.588126220393798
0401C4E2185081,1,2.904147297211729,0.3451480585321494
0401C6E2185081,5,0.7008894071764535,-0.8603542721481476
0401E0F2185081,3,-1.8925426124877103,-0.18683978092087963
0401E2F2185081,6,-1.3362415947038226,-0.10982352536603844
0401E3F2185081,3,-1.268632894512381,0.05710353153176158
0401EBE2185081,6,0.6163036428186399,-2.6742121829180188
0401F9F2185081,1,-0.5356443827903486,1.5375234261273958
0401FCE2185081,5,1.1230767018988153,0.28654862077542925
040204F2185085,6,-1.2929796219020395,0.3846763853878434
04020FF2185085,3,-1.4864380769383116,-0.4092505216080272
040213121B6785,3,-2.0670858221118578,-0.15869392330678686
040213E2185081,1,1.7063436126284275,-0.07958774893928011
040215E2185081,6,0.04393473173746796,0.4505602361936908
040217E2185081,6,-0.7555938495302763,-0.3603801236672788
040217F2185081,0,-0.2717380275536303,-0.2794645872835867
040217F2185085,0,0.26457911417240326,-1.8609276879711731
04021DE2185081,0,2.01224893317998,-2.4482343539467437
04021FF2185085,3,-1.3351729640580932,0.7265830662664261
040223F2185081,1,-0.36110117316620116,1.509377568513303
04022AF2185085,0,-0.1317363976335003,-0.029838520620333795
04022CF2185085,3,-1.1821381672172768,1.0753380038883966
04022DF2185085,2,3.772953606127407,-3.5484619562603004
040231F2185081,0,-1.4706691130182623,-0.7436564541964819
040232F2185081,0,0.39819250799293626,-0.031919807369667846
040234E2185085,5,0.7912408281952031,0.474153697699476
040239121B6785,6,0.01958098132527156,1.0193967766598158
04023BF2185085,3,-1.4864380769383116,-0.4092505216080272
04024CF2185081,1,1.863681909470437,1.805168280500519
040263E2185081,1,-0.40234478422272973,1.662811740529722
040263F2185081,0,-0.7387562549644977,0.1416205353767312
040269E2185081,1,1.8576087255086462,1.0562458389351732
040275F2185081,0,-0.18245523718060982,0.21863679093157243
040278F2185081,0,-0.9132994645886452,0.16976639299082397
04027BF2185081,1,0.5089279640870727,1.512354570107129
04027DF2185081,3,-0.5799820092603996,0.447880610351093
04027EF2185081,0,0.06077232630324684,0.9525608952377006
040280F2185081,0,-0.9143680952343745,-0.6666401986416406
040285E2185081,0,-0.9798103158258953,0.8100112768766167
04028AF2185081,3,-1.4864380769383116,-0.4092505216080272
04028DF2185081,3,-1.3351729640580932,0.7265830662664261
04028EF2185081,3,-0.5799820092603996,0.447880610351093
040297E2185081,1,-0.49238240998856553,2.0320233368812772
04029EE2185081,3,-1.4687863578786262,-1.1024248143350792
04029FF2185081,0,-1.4706691130182623,-0.7436564541964819
0402B44A216281,6,0.13397235750330394,0.08134863984213529
0402BFE2185081,1,1.863681909470437,1.805168280500519
0402C0F2185081,2,3.772953606127407,-3.5484619562603004
0402D5E2185081,3,-0.754525218884547,0.4760264679651858
0402D8F2185081,0,-0.18245523718060982,0.21863679093157243
0402F5F2185081,3,-1.4864380769383116,-0.4092505216080272
0402FCF2185081,3,0.12995050524690072,-0.47391141921562396
0402FDE2185081,3,-1.4864380769383116,-0.4092505216080272
0402FFE2185081,1,1.1513061211969788,1.358643052842894
040310F2185081,1,0.3576628512068538,0.3765209822326756
040312E2185081,1,3.9047023170290616,0.2237037113380639
040313121B6785,2,1.2472697562552784,-1.5630902133071702
040314F2185085,1,1.5309862785103732,1.1437330604458744
04031FF2185085,3,-0.6869094956705675,0.40168983825294236
040324F2185085,6,-0.6464858374751111,0.8468618076268424
040327F2185085,1,0.5089279640870727,1.512354570107129
04032F121B6785,1,1.820419936668654,1.3106683697466373
040330F2185081,3,-2.0670858221118578,-0.15869392330678686
040330F2185085,1,0.573698349672187,1.6299536856249475
040331E2185081,0,-0.17499837043528355,-0.5243384313742153
04033FF2185085,3,-0.2496708013770573,-1.1557395279694387
040346F2185081,3,-2.0670858221118578,-0.15869392330678686
040347F2185085,1,1.5309862785103732,1.1437330604458744
04035AF2185081,0,0.06077232630324684,0.9525608952377006
040387F2185081,3,-0.8881386127050799,-1.3529814126363195
040389F2185081,0,-0.7387562549644977,0.1416205353767312
0403A6F2185081,3,-2.0023154365267435,-0.04109480778896854
0403A9F2185081,0,-0.7387562549644977,0.1416205353767312
0403AAF2185081,1,1.5309862785103732,1.1437330604458744
0403B7F2185081,0,-0.7387562549644977,0.1416205353767312
0403C4F2185081,6,0.01958098132527156,1.0193967766598158
0403E2F2185081,0,1.1977210892606807,0.7790205524913015
0403E4E2185081,3,-1.3118948673141642,-0.43739637922212
0403E4F2185081,3,-1.4864380769383116,-0.4092505216080272
0403EBF2185081,1,1.5309862785103732,1.1437330604458744
0403F5F2185081,1,0.573698349672187,1.6299536856249475
040404E2185085,5,2.2956830837189233,-0.8470770725822232
040412F2185081,1,-0.49238240998856553,2.0320233368812772
040418F2185081,1,-0.5356443827903486,1.5375234261273958
040419F2185081,6,-0.7379421304705909,-1.053554416394331
04041FE2185081,1,1.0895757092606186,1.2617979718058887
04042BE2185081,5,-0.09832537883837715,0.03242493419006203
04042BF2185081,3,-1.3351729640580932,0.7265830662664261
04042F121B6785,1,1.820419936668654,1.3106683697466373
040433E2185085,1,3.730159107404914,0.25184956895215665
040439E2185081,2,4.337077422829129,-1.1768383496590098
04043FF2185081,1,1.0895757092606186,1.2617979718058887
040441E2185081,1,1.820419936668654,1.3106683697466373
040443F2185081,6,-0.7379421304705909,-1.053554416394331
040453F2185081,6,0.15086221814763584,0.49675100829184143
040457E2185081,1,1.5309862785103732,1.1437330604458744
040461E2185081,1,0.1951998446176867,1.5863938240681443
040465E2185081,1,3.366860638641718,-1.031309547118196
04046DE2185081,3,-2.0670858221118578,-0.15869392330678686
04046FF2185081,3,-1.0930140312199659,0.6241005789400899
040488E2185081,1,2.2618305059184087,1.192603458386623
040499E2185081,1,3.9047023170290616,0.2237037113380639
0404A2121B6781,3,-2.0670858221118578,-0.15869392330678686
0404B1E2185081,1,2.7532481165040177,2.2468970440099327
0404B4E2185081,1,1.863681909470437,1.805168280500519
0404BAE2185081,3,-0.754525218884547,0.4760264679651858
0404D8E2185081,1,2.2618305059184087,1.192603458386623
0404DCE2185081,1,3.366860638641718,-1.031309547118196
0404E1F2185081,5,0.12055545725582115,1.0939218923522718
0404E9E2185081,5,1.165270044054869,-0.05535806010315364
04050CF2185085,3,-1.2675572408441134,0.6522464365541827
04050DF2185081,1,1.5742482513121565,1.6382329711997563
04051CF2185085,3,-1.2675572408441134,0.6522464365541827
040523F2185085,3,-1.2675572408441134,0.6522464365541827
04052A121B6785,2,1.9416277641375843,-2.0405119685273694
04052BE2185081,0,-0.1391932643788267,0.7131367016854541
04052EF2185085,3,-1.2242952680423302,1.1467463473080644
04052FE2185081,0,1.2386509050642953,-1.0781331857242966
040537E2185081,0,1.1029475278732024,-3.113429740675803
04054BE2185085,1,1.1256958674548816,0.17096884936196025
040563E2185081,1,1.0698405109874216,1.038331348586244
040575E2185081,1,-0.2710635474003653,1.1401659721617476
040580F2185081,0,-1.064564577468864,-0.9660671948836292
040583E2185081,1,3.9047023170290616,0.2237037113380639
040586F2185081,3,-1.0225134752344365,-0.1838627793270536
040587E2185081,5,2.2956830837189233,-0.8470770725822232
04058DF2185081,1,0.12868899338043666,2.226638707953937
04058EE2185081,1,0.8247967453777446,1.8744405644674804
04059DE2185081,1,1.132837682062402,1.7562978825597704
04059DF2185081,6,-1.1616983850796752,-0.1379693829801312
0405A2121B6781,3,-2.0670858221118578,-0.15869392330678686
0405C2E2185081,2,5.631379142030815,-4.460780572119489
0405C6E2185081,5,2.4664581874828135,-1.6483806247003587
0405CAE2185081,1,0.40092482400863716,0.8710208929865574
0405DEF2185081,3,-0.4242140110012048,-1.127593670355346
040612121B6785,2,3.6062331954210936,-1.2257087475997583
040613F2185085,0,1.97056376311806,-0.1928561961510835
040616E2185081,1,1.7063436126284275,-0.07958774893928011
04061AE2185081,5,1.7361221321689122,0.21622045427597072
04061AF2185085,1,1.0895757092606186,1.2617979718058887
040627E2185081,2,3.0410407480736428,-4.433738945833514
04062A121B6785,3,-1.2675572408441134,0.6522464365541827
04062BE2185081,0,1.1029475278732024,-3.113429740675803
040634F2185085,5,2.3801886675772352,-0.5060113338447607
040636121B6785,2,2.1183675241542814,-0.7237066200808799
040638121B6785,3,-1.4864380769383116,-0.4092505216080272
04063EF2185085,3,0.12995050524690072,-0.47391141921562396
04063FF2185085,6,-1.1616983850796752,-0.1379693829801312
040640F2185081,3,-1.8492806396859274,0.3076601298330021
040643F2185081,3,-1.4216676913531974,-0.291651406090209
04064CF2185085,2,0.3576512831431451,-1.9182206862222808
04064FF2185081,1,0.9936527722171634,1.802191278906693
040652E2185081,2,-0.30744977981015953,-2.0953281172528073
040659F2185081,1,0.9936527722171634,1.802191278906693
04066AF2185081,2,0.8047312672587029,-1.9535699163752736
040673E2185081,2,6.363292000084579,-3.5755035825462764
04068DF2185081,6,0.018004178585408124,-1.7304812918897263
0406A0F2185081,0,-0.2917219036114846,-1.9379439435260144
0406A84A216281,1,0.36974305424183423,1.5582479664540516
0406FDF2185081,6,0.8167774055948472,-0.5213165124486944
04070BF2185085,6,0.7499170366391729,-0.8452043023165134
040710F2185085,3,-1.1775196150782776,0.28303484020262726
040711E2185085,1,2.1997862987291343,-0.6079611888495613
040712121B6785,6,2.7249854063537895,-2.285798133042964
040717F2185081,6,-0.023680991476511665,0.5248968659059342
040724F2185085,1,0.4424171128498225,2.152599453992922
040727E2185081,0,1.5475693669243296,-0.38584782391364203
04072BE2185081,5,2.4664581874828135,-1.6483806247003587
04072C121B6785,0,0.46687686185264526,0.7301501545505531
040730F2185085,3,-1.4864380769383116,-0.4092505216080272
040731121B6785,1,0.13504098814903326,0.9177552314745998
040737E2185081,1,2.4600986185640332,1.220205749610824
040738121B6785,2,2.1183675241542814,-0.7237066200808799
04073FF2185081,6,-0.023680991476511665,0.5248968659059342
040743E2185085,2,0.49100314778931725,-1.8795306624142587
040744E2185081,1,2.41683664576225,0.725705838856942
040745F2185081,3,0.49096244977447306,0.5018092966350016
040757F2185081,6,0.21847794136161547,0.422414378579598
04075EF2185081,3,0.49096244977447306,0.5018092966350016
040763F2185081,1,3.30640285279583,1.1674346023663562
04076CE2185081,1,1.3073808916865495,1.7281520249456777
040772F2185081,3,-0.754525218884547,0.4760264679651858
04078FF2185081,6,-0.6043287366500578,0.7754534642071745
040794E2185081,1,1.3073808916865495,1.7281520249456777
04079BF2185081,1,3.30640285279583,1.1674346023663562
04079DF2185081,1,1.222875307828238,1.3870862862082147
0407A64A216281,2,1.1852255490660042,-3.363654860543355
0407A84A216281,1,2.5744899947420654,0.2821576127931431
0407B54A216281,5,-0.2582812768013691,-0.01536528683047742
0407B74A216281,3,-1.3118948673141642,-0.43739637922212
0407B8E2185081,1,2.1997862987291343,-0.6079611888495613
0407BFF2185081,6,-0.6043287366500578,0.7754534642071745
0407C1F2185081,0,-0.739824885610227,-0.6947860562557334
0407C7F2185081,1,0.5322060608310014,0.34837512461858283
0407D1F2185081,6,0.7499170366391729,-0.8452043023165134
0407E5E2185081,0,1.3553744382404962,0.33547232642750263
0407EFE2185081,0,2.1282171120978757,-0.6364044222148825
040804E2185085,6,0.4648456487176869,-0.2730890519904471
040815E2185085,3,-1.4864380769383116,-0.4092505216080272
040816F2185081,3,-2.0670858221118578,-0.15869392330678686
040818121B6785,0,1.4150180995924775,-0.6680968712859875
040819121B6785,1,1.4417561439224362,2.448583244370425
04081AF2185081,3,-0.8881386127050799,-1.3529814126363195
04081BF2185081,3,-0.7128400488226273,-1.7793516898304749
04082C121B6785,3,-0.754525218884547,0.4760264679651858
04083AF2185085,0,0.06077232630324684,0.9525608952377006
04083CF2185081,0,-0.159177140436681,-0.9453426545569735
04084BF2185085,3,-1.8925426124877103,-0.18683978092087963
04084DF2185085,1,-0.5356443827903486,1.5375234261273958
04084EE2185081,3,-0.5968718699047314,0.03247824190138684
04086CE2185081,1,2.7519845901515785,0.7316499866729176
040870F2185081,1,1.548690263648612,0.36396047712451896
040872F2185081,0,-0.739824885610227,-0.6947860562557334
040894E2185081,0,0.5558458569727518,-0.4754680334334669
0408A64A216281,2,4.512375986711582,-1.6032086268531653
0408B74A216281,2,0.3164599381651697,-1.851384804800166
0408E1E2185081,2,2.428496856581672,-0.31912576307291984
0408E2F2185081,1,1.548690263648612,0.36396047712451896
0408E8E2185081,0,0.6403514408310635,-0.1344022946960042
04090CE2185085,1,2.884529353326382,1.7242512756419586
04090CF2185085,3,-1.8925426124877103,-0.18683978092087963
040918121B6785,1,0.32931939604637805,1.1130759970801514
040919121B6785,1,1.4417561439224362,2.448583244370425
040919E2185081,0,-0.33265171941509913,-0.08079020531041635
04091DE2185081,1,3.131859643171682,1.195580459980449
040922F2185085,6,0.21847794136161547,0.422414378579598
04092DE2185085,3,-0.4223286602805839,0.004332384287294066
040939121B6785,1,3.730159107404914,0.25184956895215665
040939E2185085,1,1.5309862785103732,1.1437330604458744
04094FE2185081,5,2.2956830837189233,-0.8470770725822232
040957E2185081,2,4.437731599349718,-2.0956805585690375
04095CE2185081,1,1.820419936668654,1.3106683697466373
040970E2185081,0,0.6403514408310635,-0.1344022946960042
040978E2185081,1,1.639483243672753,-0.4034755388070995
04097CE2185081,1,0.8658852155570687,0.9666256294153482
040984E2185081,0,-0.17499837043528355,-0.5243384313742153
040997F2185081,3,-1.3351729640580932,0.7265830662664261
0409A54A216281,5,0.2043977281427945,-1.2328646088630562
0409AEE2185081,5,1.410313809664546,-0.8914672759843898
0409B2F2185081,1,0.23719829106703058,0.5656466774850106
0409B44A216281,6,0.13397235750330394,0.08134863984213529
0409B5F2185081,0,0.06077232630324684,0.9525608952377006
0409B8F2185081,1,0.7758475897912327,1.335837225766904
0409C4E2185081,1,1.639483243672753,-0.4034755388070995
0409CEF2185081,6,-0.42978552702591033,0.7473076065930817
040A06E2185085,3,-2.0023154365267435,-0.04109480778896854
040A07F2185085,3,-0.7112632460827638,0.9705263787190673
040A0EF2185085,1,1.2641189188847661,1.233652114191796
040A13121B6785,2,1.2472697562552784,-1.5630902133071702
040A17E2185085,3,-0.5968718699047314,0.03247824190138684
040A1DF2185085,0,-1.4706691130182623,-0.7436564541964819
040A21F2185081,3,-0.5799820092603996,0.447880610351093
040A2BE2185081,1,1.639483243672753,-0.4034755388070995
040A2EE2185085,6,-0.60255905268946,-0.011625186045308359
040A2FE2185081,5,2.2956830837189233,-0.8470770725822232
040A33E2185081,5,2.2956830837189233,-0.8470770725822232
040A36E2185081,1,2.7099861437022343,1.7523971332560513
040A37E2185081,5,2.2956830837189233,-0.8470770725822232
040A39121B6785,1,3.730159107404914,0.25184956895215665
040A39F2185085,6,0.7499170366391729,-0.8452043023165134
040A3CE2185081,5,3.449469441242136,-0.518616756284613
040A42E2185081,6,-1.2929796219020395,0.3846763853878434
040A45F2185081,0,-0.159177140436681,-0.9453426545569735
040A62E2185081,1,0.061073270166456646,2.30097533766618
040A81F2185081,5,0.7001345717836379,0.006958702418566991
040A87F2185081,1,0.8406179753763472,1.4534363412847222
040A9DF2185081,3,-1.3118948673141642,-0.43739637922212
040A9FE2185081,1,3.131859643171682,1.195580459980449
040AA0E2185081,1,3.308285607935466,0.808666242227759
040AA54A216281,5,0.2043977281427945,-1.2328646088630562
040AAEF2185081,6,1.0818050472623786,0.3010536279124975
040AAFE2185081,3,-2.0670858221118578,-0.15869392330678686
040AB44A216281,6,1.0208913554009096,0.4997280098856674
040AB9E2185081,3,-1.29191099125631,1.221082977020308
040AC4F2185081,3,-0.7128400488226273,-1.7793516898304749
040ACCF2185081,3,-1.4431761041365285,0.08524938914585434
040ACFF2185081,1,2.7519845901515785,0.7316499866729176
040AD2F2185081,0,-0.8467593950429332,-0.4997131417438407
040AE4F2185081,1,0.23846181741946987,2.080893734822026
040AEEF2185081,0,-1.4706691130182623,-0.7436564541964819
040AFDF2185081,0,-0.6711405317505179,0.06728390566448768
040B12E2185081,5,2.717556583188371,-1.4038937458578258
040B13121B6785,1,1.9949631462928015,1.2825225121325445
040B14F2185085,0,0.06077232630324684,0.9525608952377006
040B15E2185085,1,4.5037571355205985,-1.1182515992702913
040B18E2185081,3,-0.5792201508450459,-0.6606960508256651
040B1EE2185081,3,-1.3118948673141642,-0.43739637922212
040B22E2185081,3,-1.29191099125631,1.221082977020308
040B2AE2185081,3,-2.0670858221118578,-0.15869392330678686
040B2CE2185081,6,0.685496168772483,0.0013292559192802926
040B2EE2185081,0,2.0613567431422015,-0.960292212082702
040B2F121B6785,0,-0.44349317409986155,-0.77145182381097
040B34F2185081,0,1.7453293074758196,-2.271717009606519
040B39E2185081,1,2.884529353326382,1.7242512756419586
040B3CE2185081,0,-0.2909665493531792,-2.336168363106078
040B3EE2185081,4,1.0604232744979745,-1.5913604707151698
040B48E2185085,0,1.1717905361086207,-1.4020209755921162
040B50E2185081,3,-0.5321014843196172,0.1500773574192051
040B5CE2185081,3,-2.0023154365267435,-0.04109480778896854
040B60E2185081,0,1.106861496147797,-2.4689588942734
040B63F2185081,6,0.7499170366391729,-0.8452043023165134
040B87F2185081,3,-0.8881386127050799,-1.3529814126363195
040B93F2185081,6,-0.7555938495302763,-0.3603801236672788
040BA9F2185081,3,-0.8881386127050799,-1.3529814126363195
040BAAE2185081,5,4.050501221491069,-0.5594069469566797
040BAFF2185081,3,-1.4687863578786262,-1.1024248143350792
040BC0F2185081,3,-0.8881386127050799,-1.3529814126363195
040BD6F2185081,1,2.7519845901515785,0.7316499866729176
040BD9F2185081,2,1.3383760126668438,-1.0958952180262616
040BE6F2185081,3,-1.4431761041365285,0.08524938914585434
040BF3F2185081,3,-1.4864380769383116,-0.4092505216080272
040C09E2185085,0,-1.754985146681443,-0.569765623450478
040C11E2185085,3,-1.5962109009773449,-0.26350554847611624
040C19E2185081,3,-1.2872924391173108,0.4287798133345383
040C25E2185081,6,0.685496168772483,0.0013292559192802926
040C25E2185085,5,0.743396544585421,0.5014586131724486
040C28F2185085,6,-0.7555938495302763,-0.3603801236672788
040C29E2185081,1,0.5754680336327848,0.8428750353724646
040C2BE2185081,1,2.7099861437022343,1.7523971332560513
040C2DE2185081,1,1.1513061211969788,1.358643052842894
040C2F121B6785,0,-0.44349317409986155,-0.77145182381097
040C2FE2185085,3,-0.5536098971029482,0.5269781526552685
040C33E2185085,1,4.678300345144746,-1.146397456884384
040C38E2185085,6,0.685496168772483,0.0013292559192802926
040C39E2185081,3,-0.6869094956705675,0.40168983825294236
040C3AF2185081,0,1.1977210892606807,0.7790205524913015
040C44E2185085,1,4.678300345144746,-1.146397456884384
040C45F2185081,1,0.20265671136301294,0.8434186017623565
040C46E2185081,5,2.2956830837189233,-0.8470770725822232
040C48E2185081,3,-1.3784057185514142,0.2028485046636728
040C5CE2185081,0,-1.754985146681443,-0.569765623450478
040C64E2185081,5,2.2956830837189233,-0.8470770725822232
040C6AE2185081,1,1.084766051651267,2.0281225875775584
040C7FE2185081,3,-0.6869094956705675,0.40168983825294236
040C83E2185081,3,-0.645731002082296,-0.02045116693987231
040C87E2185081,0,0.7285037158762786,-1.6355399456901998
040C8BE2185081,3,-1.268632894512381,0.05710353153176158
040C8FE2185081,3,-1.2675572408441134,0.6522464365541827
040CA0E2185081,3,-1.3784057185514142,0.2028485046636728
040CA8E2185081,0,0.7285037158762786,-1.6355399456901998
040CBDE2185081,2,3.5054115916084867,-1.1184377559152552
040CD5E2185081,1,-0.44560675702451286,1.1683118297758404
040CD7E2185081,6,0.685496168772483,0.0013292559192802926
040CE6F2185081,1,0.9503907994153802,1.3076913681528113
040CF4F2185081,6,1.0818050472623786,0.3010536279124975
040D12F2185085,3,-0.7128400488226273,-1.7793516898304749
040D13E2185081,5,-0.09939400948410648,-0.8039816574424025
040D13F2185081,3,-1.1322862992734697,-0.03811780619514257
040D15F2185081,3,0.15643373417234127,-1.3781502686565863
040D18F2185081,0,0.6831052415387127,-1.5533738608592003
040D19E2185081,3,-1.5962109009773449,-0.26350554847611624
040D1CE2185085,5,4.050501221491069,-0.5594069469566797
040D1FE2185081,6,1.0885070786148892,0.4253913801734241
040D21E2185081,2,2.5391723929780006,-2.116929884988947
040D21E2185085,5,1.5907694094629474,1.2850940575604457
040D23E2185081,1,4.5037571355205985,-1.1182515992702913
040D28E2185085,6,-0.7379421304705909,-1.053554416394331
040D2A121B6785,1,-0.5356443827903486,1.5375234261273958
040D2EE2185081,1,-0.5356443827903486,1.5375234261273958
040D34E2185081,1,0.9308014635565207,0.9555378968315267
040D36E2185081,1,2.725755107622284,1.4179912006675965
040D38F2185081,3,-1.3118948673141642,-0.43739637922212
040D39F2185081,3,-1.4216676913531974,-0.291651406090209
040D3CE2185081,6,-0.5610667638482746,1.2699533749610565
040D43E2185085,2,1.6702118863704558,-1.2835002949503083
040D45E2185085,1,2.263713261058045,0.8338350982480257
040D49E2185085,1,2.9982462493511495,-0.6334274206210564
040D4BE2185085,1,2.884529353326382,1.7242512756419586
040D4DF2185085,3,-1.2675572408441134,0.6522464365541827
040D51E2185081,0,1.552379024533681,-1.152172439685312
040D53E2185081,2,0.4244630782436052,-1.210051127679594
040D57E2185081,3,-1.5962109009773449,-0.26350554847611624
040D70E2185081,3,-2.0670858221118578,-0.15869392330678686
040D74E2185081,3,-1.29191099125631,1.221082977020308
040D85E2185081,3,-1.3784057185514142,0.2028485046636728
040D89F2185081,3,-1.8925426124877103,-0.18683978092087963
040D9DE2185081,3,-0.3571114684179219,1.3416590941319522
040DA7E2185081,1,2.884529353326382,1.7242512756419586
040DB5E2185081,6,-0.023680991476511665,0.5248968659059342
040DB7E2185081,3,-1.2872924391173108,0.4287798133345383
040DC6E2185081,6,0.685496168772483,0.0013292559192802926
040DC8E2185081,1,1.820419936668654,1.3106683697466373
040DD1E2185081,2,3.94228435372949,-5.713449695489872
040DE6E2185081,5,-0.4083647374226939,-1.409668728658753
040DEBE2185081,3,-0.804708292808506,0.28249127381273537
040DEEE2185081,3,-1.3784057185514142,0.2028485046636728
040DFAE2185081,5,1.5907694094629474,1.2850940575604457
040E00F2185085,3,-1.4687863578786262,-1.1024248143350792
040E09F2185085,3,-2.0670858221118578,-0.15869392330678686
040E0BE2185085,6,0.7322718217365357,-0.862382251186157
040E0FE2185085,6,0.7322718217365357,-0.862382251186157
040E11E2185085,6,-1.4460144187428559,0.03592144776587269
040E12121B6785,6,2.7249854063537895,-2.285798133042964
040E12E2185081,5,2.2956830837189233,-0.8470770725822232
040E13E2185085,3,-1.4864380769383116,-0.4092505216080272
040E13F2185081,3,-1.4864380769383116,-0.4092505216080272
040E15F2185081,6,0.6422341959706998,-0.49317065483460154
040E1AE2185081,6,-0.5610667638482746,1.2699533749610565
040E1AF2185085,1,-0.5356443827903486,1.5375234261273958
040E1BF2185081,3,-1.3351729640580932,0.7265830662664261
040E27E2185081,2,2.3379432759434873,-3.871601135878209
040E2A121B6785,1,0.6433028266164291,0.3432359367978632
040E2BF2185085,0,-1.064564577468864,-0.9660671948836292
040E33F2185085,5,1.4320474298374026,0.89223569199178
040E38121B6785,0,-0.3337203500608285,-0.9171967969428807
040E38F2185085,1,0.06265508144288308,0.5937925350991035
040E3AF2185085,0,0.465808231206916,-0.10625643708191145
040E40F2185081,3,-2.0670858221118578,-0.15869392330678686
040E42E2185085,1,0.9345695694167777,1.7286955913355695
040E45F2185085,0,0.059703695657517514,0.11615430360523614
040E46E2185085,3,-1.4864380769383116,-0.4092505216080272
040E4CE2185081,0,-1.064564577468864,-0.9660671948836292
040E4EE2185081,1,0.23846181741946987,2.080893734822026
040E50F2185081,5,0.6325188485696582,0.08129533213081049
040E54E2185081,2,2.3379432759434873,-3.871601135878209
040E61F2185081,3,-1.4864380769383116,-0.4092505216080272
040E70F2185081,1,1.4230962096109765,0.9307096734391881
040E78F2185081,1,1.6878751734938504,0.31806708077759643
040E86E2185081,5,2.2956830837189233,-0.8470770725822232
040E8FF2185081,3,-1.4687863578786262,-1.1024248143350792
040E90F2185081,0,-0.9143680952343745,-0.6666401986416406
040E92E2185081,5,2.2956830837189233,-0.8470770725822232
040EA0F2185081,1,1.6878751734938504,0.31806708077759643
040EA84A216281,1,2.5744899947420654,0.2821576127931431
040EA9E2185081,1,0.9308014635565207,0.9555378968315267
040EA9F2185081,0,0.26457911417240326,-1.8609276879711731
040EB0F2185081,3,-0.5968718699047314,0.03247824190138684
040EB2F2185081,1,1.4230962096109765,0.9307096734391881
040EB9F2185081,5,0.3224794899853415,-1.3607983307180045
040EC4E2185081,1,1.5494456179069174,-0.03426394245554404
040ECBF2185081,2,2.891965552269966,-2.093807788303328
040EDBF2185081,1,-0.5356443827903486,1.5375234261273958
040EDCE2185081,3,-0.5367200364586163,0.9423805211049745
040EE2F2185081,0,-0.9143680952343745,-0.6666401986416406
040EE3F2185081,0,-1.064564577468864,-0.9660671948836292
040EE5F2185081,3,-0.7128400488226273,-1.7793516898304749
040EF6E2185081,6,-0.15729438529704454,-1.3041110146955712
040EF8F2185081,3,-1.0225134752344365,-0.1838627793270536
040EF9F2185081,3,-1.4687863578786262,-1.1024248143350792
040F0BF2185085,0,1.685992418354214,0.6768354409161935
040F0EE2185085,3,-0.3571114684179219,1.3416590941319522
040F0EF2185085,0,0.8348785265130654,1.4959312039323311
040F11F2185081,5,-0.2581682551882045,-1.1102417324167642
040F12121B6785,1,3.1738580896210262,0.17483331339731537
040F13F2185081,1,0.9345695694167777,1.7286955913355695
040F15F2185085,3,-0.4947145669867341,-0.31963031208820236
040F16F2185081,1,0.045003362383197305,1.2869668278261555
040F1BF2185081,3,-1.8492806396859274,0.3076601298330021
040F1BF2185085,6,-0.7555938495302763,-0.3603801236672788
040F1EF2185081,6,-0.6043287366500578,0.7754534642071745
040F1FE2185085,6,0.7322718217365357,-0.862382251186157
040F20E2185081,1,1.1072274283203045,0.5686236790788367
040F24F2185085,3,-1.8492806396859274,0.3076601298330021
040F28E2185081,1,1.1072274283203045,0.5686236790788367
040F2AE2185085,1,0.6834711737112202,1.4842087124930363
040F2C121B6785,3,-1.4864380769383116,-0.4092505216080272
040F2CE2185081,3,0.08593317818681181,-0.5701869103894428
040F31F2185081,3,-1.29191099125631,1.221082977020308
040F38121B6785,0,-0.3337203500608285,-0.9171967969428807
040F38F2185085,3,-1.4864380769383116,-0.4092505216080272
040F39F2185081,2,0.6045778038924582,-3.1130982622421146
040F3AE2185081,3,-0.5367200364586163,0.9423805211049745
040F42E2185085,0,-0.9132994645886452,0.16976639299082397
040F49E2185085,1,4.5037571355205985,-1.1182515992702913
040F4BF2185085,0,0.22131714137062003,-2.3554275987250546
040F52F2185081,1,0.8186013904988819,-0.08313434039629251
040F59F2185081,0,-0.6965629128084438,-0.20028614550185173
040F61F2185081,6,-0.11580209645585926,-0.022532453689206585
040F64E2185081,5,3.6544460893973194,-1.0770289543961804
040F8DF2185081,0,1.685992418354214,0.6768354409161935
040F93E2185081,1,0.8658852155570687,0.9666256294153482
040FA0F2185081,1,-0.5356443827903486,1.5375234261273958
040FA64A216281,2,4.245598600929049,-2.550802378948099
040FA7F2185081,0,-0.18245523718060982,0.21863679093157243
040FA84A216281,0,0.8348785265130654,1.4959312039323311
040FA9F2185081,1,0.2900471279928743,0.45085761194491897
040FB0E2185081,5,0.49890545474912523,-1.7477125484706948
040FB74A216281,3,-1.3118948673141642,-0.43739637922212
040FBEE2185081,6,0.5746184727567202,-0.41883402512235807
040FC0F2185081,6,-0.7555938495302763,-0.3603801236672788
040FC1F2185081,0,-1.0213026046670806,-0.4715672841297479
040FC4F2185081,3,-0.4947145669867341,-0.31963031208820236
040FCEE2185081,1,0.9345695694167777,1.7286955913355695
040FD4F2185081,3,-0.4223286602805839,0.004332384287294066
040FDBF2185081,0,0.8348785265130654,1.4959312039323311
040FDDF2185081,6,-0.5810506399061288,-0.38852598128137156
040FECF2185081,0,0.035349945245320834,0.6849908440713612
040FEDF2185081,1,0.13504098814903326,0.9177552314745998
040FF4F2185081,0,-0.6711405317505179,0.06728390566448768
040FFCF2185081,0,0.6403514408310635,-0.1344022946960042
040FFFF2185081,6,0.01958098132527156,1.0193967766598158
041003F2185085,3,-2.0670858221118578,-0.15869392330678686
041004F2185085,6,-0.7555938495302763,-0.3603801236672788
041011F2185081,1,0.045003362383197305,1.2869668278261555
041016E2185081,1,1.2466702448471927,1.3176238911918783
041016E2185085,0,-0.46626511323563213,-1.9097980859119217
041017F2185081,6,-0.0060292724168260516,-0.1682774268211177
041018121B6785,1,0.21954657200734481,1.2588209702120627
041019121B6785,0,1.7043994916722052,-0.4145632713909211
04101CF2185081,0,1.1486066459824513,1.4218919499713158
04101DF2185081,1,-0.36110117316620116,1.509377568513303
041020F2185081,1,2.242293436138102,0.7538516964710348
041022E2185081,6,0.28523747038352254,1.217182227716589
041023F2185085,2,0.006278339659226421,-2.169367371213822
041026F2185081,1,0.1724279054819162,0.44804756196719236
041028E2185081,2,4.6869191963357295,-1.631354484467258
04102BF2185085,5,0.7012032024293672,0.8433652940510316
04102C121B6785,0,1.4427648548703578,-0.057088663389934624
04102EE2185081,0,-1.4706691130182623,-0.7436564541964819
041030F2185081,1,0.7758475897912327,1.335837225766904
041033F2185085,6,-0.7123318767284932,0.13411978708660283
041034F2185085,6,-1.3362415947038226,-0.10982352536603844
041036E2185081,3,-1.0497520584181828,1.1186004896939716
041042F2185081,1,0.045003362383197305,1.2869668278261555
041045E2185081,1,1.084766051651267,2.0281225875775584
041048F2185081,0,1.1977210892606807,0.7790205524913015
041049E2185085,0,-0.46626511323563213,-1.9097980859119217
04104BE2185085,0,0.21842567528306248,0.5090126691739018
04104CE2185081,0,-0.8900213678447164,-0.9942130524977221
04104CF2185081,1,0.8618633633006654,0.4113655703575891
04104DF2185081,3,-1.8925426124877103,-0.18683978092087963
04104EE2185081,3,0.08593317818681181,-0.5701869103894428
041050F2185081,3,-0.754525218884547,0.4760264679651858
041062E2185081,0,0.7990734204566082,0.25845607087266137
041064E2185081,0,-0.2909665493531792,-2.336168363106078
041068F2185081,3,-0.754525218884547,0.4760264679651858
04106AE2185081,5,-0.3935522183720128,0.6749989559188478
04106BF2185081,0,-0.8900213678447164,-0.9942130524977221
04106CE2185081,3,-1.0930140312199659,0.6241005789400899
04106DF2185081,0,-0.9143680952343745,-0.6666401986416406
04106FF2185081,3,-0.754525218884547,0.4760264679651858
041076F2185081,6,-1.3362415947038226,-0.10982352536603844
041077E2185081,1,0.35285319359750233,1.1428455980043453
041081F2185081,3,-1.4864380769383116,-0.4092505216080272
041087E2185081,0,0.06077232630324684,0.9525608952377006
041089F2185081,1,0.7758475897912327,1.335837225766904
04108AF2185081,5,1.4320474298374026,0.89223569199178
04108DE2185081,3,-0.7135954030809324,-1.3811272702504123
04109AF2185081,3,-0.9127406511954035,-0.3296077524589648
04109EE2185081,5,-0.4083647374226939,-1.409668728658753
0410A4F2185081,3,-0.5968718699047314,0.03247824190138684
0410A5F2185081,3,-1.4431761041365285,0.08524938914585434
0410A64A216281,1,0.7758475897912327,1.335837225766904
0410ACF2185081,3,-0.754525218884547,0.4760264679651858
0410ADF2185081,1,1.8399570064489605,1.7494201316622253
0410B0F2185081,6,-1.1616983850796752,-0.1379693829801312
0410B74A216281,0,1.5299176478646437,0.30732646881340986
0410BAF2185081,0,1.1977210892606807,0.7790205524913015
0410BCE2185081,0,-0.426096766140841,-0.7688253102167487
0410C2E2185081,2,2.5391723929780006,-2.116929884988947
0410C7E2185081,3,-1.5962109009773449,-0.26350554847611624
0410C9F2185081,0,-0.2717380275536303,-0.2794645872835867
0410CAF2185081,0,0.17220269809239072,-1.712556201245041
0410D5F2185081,2,0.14065320218858282,-3.3384860045230886
0410D6E2185081,5,1.2973587720551323,0.35763475910186676
0410D6F2185081,3,-2.0670858221118578,-0.15869392330678686
0410D8F2185081,3,-0.5968718699047314,0.03247824190138684
041100F2185085,3,0.15643373417234127,-1.3781502686565863
041108E2185085,0,0.6403514408310635,-0.1344022946960042
04110FF2185085,0,-0.46626511323563213,-1.9097980859119217
041112F2185081,3,-1.4687863578786262,-1.1024248143350792
041113E2185081,2,3.772953606127407,-3.5484619562603004
041113F2185081,3,-0.8881386127050799,-1.3529814126363195
041114E2185085,1,-0.5356443827903486,1.5375234261273958
041117F2185085,1,3.730159107404914,0.25184956895215665
041118121B6785,1,1.8832189792507437,2.243920042416107
041119121B6785,0,2.302698955905437,-1.3582941624192135
041119F2185085,3,-1.4431761041365285,0.08524938914585434
04111FF2185085,3,-1.4431761041365285,0.08524938914585434
041120F2185085,2,2.891965552269966,-2.093807788303328
041125F2185081,3,-1.8492806396859274,0.3076601298330021
041127F2185085,0,0.48345995026660177,-0.7994307298089633
04112AF2185081,5,0.3224794899853415,-1.3607983307180045
04112FF2185085,6,-0.7123318767284932,0.13411978708660283
041131F2185085,2,0.6045778038924582,-3.1130982622421146
041136F2185081,0,0.06077232630324684,0.9525608952377006
041137F2185081,3,-1.3351729640580932,0.7265830662664261
041139121B6785,6,-0.7379421304705909,-1.053554416394331
041139F2185081,6,0.23612966042130126,-0.27075991414745393
041139F2185085,3,0.15643373417234127,-1.3781502686565863
04113AF2185085,1,3.1923174290175704,-1.0031636895041032
04113DF2185085,3,-0.5367200364586163,0.9423805211049745
04113FF2185081,6,0.13397235750330394,0.08134863984213529
041145F2185081,3,-1.4431761041365285,0.08524938914585434
041148F2185085,6,-0.7123318767284932,0.13411978708660283
041149F2185085,1,3.131859643171682,1.195580459980449
04114CE2185081,5,0.49890545474912523,-1.7477125484706948
04114FF2185081,3,-1.8492806396859274,0.3076601298330021
04115EF2185081,1,0.8618633633006654,0.4113655703575891
041164F2185081,0,-0.8700374917868621,0.6642663037447056
041178E2185081,3,-1.1342576422764945,0.777534750956509
04117EE2185081,1,1.820419936668654,1.3106683697466373
041183F2185081,3,-1.5962109009773449,-0.26350554847611624
041184F2185081,2,1.3605241129484569,-3.7900251377375107
04118BF2185081,0,-1.6019503498406267,-0.22101068582850739
041195E2185081,0,1.6849237877084846,-0.159571150716271
04119BF2185081,6,0.01958098132527156,1.0193967766598158
0411A2E2185081,2,2.3770083157660675,-3.774439785231575
0411A54A216281,1,2.5755586253877945,1.1185642044256077
0411A5F2185081,0,-0.18245523718060982,0.21863679093157243
0411ABF2185081,3,-1.4431761041365285,0.08524938914585434
0411ADE2185081,0,0.43987767805485606,-2.2872979651653296
0411B44A216281,0,-1.064564577468864,-0.9660671948836292
0411B6F2185081,3,-1.4431761041365285,0.08524938914585434
0411CEF2185081,5,0.6325188485696582,0.08129533213081049
0411D1F2185081,1,0.8894514642028358,0.07303497509017602
0411E1F2185081,0,0.48345995026660177,-0.7994307298089633
0411E8F2185081,3,-0.6869094956705675,0.40168983825294236
0411F0F2185081,5,0.6325188485696582,0.08129533213081049
0411F6F2185081,3,-0.6869094956705675,0.40168983825294236
0411F7F2185081,1,2.840592900371334,-0.18987919455725746
041200E2185085,2,5.285218660568961,-2.5750853754955503
041207F2185085,6,-0.7123318767284932,0.13411978708660283
04120EE2185085,1,1.639483243672753,-0.4034755388070995
041210E2185085,3,-2.0670858221118578,-0.15869392330678686
041211F2185081,0,-0.8900213678447164,-0.9942130524977221
041211F2185085,0,0.43987767805485606,-2.2872979651653296
041213121B6785,3,-0.5799820092603996,0.447880610351093
041214F2185081,0,-0.8700374917868621,0.6642663037447056
04121AF2185085,1,-0.5356443827903486,1.5375234261273958
04121BF2185085,0,-0.09049278657697182,-0.18327269263675264
04121EF2185081,1,3.1923174290175704,-1.0031636895041032
041220E2185081,3,-1.4864380769383116,-0.4092505216080272
041222E2185081,0,2.2842918825874463,-0.2668954501120987
041224F2185085,6,0.04393473173746796,0.4505602361936908
041225F2185085,3,-2.0670858221118578,-0.15869392330678686
041226F2185085,3,-1.4431761041365285,0.08524938914585434
041227E2185085,0,-0.426096766140841,-0.7688253102167487
04122CE2185081,1,1.820419936668654,1.3106683697466373
04122CF2185081,3,-1.4687863578786262,-1.1024248143350792
04122EF2185085,6,0.04393473173746796,0.4505602361936908
041233E2185085,2,4.437731599349718,-2.0956805585690375
041237F2185085,0,0.35603540716788296,0.03948853604999963
041239121B6785,6,-0.7379421304705909,-1.053554416394331
04123AF2185081,2,0.14065320218858282,-3.3384860045230886
041248F2185085,3,-0.8881386127050799,-1.3529814126363195
041249F2185085,3,-2.0670858221118578,-0.15869392330678686
04124CF2185081,0,-1.0213026046670806,-0.4715672841297479
041256F2185081,3,-2.0670858221118578,-0.15869392330678686
041257E2185081,2,2.3770083157660675,-3.774439785231575
04125DF2185081,3,-2.0670858221118578,-0.15869392330678686
041274E2185081,5,-0.09939400948410648,-0.8039816574424025
041274F2185081,3,-1.4431761041365285,0.08524938914585434
041277E2185081,0,0.6414200714767928,0.7020042969364603
041288E2185081,6,-0.5810506399061288,-0.38852598128137156
041290E2185081,1,1.820419936668654,1.3106683697466373
041294F2185081,6,0.6422341959706998,-0.49317065483460154
041298E2185081,0,0.06077232630324684,0.9525608952377006
04129DF2185081,3,-0.5615749359424084,-0.6435181019560217
0412A54A216281,1,2.5755586253877945,1.1185642044256077
0412A7F2185081,5,-0.47805780223032446,0.33393321718138513
0412B2F2185081,3,-1.5962109009773449,-0.26350554847611624
0412B5E2185081,4,2.9162286801620416,-0.1511395781320641
0412C3F2185081,3,-0.5615749359424084,-0.6435181019560217
0412CAE2185081,3,-0.19945811943810632,0.8981108680681532
0412CCF2185081,1,0.7758475897912327,1.335837225766904
0412CEE2185081,6,-0.5367130134360779,0.7011168344949311
0412D3F2185081,3,-1.4864380769383116,-0.4092505216080272
0412D4E2185081,3,-2.0670858221118578,-0.15869392330678686
0412D6E2185081,5,2.2956830837189233,-0.8470770725822232
0412DBE2185081,1,2.461981373703669,0.8614373894722266
0412E0E2185081,3,-0.7135954030809324,-1.3811272702504123
0412E1F2185081,3,-1.4864380769383116,-0.4092505216080272
0412E3F2185081,1,0.13504098814903326,0.9177552314745998
0412E5F2185081,3,-0.5536098971029482,0.5269781526552685
0412E6E2185081,1,0.7934993088509185,0.642662933039852
0412EEF2185081,1,1.239772191495108,1.5612249680478776
0412F4F2185081,3,-1.1342576422764945,0.777534750956509
0412F5F2185081,1,0.7758475897912327,1.335837225766904
0412FAF2185081,3,-2.0670858221118578,-0.15869392330678686
0412FCE2185081,5,2.2956830837189233,-0.8470770725822232
041303F2185085,3,-0.754525218884547,0.4760264679651858
041307E2185085,1,1.7086757696265962,2.2720659000301997
041307F2185085,5,2.3216136368709828,1.3339644555011942
04130CF2185085,3,-0.5792201508450459,-0.6606960508256651
041311E2185081,5,1.3830460081723377,0.440230643885507
041311F2185085,6,-0.3621698038119305,0.6729709768808383
041313121B6785,1,1.9949631462928015,1.2825225121325445
041315F2185081,0,-0.09049278657697182,-0.18327269263675264
041317F2185081,1,-0.5356443827903486,1.5375234261273958
04131EE2185085,6,0.9075703856189885,-1.2887525283803123
041321E2185081,5,1.1220080712530858,-0.5498579708570352
041321F2185081,1,0.1951998446176867,1.5863938240681443
041323E2185085,1,1.665413796824813,1.777565989276318
041328E2185085,3,-1.4864380769383116,-0.4092505216080272
04132F121B6785,0,1.0641076954401478,-1.049987328110204
041330F2185081,3,-2.0670858221118578,-0.15869392330678686
041332E2185081,0,1.97056376311806,-0.1928561961510835
04133BE2185085,1,-0.37799103381053306,1.0939752000635967
041341E2185085,5,1.2984340360168698,-0.9367721886097253
041345E2185085,3,-0.11296378184953204,0.026795487690775055
041346F2185081,1,0.045003362383197305,1.2869668278261555
041347E2185081,1,1.665413796824813,1.777565989276318
041347E2185085,5,2.2956830837189233,-0.8470770725822232
041348F2185081,3,-0.8881386127050799,-1.3529814126363195
041348F2185085,3,-0.754525218884547,0.4760264679651858
04134BE2185081,5,1.3830460081723377,0.440230643885507
041353E2185081,1,1.7086757696265962,2.2720659000301997
04135CE2185081,0,1.1977210892606807,0.7790205524913015
041364E2185081,1,2.4390118249404975,0.40746482105387
041365F2185081,3,-2.0670858221118578,-0.15869392330678686
041368E2185081,1,2.4187194009018858,0.366937478718345
04136CE2185081,0,1.97056376311806,-0.1928561961510835
041370E2185081,5,-0.09939400948410648,-0.8039816574424025
041372E2185081,1,3.308285607935466,0.808666242227759
04137CF2185081,3,-1.4431761041365285,0.08524938914585434
04137EE2185081,1,0.9345695694167777,1.7286955913355695
041381F2185081,3,-2.0670858221118578,-0.15869392330678686
041389F2185081,1,0.4424171128498225,2.152599453992922
04138DF2185081,3,-1.1775196150782776,0.28303484020262726
04139EF2185081,1,-0.02261236083078243,1.3613034575383987
0413AFE2185081,5,-0.6124330544662112,-0.3864980022433622
0413CDF2185081,3,-0.6869094956705675,0.40168983825294236
0413CFE2185081,1,1.820419936668654,1.3106683697466373
0413CFF2185081,6,0.23612966042130126,-0.27075991414745393
0413E2F2185081,3,-1.293487793996173,-1.5287950915292345
0413E7E2185081,5,1.8539209293068504,0.33541901871617774
0413EFE2185081,3,-2.0670858221118578,-0.15869392330678686
0413F5F2185081,0,-1.6452123226424098,-0.715510596582389
04140BF2185085,6,-1.3362415947038226,-0.10982352536603844
041412F2185081,3,-0.754525218884547,0.4760264679651858
041413F2185081,2,1.9595932784501833,-1.029966695055242
041415E2185081,5,2.2956830837189233,-0.8470770725822232
041417F2185081,6,-0.9871551754555276,-0.16611524059422397
041419F2185085,1,2.5940179647843387,-0.05943279847581079
041420E2185085,3,-1.1322862992734697,-0.03811780619514257
041424E2185085,0,0.4158442270526219,-0.7250941000967199
041425E2185081,5,-1.3676240092639047,-0.107795546328029
04142AF2185085,1,2.5940179647843387,-0.05943279847581079
04142DE2185081,3,-1.5962109009773449,-0.26350554847611624
04142F121B6785,0,0.26457911417240326,-1.8609276879711731
041433F2185085,3,-1.4687863578786262,-1.1024248143350792
041435E2185081,3,-1.5962109009773449,-0.26350554847611624
04143AF2185085,3,-1.0225134752344365,-0.1838627793270536
04143CF2185085,3,-0.5968718699047314,0.03247824190138684
041440E2185081,1,1.707098966886733,-0.47781216851934305
041444F2185081,6,-1.2929796219020395,0.3846763853878434
041448E2185081,0,1.9964277031813777,-2.0272301307639857
04144AF2185081,1,-0.5356443827903486,1.5375234261273958
04144AF2185085,3,-1.4864380769383116,-0.4092505216080272
04144EF2185081,0,0.46687686185264526,0.7301501545505531
041454E2185081,5,1.6340313822647308,1.7795939683143271
04145CE2185081,3,-1.639472873779128,-0.7580054592299976
04145EE2185081,5,0.3657414627871247,-0.866298419964123
04145FF2185081,4,1.6803898058902471,-1.96265335381606
041463F2185081,0,-0.29222806121964295,0.3643817640634835
041466E2185081,1,0.045003362383197305,1.2869668278261555
041477E2185081,3,-0.4242140110012048,-1.127593670355346
04147BF2185081,3,-1.3118948673141642,-0.43739637922212
04148FF2185081,3,-1.4864380769383116,-0.4092505216080272
041499F2185081,3,-0.8881386127050799,-1.3529814126363195
0414A0F2185081,3,-1.4864380769383116,-0.4092505216080272
0414A6F2185081,0,-1.064564577468864,-0.9660671948836292
0414ABF2185081,3,-1.8492806396859274,0.3076601298330021
0414AEE2185081,1,0.3771999209871605,0.8152727441482637
0414AEF2185081,0,-0.006142343595864501,-0.5965877169350035
0414B44A216281,2,3.0068651005421327,-1.1183844482039302
0414B6F2185081,3,-1.25022582119439,-1.0342951807753529
0414E1F2185081,1,3.131859643171682,1.195580459980449
0414EBF2185081,6,-1.2929796219020395,0.3846763853878434
0414F3F2185081,3,-2.0670858221118578,-0.15869392330678686
0414F6F2185081,0,0.06077232630324684,0.9525608952377006
04150BF2185085,5,1.4320474298374026,0.89223569199178
041512F2185085,1,1.084766051651267,2.0281225875775584
04151AE2185081,3,-1.1606297544339457,0.6984372086523333
04151CE2185081,0,1.2228296750656926,-0.6571289625415382
041522E2185081,1,1.0404284251812161,0.9384797718012554
041524E2185081,1,2.7099861437022343,1.7523971332560513
041526E2185081,0,-0.8723696487850305,-1.687387345224774
04152A121B6785,1,0.6433028266164291,0.3432359367978632
04152FF2185085,3,-1.4864380769383116,-0.4092505216080272
041539F2185081,3,-2.0670858221118578,-0.15869392330678686
04153BF2185085,3,-0.754525218884547,0.4760264679651858
04153EF2185085,3,-1.4864380769383116,-0.4092505216080272
041546E2185081,1,1.6878751734938504,0.31806708077759643
041548E2185081,1,-0.5356443827903486,1.5375234261273958
04154CF2185085,0,-1.064564577468864,-0.9660671948836292
04155CE2185081,2,2.3187240325426384,-0.1733807899410089
041561F2185081,6,-0.8653666735693095,-0.21463515053536777
041586F2185081,6,-1.1616983850796752,-0.1379693829801312
04158BF2185081,1,-0.5356443827903486,1.5375234261273958
04158FE2185081,1,1.91045756243449,0.9414567733950815
04158FF2185081,3,-0.754525218884547,0.4760264679651858
041593E2185081,5,-0.5680954279961603,0.7031448135329407
041598F2185081,1,0.1951998446176867,1.5863938240681443
0415A9F2185081,0,1.1977210892606807,0.7790205524913015
0415C8F2185081,3,-2.0670858221118578,-0.15869392330678686
0415E1F2185081,0,0.06077232630324684,0.9525608952377006
0415E4F2185081,1,-0.5356443827903486,1.5375234261273958
0415E7F2185081,6,-1.1616983850796752,-0.1379693829801312
0415EAF2185081,1,0.1951998446176867,1.5863938240681443
0415F5F2185081,1,0.13504098814903326,0.9177552314745998
0415F7F2185081,0,1.1486066459824513,1.4218919499713158
041602E2185085,0,2.103355189591545,-1.9810393586658357
04160CF2185085,1,0.8191095625930159,1.8303371365207857
041612121B6785,1,3.1738580896210262,0.17483331339731537
041614E2185081,5,0.6362076094547272,-1.4348375846790198
04161AF2185085,3,-1.4864380769383116,-0.4092505216080272
04161DE2185085,1,2.618820598189578,1.6130641151794896
04161EE2185081,5,-0.5680954279961603,0.7031448135329407
04161EE2185085,0,0.7541139696183762,-0.4478657422092662
04161FE2185081,4,0.9170945332764002,-2.845902364351264
04161FF2185081,6,-0.7555938495302763,-0.3603801236672788
041620E2185081,1,2.884529353326382,1.7242512756419586
041623F2185085,6,0.018004178585408124,-1.7304812918897263
041626E2185081,1,1.1264441986906486,0.01400811639194088
041627F2185085,3,0.08485791422507442,0.7242200373221493
04162A121B6785,1,0.6433028266164291,0.3432359367978632
04162CE2185085,1,1.91045756243449,0.9414567733950815
04162FE2185081,0,3.788734138111166,-1.588126220393798
041638121B6785,1,2.508757026667722,-0.002274117633210781
041639E2185085,1,-0.36110117316620116,1.509377568513303
04163BE2185081,0,0.7541139696183762,-0.4478657422092662
04163DE2185085,3,0.6222436865968373,-0.020836471732972685
04164AE2185081,6,-0.5626435665881376,-1.479924693588486
041656F2185081,6,0.15086221814763584,0.49675100829184143
041674E2185081,1,1.6878751734938504,0.31806708077759643
041680E2185081,1,2.618820598189578,1.6130641151794896
041681F2185081,1,0.9091471883588518,1.46112554016923
041682F2185081,3,-1.4864380769383116,-0.4092505216080272
041683F2185081,3,-0.5367200364586163,0.9423805211049745
04168AF2185081,3,-0.5367200364586163,0.9423805211049745
04168DF2185081,3,-0.754525218884547,0.4760264679651858
041693E2185081,1,1.0895757092606186,1.2617979718058887
041693F2185081,0,0.39819250799293626,-0.031919807369667846
04169DF2185081,3,-1.0029764054541301,0.2548889825885345
0416A0F2185081,5,-0.7869762640903587,-0.35835214462926945
0416A8F2185081,1,0.8186013904988819,-0.08313434039629251
0416ABE2185081,1,1.0404284251812161,0.9384797718012554
0416AFE2185081,0,0.6403514408310635,-0.1344022946960042
0416BCE2185081,0,1.97056376311806,-0.1928561961510835
0416C4E2185081,0,-0.8900213678447164,-0.9942130524977221
0416C7E2185081,1,2.44427738856543,1.6412099727935823
0416C7F2185081,3,-1.293487793996173,-1.5287950915292345
0416CDE2185081,0,0.5727357176170839,-0.06006566498376062
0416D2E2185081,5,0.8513996846638565,1.1427922902930203
0416DCF2185081,0,1.8860581792597484,-0.5339219348885461
0416DFF2185081,2,0.2731979653633865,-2.345884715554048
0416E1E2185081,1,1.8399570064489605,1.7494201316622253
0416E4F2185081,6,-0.7379421304705909,-1.053554416394331
0416F0E2185081,0,2.4595904464698988,-0.6932657273062542
0416F6F2185081,2,0.2731979653633865,-2.345884715554048
0416FAE2185081,3,-2.0670858221118578,-0.15869392330678686
0416FCF2185081,6,0.018004178585408124,-1.7304812918897263
041703E2185085,1,0.36974305424183423,1.5582479664540516
041712121B6785,1,3.1738580896210262,0.17483331339731537
041712E2185085,1,1.0836903979829993,1.4329796825551373
041715E2185081,0,0.7541139696183762,-0.4478657422092662
04171BF2185085,0,0.46687686185264526,0.7301501545505531
04171DE2185085,3,0.08593317818681181,-0.5701869103894428
04171DF2185085,3,-1.2942431482544787,-1.130570671949172
04171EE2185085,5,0.8757464120535147,0.8152194364369387
04171FE2185085,1,2.8601299701516405,0.24887256735833066
04171FF2185081,0,0.4409463087005853,-1.4508913735328648
041721E2185085,1,0.045003362383197305,1.2869668278261555
041726E2185081,3,-2.0670858221118578,-0.15869392330678686
041726E2185085,5,0.9657840378193506,0.44600784008538324
041728F2185085,3,-1.4864380769383116,-0.4092505216080272
04172C121B6785,0,1.4427648548703578,-0.057088663389934624
04172CE2185081,1,2.8601299701516405,0.24887256735833066
04172DE2185081,0,0.7916165537112821,1.001431293178449
04172EE2185081,1,0.9778315422185608,2.2231955020894514
041732E2185081,1,1.0895757092606186,1.2617979718058887
041738121B6785,0,-1.0241409192734077,-0.5208952255097296
041739F2185081,3,-0.8881386127050799,-1.3529814126363195
04173CF2185081,0,-1.4706691130182623,-0.7436564541964819
04173FE2185081,0,0.5978443034220958,-1.4962151800166004
041741E2185081,1,0.1951998446176867,1.5863938240681443
041743E2185081,4,2.5216035572199114,-3.407091151750752
041743E2185085,1,-0.5356443827903486,1.5375234261273958
041745E2185085,1,1.7496055854302106,0.4149121618146018
041747E2185085,6,1.7768441686139569,-0.8875511072064237
041747F2185081,3,-1.4431761041365285,0.08524938914585434
041747F2185085,3,-1.3351729640580932,0.7265830662664261
04174BE2185081,3,-1.4864380769383116,-0.4092505216080272
04174BE2185085,3,0.08593317818681181,-0.5701869103894428
041752F2185081,3,-1.2675572408441134,0.6522464365541827
041754E2185081,6,0.061586450797153754,-0.24261405653336113
041755F2185081,0,0.34674590771653824,-1.7407020588591338
04175AF2185081,3,-1.4864380769383116,-0.4092505216080272
041760F2185081,3,-0.7112632460827638,0.9705263787190673
041761E2185081,0,3.788734138111166,-1.588126220393798
041767F2185081,3,-1.4687863578786262,-1.1024248143350792
04176AE2185081,5,0.05932797014143849,-0.411123291873737
041776E2185081,5,0.05932797014143849,-0.411123291873737
04177FE2185081,3,0.08593317818681181,-0.5701869103894428
041781E2185081,0,-0.20243911323846422,-1.439842565310855
041787E2185081,3,-2.0670858221118578,-0.15869392330678686
04178BF2185081,3,-0.44186573006089047,-0.43441937762829397
041793E2185081,6,-1.3362415947038226,-0.10982352536603844
041793F2185081,3,-1.4687863578786262,-1.1024248143350792
041798E2185081,0,0.5727357176170839,-0.06006566498376062
0417A0E2185081,0,-0.8900213678447164,-0.9942130524977221
0417A6E2185081,1,1.2593092612754144,1.9999767299634656
0417A84A216281,0,-0.007912027556462291,0.19049093331747965
0417AAE2185081,0,1.2137889825579646,-2.4227681221752495
0417ADE2185081,1,0.045003362383197305,1.2869668278261555
0417AEE2185081,1,2.242293436138102,0.7538516964710348
0417B1E2185081,6,-1.3362415947038226,-0.10982352536603844
0417B54A216281,0,-0.8467593950429332,-0.4997131417438407
0417B5E2185081,5,0.8513996846638565,1.1427922902930203
0417BCE2185081,0,-0.8723696487850305,-1.687387345224774
0417BEE2185081,0,0.10403429910503002,1.4470608059915826
0417CBE2185081,2,4.337077422829129,-1.1768383496590098
0417D0E2185081,5,0.9657840378193506,0.44600784008538324
0417D2E2185081,0,-0.9821424728240638,-1.5416423720928631
0417D5E2185081,5,4.5609021570752315,-0.21989782243706
0417D6E2185081,3,-1.4687863578786262,-1.1024248143350792
0417DCE2185081,1,0.1951998446176867,1.5863938240681443
0417DEF2185081,0,1.1977210892606807,0.7790205524913015
0417E3E2185081,5,0.6757808213714415,0.5757952428846921
0417E5E2185081,6,-1.1616983850796752,-0.1379693829801312
0417E8E2185081,1,1.2593092612754144,1.9999767299634656
0417E9E2185081,3,-1.268632894512381,0.05710353153176158
0417EBE2185081,0,1.97056376311806,-0.1928561961510835
0417F2E2185081,1,-0.36110117316620116,1.509377568513303
0417F5E2185081,3,-0.4223286602805839,0.004332384287294066
041802E2185085,0,0.48187612450420003,-3.308045111748463
041807E2185085,1,2.19694709872013,2.169880788455092
041808E2185085,0,1.3297571614758605,-0.6109381904433874
04180BE2185085,0,0.7736510393986825,-0.00911398029367811
04180EE2185085,3,-1.8492806396859274,0.3076601298330021
041811F2185085,0,0.46687686185264526,0.7301501545505531
041813E2185085,0,-0.159177140436681,-0.9453426545569735
041814E2185085,0,0.48187612450420003,-3.308045111748463
041814F2185081,2,0.8714974295966182,-3.2896156065823403
041815F2185085,0,-1.6452123226424098,-0.715510596582389
041818121B6785,1,1.8832189792507437,2.243920042416107
041818E2185081,5,3.7613735758074873,-1.0308381822980295
041819121B6785,6,0.17723433030508717,0.5758485505960169
04181AF2185081,0,-0.26503599620111934,-0.15512683502265986
04181CE2185085,6,-1.3362415947038226,-0.10982352536603844
041820F2185085,0,-0.8900213678447164,-0.9942130524977221
041822E2185085,0,-0.2917219036114846,-1.9379439435260144
041826E2185085,5,0.7001345717836379,0.006958702418566991
041826F2185081,1,1.5114492087300666,0.7049812985302863
04182AE2185085,3,-1.4864380769383116,-0.4092505216080272
04182BE2185081,6,0.01832447799537063,-0.7371139672872427
04182C121B6785,5,4.738083476097321,-1.005036459769813
04182CE2185085,3,0.6222436865968373,-0.020836471732972685
04182DE2185085,5,0.6362076094547272,-1.4348375846790198
041831E2185085,3,-1.4431761041365285,0.08524938914585434
041832F2185081,3,-0.51236628604642,0.3735439806388496
041838E2185081,0,0.9554035020468441,-0.06783576334582815
041838E2185085,1,2.0382251190945846,1.7770224228864262
041839E2185085,0,1.658993234556425,-2.3406126787996886
04183AE2185081,0,-0.9132994645886452,0.16976639299082397
04183AF2185081,0,0.059703695657517514,0.11615430360523614
04183EF2185085,3,-2.0670858221118578,-0.15869392330678686
041840E2185085,2,1.005110823417151,-1.4606077259808345
041840F2185081,6,-0.5367130134360779,0.7011168344949311
041845E2185081,0,0.10403429910503002,1.4470608059915826
041845F2185081,3,-0.44186573006089047,-0.43441937762829397
041846E2185085,0,1.2397195357100246,-0.24172659409183192
041848F2185081,6,-0.5367130134360779,0.7011168344949311
04184DE2185081,5,1.5653470284050217,1.017524006394106
041851E2185081,6,0.01958098132527156,1.0193967766598158
04185CE2185081,1,3.5268461446197024,0.8767958757874849
04185DE2185081,6,-0.3621698038119305,0.6729709768808383
04185EE2185081,5,3.828989299021467,-1.1051748120102731
04186EE2185081,3,-1.3118948673141642,-0.43739637922212
041873E2185081,3,-1.4687863578786262,-1.1024248143350792
041875F2185081,0,0.4409463087005853,-1.4508913735328648
041877E2185081,3,-1.4687863578786262,-1.1024248143350792
04187DF2185081,0,0.46687686185264526,0.7301501545505531
04187FE2185081,2,2.8492117515623168,-0.6748362221401315
041880E2185081,1,2.0382251190945846,1.7770224228864262
041886E2185081,3,-0.7135954030809324,-1.3811272702504123
041887E2185081,6,1.30631226104082,0.891745433313213
04188EE2185081,3,-0.8881386127050799,-1.3529814126363195
04188FE2185081,6,-0.3621698038119305,0.6729709768808383
041895E2185081,1,-0.5356443827903486,1.5375234261273958
041896E2185081,0,-0.2917219036114846,-1.9379439435260144
041898E2185081,3,-0.8881386127050799,-1.3529814126363195
04189AE2185081,1,2.5755586253877945,1.1185642044256077
04189FF2185081,0,0.46687686185264526,0.7301501545505531
0418A1E2185081,1,2.7532481165040177,2.2468970440099327
0418A2F2185081,3,-1.3118948673141642,-0.43739637922212
0418A64A216281,1,0.7758475897912327,1.335837225766904
0418A84A216281,2,2.2493349657237327,-2.9500719546480334
0418A9E2185081,0,0.4391223237965508,-1.8890735455852659
0418ADE2185081,6,-0.27213217804609463,0.303759380529283
0418B7F2185081,3,-0.51236628604642,0.3735439806388496
0418B9E2185081,0,2.060601388883896,-0.5620677925026389
0418BAE2185081,0,1.3297571614758605,-0.6109381904433874
0418BBF2185081,3,-1.2675572408441134,0.6522464365541827
0418BFE2185081,0,0.9554035020468441,-0.06783576334582815
0418C2E2185081,6,-0.5626435665881376,-1.479924693588486
0418C5E2185081,0,0.5727357176170839,-0.06006566498376062
0418C7E2185081,0,-0.9821424728240638,-1.5416423720928631
0418C8E2185081,1,2.19694709872013,2.169880788455092
0418CAF2185081,1,1.863681909470437,1.805168280500519
0418D2F2185081,3,-0.5792201508450459,-0.6606960508256651
0418D3E2185081,1,0.36974305424183423,1.5582479664540516
0418D5E2185081,3,-1.1606297544339457,0.6984372086523333
0418D7E2185081,3,-1.4687863578786262,-1.1024248143350792
0418DDE2185081,3,-0.6869094956705675,0.40168983825294236
0418DFE2185081,0,-0.9132994645886452,0.16976639299082397
0418E1E2185081,0,0.7736510393986825,-0.00911398029367811
0418EDE2185081,3,-0.6869094956705675,0.40168983825294236
0418F2E2185081,6,-1.2264687706647894,-0.2555684984979495
041902E2185085,6,1.7768441686139569,-0.8875511072064237
041906E2185085,0,1.1710351818503155,-1.003796556012053
04190CE2185085,0,2.2156075287277375,-1.0289654120323197
04190FF2185085,3,-1.8925426124877103,-0.18683978092087963
041910E2185085,1,2.44427738856543,1.6412099727935823
041914E2185085,0,2.0133175638257095,-1.6118277623142798
041918121B6785,5,1.2289355576632537,-0.5036671987588845
041921F2185081,1,2.104939015353947,0.5275750232736639
041923E2185085,1,0.4597806800076701,1.1890363701024962
041926F2185081,3,-1.2942431482544787,-1.130570671949172
04192FE2185085,5,0.6757808213714415,0.5757952428846921
041930E2185081,1,1.55471118153185,1.1994812092841682
041932E2185081,0,0.6403514408310635,-0.1344022946960042
041936F2185085,3,-1.4864380769383116,-0.4092505216080272
041938E2185081,0,2.2156075287277375,-1.0289654120323197
04193CE2185081,3,-0.6869094956705675,0.40168983825294236
04193EE2185085,0,1.3310206878282997,0.9043088668936277
041940F2185085,3,-1.2675572408441134,0.6522464365541827
041950F2185081,1,1.239772191495108,1.5612249680478776
041955E2185081,0,1.2877587150265166,0.40980895613974616
041957E2185081,0,-0.159177140436681,-0.9453426545569735
04195DE2185081,0,0.39819250799293626,-0.031919807369667846
041969F2185081,6,-0.4466753876702422,0.33190523814337575
041975E2185081,5,2.364875609672766,1.8284643662550757
041978F2185081,6,1.1061587976745753,-0.2677829125536279
041992F2185081,5,0.6325188485696582,0.08129533213081049
04199EE2185081,3,-2.0670858221118578,-0.15869392330678686
0419A1F2185081,0,1.2153728083203665,0.08584625976424957
0419A64A216281,2,4.04468327914745,-2.601754063638182
0419B7E2185081,1,1.862418383117998,0.28992122316350366
0419B9E2185081,0,1.2397195357100246,-0.24172659409183192
0419CEF2185081,3,-1.4431761041365285,0.08524938914585434
0419DFE2185081,5,0.1438335539997501,-0.07005755313627424
0419F3E2185081,1,1.862418383117998,0.28992122316350366
041A03F2185085,3,-1.2675572408441134,0.6522464365541827
041A0CF2185085,3,-1.2242952680423302,1.1467463473080644
041A13121B6785,0,0.6414200714767928,0.7020042969364603
041A14E2185081,0,0.6403514408310635,-0.1344022946960042
041A17121B6785,1,1.5328690336500095,0.7849647003072772
041A1CF2185081,1,0.8186013904988819,-0.08313434039629251
041A24E2185081,6,0.7755337945383189,-0.36788234043227536
041A2BF2185081,3,-1.2675572408441134,0.6522464365541827
041A32F2185085,3,-0.8881386127050799,-1.3529814126363195
041A37E2185081,0,2.103355189591545,-1.9810393586658357
041A41F2185081,3,-2.0670858221118578,-0.15869392330678686
041A51F2185081,0,-1.6452123226424098,-0.715510596582389
041A59E2185081,0,-0.159177140436681,-0.9453426545569735
041A5DE2185081,5,0.8558955470202946,-1.3272518916778286
041A62E2185081,1,3.9047023170290616,0.2237037113380639
041A69F2185081,6,0.08719670453925119,0.9450601469475726
041A79F2185081,0,-1.6452123226424098,-0.715510596582389
041A7AF2185081,3,-0.754525218884547,0.4760264679651858
041A7EE2185081,1,0.5273964032216499,1.1146997403902525
041A81E2185081,3,-0.8881386127050799,-1.3529814126363195
041A8DE2185081,1,1.132837682062402,1.7562978825597704
041A97E2185081,0,-0.159177140436681,-0.9453426545569735
041A9EE2185081,1,0.1951998446176867,1.5863938240681443
041AA1F2185081,3,-2.0670858221118578,-0.15869392330678686
041AA6E2185081,5,0.7001345717836379,0.006958702418566991
041AAFE2185081,6,-0.7555938495302763,-0.3603801236672788
041AC4F2185081,0,1.373026157300182,-0.35770196629954926
041AE6F2185081,3,-2.0670858221118578,-0.15869392330678686
041AF4E2185081,3,-1.4431761041365285,0.08524938914585434
041AFFF2185081,1,-0.49238240998856553,2.0320233368812772
041B02F2185085,3,-2.0670858221118578,-0.15869392330678686
041B03F2185085,6,-0.3621698038119305,0.6729709768808383
041B0AF2185085,3,-2.0670858221118578,-0.15869392330678686
041B0FE2185085,3,-1.4431761041365285,0.08524938914585434
041B13121B6785,1,3.482828817559614,0.7805203846136661
041B17121B6785,6,-0.6475614911433789,0.25171890260442126
041B1CF2185085,6,0.7491616823808677,-0.44697988273645084
041B21E2185081,3,-1.4864380769383116,-0.4092505216080272
041B23F2185085,1,0.8658852155570687,0.9666256294153482
041B25F2185085,1,-0.37799103381053306,1.0939752000635967
041B2BE2185081,1,0.1951998446176867,1.5863938240681443
041B2F121B6785,0,0.465808231206916,-0.10625643708191145
041B2FE2185085,3,-1.4431761041365285,0.08524938914585434
041B30F2185081,3,-1.4864380769383116,-0.4092505216080272
041B33E2185081,1,0.1951998446176867,1.5863938240681443
041B39E2185081,3,-1.4864380769383116,-0.4092505216080272
041B3BF2185081,0,1.2153728083203665,0.08584625976424957
041B47E2185085,3,-1.4431761041365285,0.08524938914585434
041B5CF2185081,1,-0.49238240998856553,2.0320233368812772
041B60E2185081,5,-0.7869762640903587,-0.35835214462926945
041B8BF2185081,6,0.13397235750330394,0.08134863984213529
041B99F2185081,3,-0.754525218884547,0.4760264679651858
041BA54A216281,0,3.0151361099954817,-0.21802505217135024
041BB1F2185081,3,-1.2675572408441134,0.6522464365541827
041BB44A216281,2,3.0068651005421327,-1.1183844482039302
041BC0F2185081,6,0.01958098132527156,1.0193967766598158
041BCBF2185081,6,-0.6043287366500578,0.7754534642071745
041BE4F2185081,1,-0.5356443827903486,1.5375234261273958
041BE5E2185081,0,-0.159177140436681,-0.9453426545569735
041C06E2185085,3,-1.4216676913531974,-0.291651406090209
041C07F2185085,3,-1.0930140312199659,0.6241005789400899
041C0EF2185085,3,-2.0670858221118578,-0.15869392330678686
041C0FF2185085,6,-0.5367130134360779,0.7011168344949311
041C1EF2185085,1,0.13504098814903326,0.9177552314745998
041C20F2185085,0,-1.6452123226424098,-0.715510596582389
041C29F2185085,3,-1.0930140312199659,0.6241005789400899
041C2F121B6785,0,0.465808231206916,-0.10625643708191145
041C37F2185085,5,0.6325188485696582,0.08129533213081049
041C38F2185085,3,-2.0670858221118578,-0.15869392330678686
041C3CF2185085,3,-2.0670858221118578,-0.15869392330678686
041C46E2185081,1,0.9559623154400856,-0.5672099087956167
041C5FF2185081,5,0.4999740853948546,-0.9113059568382302
041C67F2185081,6,0.13397235750330394,0.08134863984213529
041C6EF2185081,3,-0.0886100314373357,-0.54204105277535
041C75F2185081,6,-0.3621698038119305,0.6729709768808383
041C7FF2185081,6,-0.4466753876702422,0.33190523814337575
041C88F2185081,0,1.373026157300182,-0.35770196629954926
041C8FF2185081,5,-0.21490628238642143,-0.6157418216628827
041C94F2185081,0,-1.0213026046670806,-0.4715672841297479
041C9DF2185081,6,-1.1616983850796752,-0.1379693829801312
041CA54A216281,0,3.0151361099954817,-0.21802505217135024
041CA8F2185081,0,0.5090702040086993,0.3882434736719704
041CADF2185081,6,-0.7555938495302763,-0.3603801236672788
041CAFF2185081,3,-1.29191099125631,1.221082977020308
041CB44A216281,3,-1.4431761041365285,0.08524938914585434
041CBEF2185081,0,0.43987767805485606,-2.2872979651653296
041CCDF2185081,1,0.9798028852215857,1.4075429449377996
041CD0F2185081,1,0.6433028266164291,0.3432359367978632
041CD6F2185081,3,-2.0670858221118578,-0.15869392330678686
041CECE2185081,1,0.9503907994153802,1.3076913681528113
041CEDF2185081,3,-2.0670858221118578,-0.15869392330678686
041CFDE2185081,1,3.366860638641718,-1.031309547118196
041D00F2185085,3,-1.4431761041365285,0.08524938914585434
041D07F2185085,3,-1.29191099125631,1.221082977020308
041D17F2185081,1,0.23795364532533597,0.16742225790494786
041D19F2185085,3,-2.0670858221118578,-0.15869392330678686
041D1AF2185085,3,-1.29191099125631,1.221082977020308
041D1FE2185085,3,-1.4216676913531974,-0.291651406090209
041D2A121B6785,3,-0.6692577766108816,-0.2914844544741096
041D2AE2185085,5,2.2956830837189233,-0.8470770725822232
041D2AF2185081,6,0.04393473173746796,0.4505602361936908
041D34F2185081,3,-1.0225134752344365,-0.1838627793270536
041D39F2185085,1,-0.37799103381053306,1.0939752000635967
041D43F2185081,3,-0.6869094956705675,0.40168983825294236
041D53F2185081,1,0.045003362383197305,1.2869668278261555
041D91F2185081,6,0.04393473173746796,0.4505602361936908
041DA9F2185081,3,-1.4687863578786262,-1.1024248143350792
041DC9F2185081,3,-1.4864380769383116,-0.4092505216080272
041DD3F2185081,6,0.13397235750330394,0.08134863984213529
041DDAF2185081,6,0.13397235750330394,0.08134863984213529
041DEAF2185081,5,-0.9457505097944569,-0.6646122196036311
041E0EF2185085,6,-1.3362415947038226,-0.10982352536603844
041E12121B6785,5,1.6065906394615501,0.8640898343776872
041E14F2185085,3,-2.0670858221118578,-0.15869392330678686
041E2A121B6785,3,-0.6692577766108816,-0.2914844544741096
041E2CF2185081,6,-1.3362415947038226,-0.10982352536603844
041E33E2185081,3,-1.2704025784729789,0.8441821817842444
041E38121B6785,0,-1.0241409192734077,-0.5208952255097296
041E3FE2185081,3,-1.2704025784729789,0.8441821817842444
041E4DF2185081,0,-1.6452123226424098,-0.715510596582389
041E54F2185081,0,-1.6452123226424098,-0.715510596582389
041E75F2185081,1,0.23795364532533597,0.16742225790494786
041E85E2185081,1,0.7758475897912327,1.335837225766904
041E87F2185081,6,-0.5367130134360779,0.7011168344949311
041E95F2185081,3,-1.3351729640580932,0.7265830662664261
041EA4F2185081,3,-1.3118948673141642,-0.43739637922212
041EAEF2185081,1,-0.5356443827903486,1.5375234261273958
041EB54A216281,0,-0.8467593950429332,-0.4997131417438407
041EEEF2185081,6,-0.8653666735693095,-0.21463515053536777
041EFEF2185081,1,1.1374562342014012,0.9639947188740007
041F12121B6785,0,-0.24845993080970138,-1.443444032772133
041F17E2185081,6,-0.6281693064315577,-1.1992993895262418
041F17F2185085,3,-1.5962109009773449,-0.26350554847611624
041F20F2185085,6,-0.8653666735693095,-0.21463515053536777
041F27F2185081,6,-0.8653666735693095,-0.21463515053536777
041F2C121B6785,5,4.738083476097321,-1.005036459769813
041F35E2185085,5,0.8558955470202946,-1.3272518916778286
041F36F2185081,3,-1.0225134752344365,-0.1838627793270536
041F38121B6785,1,2.508757026667722,-0.002274117633210781
041F3AF2185085,6,0.15086221814763584,0.49675100829184143
041F3EF2185081,3,-0.7966823197096005,0.5474348113848534
041F42F2185085,0,-1.6452123226424098,-0.715510596582389
041F4BF2185081,3,-1.3351729640580932,0.7265830662664261
041F50F2185081,3,-1.4864380769383116,-0.4092505216080272
041F51F2185081,3,-1.2675572408441134,0.6522464365541827
041F58F2185081,3,-0.7966823197096005,0.5474348113848534
041F59F2185081,6,-1.3362415947038226,-0.10982352536603844
041F60F2185081,0,1.2153728083203665,0.08584625976424957
041F69F2185081,3,-1.0225134752344365,-0.1838627793270536
041F6CE2185081,1,1.8399570064489605,1.7494201316622253
041F78E2185081,1,0.9503907994153802,1.3076913681528113
041F8EE2185081,1,3.482828817559614,0.7805203846136661
041F96E2185081,3,-0.4223286602805839,0.004332384287294066
041F97F2185081,3,-1.29191099125631,1.221082977020308
041F9AE2185081,2,3.94228435372949,-5.713449695489872
041F9DF2185081,6,0.8175327598531528,-0.9195409320287569
041FA84A216281,5,0.23010307390532905,-1.2124268439918722
041FAEF2185081,1,1.8693690922551658,1.8492717084472137
041FB54A216281,0,-0.8467593950429332,-0.4997131417438407
041FC1F2185081,1,0.4130050270436174,2.0527478772079335
041FE1F2185081,3,-1.2675572408441134,0.6522464365541827
041FEFF2185081,3,-2.0670858221118578,-0.15869392330678686
041FF0F2185081,1,-0.5356443827903486,1.5375234261273958
041FF2F2185081,0,1.2153728083203665,0.08584625976424957
041FF7F2185081,3,-1.5962109009773449,-0.26350554847611624
042000F2185085,6,-0.023680991476511665,0.5248968659059342
042018121B6785,5,1.2289355576632537,-0.5036671987588845
042019121B6785,6,-0.15729438529704454,-1.3041110146955712
04201BF2185081,3,-1.2675572408441134,0.6522464365541827
04201DF2185085,3,-1.3351729640580932,0.7265830662664261
042021F2185081,3,-0.8881386127050799,-1.3529814126363195
042024F2185081,3,-0.7966823197096005,0.5474348113848534
04202AF2185081,3,-1.5962109009773449,-0.26350554847611624
04202C121B6785,1,3.308285607935466,0.808666242227759
04202EF2185081,3,-0.7128400488226273,-1.7793516898304749
042031F2185081,3,-0.8881386127050799,-1.3529814126363195
04203AF2185081,3,-1.0225134752344365,-0.1838627793270536
04204BF2185081,3,-1.5962109009773449,-0.26350554847611624
04204CF2185081,1,-0.5356443827903486,1.5375234261273958
042061F2185081,3,-2.0670858221118578,-0.15869392330678686
042067E2185081,3,-1.3118948673141642,-0.43739637922212
04206BE2185081,6,-0.7379421304705909,-1.053554416394331
04207DE2185081,3,-1.3118948673141642,-0.43739637922212
04208BF2185081,0,-0.2904583772590452,-0.4226968861889995
042093F2185081,3,-1.3351729640580932,0.7265830662664261
04209FF2185081,0,-1.6452123226424098,-0.715510596582389
0420A64A216281,2,4.04468327914745,-2.601754063638182
0420A84A216281,5,0.23010307390532905,-1.2124268439918722
0420B1F2185081,1,-0.5356443827903486,1.5375234261273958
0420B3F2185081,3,-1.0225134752344365,-0.1838627793270536
0420B9E2185081,1,1.571968750099071,1.0895308843699858
0420C2F2185081,3,-0.754525218884547,0.4760264679651858
0420C5F2185081,1,1.820419936668654,1.3106683697466373
0420CCF2185081,3,-1.3351729640580932,0.7265830662664261
0420DBF2185081,6,0.04393473173746796,0.4505602361936908
0420DDF2185081,6,0.04393473173746796,0.4505602361936908
0420E3F2185081,3,-1.4864380769383116,-0.4092505216080272
0420FDF2185081,3,-1.3351729640580932,0.7265830662664261
042118121B6785,6,0.6422341959706998,-0.49317065483460154
042119121B6785,6,-0.15729438529704454,-1.3041110146955712
042125F2185081,1,-0.5356443827903486,1.5375234261273958
04212AF2185085,3,-2.0670858221118578,-0.15869392330678686
042133F2185085,1,1.820419936668654,1.3106683697466373
04214FF2185081,3,-1.3351729640580932,0.7265830662664261
042169E2185081,1,2.884529353326382,1.7242512756419586
04216BF2185081,6,-0.5610667638482746,1.2699533749610565
0421A64A216281,1,2.3755930347057213,0.8791400108733608
0421A8E2185081,5,2.364875609672766,1.8284643662550757
0421DEE2185081,0,0.615997690418867,0.4344342457701208
0421E4F2185081,3,-0.40037344121970503,0.8471591833780704
042208F2185085,0,-1.6452123226424098,-0.715510596582389
04220BF2185085,0,-0.26503599620111934,-0.15512683502265986
042213121B6785,1,3.482828817559614,0.7805203846136661
042217121B6785,3,0.3724692326376743,-0.12471756526431466
042219F2185085,3,-2.0670858221118578,-0.15869392330678686
04221CE2185085,6,0.08719670453925119,0.9450601469475726
04221CF2185085,3,-2.0670858221118578,-0.15869392330678686
042222F2185085,3,-2.0670858221118578,-0.15869392330678686
042223F2185085,0,-1.064564577468864,-0.9660671948836292
042224E2185085,1,1.979141916294199,1.7035267353153027
042224F2185085,0,-1.6452123226424098,-0.715510596582389
042229F2185081,6,0.33047078618833037,0.8960295813188188
042238E2185085,1,0.8178460362405766,0.3150900791837704
04223AE2185085,0,1.1977210892606807,0.7790205524913015
04223FF2185081,1,-0.5356443827903486,1.5375234261273958
042243F2185085,3,-1.4687863578786262,-1.1024248143350792
042244E2185081,1,0.8178460362405766,0.3150900791837704
042245F2185085,3,-1.0225134752344365,-0.1838627793270536
04224AF2185081,3,-1.4687863578786262,-1.1024248143350792
04226AE2185081,6,0.04393473173746796,0.4505602361936908
042274E2185081,6,0.7908468524427874,-2.7023580405321113
042278F2185081,1,0.4130050270436174,2.0527478772079335
042282F2185081,1,-0.5356443827903486,1.5375234261273958
042287F2185081,0,-1.6452123226424098,-0.715510596582389
04228BE2185081,0,1.1717905361086207,-1.4020209755921162
042292F2185081,2,0.5869260848327723,-2.4199239695150627
04229DE2185081,3,-2.0023154365267435,-0.04109480778896854
0422D4F2185081,0,-1.6452123226424098,-0.715510596582389
0422F0F2185081,2,0.6950714648328343,-2.9027013888296502
0422FFE2185081,3,-2.0023154365267435,-0.04109480778896854
042302F2185085,0,-0.18028173455815072,1.6209516367375862
042312F2185085,6,-0.7379421304705909,-1.053554416394331
042313121B6785,0,0.7314576972426287,0.33279270058490495
042316F2185085,1,0.1951998446176867,1.5863938240681443
042317121B6785,0,2.283223251941717,-1.1033020417445634
042320E2185081,1,1.2472290582404344,0.8182497457420898
04232AE2185081,1,2.9277913261281654,2.2187511863958402
04232F121B6785,5,1.7203075354863175,-1.4935888618853277
042336F2185085,1,0.9778315422185608,2.2231955020894514
04233EF2185085,3,-1.0225134752344365,-0.1838627793270536
042346F2185085,0,-0.9554565654136987,0.24117473641049167
042348E2185081,5,-0.47608645922729975,-0.4817193399702663
042360E2185081,2,0.47715326079373915,-2.274178996383152
042362E2185081,0,1.2877587150265166,0.40980895613974616
042385E2185081,5,-0.47608645922729975,-0.4817193399702663
042387E2185081,0,0.465808231206916,-0.10625643708191145
042392F2185081,3,-1.4864380769383116,-0.4092505216080272
0423A54A216281,1,2.087174274681096,2.315625761587003
0423B8E2185081,6,0.7755337945383189,-0.36788234043227536
0423D4F2185081,1,0.9778315422185608,2.2231955020894514
0423EAF2185081,1,-0.5356443827903486,1.5375234261273958
042415E2185085,6,0.7908468524427874,-2.7023580405321113
04242F121B6785,5,1.7203075354863175,-1.4935888618853277
04243AE2185081,0,0.7916165537112821,1.001431293178449
042498F2185081,6,0.13397235750330394,0.08134863984213529
0424A54A216281,1,2.087174274681096,2.315625761587003
0424BDE2185081,0,-0.7556461156088297,-0.273781833072975
0424CBE2185081,1,0.5717270066691624,2.445606242776599
0424D2E2185081,2,0.47715326079373915,-2.274178996383152
0424E1E2185081,1,-0.22780157459858222,1.6346658829156293
042540F2185081,3,-0.0886100314373357,-0.54204105277535
0425A8F2185081,6,0.06126615138719133,-1.2359813811358449
0425A9F2185081,6,0.7499170366391729,-0.8452043023165134
0425C2F2185081,3,-1.4864380769383116,-0.4092505216080272
0425C8F2185081,6,0.06126615138719133,-1.2359813811358449
0425EFF2185081,3,-1.4431761041365285,0.08524938914585434
04260BF2185085,0,-1.6452123226424098,-0.715510596582389
042612121B6785,0,-0.24845993080970138,-1.443444032772133
042633E2185085,1,1.7063436126284275,-0.07958774893928011
042638121B6785,0,-1.0241409192734077,-0.5208952255097296
042641F2185081,3,-0.06299977769523811,0.6456331507055836
042648E2185081,0,0.7916165537112821,1.001431293178449
042649F2185081,0,-0.11377088332090067,0.9807067528517934
042651F2185081,3,-0.754525218884547,0.4760264679651858
04265BF2185081,3,-1.4864380769383116,-0.4092505216080272
042673E2185081,3,-1.3118948673141642,-0.43739637922212
04267AF2185081,1,0.9936527722171634,1.802191278906693
042687E2185081,0,0.7916165537112821,1.001431293178449
0426ABE2185081,1,2.2618305059184087,1.192603458386623
04270DE2185085,5,-0.8967490881293919,-0.21260717149735828
042712121B6785,6,0.2889784973471449,-0.38554897968754553
042721F2185081,3,-1.293487793996173,-1.5287950915292345
042726F2185081,1,2.7099861437022343,1.7523971332560513
04272C121B6785,3,-1.4864380769383116,-0.4092505216080272
042741F2185085,2,0.5625267016580308,-3.895302677798691
042758E2185081,2,1.6691432557247263,-2.119906886582773
04276BE2185081,0,0.710851996816593,-0.9423656529631474
042777E2185081,2,0.42815183912867427,-2.726184044489425
04277FE2185081,2,0.42815183912867427,-2.726184044489425
0427A84A216281,2,2.2493349657237327,-2.9500719546480334
0427F4E2185081,1,-0.6454172068293819,1.683268399259307
042806E2185085,1,2.620703353329214,1.254295755040892
04280BE2185085,1,1.820419936668654,1.3106683697466373
042810E2185085,0,1.0381771422880879,-3.231028856193622
042818121B6785,6,0.6422341959706998,-0.49317065483460154
042818E2185085,1,3.5268461446197024,0.8767958757874849
042819121B6785,1,3.0158914642537864,-0.616249471751413
04281DE2185081,0,1.3778358149095336,-1.1240265820712192
042829F2185081,3,-1.29191099125631,1.221082977020308
04282C121B6785,1,3.308285607935466,0.808666242227759
04282EE2185081,0,1.1977210892606807,0.7790205524913015
04283EE2185081,5,1.6759702987227971,-0.6936818249276171
042898E2185081,2,1.6691432557247263,-2.119906886582773
04289DE2185081,2,1.6691432557247263,-2.119906886582773
0428A64A216281,6,1.4158322240863845,-1.8632718230570493
0428A84A216281,3,-2.110347794913641,-0.6531938340606684
0428ACF2185081,3,-1.4864380769383116,-0.4092505216080272
0428C7E2185081,1,1.1264441986906486,0.01400811639194088
0428E4E2185081,6,-1.1616983850796752,-0.1379693829801312
0428E8E2185081,0,0.599107829774535,0.019031877320414663
0428FEF2185081,3,-1.4687863578786262,-1.1024248143350792
042915E2185085,5,2.2956830837189233,-0.8470770725822232
042918121B6785,6,0.6422341959706998,-0.49317065483460154
042919121B6785,1,3.0158914642537864,-0.616249471751413
042927F2185085,3,-1.4864380769383116,-0.4092505216080272
04292AE2185081,6,-1.3362415947038226,-0.10982352536603844
04292EE2185081,0,-0.159177140436681,-0.9453426545569735
042932E2185081,0,-0.159177140436681,-0.9453426545569735
04293EE2185085,3,-1.3118948673141642,-0.43739637922212
042940F2185085,5,2.476619776714824,0.8670668359715131
042953E2185081,6,-1.3362415947038226,-0.10982352536603844
042957E2185081,0,1.3722642988848281,0.7508746948772087
04295BE2185081,0,0.5978443034220958,-1.4962151800166004
042967E2185081,0,-0.8900213678447164,-0.9942130524977221
042973E2185081,0,-0.8900213678447164,-0.9942130524977221
042978E2185081,5,3.4081844301977484,0.2880484528977939
04297CE2185081,0,0.21842567528306248,0.5090126691739018
042980E2185081,1,3.9047023170290616,0.2237037113380639
042989F2185081,5,0.6325188485696582,0.08129533213081049
042996E2185081,6,0.3517775399292347,0.5477026929819241
04299EE2185081,5,3.4081844301977484,0.2880484528977939
0429A64A216281,5,3.831321456019636,1.2464788369592068
0429BAE2185081,5,2.2956830837189233,-0.8470770725822232
0429CDE2185081,5,2.2956830837189233,-0.8470770725822232
042A13121B6785,0,0.7314576972426287,0.33279270058490495
042A17121B6785,0,2.283223251941717,-1.1033020417445634
042A2DE2185081,1,3.9047023170290616,0.2237037113380639
042A31E2185081,6,1.7768441686139569,-0.8875511072064237
042A41E2185085,1,2.5763727498817017,-0.0766107473454541
042A42E2185081,1,1.2593092612754144,1.9999767299634656
042A44F2185081,1,-0.5356443827903486,1.5375234261273958
042A63E2185081,1,0.7758475897912327,1.335837225766904
042A6CE2185081,0,0.599107829774535,0.019031877320414663
042A78E2185081,6,-0.15729438529704454,-1.3041110146955712
042A95E2185081,0,0.7916165537112821,1.001431293178449
042ABCE2185081,6,-0.15729438529704454,-1.3041110146955712
042AC5E2185081,0,0.6170733440871347,1.0295771507925418
042AD2E2185081,2,3.1818024606587443,-1.729754273630893
042ADAE2185081,0,0.8348785265130654,1.4959312039323311
042B13121B6785,6,0.15086221814763584,0.49675100829184143
042B15E2185085,1,3.308285607935466,0.808666242227759
042B17121B6785,0,2.283223251941717,-1.1033020417445634
042B1FE2185081,0,1.2127203519122354,-3.2591747138077145
042B2F121B6785,5,1.2984340360168698,-0.9367721886097253
042B34E2185085,0,1.9288119799673977,-1.952893501051743
042B37F2185085,6,-0.6043287366500578,0.7754534642071745
042B43E2185081,0,0.17220269809239072,-1.712556201245041
042B48E2185081,0,0.01719655824854963,-1.24565858171536
042B4CE2185081,1,1.9949108802142483,1.369120802726848
042B54E2185081,1,1.9949108802142483,1.369120802726848
042B60E2185081,0,0.17220269809239072,-1.712556201245041
042B64E2185081,5,4.5609021570752315,-0.21989782243706
042B9BF2185081,3,-1.4864380769383116,-0.4092505216080272
042BA54A216281,5,2.1861174879108143,-0.13627506496171396
042BADF2185081,1,-0.5356443827903486,1.5375234261273958
042BB6E2185081,1,1.820419936668654,1.3106683697466373
042BD5E2185081,1,1.5965707885893947,0.06615722419263081
042BE8E2185081,6,1.4158322240863845,-1.8632718230570493
042BF1E2185081,6,0.6163036428186399,-2.6742121829180188
042C24E2185081,6,0.3517775399292347,0.5477026929819241
042C29E2185085,0,-1.6452123226424098,-0.715510596582389
042C2D121B6785,5,2.2956830837189233,-0.8470770725822232
042C2F121B6785,5,1.2984340360168698,-0.9367721886097253
042C33F2185081,0,1.0641076954401478,-1.049987328110204
042C4DF2185081,1,-0.49238240998856553,2.0320233368812772
042C53F2185081,1,-0.5356443827903486,1.5375234261273958
042C56F2185081,6,-1.3362415947038226,-0.10982352536603844
042C58E2185081,3,-0.9792515024326535,0.31063713142682814
042C9DE2185081,0,0.48187612450420003,-3.308045111748463
042CA54A216281,2,1.0698812090022656,-1.3430086104630161
042CAEE2185081,1,0.3771999209871605,0.8152727441482637
042CBBE2185081,0,0.48187612450420003,-3.308045111748463
042D02E2185085,0,0.5727357176170839,-0.06006566498376062
042D10F2185085,3,-2.0670858221118578,-0.15869392330678686
042D21F2185085,3,-0.6951883297629413,-2.472525982557527
042D23E2185081,0,-0.3160686310011427,-1.610371089669933
042D2CE2185085,5,2.9612923187663616,1.2435018353653808
042D2D121B6785,1,1.639483243672753,-0.4034755388070995
042D31E2185085,5,2.9612923187663616,1.2435018353653808
042D34E2185081,1,-0.6021552340275987,2.177768310013189
042D3AE2185085,3,-2.0023154365267435,-0.04109480778896854
042D4CE2185081,3,0.01942232694956195,0.07005797349635001
042D65E2185081,6,0.017248824327102983,-1.332256872309664
042D71E2185081,3,-1.3118948673141642,-0.43739637922212
042D8FE2185081,6,0.061586450797153754,-0.24261405653336113
042D91E2185081,0,0.4158442270526219,-0.7250941000967199
042DACE2185081,6,0.061586450797153754,-0.24261405653336113
042DD2F2185081,3,-1.4864380769383116,-0.4092505216080272
042DDBE2185081,1,2.5755586253877945,1.1185642044256077
042DE7F2185081,1,1.3974255404749236,1.1176767419840785
042DEFF2185081,1,1.3974255404749236,1.1176767419840785
042DF2F2185081,3,-1.4687863578786262,-1.1024248143350792
042DF5E2185081,1,1.9949631462928015,1.2825225121325445
042E12121B6785,6,0.2889784973471449,-0.38554897968754553
042E1AE2185085,1,0.8658852155570687,0.9666256294153482
042E20E2185085,2,2.8067046141533494,-2.0366491074607276
042E29E2185085,5,3.1162984586102027,0.7766042158356997
042E36E2185081,1,1.820419936668654,1.3106683697466373
042E3AE2185081,1,1.3073808916865495,1.7281520249456777
042E3AE2185085,1,1.707412243274157,0.7568188426931843
042E5FE2185081,0,-0.33265171941509913,-0.08079020531041635
042E61F2185081,0,-0.11377088332090067,0.9807067528517934
042E70E2185081,3,-1.4431761041365285,0.08524938914585434
042E76E2185081,0,-0.159177140436681,-0.9453426545569735
042E8AE2185081,3,-1.5962109009773449,-0.26350554847611624
042E98E2185081,1,0.045003362383197305,1.2869668278261555
042EA2E2185081,0,0.39819250799293626,-0.031919807369667846
042EA4E2185081,6,-0.7555938495302763,-0.3603801236672788
042EBCE2185081,3,-2.0023154365267435,-0.04109480778896854
042F12121B6785,6,0.2889784973471449,-0.38554897968754553
042F13121B6784,0,2.9470484560183685,-2.3276582368350995
042F17E2185085,1,2.19694709872013,2.169880788455092
042F1BE2185085,5,3.0730364858084194,0.28210430508181816
042F1DE2185081,5,0.7582029260162415,0.0002200656754585146
042F20E2185081,0,0.5727357176170839,-0.06006566498376062
042F2C121B6785,1,0.7758475897912327,1.335837225766904
042F2DE2185085,6,-1.4460144187428559,0.03592144776587269
042F32E2185081,5,1.8027752728936628,-0.024948790344808233
042F4EE2185081,2,3.779707774399512,-2.090261196846315
042F84E2185081,1,0.9936527722171634,1.802191278906693
042F93E2185081,3,-1.4431761041365285,0.08524938914585434
042F9FE2185081,1,2.19694709872013,2.169880788455092
042FA3E2185081,2,1.935606846254346,-2.8760327006870186
042FA84A216281,6,0.8167774055948472,-0.5213165124486944
042FAFE2185081,5,1.2984340360168698,-0.9367721886097253
042FB54A216281,0,-0.8467593950429332,-0.4997131417438407
042FCFE2185081,1,2.2618305059184087,1.192603458386623
042FE8E2185081,1,1.75067421607594,1.2513187534470662
04300CE2185085,3,-0.4947145669867341,-0.31963031208820236
043013121B6784,0,-0.8467593950429332,-0.4997131417438407
043018121B6785,0,-1.4274071402164792,-0.24915654344260016
043019121B6785,3,-1.2675572408441134,0.6522464365541827
043024E2185081,1,3.172789458975297,-0.6615732782351492
04302C121B6785,6,0.04393473173746796,0.4505602361936908
043031E2185081,1,2.2618305059184087,1.192603458386623
043037E2185081,1,3.172789458975297,-0.6615732782351492
043050E2185081,1,0.5322060608310014,0.34837512461858283
043056E2185081,6,-0.5810506399061288,-0.38852598128137156
04305CE2185081,3,-1.2675572408441134,0.6522464365541827
043066E2185081,0,-0.15810850979095162,-0.10893606292450911
043071E2185081,2,3.779707774399512,-2.090261196846315
04307CE2185081,0,0.5727357176170839,-0.06006566498376062
0430A64A216281,6,1.4158322240863845,-1.8632718230570493
0430A84A216281,6,0.8167774055948472,-0.5213165124486944
0430FEE2185081,3,-1.8925426124877103,-0.18683978092087963
043118121B6785,0,-1.4274071402164792,-0.24915654344260016
043119121B6785,3,-1.2675572408441134,0.6522464365541827
04311AF2185085,5,2.476619776714824,0.8670668359715131
04311BE2185085,3,-2.0670858221118578,-0.15869392330678686
043121E2185085,3,-1.4431761041365285,0.08524938914585434
043125E2185085,2,2.5162545914278924,-3.126589298988259
043217121B6784,1,3.9047023170290616,0.2237037113380639
043217121B6785,1,2.41683664576225,0.725705838856942
043317121B6784,3,-1.0497520584181828,1.1186004896939716
043317121B6785,1,2.41683664576225,0.725705838856942
04331FE2185081,0,1.3778358149095336,-1.1240265820712192
043321E2185081,1,2.0382251190945846,1.7770224228864262
043324E2185085,1,1.9547425331194574,0.2281480270316749
04332F121B6785,6,-0.5367130134360779,0.7011168344949311
043332E2185085,2,2.0906129860981872,-3.3429303202166993
043338E2185085,3,-0.6869094956705675,0.40168983825294236
04333EE2185085,5,3.6544460893973194,-1.0770289543961804
043354E2185081,3,-0.5792201508450459,-0.6606960508256651
043365E2185081,3,0.6173722734643693,-1.8378055912855544
043383E2185081,2,2.7570906465829697,-1.2222655417352726
043387E2185081,3,-2.0023154365267435,-0.04109480778896854
043390E2185081,1,-0.37799103381053306,1.0939752000635967
0433A2E2185081,3,-0.7135954030809324,-1.3811272702504123
0433E6E2185081,1,2.7099861437022343,1.7523971332560513
0433EBE2185081,3,0.036724528290823406,-1.587248992984314
0433F0E2185081,3,-0.6869094956705675,0.40168983825294236
043400E2185085,3,-1.4864380769383116,-0.4092505216080272
04340AE2185085,5,-1.3676240092639047,-0.107795546328029
043412E2185085,5,-0.3935522183720128,0.6749989559188478
043413121B6785,6,0.15086221814763584,0.49675100829184143
04341AE2185085,1,4.0800008809115145,-0.2026665658560917
04341EE2185085,1,1.1972650540861403,0.19941208272728125
043425E2185081,6,0.6422341959706998,-0.49317065483460154
04342AE2185085,1,3.0354285340340934,-0.17749770983582494
04342D121B6785,1,0.2812156181271191,0.6619221686588296
04342F121B6785,1,0.1951998446176867,1.5863938240681443
04343DE2185081,1,2.725755107622284,1.4179912006675965
043464E2185081,3,-1.0694872566913802,0.8951338664743271
04347CE2185081,0,1.3778358149095336,-1.1240265820712192
043494E2185081,3,-1.8492806396859274,0.3076601298330021
04349BE2185081,6,0.6422341959706998,-0.49317065483460154
0434A3E2185081,3,-1.3118948673141642,-0.43739637922212
0434B1E2185081,0,0.7990734204566082,0.25845607087266137
0434B44A216281,0,1.240983062062464,1.2735204632451835
0434B9E2185081,1,-0.6021552340275987,2.177768310013189
0434C5E2185081,3,-1.8925426124877103,-0.18683978092087963
0434C9E2185081,2,1.2009945129860535,-3.69806079313181
0434CFE2185081,3,-0.4947145669867341,-0.31963031208820236
0434D7F2185081,0,0.4409463087005853,-1.4508913735328648
0434E3E2185081,1,0.35481751357798863,0.5684567274627372
0434E9E2185081,3,-1.8492806396859274,0.3076601298330021
0434F3E2185081,1,2.7099861437022343,1.7523971332560513
043512F2185085,1,0.2900471279928743,0.45085761194491897
043513121B6785,0,0.6414200714767928,0.7020042969364603
043519121B6784,2,5.532548950414261,-3.10375619115706
043519E2185085,3,-1.4864380769383116,-0.4092505216080272
043520F2185085,6,0.6422341959706998,-0.49317065483460154
043523E2185085,1,2.5774413805274308,0.7597958442870104
04352AE2185081,3,-1.4864380769383116,-0.4092505216080272
04352D121B6785,1,0.23795364532533597,0.16742225790494786
04353DE2185081,0,1.3778358149095336,-1.1240265820712192
043541E2185081,3,-1.8492806396859274,0.3076601298330021
043549E2185081,1,2.7099861437022343,1.7523971332560513
043599E2185081,3,-1.4864380769383116,-0.4092505216080272
04359FE2185081,0,1.24047488996833,-0.6399510136718947
0435A64A216281,1,2.5523327947224184,2.19594535931985
0435B2E2185081,1,4.0800008809115145,-0.2026665658560917
0435B8E2185081,1,1.7239888275310649,-0.06240980006963681
0435BAE2185081,0,1.24047488996833,-0.6399510136718947
0435C1E2185081,3,-1.268632894512381,0.05710353153176158
0435C3E2185081,3,-1.0694872566913802,0.8951338664743271
0435C7E2185081,2,3.068847423049331,-0.4806522385446364
0435CBE2185081,1,1.7239888275310649,-0.06240980006963681
0435CDE2185081,2,0.8706833051027111,-2.0944406548112777
0435E83A9C4C80,3,-1.4864380769383116,-0.4092505216080272
0435ECE2185081,2,2.7570906465829697,-1.2222655417352726
0435F4E2185081,3,0.6173722734643693,-1.8378055912855544
0435FDE2185081,1,1.9547425331194574,0.2281480270316749
043617E2185085,1,3.730159107404914,0.25184956895215665
043618121B6784,1,3.9047023170290616,0.2237037113380639
043619121B6784,5,1.8539209293068504,0.33541901871617774
043625F2185081,3,-1.29191099125631,1.221082977020308
04362AE2185081,0,0.822798323478085,0.31420421971095513
04362CF2185081,0,-0.22177402339933616,0.3393730757312219
043636F2185085,1,0.9091471883588518,1.46112554016923
043648E2185081,3,0.6173722734643693,-1.8378055912855544
043660E2185081,1,1.820419936668654,1.3106683697466373
0436A3E2185081,1,2.884529353326382,1.7242512756419586
0436B54A216281,0,-0.8467593950429332,-0.4997131417438407
0436C4E2185081,5,3.2082188395156748,0.0486242593455471
0436CCE2185081,3,-1.4864380769383116,-0.4092505216080272
0436E6E2185081,5,2.786749109142214,1.2716476929794736
043718E2185085,1,0.045003362383197305,1.2869668278261555
043719F2185085,1,1.8455285224736662,-0.1254811452862025
04371A121B6784,1,2.087287296294261,1.2207493160007157
04371CE2185085,0,0.50780667765626,-1.127003583665045
043727E2185085,6,0.6422341959706998,-0.49317065483460154
04372AE2185085,1,1.8439467111972399,1.5817016572808744
04372C121B6785,6,0.04393473173746796,0.4505602361936908
0437A2121B6781,3,-1.8492806396859274,0.3076601298330021
0437A84A216281,1,1.3712555879369068,3.2565466026375685
0437B4E2185081,6,0.6422341959706998,-0.49317065483460154
0437B54A216281,6,1.195434565025057,0.47158215227157463
0437BAE2185081,1,0.9778315422185608,2.2231955020894514
0437C7E2185081,1,0.08826533518498056,1.7814667385800371
0437DEE2185081,1,0.5089279640870727,1.512354570107129
0437E3E2185081,3,-0.5968718699047314,0.03247824190138684
0437F2E2185081,6,-0.5610667638482746,1.2699533749610565
0437F7E2185081,0,-1.174337401507897,-0.8203222217517185
043810F2185085,3,-1.4864380769383116,-0.4092505216080272
043812121B6785,0,1.2137889825579646,-2.4227681221752495
043818121B6784,6,-0.6475614911433789,0.25171890260442126
043818121B6785,6,0.13397235750330394,0.08134863984213529
043819121B6785,1,2.086779124200127,-0.6927221609163623
043819E2185085,3,-1.3766652528992787,-0.5549954947399384
04381A121B6784,1,3.308285607935466,0.808666242227759
04381DE2185085,1,1.800684738395457,1.0872017465269925
043822E2185081,6,1.0885070786148892,0.4253913801734241
043825E2185085,2,2.0906129860981872,-3.3429303202166993
04382C121B6785,1,0.7758475897912327,1.335837225766904
043832E2185085,3,-0.51236628604642,0.3735439806388496
043839E2185081,5,0.6814680041561699,0.6198986708313872
04383DE2185081,6,1.7300685156499043,-0.023839600100986454
04383DE2185085,4,2.5216035572199114,-3.407091151750752
043843E2185081,1,1.398494171120653,1.954083333616543
04385FE2185081,1,0.5089279640870727,1.512354570107129
04386EE2185081,1,1.398494171120653,1.954083333616543
04387AE2185081,5,-0.8967490881293919,-0.21260717149735828
04388CE2185081,6,-0.5610667638482746,1.2699533749610565
043891F2185081,3,-2.0670858221118578,-0.15869392330678686
043898F2185081,3,-0.0886100314373357,-0.54204105277535
0438A54A216281,2,1.0698812090022656,-1.3430086104630161
0438A84A216281,1,0.9798028852215857,1.4075429449377996
0438D9F2185081,3,-1.3118948673141642,-0.43739637922212
0438E2F2185081,0,-0.29222806121964295,0.3643817640634835
0438F6F2185081,5,0.6325188485696582,0.08129533213081049
04390EE2185085,6,-0.7555938495302763,-0.3603801236672788
043912121B6785,0,2.0133175638257095,-1.6118277623142798
043912E2185085,0,1.462301924650664,0.3816630985256534
043913121B6784,0,-0.8467593950429332,-0.4997131417438407
043916E2185085,3,-0.5968718699047314,0.03247824190138684
043918121B6785,6,0.13397235750330394,0.08134863984213529
043919121B6785,1,2.1300410970019104,-0.1982222501624806
04391AE2185085,3,-1.4687863578786262,-1.1024248143350792
04391CF2185085,1,3.131859643171682,1.195580459980449
04392AF2185081,0,0.39819250799293626,-0.031919807369667846
043934E2185081,3,-1.4431761041365285,0.08524938914585434
043935F2185085,1,0.1951998446176867,1.5863938240681443
04393AF2185081,3,-0.5968718699047314,0.03247824190138684
04393BF2185081,3,-1.4864380769383116,-0.4092505216080272
043951F2185081,1,0.8186013904988819,-0.08313434039629251
043968F2185081,0,-0.1159151676348977,-0.45084274380309225
04396AF2185081,1,0.1951998446176867,1.5863938240681443
04396FE2185081,3,-0.11296378184953204,0.026795487690775055
04397BF2185081,6,0.01958098132527156,1.0193967766598158
04397DE2185081,1,1.7496055854302106,0.4149121618146018
04399BE2185081,1,1.1280280244530503,2.52262249833144
0439B2F2185081,0,-1.6452123226424098,-0.715510596582389
0439BAF2185081,1,-0.40234478422272973,1.662811740529722
0439C8F2185081,0,-0.9143680952343745,-0.6666401986416406
0439D3F2185081,0,0.39819250799293626,-0.031919807369667846
0439D8E2185081,3,-1.4687863578786262,-1.1024248143350792
0439DAE2185081,0,3.0578899107031305,-1.6369966183345466
0439DAF2185081,0,0.14974132142335328,-0.25305729274631933
0439DDE2185081,1,2.884529353326382,1.7242512756419586
0439E3F2185081,0,0.39819250799293626,-0.031919807369667846
0439F3E2185081,1,2.884529353326382,1.7242512756419586
043A0CF2185085,3,-1.3351729640580932,0.7265830662664261
043A0DF2185085,5,-0.940011060931175,-0.70710708225124
043A13121B6784,2,5.764992535851348,-2.631772691517984
043A14F2185085,1,0.1951998446176867,1.5863938240681443
043A17121B6784,3,-1.0930140312199659,0.6241005789400899
043A17121B6785,1,0.7934993088509185,0.642662933039852
043A1CF2185085,6,-0.6043287366500578,0.7754534642071745
043A25F2185085,3,-1.4864380769383116,-0.4092505216080272
043A28F2185081,1,3.131859643171682,1.195580459980449
043A2AF2185081,3,-1.5962109009773449,-0.26350554847611624
043A35E2185081,3,-0.8448766399032968,-0.858481501882438
043A37F2185081,3,-1.3118948673141642,-0.43739637922212
043A3AF2185081,0,0.43987767805485606,-2.2872979651653296
043A48F2185081,6,0.061586450797153754,-0.24261405653336113
043A49F2185081,0,-0.739824885610227,-0.6947860562557334
043A50E2185081,3,-1.4431761041365285,0.08524938914585434
043A78F2185081,1,0.8191095625930159,1.8303371365207857
043A81E2185081,5,3.0730364858084194,0.28210430508181816
043A83E2185081,3,-0.8448766399032968,-0.858481501882438
043A91F2185081,1,-0.5356443827903486,1.5375234261273958
043AA0F2185081,5,0.9462469680390442,0.007256078169795281
043AA6E2185081,5,3.2082188395156748,0.0486242593455471
043AABF2185081,0,-1.6452123226424098,-0.715510596582389
043AB1F2185081,1,0.8186013904988819,-0.08313434039629251
043ABBF2185081,6,-0.7123318767284932,0.13411978708660283
043AC4E2185081,1,1.820419936668654,1.3106683697466373
043AC9E2185081,3,-1.4431761041365285,0.08524938914585434
043ADCE2185081,3,-1.1342576422764945,0.777534750956509
043B06F2185085,6,-0.7555938495302763,-0.3603801236672788
043B0DF2185085,1,-0.40234478422272973,1.662811740529722
043B0EF2185085,0,-0.33265171941509913,-0.08079020531041635
043B17121B6784,0,3.0151361099954817,-0.21802505217135024
043B17121B6785,1,0.7934993088509185,0.642662933039852
043B20F2185085,0,-0.33265171941509913,-0.08079020531041635
043B23F2185081,3,-1.4864380769383116,-0.4092505216080272
043B25F2185081,1,-0.5356443827903486,1.5375234261273958
043B26E2185085,0,3.0578899107031305,-1.6369966183345466
043B2F121B6785,3,-1.4864380769383116,-0.4092505216080272
043B34F2185081,3,-0.754525218884547,0.4760264679651858
043B43F2185081,3,-1.4864380769383116,-0.4092505216080272
043B45F2185081,1,1.5328690336500095,0.7849647003072772
043B4EF2185081,5,-0.7869762640903587,-0.35835214462926945
043B5BF2185081,3,-2.0670858221118578,-0.15869392330678686
043B5CF2185081,3,-2.0670858221118578,-0.15869392330678686
043B5DF2185081,6,-1.3362415947038226,-0.10982352536603844
043B6BE2185081,1,1.9949631462928015,1.2825225121325445
043B6DE2185081,3,0.0014275943285003187,-0.9112526491269055
043B6DF2185081,6,-0.7555938495302763,-0.3603801236672788
043B6EF2185081,1,1.665413796824813,1.777565989276318
043B70E2185081,6,1.0208913554009096,0.4997280098856674
043B75F2185081,0,0.02150005824974294,0.2903425101024682
043B76F2185081,3,-2.0670858221118578,-0.15869392330678686
043B7EF2185081,3,-2.0670858221118578,-0.15869392330678686
043B81E2185081,3,-1.268632894512381,0.05710353153176158
043B8CF2185081,6,0.7499170366391729,-0.8452043023165134
043B94F2185081,6,-0.7555938495302763,-0.3603801236672788
043B9EF2185081,0,-0.6006399757649885,-0.7406794526026559
043BA7E2185081,0,-0.23005285749171026,-2.5348427450792475
043BA7F2185081,6,-0.7123318767284932,0.13411978708660283
043BAEF2185081,1,0.8658852155570687,0.9666256294153482
043BB44A216281,3,-1.4431761041365285,0.08524938914585434
043BB6F2185081,3,-1.3118948673141642,-0.43739637922212
043BB7E2185081,5,1.7642439884413657,0.42054160831388826
043BBFF2185081,3,-2.0670858221118578,-0.15869392330678686
043BC5F2185081,6,-0.7555938495302763,-0.3603801236672788
043BC7F2185081,3,-2.0670858221118578,-0.15869392330678686
043BE6F2185081,1,-0.40234478422272973,1.662811740529722
043BE7F2185081,6,-0.7555938495302763,-0.3603801236672788
043BEEF2185081,0,0.5783072336417894,-1.9349669419321884
043C07E2185085,2,3.266574522799648,-3.3327110217221607
043C13121B6785,6,-1.3362415947038226,-0.10982352536603844
043C16E2185085,1,2.7099861437022343,1.7523971332560513
043C1AF2185085,6,-0.15729438529704454,-1.3041110146955712
043C28E2185085,4,0.7895896805192196,-2.059313972777347
043C2D121B6785,3,0.0866885324451174,-0.9684113299695054
043C2F121B6785,3,-1.4864380769383116,-0.4092505216080272
043C31F2185081,3,-2.0670858221118578,-0.15869392330678686
043C33F2185085,1,-0.5356443827903486,1.5375234261273958
043C38F2185085,3,-1.0225134752344365,-0.1838627793270536
043C3AE2185085,2,3.266574522799648,-3.3327110217221607
043C41F2185081,3,-0.6692577766108816,-0.2914844544741096
043C43E2185081,3,-0.7135954030809324,-1.3811272702504123
043C46F2185081,0,1.8860581792597484,-0.5339219348885461
043C4FF2185081,5,-0.940011060931175,-0.70710708225124
043C65E2185081,3,-2.0023154365267435,-0.04109480778896854
043C68F2185081,3,-1.4864380769383116,-0.4092505216080272
043C6DE2185081,1,0.9503907994153802,1.3076913681528113
043C71E2185081,3,-0.7066446939437647,0.17822321503329788
043C75E2185081,1,-0.49238240998856553,2.0320233368812772
043C79E2185081,1,0.9503907994153802,1.3076913681528113
043C7EF2185081,2,0.5869260848327723,-2.4199239695150627
043C81F2185081,6,0.01958098132527156,1.0193967766598158
043C88F2185081,3,-1.5962109009773449,-0.26350554847611624
043C97F2185081,3,-1.3118948673141642,-0.43739637922212
043C98E2185081,1,1.9949631462928015,1.2825225121325445
043C9CE2185081,2,4.337077422829129,-1.1768383496590098
043CA1F2185081,3,-2.0670858221118578,-0.15869392330678686
043CA64A216281,0,0.3078410869741865,-1.366427777217292
043CA7F2185081,6,-0.5367130134360779,0.7011168344949311
043CB44A216281,0,0.44145448079471944,0.46258010338421357
043CB6F2185081,0,0.43987767805485606,-2.2872979651653296
043CBCE2185081,3,-2.0023154365267435,-0.04109480778896854
043CC0F2185081,1,2.7099861437022343,1.7523971332560513
043CC7F2185081,6,0.08719670453925119,0.9450601469475726
043CD4E2185081,3,-0.3790666874788007,0.4988322950411757
043CE2F2185081,3,-0.6692577766108816,-0.2914844544741096
043CE8F2185081,6,-0.15729438529704454,-1.3041110146955712
043CF0F2185081,0,0.46687686185264526,0.7301501545505531
043CF2F2185081,6,-0.7555938495302763,-0.3603801236672788
043D08E2185085,6,1.195434565025057,0.47158215227157463
043D0AE2185085,2,3.843454162112937,-4.356425314527443
043D13121B6785,0,1.944633209966,-2.373897724234501
043D16E2185085,2,4.337077422829129,-1.1768383496590098
043D19121B6784,0,2.374016231965858,-1.8707380576761818
043D19F2185085,0,-0.4002312012980785,-0.2769519130570883
043D23E2185085,4,2.320374440185399,-5.161762402640012
043D27F2185085,0,-0.9132994645886452,0.16976639299082397
043D2AF2185081,1,0.1951998446176867,1.5863938240681443
043D2D121B6785,3,0.0866885324451174,-0.9684113299695054
043D31E2185081,4,4.5667258553031775,-1.9007939864960364
043D33E2185085,3,-0.7066446939437647,0.17822321503329788
043D34F2185081,1,2.332331061903938,0.3846401001194794
043D35E2185085,3,-2.0670858221118578,-0.15869392330678686
043D37F2185081,2,1.3864546661005168,-1.6089836096540928
043D37F2185085,0,-0.8456837413746654,0.09542976327858044
043D38E2185081,6,-0.7379421304705909,-1.053554416394331
043D3BE2185085,4,0.7895896805192196,-2.059313972777347
043D3FF2185081,3,-0.7128400488226273,-1.7793516898304749
043D46E2185081,1,2.618820598189578,1.6130641151794896
043D4DF2185081,3,-1.0225134752344365,-0.1838627793270536
043D4EF2185081,0,1.0641076954401478,-1.049987328110204
043D50E2185081,1,0.20265671136301294,0.8434186017623565
043D54E2185081,5,2.0546940111668226,1.5104817998414193
043D55F2185081,1,2.3089465768628528,0.5126824518502558
043D5AE2185081,2,3.843454162112937,-4.356425314527443
043D5CF2185081,1,0.08826533518498056,1.7814667385800371
043D67E2185081,1,2.5755586253877945,1.1185642044256077
043D6EE2185081,2,3.292505075951708,-1.151669493638743
043D72E2185081,2,3.1818024606587443,-1.729754273630893
043D7CF2185081,0,-1.064564577468864,-0.9660671948836292
043D7EE2185081,3,-1.4864380769383116,-0.4092505216080272
043D80E2185081,5,2.6511629863389716,0.8389209783574203
043D8BE2185081,0,-0.2909665493531792,-2.336168363106078
043D96F2185081,1,0.08826533518498056,1.7814667385800371
043DA64A216281,0,0.26457911417240326,-1.8609276879711731
043DA6E2185081,3,0.12884563327017068,-1.0398196733891731
043DAAF2185081,6,-0.6475614911433789,0.25171890260442126
043DBDF2185081,3,-1.4687863578786262,-1.1024248143350792
043DC6E2185081,3,-0.7135954030809324,-1.3811272702504123
043DD1E2185081,0,2.569618581609597,-1.5348115067594386
043DE6E2185081,0,-1.4706691130182623,-0.7436564541964819
043DEEE2185081,1,0.13504098814903326,0.9177552314745998
043DFEF2185081,0,0.39819250799293626,-0.031919807369667846
043DFFE2185081,0,-1.4706691130182623,-0.7436564541964819
043DFFF2185081,6,0.01958098132527156,1.0193967766598158
043E0DE2185085,5,-0.09939400948410648,-0.8039816574424025
043E19121B6784,1,3.3515475807372495,1.3031661529816403
043E19E2185085,2,3.6220544254196962,-1.6467129707825165
043E27F2185081,1,1.979141916294199,1.7035267353153027
043E2EE2185081,2,3.875998709881765,-2.912601048391848
043E30F2185081,3,-1.4864380769383116,-0.4092505216080272
043E32F2185081,1,0.1951998446176867,1.5863938240681443
043E37E2185085,3,-0.51236628604642,0.3735439806388496
043E3AE2185081,1,2.7099861437022343,1.7523971332560513
043E40F2185081,1,1.979141916294199,1.7035267353153027
043E46E2185081,1,1.3741470540244645,0.39210633473861173
043E4EE2185081,1,0.3771999209871605,0.8152727441482637
043E56E2185081,2,2.780368743326899,-2.3862449872238183
043E57F2185081,3,-2.0670858221118578,-0.15869392330678686
043E5AE2185081,2,3.3357670487534907,-0.6571695828848615
043E61F2185081,3,-1.4687863578786262,-1.1024248143350792
043E66E2185081,3,-1.4864380769383116,-0.4092505216080272
043E68F2185081,0,-1.6452123226424098,-0.715510596582389
043E6AE2185081,5,2.0546940111668226,1.5104817998414193
043E72E2185081,2,3.1818024606587443,-1.729754273630893
043E74E2185081,6,-0.25524231740176284,0.719161748978989
043E7BE2185081,1,0.7758475897912327,1.335837225766904
043E7FE2185081,1,1.5494456179069174,-0.03426394245554404
043E7FF2185081,0,0.43987767805485606,-2.2872979651653296
043E8BE2185081,2,0.03977933229742304,-3.1446167222442822
043E92F2185081,6,0.6422341959706998,-0.49317065483460154
043EA2121B6781,3,-1.8925426124877103,-0.18683978092087963
043EA3E2185081,0,1.6849237877084846,-0.159571150716271
043EA5E2185081,6,-0.25524231740176284,0.719161748978989
043EAFE2185081,1,1.8455285224736662,-0.1254811452862025
043EB54A216281,6,0.46352170697129247,-0.4136948373016383
043EBAF2185081,3,-0.8881386127050799,-1.3529814126363195
043EC1F2185081,0,-1.6452123226424098,-0.715510596582389
043ECAE2185081,1,3.308285607935466,0.808666242227759
043ECFF2185081,6,-0.023680991476511665,0.5248968659059342
043ED3E2185081,1,0.2874109730059817,2.6194970735226026
043EDAF2185081,3,-0.7128400488226273,-1.7793516898304749
043EE1F2185081,1,1.8455285224736662,-0.1254811452862025
043EEAE2185081,1,1.8380716557283399,0.6174940770195853
043EEEF2185081,6,-1.3362415947038226,-0.10982352536603844
043EEFE2185081,0,-0.2909665493531792,-2.336168363106078
043EF0F2185081,2,0.5625267016580308,-3.895302677798691
043EFCE2185081,0,-0.9132994645886452,0.16976639299082397
043F01F2185085,6,-0.4934510406342948,1.195616745248813
043F02E2185085,6,1.195434565025057,0.47158215227157463
043F07E2185085,1,1.881333628530123,1.1119939877734668
043F10E2185085,3,-1.3118948673141642,-0.43739637922212
043F12E2185085,2,3.068847423049331,-0.4806522385446364
043F14F2185085,0,-0.26503599620111934,-0.15512683502265986
043F18121B6784,6,-0.6475614911433789,0.25171890260442126
043F1A121B6784,6,0.28523747038352254,1.217182227716589
043F24E2185085,2,3.1440858518280006,-3.797878037965061
043F26F2185085,3,-2.0670858221118578,-0.15869392330678686
043F2C121B6785,0,0.5558458569727518,-0.4754680334334669
043F33F2185085,6,0.6422341959706998,-0.49317065483460154
043F3AF2185081,6,-0.7555938495302763,-0.3603801236672788
043F3EF2185081,1,0.12868899338043666,2.226638707953937
043F40E2185081,1,0.5322060608310014,0.34837512461858283
043F41F2185081,6,-0.7555938495302763,-0.3603801236672788
043F43F2185081,1,1.7086757696265962,2.2720659000301997
043F44E2185081,5,1.3865889066430692,-0.9472154248226833
043F4CE2185081,5,2.1861174879108143,-0.13627506496171396
043F64E2185081,5,-0.09939400948410648,-0.8039816574424025
043F64F2185081,3,0.15643373417234127,-1.3781502686565863
043F72F2185081,3,-0.9979114367441131,-1.2072364395044086
043F73F2185081,6,-0.7555938495302763,-0.3603801236672788
043F78F2185081,3,-1.8925426124877103,-0.18683978092087963
043F7CF2185081,0,-0.8456837413746654,0.09542976327858044
043F95E2185081,3,-0.754525218884547,0.4760264679651858
043F95F2185081,6,-1.3362415947038226,-0.10982352536603844
043FA2121B6781,3,-1.8492806396859274,0.3076601298330021
043FA2F2185081,3,-0.9979114367441131,-1.2072364395044086
043FA84A216281,1,1.548690263648612,0.36396047712451896
043FA9E2185081,2,0.03977933229742304,-3.1446167222442822
043FAAF2185081,1,1.665413796824813,1.777565989276318
043FADE2185081,1,0.8411245226910357,1.0406604864292373
043FB2F2185081,1,0.23846181741946987,2.080893734822026
043FB54A216281,6,1.195434565025057,0.47158215227157463
043FBFE2185081,6,1.195434565025057,0.47158215227157463
043FC7E2185081,1,1.3741470540244645,0.39210633473861173
043FDBF2185081,6,0.6422341959706998,-0.49317065483460154
043FDCF2185081,2,1.3864546661005168,-1.6089836096540928
043FE2E2185081,1,0.8411245226910357,1.0406604864292373
043FE7F2185081,6,-0.6043287366500578,0.7754534642071745
043FEBF2185081,3,-1.4864380769383116,-0.4092505216080272
043FECF2185081,3,-2.0670858221118578,-0.15869392330678686
044008F2185085,0,-0.9132994645886452,0.16976639299082397
044009E2185085,4,3.096223751194212,-2.362354942867584
044012121B6785,1,3.1738580896210262,0.17483331339731537
044018121B6785,1,1.665413796824813,1.777565989276318
044019121B6785,5,0.5424289567252691,0.5371052190766696
044019E2185085,0,2.569618581609597,-1.5348115067594386
04401A121B6784,6,0.8872779615803768,-1.329279870715838
04401BE2185085,5,1.7634272683664742,0.12502214530371275
04401DE2185085,3,-1.8925426124877103,-0.18683978092087963
044020E2185085,2,1.2239916595113498,-0.3991107678186244
044029E2185085,5,1.7642439884413657,0.42054160831388826
044029F2185085,3,-0.5968718699047314,0.03247824190138684
04402BE2185085,1,1.548690263648612,0.36396047712451896
04402C121B6785,0,1.2877587150265166,0.40980895613974616
04402CE2185085,1,1.97807328564847,0.8671201436828382
04402FF2185081,3,-1.4864380769383116,-0.4092505216080272
044036E2185081,0,1.7700900003418525,-2.3457518666204087
044038E2185085,1,1.97807328564847,0.8671201436828382
044038F2185085,5,1.8971829021086337,0.8299189294700593
044039E2185085,1,0.21954657200734481,1.2588209702120627
04403AE2185081,3,-1.3118948673141642,-0.43739637922212
044045F2185081,3,-1.3351729640580932,0.7265830662664261
044046E2185081,6,0.46352170697129247,-0.4136948373016383
044046F2185081,0,-0.6006399757649885,-0.7406794526026559
04404AE2185081,2,0.2742665960091158,-1.509478123921583
04404CF2185081,3,-1.4864380769383116,-0.4092505216080272
04404DF2185081,1,-0.40234478422272973,1.662811740529722
04404FF2185081,3,-1.425524385076843,-0.6079249035811974
044051F2185081,6,-1.1616983850796752,-0.1379693829801312
044056F2185081,3,-1.4864380769383116,-0.4092505216080272
044057F2185081,3,-1.0225134752344365,-0.1838627793270536
044058F2185081,6,-1.1616983850796752,-0.1379693829801312
044059F2185081,1,1.8399570064489605,1.7494201316622253
044066E2185081,2,0.2742665960091158,-1.509478123921583
04406BE2185081,2,0.03977933229742304,-3.1446167222442822
04406FE2185081,3,-0.754525218884547,0.4760264679651858
044074F2185081,0,-0.9132994645886452,0.16976639299082397
044084F2185081,1,0.7333404523822651,-0.02597565955369246
04408CF2185081,1,0.8186013904988819,-0.08313434039629251
04408DF2185081,3,-1.4687863578786262,-1.1024248143350792
04408EF2185081,6,-1.3362415947038226,-0.10982352536603844
04409EF2185081,3,-2.0670858221118578,-0.15869392330678686
0440A6F2185081,6,-0.7555938495302763,-0.3603801236672788
0440A84A216281,1,1.548690263648612,0.36396047712451896
0440ADE2185081,5,-0.5680954279961603,0.7031448135329407
0440AFF2185081,6,-0.7555938495302763,-0.3603801236672788
0440C0F2185081,3,-1.4864380769383116,-0.4092505216080272
0440C6F2185081,3,-1.5962109009773449,-0.26350554847611624
0440D1F2185081,3,-1.425524385076843,-0.6079249035811974
0440D7E2185081,5,1.7634272683664742,0.12502214530371275
0440D7F2185081,0,-0.46626511323563213,-1.9097980859119217
0440D9F2185081,3,-1.4864380769383116,-0.4092505216080272
0440DDE2185081,1,1.2593092612754144,1.9999767299634656
0440E1E2185081,1,1.2593092612754144,1.9999767299634656
0440E1F2185081,1,0.2900471279928743,0.45085761194491897
0440E8E2185081,5,3.029685925143248,0.24448859134099063
044105E2185085,1,1.1280280244530503,2.52262249833144
04410DE2185085,1,0.9345695694167777,1.7286955913355695
044111E2185085,3,-0.6633827211419814,0.6727231257871796
044112121B6785,1,0.3060775406334496,2.006557105109782
044113121B6784,2,5.764992535851348,-2.631772691517984
044114E2185085,2,1.2239916595113498,-0.3991107678186244
044114F2185085,2,1.9595932784501833,-1.029966695055242
044118121B6785,1,1.665413796824813,1.777565989276318
044119121B6785,1,2.7099861437022343,1.7523971332560513
044125E2185085,1,-0.6454172068293819,1.683268399259307
044129E2185081,1,1.820419936668654,1.3106683697466373
04412EE2185081,1,2.7519845901515785,0.7316499866729176
044132E2185081,3,-1.3118948673141642,-0.43739637922212
044133F2185081,0,-0.11377088332090067,0.9807067528517934
044134F2185085,5,1.0543923480391062,-0.4755213411447917
044135E2185081,1,0.9522212884764634,1.0355212986085174
044143F2185081,0,-1.6452123226424098,-0.715510596582389
044146E2185081,5,2.1185017646968345,-0.0619384352494704
044148E2185081,3,-1.8925426124877103,-0.18683978092087963
04414CF2185081,6,0.6422341959706998,-0.49317065483460154
04414EE2185081,2,1.2009945129860535,-3.69806079313181
04415CE2185081,0,1.3906713722028192,-0.3405240174299059
044160E2185081,0,1.3906713722028192,-0.3405240174299059
044162E2185081,0,-0.26503599620111934,-0.15512683502265986
044162F2185081,3,-0.7112632460827638,0.9705263787190673
044164E2185081,0,1.1084382988876604,0.2809191742761427
044166E2185081,1,4.721562317946529,-0.6518975461305024
04416BF2185081,3,-1.3351729640580932,0.7265830662664261
04416DF2185081,3,-0.5968718699047314,0.03247824190138684
04417EE2185081,0,0.7795363506763017,-0.18029569104292667
044182E2185081,3,-0.6633827211419814,0.6727231257871796
044196E2185081,0,1.1084382988876604,0.2809191742761427
04419BE2185081,3,-1.8925426124877103,-0.18683978092087963
0441A1E2185081,1,0.1951998446176867,1.5863938240681443
0441A2F2185081,3,-2.0670858221118578,-0.15869392330678686
0441A54A216281,3,-0.6633827211419814,0.6727231257871796
0441A5F2185081,1,2.306467061765694,-0.5851364679151707
0441ADF2185081,6,0.7499170366391729,-0.8452043023165134
0441AFE2185081,0,0.46687686185264526,0.7301501545505531
0441B3E2185081,1,2.7099861437022343,1.7523971332560513
0441B3F2185081,3,-0.754525218884547,0.4760264679651858
0441B5E2185081,4,3.096223751194212,-2.362354942867584
0441BBE2185081,6,-0.15729438529704454,-1.3041110146955712
0441BBF2185081,1,2.332331061903938,0.3846401001194794
0441CBF2185081,0,0.04388246565891497,0.5371585267879946
0441E1E2185081,0,0.822798323478085,0.31420421971095513
0441E3E2185081,0,1.5652145818269667,-0.3686698750439987
0441E3F2185081,6,-0.7555938495302763,-0.3603801236672788
0441EBE2185081,5,2.9180303459645787,0.749001924611499
0441F3F2185081,6,-0.0060292724168260516,-0.1682774268211177
0441F8E2185081,0,1.1717905361086207,-1.4020209755921162
0441FFE2185081,1,0.9522212884764634,1.0355212986085174
044202E2185085,5,3.1630741115742556,-0.08710729126973715
04420AE2185085,6,-0.5810506399061288,-0.38852598128137156
044213121B6784,0,0.4409463087005853,-1.4508913735328648
044217121B6784,0,3.0151361099954817,-0.21802505217135024
044217121B6785,0,0.6414200714767928,0.7020042969364603
04421EE2185085,0,1.5652145818269667,-0.3686698750439987
04422EF2185081,6,0.13397235750330394,0.08134863984213529
044237E2185081,1,2.087287296294261,1.2207493160007157
044243E2185081,0,0.46687686185264526,0.7301501545505531
04424FE2185081,1,1.665413796824813,1.777565989276318
04424FF2185081,6,0.061586450797153754,-0.24261405653336113
044257E2185081,2,2.380697076651137,-5.290572702041405
044259F2185081,0,-0.2717380275536303,-0.2794645872835867
04425FE2185081,1,0.9345695694167777,1.7286955913355695
04425FF2185081,0,1.0879482652216477,0.9247655256232126
044264E2185081,0,-0.33265171941509913,-0.08079020531041635
044266F2185081,6,-0.7555938495302763,-0.3603801236672788
044268E2185081,1,1.1091127790409252,1.7005497337214768
044269F2185081,5,0.7012032024293672,0.8433652940510316
04426EF2185081,0,-1.6452123226424098,-0.715510596582389
044274E2185081,6,-0.5810506399061288,-0.38852598128137156
044278E2185081,0,-0.33265171941509913,-0.08079020531041635
044284F2185081,2,0.16342514132435337,-2.2001397424221367
0442B1E2185081,1,2.087287296294261,1.2207493160007157
0442C0E2185081,1,0.6834711737112202,1.4842087124930363
0442CFE2185081,0,3.989649459892765,-1.5371745357037154
0442D1E2185081,0,0.02326974221034084,-0.49673614015001466
0442E0E2185081,6,-0.5626435665881376,-1.479924693588486
0442FBE2185081,1,3.308285607935466,0.808666242227759
044304E2185085,0,-1.4706691130182623,-0.7436564541964819
04430DE2185085,6,0.6393888583418345,-0.30123490960453986
044317121B6784,2,3.797352989302149,-2.073083247976672
044317121B6785,0,0.6414200714767928,0.7020042969364603
044321E2185085,3,-0.6869094956705675,0.40168983825294236
044329121B6784,0,2.0810919414153988,-0.7368255888630574
04432BE2185085,1,1.0404284251812161,0.9384797718012554
04432F121B6785,0,0.465808231206916,-0.10625643708191145
04432FE2185085,2,4.7589509222985775,-1.7336550229346122
044331E2185085,3,0.01907280923113747,-0.894074700257262
044333E2185085,0,-1.4706691130182623,-0.7436564541964819
04433DE2185081,1,2.884529353326382,1.7242512756419586
04435EE2185081,6,-0.5377886671043457,0.10597392947251004
044362E2185081,6,0.6163036428186399,-2.6742121829180188
04436CE2185081,6,-0.42978552702591033,0.7473076065930817
04439AE2185081,6,-1.1616983850796752,-0.1379693829801312
0443A6E2185081,6,-0.5377886671043457,0.10597392947251004
0443B44A216281,2,2.0496831702945726,-1.485776582001101
0443CBE2185081,2,4.7589509222985775,-1.7336550229346122
0443E3E2185081,1,0.2874109730059817,2.6194970735226026
0443F0E2185081,6,0.08719670453925119,0.9450601469475726
0443F8E2185081,1,0.8658852155570687,0.9666256294153482
044413121B6785,0,1.2127203519122354,-3.2591747138077145
044422E2185085,6,-1.1616983850796752,-0.1379693829801312
044446E2185081,2,2.8067046141533494,-2.0366491074607276
044452E2185081,5,-1.3676240092639047,-0.107795546328029
04445AE2185081,1,1.9949631462928015,1.2825225121325445
0444A64A216281,2,2.3582356999820995,-3.831073793542683
0444A9E2185081,1,2.884529353326382,1.7242512756419586
0444ACE2185081,5,-0.505498545033505,-0.5815709167552551
0444B44A216281,2,2.0496831702945726,-1.485776582001101
0444BCE2185081,1,1.3741470540244645,0.39210633473861173
0444D5F2185081,6,-0.5810506399061288,-0.38852598128137156
0444E3E2185081,5,2.9199131011042145,0.390233564472902
0444FDE2185081,6,-0.5626435665881376,-1.479924693588486
044519121B6784,1,3.1059290900196226,-0.9854610681029685
04451EE2185085,0,1.462301924650664,0.3816630985256534
044522E2185085,0,0.465808231206916,-0.10625643708191145
044528E2185081,5,0.49919620223194794,0.013370657473916272
04452A121B6784,3,-0.8881386127050799,-1.3529814126363195
04452D121B6785,5,0.9846992832314756,1.2680806046953468
04452FE2185085,1,2.884529353326382,1.7242512756419586
04453BF2185081,5,2.6511629863389716,0.8389209783574203
044545E2185081,1,0.7758475897912327,1.335837225766904
04454BE2185081,1,1.2593092612754144,1.9999767299634656
04454DF2185081,6,-0.5810506399061288,-0.38852598128137156
04454EF2185081,6,-0.6043287366500578,0.7754534642071745
044551E2185081,6,0.6422341959706998,-0.49317065483460154
04457AE2185081,6,0.5978969592071791,0.30673638212310894
04457BF2185081,6,0.15086221814763584,0.49675100829184143
044582E2185081,0,0.6403514408310635,-0.1344022946960042
044586E2185081,6,-1.3362415947038226,-0.10982352536603844
04458EE2185081,5,0.49919620223194794,0.013370657473916272
044596E2185081,0,0.6403514408310635,-0.1344022946960042
044598E2185081,1,0.7758475897912327,1.335837225766904
04459CE2185081,1,2.0213352584502533,1.36162005443672
0445AEF2185081,0,1.818223386276104,-0.03428283631394488
0445BFF2185081,6,1.4641846797903004,0.02289473838705597
0445CDE2185081,5,0.49919620223194794,0.013370657473916272
0445D5E2185081,2,0.288966929283436,-2.6802906481425026
0445D9E2185081,5,1.410313809664546,-0.8914672759843898
0445DDE2185081,2,2.380697076651137,-5.290572702041405
044602E2185085,1,2.0213352584502533,1.36162005443672
044609E2185085,0,1.3722642988848281,0.7508746948772087
04462D121B6785,5,0.9846992832314756,1.2680806046953468
04462DE2185081,5,1.2973587720551323,0.35763475910186676
04462DF2185085,6,-1.2929796219020395,0.3846763853878434
044633F2185085,6,-1.3362415947038226,-0.10982352536603844
04463FE2185081,2,0.03977933229742304,-3.1446167222442822
044656F2185081,6,-0.4934510406342948,1.195616745248813
04465BF2185081,6,0.15086221814763584,0.49675100829184143
04466CF2185081,6,-0.4934510406342948,1.195616745248813
04466EE2185081,2,2.5402410236237296,-1.2805232933564823
044674E2185081,0,0.6403514408310635,-0.1344022946960042
044676F2185081,6,-0.5367130134360779,0.7011168344949311
044686E2185081,6,-1.1616983850796752,-0.1379693829801312
0446A2121B6781,3,-1.8492806396859274,0.3076601298330021
0446ABF2185081,1,0.8191095625930159,1.8303371365207857
0446B2E2185081,1,1.2466702448471927,1.3176238911918783
0446B54A216281,6,0.46352170697129247,-0.4136948373016383
0446BAE2185081,5,0.49919620223194794,0.013370657473916272
0446CEE2185081,3,-1.8925426124877103,-0.18683978092087963
0446DEF2185081,6,0.15086221814763584,0.49675100829184143
0446E3F2185081,6,-1.3362415947038226,-0.10982352536603844
04470CE2185085,3,0.0014275943285003187,-0.9112526491269055
044718121B6784,0,0.26457911417240326,-1.8609276879711731
044719121B6784,1,2.4390118249404975,0.40746482105387
04471A121B6784,1,2.7532481165040177,2.2468970440099327
04472AE2185081,1,1.747835901469613,1.2019908120670844
04472C121B6785,1,1.9967936353538849,1.0103524425882506
04472CE2185085,2,0.447741174987534,-2.3740305731681404
044736E2185081,1,2.7099861437022343,1.7523971332560513
04473BE2185081,1,0.21954657200734481,1.2588209702120627
044747E2185081,5,0.49890545474912523,-1.7477125484706948
044777E2185081,2,0.49100314778931725,-1.8795306624142587
04477BE2185081,3,-1.4864380769383116,-0.4092505216080272
044783E2185081,2,3.772953606127407,-3.5484619562603004
044787E2185081,1,1.1091127790409252,1.7005497337214768
04478BE2185081,1,1.2593092612754144,1.9999767299634656
0447A2121B6781,3,-1.4864380769383116,-0.4092505216080272
0447A84A216281,1,2.3471435809546195,2.469307784697081
0447BCE2185081,1,1.1972650540861403,0.19941208272728125
0447C4E2185081,3,-0.3790666874788007,0.4988322950411757
0447DDE2185081,0,1.7700900003418525,-2.3457518666204087
0447EAE2185081,1,0.7758475897912327,1.335837225766904
0447F1E2185081,6,-0.5810506399061288,-0.38852598128137156
0447FDE2185081,5,-0.505498545033505,-0.5815709167552551
044812121B6785,3,0.4477004769726897,0.007309385881120088
044818121B6784,5,2.650341018991924,-2.778270064758836
044818121B6785,0,1.036660319320959,0.16532207729721285
044819121B6785,1,2.7099861437022343,1.7523971332560513
04481A121B6784,1,2.7532481165040177,2.2468970440099327
04481EE2185085,0,1.5299176478646437,0.30732646881340986
044826E2185085,5,1.314248632699464,0.7730371275515728
04482AE2185085,1,0.23846181741946987,2.080893734822026
04482BF2185085,1,0.36974305424183423,1.5582479664540516
04482C121B6785,1,1.9967936353538849,1.0103524425882506
044832E2185081,2,0.49100314778931725,-1.8795306624142587
044836E2185081,1,1.8576087255086462,1.0562458389351732
044838E2185081,1,0.2874109730059817,2.6194970735226026
04483AE2185081,0,0.5558458569727518,-0.4754680334334669
044846E2185081,6,1.710333317376707,-0.24730622332063093
044869E2185081,1,0.7758475897912327,1.335837225766904
04487FE2185081,3,-1.4431761041365285,0.08524938914585434
044885E2185081,1,4.678300345144746,-1.146397456884384
044889E2185081,5,0.49890545474912523,-1.7477125484706948
04489BE2185081,2,2.3101965206656074,-4.482609343774262
0448A3E2185081,1,2.8601299701516405,0.24887256735833066
0448A84A216281,1,2.3471435809546195,2.469307784697081
0448AFE2185081,1,1.1080441483951957,0.8641431420890121
0448BFE2185081,3,-1.5962109009773449,-0.26350554847611624
0448DBE2185081,3,-1.4687863578786262,-1.1024248143350792
0448FFE2185081,3,-1.5962109009773449,-0.26350554847611624
04490AF2185085,6,-0.5367130134360779,0.7011168344949311
044910E2185085,2,2.5402410236237296,-1.2805232933564823
044912121B6785,3,0.4477004769726897,0.007309385881120088
044913121B6784,0,0.4409463087005853,-1.4508913735328648
044918121B6785,0,1.036660319320959,0.16532207729721285
044919121B6785,1,-0.5356443827903486,1.5375234261273958
044923F2185085,6,-0.5367130134360779,0.7011168344949311
04492FE2185081,1,3.773421080206697,0.7463494797060385
044931E2185081,0,0.06077232630324684,0.9525608952377006
04493EE2185081,2,3.1066186248366567,-3.3805012427427
04495AF2185081,1,0.23846181741946987,2.080893734822026
044962E2185081,5,-0.6142027384268088,0.4005806480091207
04497BF2185081,1,2.263713261058045,0.8338350982480257
044983F2185081,5,2.6511629863389716,0.8389209783574203
044997E2185081,0,0.06077232630324684,0.9525608952377006
0449ADE2185081,2,4.686244716182465,-3.0509850439125925
0449B9E2185081,2,1.088794439928415,-4.736733030359629
044A13121B6784,6,0.15086221814763584,0.49675100829184143
044A17121B6784,2,3.797352989302149,-2.073083247976672
044A17121B6785,1,1.8399570064489605,1.7494201316622253
044A1EF2185085,6,-1.3362415947038226,-0.10982352536603844
044A29121B6784,0,1.9713191173763653,-0.5910806157311462
044A48E2185081,0,1.97056376311806,-0.1928561961510835
044A4AE2185081,2,3.1066186248366567,-3.3805012427427
044A4CE2185081,6,1.2386965378268402,0.9660820630254562
044A4EE2185081,6,0.13397235750330394,0.08134863984213529
044A5EE2185081,5,-0.505498545033505,-0.5815709167552551
044A63E2185081,5,2.294927729460618,-0.4488526530021606
044A67E2185081,2,2.3101965206656074,-4.482609343774262
044A68F2185081,6,-1.3362415947038226,-0.10982352536603844
044A8EF2185081,0,1.818223386276104,-0.03428283631394488
044A93E2185081,5,-0.6142027384268088,0.4005806480091207
044A97E2185081,0,-0.8900213678447164,-0.9942130524977221
044A9BE2185081,5,2.6688147053986575,0.14574668563036844
044AA8E2185081,5,3.0944563107283622,0.3620877068588092
044AAFF2185081,6,-1.3362415947038226,-0.10982352536603844
044AB5E2185081,5,0.11841117294182427,-0.3376276043026138
044AC6E2185081,0,-0.8900213678447164,-0.9942130524977221
044ACAE2185081,5,2.6688147053986575,0.14574668563036844
044ACEE2185081,1,1.1080441483951957,0.8641431420890121
044ADBE2185081,1,1.1080441483951957,0.8641431420890121
044B08F2185085,6,-1.3362415947038226,-0.10982352536603844
044B17121B6784,5,3.5583809124322374,0.5874754491397827
044B17121B6785,1,1.8399570064489605,1.7494201316622253
044B29121B6784,5,-0.05613203668232325,-0.309481746688521
044B2D121B6784,5,2.476619776714824,0.8670668359715131
044BB44A216281,3,-1.4449457880971264,0.8723280393983373
044C13121B6785,6,-1.3362415947038226,-0.10982352536603844
044CA2121B6781,3,-1.4864380769383116,-0.4092505216080272
044CB44A216281,5,1.2735721135105393,-2.281407125060678
044CB6F2185081,3,-0.6869094956705675,0.40168983825294236
044CF0F2185081,3,-2.0670858221118578,-0.15869392330678686
044D13121B6785,0,1.1977210892606807,0.7790205524913015
044D2A121B6784,3,-0.8881386127050799,-1.3529814126363195
044D2D121B6785,0,-0.27280665819935956,-1.1158711789160514
044DC3F2185081,1,0.13504098814903326,0.9177552314745998
044E19121B6784,1,2.4390118249404975,0.40746482105387
044E2A121B6784,3,-0.6436475228687842,0.8961897490068241
044E2D121B6785,0,-0.27280665819935956,-1.1158711789160514
044E2E121B6784,5,2.476619776714824,0.8670668359715131
044E42F2185081,1,-0.6454172068293819,1.683268399259307
044EB54A216281,6,1.195434565025057,0.47158215227157463
044F18121B6784,5,2.650341018991924,-2.778270064758836
044F19121B6784,6,-0.5367130134360779,0.7011168344949311
044F1A121B6784,2,6.188748790460432,-3.547357724932184
044F2C121B6785,1,0.1951998446176867,1.5863938240681443
044FA2121B6781,3,-1.4864380769383116,-0.4092505216080272
044FA84A216281,3,-0.6436475228687842,0.8961897490068241
044FB54A216280,5,2.826468054378473,-0.29780154043343043
044FB54A216281,6,1.195434565025057,0.47158215227157463
045012121B6785,0,1.944633209966,-2.373897724234501
045018121B6784,0,1.4150180995924775,-0.6680968712859875
045018121B6785,0,-0.159177140436681,-0.9453426545569735
045019121B6785,1,-0.5356443827903486,1.5375234261273958
04501A121B6784,2,6.188748790460432,-3.547357724932184
04502C121B6785,1,0.994728425885431,2.3973341839291136
0450A84A216281,1,1.3712555879369068,3.2565466026375685
045112121B6785,1,2.41683664576225,0.725705838856942
045113121B6784,5,1.834744544426895,-0.3874217499532553
045118121B6785,0,-0.159177140436681,-0.9453426545569735
045119121B6785,1,2.840592900371334,-0.18987919455725746
04517EF2185081,0,0.10403429910503002,1.4470608059915826
045213121B6784,5,1.834744544426895,-0.3874217499532553
045217121B6784,2,4.017997371737084,-4.384571172141536
04522D121B6784,6,-0.7555938495302763,-0.3603801236672788
045237F2185081,3,-2.0670858221118578,-0.15869392330678686
045317121B6784,0,0.15455097903270512,-1.0193819085179887
045317121B6785,6,-0.7123318767284932,0.13411978708660283
045329121B6784,5,-0.05613203668232325,-0.309481746688521
04532D121B6784,6,-0.7555938495302763,-0.3603801236672788
0453A54A216281,0,0.4401909544422802,-1.0526669539528015
0453B44A216281,3,-1.4449457880971264,0.8723280393983373
045413121B6785,0,1.3722642988848281,0.7508746948772087
045417121B6785,6,-0.7123318767284932,0.13411978708660283
045429121B6784,0,1.1717905361086207,-1.4020209755921162
04545CE2185080,5,0.48120146961088633,-0.967939965149339
0454B44A216281,5,0.39116384384505043,-0.5987283687977837
045513121B6785,0,-0.0004551608111360249,-0.5524842889883081
04552A121B6784,1,0.7758475897912327,1.335837225766904
0455A2121B6781,3,-1.4431761041365285,0.08524938914585434
0455A64A216281,1,1.3974185174523854,1.358940428594122
0455B3E2185080,2,2.5391723929780006,-2.116929884988947
045619121B6784,2,3.354927521918738,-3.5584393966310617
04562E121B6784,1,0.045003362383197305,1.2869668278261555
045649F2185081,0,0.9540795603004492,-0.20844154865701944
04566FE2185080,5,0.48120146961088633,-0.967939965149339
0456A2121B6781,3,-1.4431761041365285,0.08524938914585434
0456B54A216281,6,1.195434565025057,0.47158215227157463
045718121B6784,0,1.4150180995924775,-0.6680968712859875
045719121B6784,2,5.532548950414261,-3.10375619115706
04571A121B6784,1,3.131859643171682,1.195580459980449
04572E121B6784,1,0.045003362383197305,1.2869668278261555
0457B54A216281,6,0.46352170697129247,-0.4136948373016383
0457D7F2185081,0,1.1710351818503155,-1.003796556012053
045811F2185084,1,1.5114492087300666,0.7049812985302863
045812121B6785,1,2.41683664576225,0.725705838856942
045812F2185084,1,0.12868899338043666,2.226638707953937
045818121B6784,0,1.2386509050642953,-1.0781331857242966
045818121B6785,0,0.4401909544422802,-1.0526669539528015
045819F2185084,0,0.46687686185264526,0.7301501545505531
04581A121B6784,1,3.131859643171682,1.195580459980449
045827F2185084,0,1.5946266676331722,-0.26881829825900994
04586BF2185080,1,-0.36110117316620116,1.509377568513303
04587EF2185080,0,-1.6452123226424098,-0.715510596582389
0458B2F2185080,6,-0.6043287366500578,0.7754534642071745
0458E7F2185080,1,0.3771999209871605,0.8152727441482637
0458F0F2185080,6,-1.4460144187428559,0.03592144776587269
045905F2185084,6,-1.1616983850796752,-0.1379693829801312
04590DF2185084,3,-2.0670858221118578,-0.15869392330678686
045910F2185084,1,-0.20344782418638555,1.065829342449504
045912121B6785,3,-1.268632894512381,0.05710353153176158
045913121B6784,0,1.3722642988848281,0.7508746948772087
045918121B6785,3,-0.6869094956705675,0.40168983825294236
045919121B6785,1,2.840592900371334,-0.18987919455725746
045927F2185084,1,1.5114492087300666,0.7049812985302863
045929F2185080,3,-1.4864380769383116,-0.4092505216080272
04593BF2185080,1,-0.36110117316620116,1.509377568513303
04593CF2185080,1,0.7758475897912327,1.335837225766904
04593EF2185080,3,-0.7112632460827638,0.9705263787190673
04595CF2185080,0,-0.6965629128084438,-0.20028614550185173
045992F2185080,3,-2.0670858221118578,-0.15869392330678686
0459ADF2185080,5,0.43158047901796837,0.08770728718615982
0459B3F2185080,3,-1.1606297544339457,0.6984372086523333
0459C0F2185080,0,-0.8900213678447164,-0.9942130524977221
0459C3F2185080,5,0.43158047901796837,0.08770728718615982
0459CAF2185080,1,0.3771999209871605,0.8152727441482637
0459CFF2185080,5,-0.8302382368921419,-0.8528520553831509
045A02F2185084,3,-0.5799820092603996,0.447880610351093
045A13121B6784,2,3.3943420794597428,-2.497145372230816
045A17121B6784,0,0.15455097903270512,-1.0193819085179887
045A18F2185084,1,0.36974305424183423,1.5582479664540516
045A19121B6785,3,-0.6869094956705675,0.40168983825294236
045A30F2185084,3,-1.1606297544339457,0.6984372086523333
045A37F2185080,0,0.6831052415387127,-1.5533738608592003
045A60F2185080,3,-1.1606297544339457,0.6984372086523333
045A67F2185080,3,-0.51236628604642,0.3735439806388496
045A77F2185080,3,-1.2675572408441134,0.6522464365541827
045AA54A216280,3,-1.4431761041365285,0.08524938914585434
045AA84A216281,0,1.7036441374139,-0.016338851810858365
045AC4F2185080,6,-1.1616983850796752,-0.1379693829801312
045B0CF2185085,3,-1.8492806396859274,0.3076601298330021
045B0FF2185085,1,2.7519845901515785,0.7316499866729176
045B18F2185084,1,0.045003362383197305,1.2869668278261555
045B27F2185084,6,0.6422341959706998,-0.49317065483460154
045B29121B6784,0,1.1717905361086207,-1.4020209755921162
045B2D121B6784,5,2.3216136368709828,1.3339644555011942
045B3FF2185081,6,-0.42978552702591033,0.7473076065930817
045B57F2185081,2,-0.7261933317877801,-2.5552702153372473
045B6DF2185080,1,-0.36110117316620116,1.509377568513303
045B84F2185080,3,-1.1606297544339457,0.6984372086523333
045B8CF2185080,1,0.8009561755962448,-0.10031228926593579
045B99F2185080,0,-1.5804419370572955,-0.5979114810645708
045B9FF2185080,6,-1.3362415947038226,-0.10982352536603844
045BA4F2185080,3,-1.1606297544339457,0.6984372086523333
045BA54A216280,2,3.4886375724642265,-3.3745711255142967
045BA84A216281,1,1.0230648580233688,1.9020428556916813
045BA9F2185080,6,-1.3362415947038226,-0.10982352536603844
045BB44A216281,5,0.39116384384505043,-0.5987283687977837
045BE1F2185080,3,-1.2675572408441134,0.6522464365541827
045BE6F2185080,3,-1.8925426124877103,-0.18683978092087963
045BF6F2185080,6,-1.1616983850796752,-0.1379693829801312
045C13121B6785,0,-0.0004551608111360249,-0.5524842889883081
045C18F2185084,3,-1.4864380769383116,-0.4092505216080272
045C1AF2185085,1,1.6152307229008542,1.5840307951238677
045C29121B6784,5,0.9414373104296925,0.7735806939414649
045C2BF2185084,6,1.6608759896960612,-2.6993810389382853
045C2D121B6784,5,3.3661859837484043,1.3087955994809275
045C32121B6784,1,0.13504098814903326,0.9177552314745998
045C3A121B6784,3,-2.0670858221118578,-0.15869392330678686
045C71F2185080,0,0.5727357176170839,-0.06006566498376062
045C98F2185080,0,-0.0004551608111360249,-0.5524842889883081
045C9AF2185080,3,-1.1322862992734697,-0.03811780619514257
045CB44A216281,5,0.39116384384505043,-0.5987283687977837
045CB7F2185080,0,-0.159177140436681,-0.9453426545569735
045CE7F2185080,3,-0.8881386127050799,-1.3529814126363195
045CE93A9C4C80,3,-1.4864380769383116,-0.4092505216080272
045D13121B6785,1,0.9936527722171634,1.802191278906693
045D32121B6784,0,-0.3160686310011427,-1.610371089669933
045D76F2185080,3,-0.7128400488226273,-1.7793516898304749
045D7FF2185080,6,0.6163036428186399,-2.6742121829180188
045D9FF2185080,3,-1.1189445843720256,-1.5569409491433273
045DA2121B6781,3,-1.4431761041365285,0.08524938914585434
045DA7F2185080,6,-1.3362415947038226,-0.10982352536603844
045DECF2185080,2,0.11442371965928846,-2.65214479052841
045DECF2185081,1,-0.36110117316620116,1.509377568513303
045E06F2185084,2,2.664506952706159,-3.1621378251979113
045E19121B6784,0,0.39819250799293626,-0.031919807369667846
045E2E121B6784,3,0.062334782032920706,-0.39957478950338055
045E31F2185080,1,0.7757953237126797,1.4224355163612077
045E45F2185080,0,-0.26503599620111934,-0.15512683502265986
045E7FF2185081,1,0.9335009387710482,0.8922889997031049
045E90F2185080,1,1.863681909470437,1.805168280500519
045E93F2185080,1,0.045003362383197305,1.2869668278261555
045EA2121B6781,0,-1.064564577468864,-0.9660671948836292
045EA5F2185080,3,-0.3986037572591073,0.06008053312558756
045ED3F2185080,0,1.1977210892606807,0.7790205524913015
045F18121B6784,0,1.2386509050642953,-1.0781331857242966
045F19121B6784,2,3.245154697879705,-3.412694423499151
045F1A121B6784,1,2.840592900371334,-0.18987919455725746
045F1DF2185085,3,-0.754525218884547,0.4760264679651858
045F2E121B6784,0,-0.46626511323563213,-1.9097980859119217
045F5CF2185080,0,-0.0004551608111360249,-0.5524842889883081
045F5DF2185080,1,0.9503907994153802,1.3076913681528113
045F63F2185080,1,3.1923174290175704,-1.0031636895041032
045FA6F2185080,0,-0.26503599620111934,-0.15512683502265986
045FB54A216280,5,-0.6778682520351936,0.8488897866648518
045FB54A216281,6,0.46352170697129247,-0.4136948373016383
045FBCF2185080,3,-0.6464928604976495,1.0881254942368859
045FF9F2185081,3,-0.46910431324463675,0.8680438913927313
046004F2185084,6,-1.3362415947038226,-0.10982352536603844
046018121B6784,2,2.705436768509774,-5.019291563413509
04601A121B6784,1,2.840592900371334,-0.18987919455725746
04601FF2185084,3,-1.4431761041365285,0.08524938914585434
04602BF2185080,6,-0.7123318767284932,0.13411978708660283
046039121B6784,0,-0.7556461156088297,-0.273781833072975
04603EF2185080,1,1.979141916294199,1.7035267353153027
046040F2185080,3,-1.4864380769383116,-0.4092505216080272
046047F2185080,6,-1.3362415947038226,-0.10982352536603844
046058F2185080,1,0.21954657200734481,1.2588209702120627
04605EF2185080,0,-0.26503599620111934,-0.15512683502265986
046067F2185080,1,1.979141916294199,1.7035267353153027
046077F2185080,0,-0.26503599620111934,-0.15512683502265986
046088F2185080,0,0.46687686185264526,0.7301501545505531
0460A8F2185080,3,-1.4864380769383116,-0.4092505216080272
0460C9F2185080,3,-0.7135954030809324,-1.3811272702504123
0460CAF2185080,1,1.168195981841311,1.7740454212926002
0460CFF2185080,0,-0.26503599620111934,-0.15512683502265986
0460DAF2185080,3,-1.3351729640580932,0.7265830662664261
0460E4F2185080,2,-1.038294007218195,-2.1441985151935556
0460E6F2185080,2,-1.038294007218195,-2.1441985151935556
0460F0F2185080,3,-2.0023154365267435,-0.04109480778896854
0460F4F2185080,0,0.39819250799293626,-0.031919807369667846
0460F7F2185080,0,-0.26503599620111934,-0.15512683502265986
0460F8F2185080,0,-0.33265171941509913,-0.08079020531041635
046113121B6784,2,3.3943420794597428,-2.497145372230816
046117121B6784,3,-0.8448766399032968,-0.858481501882438
04611BF2185084,2,-0.7261933317877801,-2.5552702153372473
046126F2185084,1,0.9936527722171634,1.802191278906693
04612AF2185084,3,-1.9573129980728248,-0.3044388964386979
046138F2185084,3,-0.11605740755652427,0.6732683526320665
04613AF2185084,3,-2.0670858221118578,-0.15869392330678686
04614CF2185080,0,-0.6970710849025776,-2.1137576224189294
046150F2185080,3,-1.4864380769383116,-0.4092505216080272
046161F2185080,6,-1.3362415947038226,-0.10982352536603844
04617FF2185080,0,-0.6538091121007945,-1.6192577116650477
046186F2185080,6,-0.5810506399061288,-0.38852598128137156
0461A0F2185080,3,-2.0670858221118578,-0.15869392330678686
0461A7F2185080,5,0.7001345717836379,0.006958702418566991
0461AEF2185080,1,0.8009561755962448,-0.10031228926593579
0461B7F2185080,0,-0.6970710849025776,-2.1137576224189294
0461BAF2185081,3,-1.9573129980728248,-0.3044388964386979
0461CAF2185080,3,-1.25022582119439,-1.0342951807753529
0461D2F2185080,5,-0.9223593418714893,-1.4002813749782919
0461D3F2185080,5,-0.9223593418714893,-1.4002813749782919
0461DBF2185080,3,-1.25022582119439,-1.0342951807753529
0461E0F2185080,0,0.39819250799293626,-0.031919807369667846
0461E93A9C4C80,3,-1.4864380769383116,-0.4092505216080272
0461F4F2185080,3,-0.9057903317647658,-0.6598071199092677
046208F2185084,6,-1.3362415947038226,-0.10982352536603844
046213121B6784,2,3.3943420794597428,-2.497145372230816
046220121B6784,3,-1.8492806396859274,0.3076601298330021
04623BF2185084,3,-1.4864380769383116,-0.4092505216080272
04624EF2185080,6,-0.4466753876702422,0.33190523814337575
046253F2185080,6,0.04393473173746796,0.4505602361936908
046255F2185080,6,-0.714101560689091,0.9211984373390857
046264F2185080,3,-1.0225134752344365,-0.1838627793270536
046267F2185080,6,-1.3362415947038226,-0.10982352536603844
046273F2185080,6,-0.6043287366500578,0.7754534642071745
046279F2185080,3,-1.3351729640580932,0.7265830662664261
046294F2185080,0,-0.6970710849025776,-2.1137576224189294
04629AF2185080,0,-0.33265171941509913,-0.08079020531041635
04629BF2185080,0,-0.6970710849025776,-2.1137576224189294
0462A4F2185080,1,0.1951998446176867,1.5863938240681443
0462A54A216280,3,-0.5536098971029482,0.5269781526552685
0462A84A216281,1,0.08826533518498056,1.7814667385800371
0462E3F2185080,0,-0.6970710849025776,-2.1137576224189294
0462F2F2185080,0,0.46687686185264526,0.7301501545505531
0462FBF2185080,1,-0.5356443827903486,1.5375234261273958
04630FF2185084,3,-2.0670858221118578,-0.15869392330678686
046317121B6784,1,1.862418383117998,0.28992122316350366
04631FF2185084,3,-1.0930140312199659,0.6241005789400899
046329121B6784,5,0.9414373104296925,0.7735806939414649
04632D121B6784,0,2.569618581609597,-1.5348115067594386
046340F2185080,6,0.04393473173746796,0.4505602361936908
046370F2185080,3,-1.3118948673141642,-0.43739637922212
046378F2185080,0,1.462301924650664,0.3816630985256534
0463A54A216280,2,-0.30638114916443016,-1.2589215256203425
0463A84A216281,0,0.6414200714767928,0.7020042969364603
0463A9F2185080,3,-1.8925426124877103,-0.18683978092087963
0463AEF2185080,3,-0.11605740755652427,0.6732683526320665
0463B9F2185080,3,-1.3351729640580932,0.7265830662664261
0463D7F2185080,0,1.1053446731806682,0.9273920392174339
0463E9F2185080,1,0.3095841977731808,0.889609373860507
046421F2185084,6,0.19412419094941907,0.991250919045723
046429121B6784,5,1.7187763655089994,-2.1992516816851175
04642D121B6784,0,2.569618581609597,-1.5348115067594386
046432121B6784,1,0.13504098814903326,0.9177552314745998
046438E2185084,5,1.64827580952347,-1.3912883234179734
04643A121B6784,5,0.6757808213714415,0.5757952428846921
04643CE2185084,0,-0.8900213678447164,-0.9942130524977221
046458F2185080,1,0.9503907994153802,1.3076913681528113
04645AF2185080,3,-1.4864380769383116,-0.4092505216080272
04647BF2185080,3,-0.15622575465131527,-0.4677044230631065
0464B0F2185080,3,-1.29191099125631,1.221082977020308
0464B44A216281,6,-0.023680991476511665,0.5248968659059342
0464E1F2185080,3,-0.8881386127050799,-1.3529814126363195
046505F2185084,6,0.5746184727567202,-0.41883402512235807
046508F2185084,3,-1.4864380769383116,-0.4092505216080272
04650CE2185084,0,-0.8900213678447164,-0.9942130524977221
046510E2185084,3,-0.51236628604642,0.3735439806388496
046514E2185084,1,0.13504098814903326,0.9177552314745998
04651EE2185084,6,0.9920759694773003,-0.9476867896428497
046521F2185080,3,0.3493840171144801,-2.4976948385777935
046526E2185084,1,1.1080441483951957,0.8641431420890121
04652AE2185084,5,1.6498526122633332,1.358589745131569
046532121B6784,0,-0.3160686310011427,-1.610371089669933
046536F2185080,3,-0.7135954030809324,-1.3811272702504123
046537F2185080,1,0.36974305424183423,1.5582479664540516
04653EE2185084,2,2.1333667868058366,-4.761901886379896
046543E2185080,6,0.13397235750330394,0.08134863984213529
046557E2185080,6,-0.3621698038119305,0.6729709768808383
046569E2185080,5,0.9179397542095685,0.4733127555583558
04656DE2185080,1,3.9047023170290616,0.2237037113380639
046571E2185080,0,0.6414200714767928,0.7020042969364603
046575F2185080,3,-2.0023154365267435,-0.04109480778896854
046576F2185080,1,0.36974305424183423,1.5582479664540516
04657AF2185081,6,-1.3362415947038226,-0.10982352536603844
046581E2185080,0,1.2386509050642953,-1.0781331857242966
046589E2185080,0,0.6414200714767928,0.7020042969364603
04659FF2185080,0,-1.4706691130182623,-0.7436564541964819
0465A2E2185080,6,0.21847794136161547,0.422414378579598
0465ADF2185080,6,-0.6043287366500578,0.7754534642071745
0465AFF2185080,3,-1.0029764054541301,0.2548889825885345
0465B44A216281,6,-0.06694296427829488,0.030396955152052617
0465B7F2185080,3,-0.2879534080446975,0.7247636037120412
0465B8E2185080,0,0.465808231206916,-0.10625643708191145
0465B9F2185080,5,0.3383606396817519,1.560275945492061
0465BFF2185080,3,-1.4864380769383116,-0.4092505216080272
0465CCE2185080,6,0.16851393720732147,-0.19642328443521048
0465E5F2185080,0,2.0133175638257095,-1.6118277623142798
0465E6E2185080,6,0.9265502296338805,-0.6670614855806055
0465F2E2185080,2,4.686244716182465,-3.0509850439125925
0465F5F2185080,6,-0.7555938495302763,-0.3603801236672788
0465FAF2185080,3,-0.6869094956705675,0.40168983825294236
0465FBF2185080,6,-0.7555938495302763,-0.3603801236672788
046603F2185084,1,0.7267331465130034,1.978708623246918
046613F2185084,0,-0.17499837043528355,-0.5243384313742153
046619121B6784,2,0.2731979653633865,-2.345884715554048
04661CF2185084,1,0.7088285664598489,0.06261063273561852
04662A121B6784,5,0.3828850097526765,-3.4729441896082536
04662E121B6784,1,0.9519009890665011,0.042153974006033657
046633F2185080,1,0.7088285664598489,0.06261063273561852
046633F2185084,3,-1.1775196150782776,0.28303484020262726
046636E2185080,1,1.1080441483951957,0.8641431420890121
046637E2185084,0,1.1710351818503155,-1.003796556012053
046638F2185080,0,-0.6711405317505179,0.06728390566448768
046649F2185080,3,-1.268632894512381,0.05710353153176158
046652E2185080,6,0.16851393720732147,-0.19642328443521048
046662E2185080,5,2.364875609672766,1.8284643662550757
04666BF2185080,0,0.5727357176170839,-0.06006566498376062
04666DE2185080,6,-0.3621698038119305,0.6729709768808383
046671E2185080,0,1.1710351818503155,-1.003796556012053
04667AF2185080,3,-1.5962109009773449,-0.26350554847611624
046680F2185080,1,0.20265671136301294,0.8434186017623565
04668BF2185080,6,-0.7123318767284932,0.13411978708660283
046693F2185080,3,-1.4431761041365285,0.08524938914585434
04669AF2185081,0,1.685992418354214,0.6768354409161935
04669CF2185081,6,-0.5810506399061288,-0.38852598128137156
0466A3F2185080,3,-2.0670858221118578,-0.15869392330678686
0466A4E2185080,1,1.2188856030799584,1.5548047605895656
0466B54A216280,5,-0.6778682520351936,0.8488897866648518
0466B54A216281,6,0.46352170697129247,-0.4136948373016383
0466B6F2185081,0,0.10403429910503002,1.4470608059915826
0466C5F2185081,3,-1.4864380769383116,-0.4092505216080272
0466CBF2185080,1,0.45575882775126664,0.6337763110447368
0466D1F2185081,6,-0.7555938495302763,-0.3603801236672788
0466D3E2185080,1,3.9047023170290616,0.2237037113380639
0466EBF2185080,6,0.21847794136161547,0.422414378579598
0466F2F2185081,0,-0.6965629128084438,-0.20028614550185173
0466FAF2185080,3,0.3309769437964888,-1.406296126270679
046715F2185084,6,-0.5810506399061288,-0.38852598128137156
046718121B6784,1,1.881333628530123,1.1119939877734668
046718F2185084,3,0.3309769437964888,-1.406296126270679
04671A121B6784,0,1.065176326085877,-0.21358073647773915
046725F2185084,3,-1.1775196150782776,0.28303484020262726
046727F2185084,3,-1.1775196150782776,0.28303484020262726
04672E121B6784,6,0.5978969592071791,0.30673638212310894
046737F2185084,0,-0.33265171941509913,-0.08079020531041635
04675CF2185080,0,-0.11484653698916833,0.38556384782937236
046771F2185081,0,0.8348785265130654,1.4959312039323311
046774F2185080,3,-2.0670858221118578,-0.15869392330678686
046781F2185081,3,-1.3118948673141642,-0.43739637922212
0467A2121B6781,0,-1.064564577468864,-0.9660671948836292
0467B54A216280,2,4.43534880105244,-2.0344885851716508
0467B54A216281,6,0.46352170697129247,-0.4136948373016383
0467CCF2185081,3,-0.754525218884547,0.4760264679651858
0467CEF2185080,3,-2.0670858221118578,-0.15869392330678686
0467E3F2185081,0,0.26457911417240326,-1.8609276879711731
0467FEF2185080,2,2.664506952706159,-3.1621378251979113
0467FEF2185081,1,2.1277545727662868,-0.5056606503822075
046818121B6784,2,3.5950029755433546,-4.577562799904095
04681A121B6784,0,1.8387743542015618,-1.583681904700187
046834F2185084,1,0.21954657200734481,1.2588209702120627
04686EF2185081,0,0.06077232630324684,0.9525608952377006
04687EF2185080,3,-1.4864380769383116,-0.4092505216080272
046886E2185080,2,3.271085251031765,-1.2316528954157338
0468A0F2185081,1,0.8406179753763472,1.4534363412847222
0468A2121B6781,0,-0.1317363976335003,-0.029838520620333795
0468AFF2185081,3,-1.0497520584181828,1.1186004896939716
0468C8F2185081,1,1.2830341642968912,2.055724878801759
0468CEF2185081,0,-1.064564577468864,-0.9660671948836292
0468CFF2185080,3,-1.4216676913531974,-0.291651406090209
0468D1F2185081,3,-2.0670858221118578,-0.15869392330678686
0468E1F2185080,3,-1.0029764054541301,0.2548889825885345
0468E7F2185081,6,-1.3362415947038226,-0.10982352536603844
0468F8F2185081,0,-0.11642333972903171,-2.3643142207201704
046917121B6784,3,-1.4864380769383116,-0.4092505216080272
046923F2185084,6,-0.7555938495302763,-0.3603801236672788
046942F2185080,3,-2.0670858221118578,-0.15869392330678686
04694BF2185080,3,-2.0670858221118578,-0.15869392330678686
04694EF2185081,0,-1.4706691130182623,-0.7436564541964819
04697DF2185081,6,-1.1616983850796752,-0.1379693829801312
046987F2185080,0,-1.6452123226424098,-0.715510596582389
0469AEF2185080,0,-0.33265171941509913,-0.08079020531041635
0469AFF2185080,3,-1.3351729640580932,0.7265830662664261
0469B0F2185080,5,0.14782325874802965,-0.23777602751762508
0469B8F2185080,3,-0.754525218884547,0.4760264679651858
0469D6F2185081,0,-1.4706691130182623,-0.7436564541964819
0469D8F2185081,1,1.820419936668654,1.3106683697466373
0469E4F2185080,3,-1.2675572408441134,0.6522464365541827
0469F0F2185080,1,0.045003362383197305,1.2869668278261555
0469F0F2185081,3,-1.425524385076843,-0.6079249035811974
046A17121B6784,1,0.9503907994153802,1.3076913681528113
046A22F2185084,3,-1.4864380769383116,-0.4092505216080272
046A28F2185084,1,0.1951998446176867,1.5863938240681443
046A2AF2185084,6,-1.3362415947038226,-0.10982352536603844
046A2BF2185084,2,1.4620067609731409,-1.8020285451279763
046A30F2185084,2,2.2371815918286884,-0.42225164480088195
046A3CF2185080,3,-1.4687863578786262,-1.1024248143350792
046A42F2185080,0,-0.4406548594935345,-0.7221238824309882
046A47F2185080,3,-1.4687863578786262,-1.1024248143350792
046A4BF2185080,6,-0.6043287366500578,0.7754534642071745
046A4FF2185081,0,-1.064564577468864,-0.9660671948836292
046A5DF2185081,3,-1.425524385076843,-0.6079249035811974
046A67F2185081,1,3.241774756698216,1.4489111261135514
046A70F2185080,3,-1.3351729640580932,0.7265830662664261
046A71F2185080,0,-0.33265171941509913,-0.08079020531041635
046A85F2185081,0,-0.6954942821627146,0.6361204461306128
046AA5F2185081,1,1.2593092612754144,1.9999767299634656
046AA6F2185081,3,-1.4449457880971264,0.8723280393983373
046AA84A216281,5,2.1871861185565433,0.7001315266707505
046AAEF2185080,1,0.8009561755962448,-0.10031228926593579
046AB64A216280,6,0.2889784973471449,-0.38554897968754553
046ABFF2185080,0,1.3519052617574738,-3.305068110154637
046AD0F2185081,3,-1.4864380769383116,-0.4092505216080272
046AEAF2185080,1,0.045003362383197305,1.2869668278261555
046AEDF2185080,1,0.045003362383197305,1.2869668278261555
046AF5F2185080,0,-1.064564577468864,-0.9660671948836292
046B13121B6784,0,1.3722642988848281,0.7508746948772087
046B17121B6784,3,-0.9979114367441131,-1.2072364395044086
046B1DF2185084,1,0.5521899368888559,2.0068544808610107
046B1EF2185080,1,2.080978919802234,0.35805085672322956
046B21F2185084,2,0.5869260848327723,-2.4199239695150627
046B22F2185084,3,-0.6692577766108816,-0.2914844544741096
046B29121B6784,5,1.7187763655089994,-2.1992516816851175
046B2D121B6784,1,2.5774413805274308,0.7597958442870104
046B2FF2185080,3,-2.0670858221118578,-0.15869392330678686
046B31F2185084,3,-1.5962109009773449,-0.26350554847611624
046B42F2185084,0,0.5085620319145652,-1.5252280032451075
046B4AF2185080,3,-0.2906006171806718,0.7014142102461594
046B72F2185081,3,-1.4431761041365285,0.08524938914585434
046B77F2185080,6,-0.7555938495302763,-0.3603801236672788
046B7BF2185080,3,-0.8881386127050799,-1.3529814126363195
046B7CF2185080,6,-0.15729438529704454,-1.3041110146955712
046B83F2185081,1,1.4396727938678844,0.111481030676367
046B8BF2185080,6,-0.7555938495302763,-0.3603801236672788
046BA84A216281,0,0.6414200714767928,0.7020042969364603
046BBBF2185080,3,-0.8881386127050799,-1.3529814126363195
046BC4F2185080,3,-2.0670858221118578,-0.15869392330678686
046BE5F2185081,0,-0.6954942821627146,0.6361204461306128
046BF6F2185080,1,1.3741470540244645,0.39210633473861173
046BF9F2185080,1,-0.20344782418638555,1.065829342449504
046C18F2185084,0,-0.33265171941509913,-0.08079020531041635
046C1DF2185084,3,-0.5536098971029482,0.5269781526552685
046C1EF2185084,3,-0.51236628604642,0.3735439806388496
046C1FF2185084,1,2.508757026667722,-0.002274117633210781
046C21F2185084,0,0.5727357176170839,-0.06006566498376062
046C29121B6784,3,-0.5771366716315341,0.25594486512103115
046C2D121B6784,5,0.8513996846638565,1.1427922902930203
046C3FF2185084,0,-0.17499837043528355,-0.5243384313742153
046C40F2185084,0,-1.064564577468864,-0.9660671948836292
046C71F2185081,1,0.5273964032216499,1.1146997403902525
046C7AF2185080,0,0.7916165537112821,1.001431293178449
046C90F2185080,0,-0.33265171941509913,-0.08079020531041635
046C98F2185081,0,-0.22568799167393097,-0.30509777067118105
046C9DF2185080,0,0.5749092202395428,1.3422491808222532
046CAAF2185081,3,-1.4431761041365285,0.08524938914585434
046CB0F2185081,3,-2.0670858221118578,-0.15869392330678686
046CB44A216281,6,-0.06694296427829488,0.030396955152052617
046CC2F2185080,1,2.508757026667722,-0.002274117633210781
046CC3F2185081,3,-2.0670858221118578,-0.15869392330678686
046CCAF2185081,6,-0.5633989208464434,-1.0817002740084236
046CCEF2185080,0,-0.7387562549644977,0.1416205353767312
046CD6F2185081,3,-2.0670858221118578,-0.15869392330678686
046CE5F2185080,0,0.5783072336417894,-1.9349669419321884
046CEEF2185080,0,0.9543348714011148,-0.9042423549782926
046CF4F2185080,3,-1.5962109009773449,-0.26350554847611624
046CF7F2185081,3,-2.0670858221118578,-0.15869392330678686
046CFBF2185080,0,-0.15810850979095162,-0.10893606292450911
046D10F2185084,6,-0.5367130134360779,0.7011168344949311
046D18F2185084,0,1.3722642988848281,0.7508746948772087
046D2A121B6784,3,-2.0670858221118578,-0.15869392330678686
046D41F2185084,3,-1.0029764054541301,0.2548889825885345
046DB3F2185081,5,2.0546940111668226,1.5104817998414193
046DB44A216281,1,2.263713261058045,0.8338350982480257
046DD3F2185081,3,-2.0670858221118578,-0.15869392330678686
046DD8F2185081,6,-0.5633989208464434,-1.0817002740084236
046E00F2185085,1,0.7758475897912327,1.335837225766904
046E18F2185084,0,0.5085620319145652,-1.5252280032451075
046E19121B6784,2,0.2731979653633865,-2.345884715554048
046E28F2185084,3,-2.0670858221118578,-0.15869392330678686
046E2A121B6784,5,0.3828850097526765,-3.4729441896082536
046E2E121B6784,6,0.5978969592071791,0.30673638212310894
046E32121B6784,1,0.045003362383197305,1.2869668278261555
046E56F2185081,3,-2.0670858221118578,-0.15869392330678686
046E6EF2185081,0,-1.6452123226424098,-0.715510596582389
046EA8F2185080,0,-0.739824885610227,-0.6947860562557334
046EB54A216280,5,-0.2582812768013691,-0.01536528683047742
046EB54A216281,6,-0.5377886671043457,0.10597392947251004
046F06F2185084,0,-0.46626511323563213,-1.9097980859119217
046F18121B6784,1,0.3095841977731808,0.889609373860507
046F19121B6784,2,4.623247545107485,-3.7689515778861185
046F1A121B6784,5,0.9894633080782822,-1.542459259826076
046F2AF2185084,1,1.8380716557283399,0.6174940770195853
046F2DF2185080,6,-0.5367130134360779,0.7011168344949311
046F2E121B6784,6,0.7499170366391729,-0.8452043023165134
046F32121B6784,1,2.9993148799968785,0.20297917101140814
046F63F2185080,0,-0.0004551608111360249,-0.5524842889883081
046F89F2185080,3,-1.1775196150782776,0.28303484020262726
046F96F2185080,3,-2.0670858221118578,-0.15869392330678686
046FA3121B6780,2,-0.8637507975940475,-2.172344372807648
046FA54A216280,1,1.979141916294199,1.7035267353153027
046FB0F2185081,3,-1.8925426124877103,-0.18683978092087963
046FB54A216281,6,1.2386965378268402,0.9660820630254562
046FC2F2185080,1,2.7519845901515785,0.7316499866729176
046FDCF2185080,0,0.6403514408310635,-0.1344022946960042
047002F2185084,3,-1.4864380769383116,-0.4092505216080272
047017121B6784,3,-1.4864380769383116,-0.4092505216080272
047018121B6784,1,0.3095841977731808,0.889609373860507
04701A121B6784,5,0.9894633080782822,-1.542459259826076
04701BF2185080,3,-0.2496708013770573,-1.1557395279694387
04702CF2185084,0,1.1710351818503155,-1.003796556012053
04705DF2185080,1,1.6152307229008542,1.5840307951238677
04708AF2185081,1,-0.5356443827903486,1.5375234261273958
047097F2185080,6,-0.6043287366500578,0.7754534642071745
0470A2121B6781,3,-1.8925426124877103,-0.18683978092087963
0470A54A216280,2,-0.30638114916443016,-1.2589215256203425
0470AFF2185080,0,-0.33265171941509913,-0.08079020531041635
0470BAF2185080,0,-0.44349317409986155,-0.77145182381097
0470D1F2185081,3,-0.6464928604976495,1.0881254942368859
0470D8F2185080,6,-0.7555938495302763,-0.3603801236672788
0470F1F2185080,6,0.6147868198515111,0.722138750572815
0470F9F2185081,3,-1.8925426124877103,-0.18683978092087963
0470FDF2185081,0,-1.6452123226424098,-0.715510596582389
04710CF2185084,0,-0.46626511323563213,-1.9097980859119217
047117121B6784,6,-0.7555938495302763,-0.3603801236672788
047125F2185084,1,2.0126148653524876,0.5893482194054924
04712DF2185084,0,-0.8700374917868621,0.6642663037447056
04713AF2185084,6,-0.6043287366500578,0.7754534642071745
047149F2185080,0,0.9540795603004492,-0.20844154865701944
04715BF2185080,6,0.13397235750330394,0.08134863984213529
04717BF2185080,0,0.9540795603004492,-0.20844154865701944
047180F2185081,6,-1.3362415947038226,-0.10982352536603844
0471A2121B6781,3,-1.8925426124877103,-0.18683978092087963
0471A6F2185080,3,-2.0670858221118578,-0.15869392330678686
0471B64A216280,6,0.2889784973471449,-0.38554897968754553
0471C6F2185081,2,3.0572559538246606,-1.678231430784684
0471DEF2185080,3,-0.8642980429235803,0.6217714410970968
0471E9F2185081,5,1.0964434502735334,0.306683074411784
047202F2185084,6,0.03723270038495708,0.32622248393276426
047217121B6784,3,-0.19838285547636872,-0.3962960796434389
04722FF2185084,3,-1.3118948673141642,-0.43739637922212
047239121B6784,5,-0.05506340603659392,0.5269248449439436
047287F2185081,3,-2.0670858221118578,-0.15869392330678686
0472A84A216281,0,1.389916017944514,0.057700402150156815
0472D2F2185080,0,-1.4706691130182623,-0.7436564541964819
0472E5F2185081,0,0.3058160919129237,0.11645167935646437
0472ECF2185080,5,-0.8302382368921419,-0.8528520553831509
047305F2185084,0,-1.064564577468864,-0.9660671948836292
04730FF2185084,3,-1.4864380769383116,-0.4092505216080272
047317121B6784,6,0.21847794136161547,0.422414378579598
047317F2185084,1,1.661645690964556,1.004408294772275
047329121B6784,1,0.045003362383197305,1.2869668278261555
04732D121B6784,5,0.8513996846638565,1.1427922902930203
047334F2185080,6,-0.023680991476511665,0.5248968659059342
047339121B6784,6,-0.5367130134360779,0.7011168344949311
047356F2185080,3,-0.7112632460827638,0.9705263787190673
047361F2185081,1,1.8887904952754495,0.36901876546767926
04737DF2185080,0,1.3722642988848281,0.7508746948772087
047393F2185080,3,-0.5623302902007139,-0.24529368237595892
0473A84A216281,0,1.389916017944514,0.057700402150156815
0473CFF2185081,0,-1.064564577468864,-0.9660671948836292
0473D6F2185080,0,0.04280681199064721,-0.057984378234426565
0473DDF2185081,3,-0.09145536906620097,-0.3501053075452883
0473F7F2185080,5,1.2465872767229396,-1.1968414914859364
04740BF2185084,0,1.1710351818503155,-1.003796556012053
04742D121B6784,0,-0.44349317409986155,-0.77145182381097
047446F2185084,3,-1.2675572408441134,0.6522464365541827
047448F2185080,0,0.06077232630324684,0.9525608952377006
047462F2185080,0,0.6836134136328468,0.3600976160578776
047484F2185080,6,-0.42978552702591033,0.7473076065930817
04749AF2185081,0,1.7960205534939124,-0.1647103385369907
0474A2F2185080,0,1.4155262716866115,1.2453746056310908
0474B44A216281,1,2.263713261058045,0.8338350982480257
0474C9F2185080,6,-0.6043287366500578,0.7754534642071745
0474DDF2185080,1,0.6804312000624663,1.4634546780122233
0474F5F2185080,0,-0.2246123380056633,0.29004513435124013
0474F6F2185080,6,-0.7555938495302763,-0.3603801236672788
0474FEF2185080,3,-1.4864380769383116,-0.4092505216080272
04751EF2185084,3,-1.4864380769383116,-0.4092505216080272
047526F2185080,3,-1.4864380769383116,-0.4092505216080272
04752DF2185084,1,-0.36110117316620116,1.509377568513303
047530F2185084,0,-0.0004551608111360249,-0.5524842889883081
04753DF2185084,1,0.9503907994153802,1.3076913681528113
04755DF2185081,0,-1.4706691130182623,-0.7436564541964819
04758EF2185081,3,-0.7128400488226273,-1.7793516898304749
047592F2185080,3,-1.4864380769383116,-0.4092505216080272
04759DF2185081,3,-0.7128400488226273,-1.7793516898304749
0475AAF2185081,1,1.8455285224736662,-0.1254811452862025
0475B44A216281,1,0.2628085448091281,1.7533208809659444
0475D9F2185080,3,0.4477004769726897,0.007309385881120088
047602F2185085,0,-0.9132994645886452,0.16976639299082397
047616F2185084,6,-0.7123318767284932,0.13411978708660283
04762A121B6784,3,-2.0670858221118578,-0.15869392330678686
04762E121B6784,6,0.7499170366391729,-0.8452043023165134
047632121B6784,2,2.226512904154344,-1.206484039395467
047634F2185080,6,-1.3362415947038226,-0.10982352536603844
047645F2185080,3,-2.0670858221118578,-0.15869392330678686
047665F2185081,0,-0.46626511323563213,-1.9097980859119217
04766FF2185080,0,1.1288780810252623,-0.9323882125923855
047680F2185080,3,-1.202786855258999,0.7698455520720011
047685F2185080,0,-1.6452123226424098,-0.715510596582389
047697F2185080,1,1.0895757092606186,1.2617979718058887
0476A3121B6780,3,-1.8925426124877103,-0.18683978092087963
0476A4F2185081,3,-1.2704025784729789,0.8441821817842444
0476ABF2185081,0,-0.8900213678447164,-0.9942130524977221
0476B54A216281,6,0.46352170697129247,-0.4136948373016383
0476C6F2185081,1,-0.49238240998856553,2.0320233368812772
0476D9F2185081,1,0.7758475897912327,1.335837225766904
0476E4F2185081,1,-0.6021552340275987,2.177768310013189
0476F8F2185080,0,-1.064564577468864,-0.9660671948836292
047714F2185084,6,-0.4934510406342948,1.195616745248813
047718121B6784,1,0.19981137373414756,1.035354346992418
047719121B6784,2,4.623247545107485,-3.7689515778861185
04771A121B6784,1,0.23846181741946987,2.080893734822026
04771DF2185084,6,-0.6043287366500578,0.7754534642071745
047721F2185084,3,-1.4864380769383116,-0.4092505216080272
04772E121B6784,0,-0.46626511323563213,-1.9097980859119217
047739F2185084,6,-1.3362415947038226,-0.10982352536603844
047743F2185084,0,-0.8900213678447164,-0.9942130524977221
04775FF2185080,0,-0.7387562549644977,0.1416205353767312
04777FF2185081,1,0.1951998446176867,1.5863938240681443
047788F2185080,1,0.08826533518498056,1.7814667385800371
047790F2185081,1,0.21954657200734481,1.2588209702120627
047795F2185080,0,-1.064564577468864,-0.9660671948836292
047798F2185081,3,-1.4864380769383116,-0.4092505216080272
04779FF2185080,1,1.7239888275310649,-0.06240980006963681
0477A3121B6780,0,-1.4706691130182623,-0.7436564541964819
0477A54A216280,3,-1.4431761041365285,0.08524938914585434
0477A6F2185081,1,0.3539218242432316,1.9792521896368098
0477B2F2185080,3,-2.0670858221118578,-0.15869392330678686
0477B54A216281,6,-0.5810506399061288,-0.38852598128137156
0477CAF2185081,1,0.23719829106703058,0.5656466774850106
0477D2F2185081,1,0.23719829106703058,0.5656466774850106
0477E2F2185080,3,-1.4864380769383116,-0.4092505216080272
0477E6F2185080,6,-0.42978552702591033,0.7473076065930817
0477F3F2185081,1,-0.36110117316620116,1.509377568513303
047817121B6784,3,-0.8448766399032968,-0.858481501882438
047818121B6784,1,0.3095841977731808,0.889609373860507
047819121B6784,0,0.17453485509055927,0.6390974477244388
04781A121B6784,5,0.7012032024293672,0.8433652940510316
047834F2185084,1,1.1091127790409252,1.7005497337214768
047836F2185080,1,0.3576628512068538,0.3765209822326756
047840F2185080,2,1.4946000461005788,-2.0917610289686803
047852F2185080,3,-0.754525218884547,0.4760264679651858
04785AF2185080,0,-1.064564577468864,-0.9660671948836292
04785EF2185080,3,-1.4864380769383116,-0.4092505216080272
04785FF2185080,1,1.91045756243449,0.9414567733950815
04785FF2185081,1,-0.005179711540761324,1.0934316336737049
047878F2185081,6,0.2617399141633987,0.9169142893334797
047880F2185080,1,0.7758475897912327,1.335837225766904
0478A54A216280,1,1.979141916294199,1.7035267353153027
0478CFF2185080,3,-1.4864380769383116,-0.4092505216080272
0478D4F2185080,1,1.1091127790409252,1.7005497337214768
0478EBF2185081,1,0.21954657200734481,1.2588209702120627
047917121B6784,6,-1.118436412277892,0.3565305277737506
047919F2185080,3,-1.3118948673141642,-0.43739637922212
04791FF2185080,6,-0.6043287366500578,0.7754534642071745
047948F2185080,0,1.3722642988848281,0.7508746948772087
047968F2185081,0,0.5903874366767695,-0.7532399577108128
047976F2185081,1,1.3741470540244645,0.39210633473861173
04797FF2185080,6,-0.7555938495302763,-0.3603801236672788
047984F2185080,0,0.615997690418867,0.4344342457701208
047992F2185080,3,-2.0670858221118578,-0.15869392330678686
0479A2121B6781,3,-1.8925426124877103,-0.18683978092087963
0479C7F2185080,3,-1.4864380769383116,-0.4092505216080272
0479DBF2185081,6,-1.3362415947038226,-0.10982352536603844
047A04F2185084,3,-1.4864380769383116,-0.4092505216080272
047A11F2185084,0,0.06077232630324684,0.9525608952377006
047A16F2185080,0,-1.064564577468864,-0.9660671948836292
047A17121B6784,3,-0.51236628604642,0.3735439806388496
047A23F2185080,0,-0.2917219036114846,-1.9379439435260144
047A26F2185084,3,-1.293487793996173,-1.5287950915292345
047A27F2185080,6,0.7908468524427874,-2.7023580405321113
047A27F2185084,3,-1.4687863578786262,-1.1024248143350792
047A34F2185084,1,0.46459033761702184,0.4227117543308262
047A37F2185084,6,-0.6043287366500578,0.7754534642071745
047A39121B6784,0,1.2877587150265166,0.40980895613974616
047A3DF2185084,1,0.9345695694167777,1.7286955913355695
047A4FF2185080,0,-0.159177140436681,-0.9453426545569735
047A5DF2185080,3,-1.3784057185514142,0.2028485046636728
047A65F2185081,3,-2.110347794913641,-0.6531938340606684
047A6DF2185081,3,-1.3351729640580932,0.7265830662664261
047A8DF2185080,0,-1.6019503498406267,-0.22101068582850739
047AA84A216281,5,2.1871861185565433,0.7001315266707505
047AAEF2185081,3,-1.3351729640580932,0.7265830662664261
047AB5F2185080,1,-0.5356443827903486,1.5375234261273958
047AC3F2185081,0,-0.8716142945267251,-2.085611764804837
047AC5F2185080,3,-1.4864380769383116,-0.4092505216080272
047AD4F2185081,6,-0.7123318767284932,0.13411978708660283
047AD6F2185081,1,-0.49238240998856553,2.0320233368812772
047AF0F2185081,3,-0.15622575465131527,-0.4677044230631065
047B05F2185084,3,-1.2942431482544787,-1.130570671949172
047B17121B6784,3,-2.0670858221118578,-0.15869392330678686
047B17F2185080,3,-1.4032606180352063,-1.3830501183973234
047B19F2185080,6,0.5746184727567202,-0.41883402512235807
047B20F2185080,3,-0.2473386443788887,1.1959141210000412
047B22F2185080,1,2.4187194009018858,0.366937478718345
047B23F2185084,3,-2.0670858221118578,-0.15869392330678686
047B25F2185084,0,1.1053446731806682,0.9273920392174339
047B28F2185080,3,-0.6869094956705675,0.40168983825294236
047B2AF2185084,3,-1.2675572408441134,0.6522464365541827
047B2D121B6784,1,3.308285607935466,0.808666242227759
047B31F2185080,0,-0.7387562549644977,0.1416205353767312
047B37F2185080,6,-0.6043287366500578,0.7754534642071745
047B39121B6784,0,1.2877587150265166,0.40980895613974616
047B3AF2185080,1,1.084766051651267,2.0281225875775584
047B40F2185080,6,-0.6043287366500578,0.7754534642071745
047B41F2185080,3,-0.754525218884547,0.4760264679651858
047B43F2185084,0,-0.8900213678447164,-0.9942130524977221
047B44F2185084,3,-2.0670858221118578,-0.15869392330678686
047B49F2185080,1,0.5089279640870727,1.512354570107129
047B52F2185080,5,0.6899729825516276,-2.5084887582533053
047B58F2185080,5,0.8513996846638565,1.1427922902930203
047B5BF2185080,3,-1.4864380769383116,-0.4092505216080272
047B60F2185080,0,-0.739824885610227,-0.6947860562557334
047B61F2185080,1,0.7267331465130034,1.978708623246918
047B64F2185081,3,-1.3351729640580932,0.7265830662664261
047B67F2185080,0,-0.7387562549644977,0.1416205353767312
047B68F2185080,5,0.8513996846638565,1.1427922902930203
047B74F2185081,0,0.46687686185264526,0.7301501545505531
047B76F2185081,0,0.6170733440871347,1.0295771507925418
047B85F2185081,1,0.7758475897912327,1.335837225766904
047B86F2185080,0,0.06077232630324684,0.9525608952377006
047B87F2185081,0,2.234014602045728,-2.1203641243394347
047B8AF2185081,5,0.4321392924112103,-0.411666858263629
047B8BF2185080,1,0.21954657200734481,1.2588209702120627
047B99F2185080,3,-1.2242952680423302,1.1467463473080644
047B9BF2185080,0,0.9041155561461555,-0.827279211671828
047B9CF2185080,1,0.21954657200734481,1.2588209702120627
047B9CF2185081,5,1.2465872767229396,-1.1968414914859364
047B9EF2185080,1,0.9345695694167777,1.7286955913355695
047BA7F2185081,1,0.36974305424183423,1.5582479664540516
047BA84A216281,1,0.9345695694167777,1.7286955913355695
047BB1F2185081,3,-1.8925426124877103,-0.18683978092087963
047BB5F2185080,0,-1.6019503498406267,-0.22101068582850739
047BBAF2185081,0,-1.064564577468864,-0.9660671948836292
047BC9F2185081,1,1.5494456179069174,-0.03426394245554404
047BCBF2185081,3,-1.8925426124877103,-0.18683978092087963
047BE5F2185081,6,-1.3362415947038226,-0.10982352536603844
047BE6F2185080,3,-1.293487793996173,-1.5287950915292345
047BEBF2185080,1,0.21954657200734481,1.2588209702120627
047BEEF2185080,3,-1.4864380769383116,-0.4092505216080272
047BF2F2185081,3,-1.3351729640580932,0.7265830662664261
047C06F2185084,5,-0.6380433082083086,-1.5741722057242957
047C09F2185084,1,1.7311371462956338,0.812566991531478
047C10F2185084,3,-1.1127492294931633,0.4006339557204455
047C11F2185084,1,0.7758475897912327,1.335837225766904
047C13121B6784,6,0.8167774055948472,-0.5213165124486944
047C14F2185084,0,1.5299176478646437,0.30732646881340986
047C18F2185080,2,0.8953379993781181,-1.3148627528489234
047C19F2185084,3,-1.1606297544339457,0.6984372086523333
047C1AF2185084,3,-0.5799820092603996,0.447880610351093
047C1BF2185084,1,0.5089279640870727,1.512354570107129
047C1FF2185084,3,-2.0670858221118578,-0.15869392330678686
047C20F2185080,1,1.5291009277897525,0.011807005803234405
047C22F2185080,3,-0.2473386443788887,1.1959141210000412
047C22F2185084,3,-1.1606297544339457,0.6984372086523333
047C26F2185084,3,-0.5536098971029482,0.5269781526552685
047C2AF2185084,0,0.7731428673045485,-1.9225854572107564
047C2BF2185080,0,-0.11484653698916833,0.38556384782937236
047C2BF2185084,1,2.172600371330472,2.4974536423111733
047C2CF2185084,1,-0.36110117316620116,1.509377568513303
047C2D121B6784,0,-0.44349317409986155,-0.77145182381097
047C2DF2185084,1,0.1951998446176867,1.5863938240681443
047C2EF2185080,5,2.028464138930998,0.30727316110208497
047C2EF2185084,3,-2.0670858221118578,-0.15869392330678686
047C30F2185080,1,0.21954657200734481,1.2588209702120627
047C31F2185080,3,-2.0670858221118578,-0.15869392330678686
047C32F2185080,1,0.5089279640870727,1.512354570107129
047C33F2185080,1,0.5089279640870727,1.512354570107129
047C33F2185084,1,0.7758475897912327,1.335837225766904
047C38F2185080,3,-1.4032606180352063,-1.3830501183973234
047C38F2185084,3,-0.51236628604642,0.3735439806388496
047C3AF2185080,1,2.4187194009018858,0.366937478718345
047C3AF2185084,1,0.2203084304226987,0.15024430903530459
047C3BF2185080,1,1.665413796824813,1.777565989276318
047C40F2185080,2,0.9385999721799012,-0.8203628420950415
047C42F2185084,0,0.7731428673045485,-1.9225854572107564
047C43F2185080,6,-1.2929796219020395,0.3846763853878434
047C44F2185084,3,-0.5799820092603996,0.447880610351093
047C45F2185084,0,-0.33265171941509913,-0.08079020531041635
047C47F2185080,3,-1.0930140312199659,0.6241005789400899
047C49F2185080,3,-1.1127492294931633,0.4006339557204455
047C4AF2185080,6,-0.4934510406342948,1.195616745248813
047C52F2185080,1,0.23846181741946987,2.080893734822026
047C53F2185080,3,-1.2675572408441134,0.6522464365541827
047C5AF2185080,1,0.7758475897912327,1.335837225766904
047C5BF2185080,3,-0.2673225204367429,-0.46256523524238674
047C5CF2185080,1,-0.5356443827903486,1.5375234261273958
047C60F2185080,3,-1.4032606180352063,-1.3830501183973234
047C61F2185080,0,2.4352437190802405,-0.36569287345017265
047C62F2185080,6,0.5746184727567202,-0.41883402512235807
047C6BF2185080,3,-1.1127492294931633,0.4006339557204455
047C70F2185080,6,-0.6043287366500578,0.7754534642071745
047C70F2185081,1,0.9767629115728313,1.3867889104569868
047C78F2185080,5,0.4321392924112103,-0.411666858263629
047C78F2185081,1,0.1951998446176867,1.5863938240681443
047C7BF2185080,5,0.8513996846638565,1.1427922902930203
047C80F2185080,3,-1.8925426124877103,-0.18683978092087963
047C81F2185080,6,-0.6043287366500578,0.7754534642071745
047C86F2185080,3,-2.0670858221118578,-0.15869392330678686
047C88F2185080,1,0.045003362383197305,1.2869668278261555
047C8BF2185080,3,-0.754525218884547,0.4760264679651858
047C90F2185080,3,-1.8492806396859274,0.3076601298330021
047C91F2185080,3,-0.6869094956705675,0.40168983825294236
047C95F2185080,3,-1.8925426124877103,-0.18683978092087963
047C98F2185081,0,-0.532775964472882,-1.269553202026129
047C9BF2185080,3,-0.5799820092603996,0.447880610351093
047CA1F2185080,3,-0.7368734998248614,-0.21714782476186614
047CA2F2185080,3,-1.3118948673141642,-0.43739637922212
047CA7F2185080,3,-2.0670858221118578,-0.15869392330678686
047CA8F2185080,3,-0.7368734998248614,-0.21714782476186614
047CA8F2185081,3,-1.0029764054541301,0.2548889825885345
047CB3F2185080,0,0.6414200714767928,0.7020042969364603
047CB44A216281,1,0.2628085448091281,1.7533208809659444
047CC2F2185080,6,-0.27213217804609463,0.303759380529283
047CC6F2185080,3,-2.0670858221118578,-0.15869392330678686
047CC8F2185081,0,-0.532775964472882,-1.269553202026129
047CCAF2185080,6,-0.7555938495302763,-0.3603801236672788
047CCBF2185080,5,0.8513996846638565,1.1427922902930203
047CD1F2185081,1,0.9754993852203923,-0.12845814688002855
047CD2F2185080,0,0.6414200714767928,0.7020042969364603
047CD7F2185081,1,2.9277913261281654,2.2187511863958402
047CD8F2185080,3,-0.7301714684723506,-0.0928100725009393
047CDAF2185080,1,0.1951998446176867,1.5863938240681443
047CDEF2185080,3,-2.0670858221118578,-0.15869392330678686
047CE1F2185080,0,0.7731428673045485,-1.9225854572107564
047CE3F2185080,0,-0.22568799167393097,-0.30509777067118105
047CE4F2185080,1,0.9503907994153802,1.3076913681528113
047CE8F2185080,1,0.21954657200734481,1.2588209702120627
047CEBF2185080,1,0.9522212884764634,1.0355212986085174
047CEDF2185080,3,-2.0670858221118578,-0.15869392330678686
047CF0F2185080,6,-0.38190500208512784,0.44950435366119396
047CF1F2185080,3,-0.5799820092603996,0.447880610351093
047CF4F2185080,5,2.028464138930998,0.30727316110208497
047CFFF2185080,3,-2.0670858221118578,-0.15869392330678686
047D00F2185084,3,-1.268632894512381,0.05710353153176158
047D01F2185084,3,-1.0930140312199659,0.6241005789400899
047D02F2185084,3,-1.0029764054541301,0.2548889825885345
047D08F2185084,3,-1.8925426124877103,-0.18683978092087963
047D10F2185084,3,-0.5799820092603996,0.447880610351093
047D11F2185084,3,-0.11605740755652427,0.6732683526320665
047D12F2185084,6,-0.5610667638482746,1.2699533749610565
047D13121B6784,0,1.97056376311806,-0.1928561961510835
047D17F2185080,6,-0.6043287366500578,0.7754534642071745
047D1FF2185080,6,-0.6043287366500578,0.7754534642071745
047D1FF2185084,1,0.21954657200734481,1.2588209702120627
047D20F2185084,3,-1.0930140312199659,0.6241005789400899
047D21F2185084,1,0.9503907994153802,1.3076913681528113
047D23F2185084,3,-1.4864380769383116,-0.4092505216080272
047D25F2185080,0,-0.739824885610227,-0.6947860562557334
047D26F2185084,1,-0.36110117316620116,1.509377568513303
047D2A121B6784,2,1.4933821525106847,-1.5627928375559423
047D2AF2185084,1,0.23846181741946987,2.080893734822026
047D2EF2185080,0,-0.739824885610227,-0.6947860562557334
047D2FF2185080,3,-1.3351729640580932,0.7265830662664261
047D30F2185084,6,1.862105106730574,-0.9447097880490236
047D32F2185084,1,-0.49238240998856553,2.0320233368812772
047D33F2185084,3,-1.1606297544339457,0.6984372086523333
047D39F2185084,3,-1.0930140312199659,0.6241005789400899
047D3AF2185084,3,-1.2675572408441134,0.6522464365541827
047D3DF2185084,3,-2.0670858221118578,-0.15869392330678686
047D3EF2185080,0,1.3463337457327682,-1.430166833206209
047D3EF2185084,0,-0.3337203500608285,-0.9171967969428807
047D40F2185080,1,-0.36110117316620116,1.509377568513303
047D42F2185080,1,-0.36110117316620116,1.509377568513303
047D43F2185080,6,-0.5610667638482746,1.2699533749610565
047D47F2185080,6,-0.6043287366500578,0.7754534642071745
047D48F2185084,3,-1.29191099125631,1.221082977020308
047D49F2185080,0,-0.18245523718060982,0.21863679093157243
047D4AF2185084,3,-1.1606297544339457,0.6984372086523333
047D4FF2185080,3,-1.1189445843720256,-1.5569409491433273
047D53F2185080,0,-0.18245523718060982,0.21863679093157243
047D56F2185080,3,-1.3351729640580932,0.7265830662664261
047D5AF2185080,1,0.7758475897912327,1.335837225766904
047D60F2185080,0,-0.8900213678447164,-0.9942130524977221
047D6EF2185080,0,-0.739824885610227,-0.6947860562557334
047D70F2185081,0,-1.6452123226424098,-0.715510596582389
047D74F2185080,1,1.373071790062727,1.6865132824502038
047D76F2185081,3,0.08593317818681181,-0.5701869103894428
047D77F2185080,6,0.5746184727567202,-0.41883402512235807
047D78F2185080,5,-0.6789731240119232,0.2829815324913023
047D7FF2185080,1,1.7301841824099276,1.8951651047941362
047D81F2185080,0,0.5903874366767695,-0.7532399577108128
047D82F2185080,1,1.0628898018502537,-0.5210191366974661
047D87F2185080,0,0.6818437296722489,1.1471762663103604
047D8EF2185081,1,0.3539218242432316,1.9792521896368098
047D98F2185080,6,-0.6043287366500578,0.7754534642071745
047D99F2185080,3,-0.5536098971029482,0.5269781526552685
047D9EF2185080,0,-0.739824885610227,-0.6947860562557334
047DA1F2185080,1,1.820419936668654,1.3106683697466373
047DA4F2185080,3,0.3309769437964888,-1.406296126270679
047DA6F2185080,5,-0.6789731240119232,0.2829815324913023
047DA8F2185080,0,-0.159177140436681,-0.9453426545569735
047DAEF2185080,3,-1.2675572408441134,0.6522464365541827
047DB0F2185080,3,-1.2675572408441134,0.6522464365541827
047DB44A216281,1,0.7758475897912327,1.335837225766904
047DB6F2185080,1,1.3564430688862257,1.1718789180599671
047DB7F2185080,1,1.3564430688862257,1.1718789180599671
047DB8F2185080,1,-0.49238240998856553,2.0320233368812772
047DC1F2185080,5,-0.6789731240119232,0.2829815324913023
047DC5F2185080,0,0.9041155561461555,-0.827279211671828
047DC6F2185080,0,0.5085620319145652,-1.5252280032451075
047DC7F2185080,6,1.2630502882390366,0.3972455225593313
047DCDF2185080,1,0.21954657200734481,1.2588209702120627
047DD0F2185080,0,-0.1404567907312659,-0.8021103556515612
047DD2F2185080,6,1.7768441686139569,-0.8875511072064237
047DD8F2185080,1,-0.49238240998856553,2.0320233368812772
047DDBF2185080,3,-1.29191099125631,1.221082977020308
047DDFF2185080,3,-2.0670858221118578,-0.15869392330678686
047DE0F2185080,3,-0.5799820092603996,0.447880610351093
047DE1F2185080,1,1.5494456179069174,-0.03426394245554404
047DE3F2185080,1,2.5940179647843387,-0.05943279847581079
047DE4F2185080,0,-0.11377088332090067,0.9807067528517934
047DE8F2185080,3,-1.8925426124877103,-0.18683978092087963
047DE9F2185080,1,0.1951998446176867,1.5863938240681443
047DEBF2185080,0,-1.4274071402164792,-0.24915654344260016
047DEFF2185081,0,-0.8900213678447164,-0.9942130524977221
047DF0F2185080,6,0.5746184727567202,-0.41883402512235807
047DF3F2185080,3,-2.0670858221118578,-0.15869392330678686
047DF9F2185081,0,-1.6452123226424098,-0.715510596582389
047DFAF2185080,0,-1.4274071402164792,-0.24915654344260016
047DFCF2185080,1,0.5089279640870727,1.512354570107129
047E04F2185084,3,-1.3351729640580932,0.7265830662664261
047E17F2185084,3,-0.5968718699047314,0.03247824190138684
047E1AF2185080,3,-1.3118948673141642,-0.43739637922212
047E1BF2185084,5,0.8588565514091828,0.3998170679872326
047E20F2185080,3,-2.0670858221118578,-0.15869392330678686
047E24F2185080,1,0.10977374796831184,1.4045659433439737
047E24F2185084,1,-0.5356443827903486,1.5375234261273958
047E25F2185084,6,1.2386965378268402,0.9660820630254562
047E2A121B6784,1,-0.5356443827903486,1.5375234261273958
047E2AF2185080,3,-1.3118948673141642,-0.43739637922212
047E2E121B6784,1,3.149511362231368,0.5024061672533969
047E30F2185080,0,0.3058160919129237,0.11645167935646437
047E32121B6784,2,2.226512904154344,-1.206484039395467
047E34F2185084,3,-1.1606297544339457,0.6984372086523333
047E36F2185084,3,-0.5536098971029482,0.5269781526552685
047E37F2185084,6,0.4402436102273635,0.7502846081869078
047E38F2185084,6,-1.3362415947038226,-0.10982352536603844
047E3CF2185080,0,0.5903874366767695,-0.7532399577108128
047E3DF2185080,3,-0.44186573006089047,-0.43441937762829397
047E40F2185084,3,-0.44186573006089047,-0.43441937762829397
047E45F2185080,3,-0.6048076904357297,-1.167252663558775
047E46F2185084,1,0.7758475897912327,1.335837225766904
047E4CF2185080,6,0.08719670453925119,0.9450601469475726
047E55F2185080,3,-0.6897548332994328,0.593625583483004
047E58F2185080,1,1.4143154011192556,1.5330791104337849
047E5DF2185080,3,-0.5799820092603996,0.447880610351093
047E64F2185080,3,-1.4687863578786262,-1.1024248143350792
047E65F2185080,3,-1.1189445843720256,-1.5569409491433273
047E6CF2185080,1,0.8186013904988819,-0.08313434039629251
047E6FF2185080,1,-0.5356443827903486,1.5375234261273958
047E73F2185080,3,-2.0670858221118578,-0.15869392330678686
047E74F2185080,0,1.036660319320959,0.16532207729721285
047E75F2185080,3,-1.4687863578786262,-1.1024248143350792
047E78F2185081,1,-0.37799103381053306,1.0939752000635967
047E7DF2185080,3,-0.5968718699047314,0.03247824190138684
047E82F2185080,3,-2.0670858221118578,-0.15869392330678686
047E83F2185080,0,-1.6452123226424098,-0.715510596582389
047E85F2185080,6,0.4402436102273635,0.7502846081869078
047E88F2185081,6,-1.3362415947038226,-0.10982352536603844
047E8BF2185080,3,-2.0670858221118578,-0.15869392330678686
047E8DF2185080,1,-0.5356443827903486,1.5375234261273958
047E8EF2185080,6,0.48350558302914665,1.2447845189407898
047E94F2185080,6,0.4402436102273635,0.7502846081869078
047E98F2185080,3,-1.3118948673141642,-0.43739637922212
047E99F2185081,3,-1.3351729640580932,0.7265830662664261
047E9AF2185080,3,-1.4431761041365285,0.08524938914585434
047E9DF2185080,3,-1.1189445843720256,-1.5569409491433273
047E9EF2185080,1,0.045003362383197305,1.2869668278261555
047EA3121B6780,3,-1.4864380769383116,-0.4092505216080272
047EA8F2185081,1,-0.36110117316620116,1.509377568513303
047EAAF2185080,1,-0.5356443827903486,1.5375234261273958
047EABF2185080,3,-0.5968718699047314,0.03247824190138684
047EACF2185080,0,1.1977210892606807,0.7790205524913015
047EADF2185080,3,-0.5968718699047314,0.03247824190138684
047EB0F2185081,3,-1.1606297544339457,0.6984372086523333
047EB2F2185080,3,-2.0670858221118578,-0.15869392330678686
047EB54A216281,6,-0.5377886671043457,0.10597392947251004
047EB5F2185080,1,1.1091127790409252,1.7005497337214768
047EBAF2185080,1,-0.5356443827903486,1.5375234261273958
047EBBF2185081,3,-1.4864380769383116,-0.4092505216080272
047EC3F2185081,1,0.36974305424183423,1.5582479664540516
047ECDF2185080,6,-1.3362415947038226,-0.10982352536603844
047ED1F2185080,3,-1.3118948673141642,-0.43739637922212
047EDBF2185080,1,0.7758475897912327,1.335837225766904
047EE7F2185080,1,0.5089279640870727,1.512354570107129
047EEBF2185081,0,0.5903874366767695,-0.7532399577108128
047EEDF2185080,3,-2.0670858221118578,-0.15869392330678686
047EEEF2185080,1,0.045003362383197305,1.2869668278261555
047EF7F2185080,3,-0.5536098971029482,0.5269781526552685
047EFFF2185080,0,-0.18245523718060982,0.21863679093157243
047F03F2185084,6,0.12777700262444136,-1.876226265021638
047F07F2185084,3,-0.51236628604642,0.3735439806388496
047F14F2185084,0,-0.46626511323563213,-1.9097980859119217
047F16F2185080,1,2.5932626105260335,0.3387916211042522
047F18121B6784,6,0.19412419094941907,0.991250919045723
047F19121B6784,1,1.665413796824813,1.777565989276318
047F1A121B6784,5,0.7012032024293672,0.8433652940510316
047F1AF2185084,3,-1.3118948673141642,-0.43739637922212
047F23F2185084,1,0.3576628512068538,0.3765209822326756
047F24F2185084,0,0.465808231206916,-0.10625643708191145
047F2AF2185084,6,1.2386965378268402,0.9660820630254562
047F2DF2185080,3,-1.2942431482544787,-1.130570671949172
047F2DF2185084,1,1.0895757092606186,1.2617979718058887
047F2E121B6784,1,3.149511362231368,0.5024061672533969
047F2EF2185084,3,-0.44186573006089047,-0.43441937762829397
047F31F2185080,1,-0.49238240998856553,2.0320233368812772
047F32121B6784,6,-0.7379421304705909,-1.053554416394331
047F32F2185080,6,-0.6043287366500578,0.7754534642071745
047F35F2185084,3,-2.0670858221118578,-0.15869392330678686
047F36F2185080,2,4.707753128965796,-3.4278858391486557
047F3FF2185080,1,3.482828817559614,0.7805203846136661
047F41F2185084,1,-0.5356443827903486,1.5375234261273958
047F42F2185080,1,0.2900471279928743,0.45085761194491897
047F42F2185084,6,1.2386965378268402,0.9660820630254562
047F45F2185084,3,0.15643373417234127,-1.3781502686565863
047F47F2185084,6,-1.3362415947038226,-0.10982352536603844
047F48F2185080,0,0.39819250799293626,-0.031919807369667846
047F48F2185084,3,-1.2675572408441134,0.6522464365541827
047F4CF2185080,0,-0.33265171941509913,-0.08079020531041635
047F4EF2185080,3,-1.8925426124877103,-0.18683978092087963
047F50F2185080,3,-1.268632894512381,0.05710353153176158
047F51F2185080,0,-0.3337203500608285,-0.9171967969428807
047F56F2185080,3,-0.754525218884547,0.4760264679651858
047F59F2185080,6,-0.714101560689091,0.9211984373390857
047F67F2185080,3,-0.6692577766108816,-0.2914844544741096
047F78F2185081,1,1.661645690964556,1.004408294772275
047F7BF2185080,1,1.0895757092606186,1.2617979718058887
047F85F2185081,3,-1.2704025784729789,0.8441821817842444
047F86F2185080,3,-1.2675572408441134,0.6522464365541827
047F8BF2185080,3,0.12995050524690072,-0.47391141921562396
047F8CF2185080,0,-1.6452123226424098,-0.715510596582389
047FA3121B6780,3,-1.4864380769383116,-0.4092505216080272
047FA54A216280,2,2.57226961652021,-3.7583859963777306
047FA5F2185080,0,0.5085620319145652,-1.5252280032451075
047FADF2185080,6,-1.3362415947038226,-0.10982352536603844
047FB2F2185081,3,-0.8881386127050799,-1.3529814126363195
047FB4F2185080,3,-0.6869094956705675,0.40168983825294236
047FB54A216280,1,3.1923174290175704,-1.0031636895041032
047FB54A216281,0,0.50780667765626,-1.127003583665045
047FB7F2185080,1,2.305092478720192,1.6871033691405048
047FB8F2185080,6,-0.714101560689091,0.9211984373390857
047FBAF2185080,1,0.6433028266164291,0.3432359367978632
047FBFF2185080,1,-0.36110117316620116,1.509377568513303
047FC4F2185080,3,-0.6695780760208441,-1.2848517790765934
047FC4F2185081,2,0.3336034851307217,-4.458030574444296
047FC8F2185081,0,-1.064564577468864,-0.9660671948836292
047FCAF2185081,3,-0.51236628604642,0.3735439806388496
047FCEF2185080,3,-0.6869094956705675,0.40168983825294236
047FD2F2185080,0,1.7025755067681707,-0.852745443443323
047FD7F2185080,3,-0.6692577766108816,-0.2914844544741096
047FE4F2185080,6,0.018004178585408124,-1.7304812918897263
047FE6F2185080,3,-2.0670858221118578,-0.15869392330678686
047FECF2185080,1,0.6433028266164291,0.3432359367978632
047FF8F2185080,0,1.0873791588680686,-0.08315323425469334
048002F2185084,3,-1.8492806396859274,0.3076601298330021
04800AF2185084,3,-2.0670858221118578,-0.15869392330678686
04800EF2185084,3,-1.2675572408441134,0.6522464365541827
048012F2185084,3,-1.0930140312199659,0.6241005789400899
048017121B6784,3,-1.4864380769383116,-0.4092505216080272
048017F2185080,3,-1.29191099125631,1.221082977020308
048018121B6784,6,-0.5377886671043457,0.10597392947251004
048019121B6784,1,1.665413796824813,1.777565989276318
048019F2185084,3,-1.8925426124877103,-0.18683978092087963
04801A121B6784,1,0.23846181741946987,2.080893734822026
04801DF2185080,0,-0.8716142945267251,-2.085611764804837
048021F2185080,3,0.9300317622880259,-2.748251436879034
048022F2185080,1,-0.20344782418638555,1.065829342449504
048028F2185080,3,-0.754525218884547,0.4760264679651858
048030F2185080,3,-0.754525218884547,0.4760264679651858
048032F2185084,3,-2.0670858221118578,-0.15869392330678686
048034F2185084,3,-1.8925426124877103,-0.18683978092087963
048037F2185080,6,-0.5610667638482746,1.2699533749610565
048043F2185084,3,-1.4864380769383116,-0.4092505216080272
048047F2185080,3,-1.29191099125631,1.221082977020308
048048F2185080,5,2.1368024497176688,-2.1892742413143544
04805CF2185080,0,-0.26788133382998475,0.03680891020740182
048067F2185080,0,-0.22177402339933616,0.3393730757312219
048069F2185080,0,-0.9143680952343745,-0.6666401986416406
048075F2185080,2,0.3336034851307217,-4.458030574444296
048078F2185081,3,-1.3351729640580932,0.7265830662664261
04807BF2185080,3,-1.2675572408441134,0.6522464365541827
04807CF2185080,1,2.6434752924649842,2.392642017141844
04807FF2185080,3,-1.4864380769383116,-0.4092505216080272
04807FF2185081,3,-1.5785591819176596,-0.9566798412031681
048080F2185081,1,-0.20344782418638555,1.065829342449504
048088F2185080,0,1.97056376311806,-0.1928561961510835
048089F2185080,5,2.1368024497176688,-2.1892742413143544
048094F2185080,0,-1.6452123226424098,-0.715510596582389
048095F2185080,1,0.9778315422185608,2.2231955020894514
0480A0F2185080,5,-0.5213197750321075,-0.16056669357249656
0480A0F2185081,1,0.045003362383197305,1.2869668278261555
0480A2121B6781,3,-1.4864380769383116,-0.4092505216080272
0480A2F2185081,5,-0.6789731240119232,0.2829815324913023
0480A3121B6781,3,-2.0670858221118578,-0.15869392330678686
0480A54A216280,2,2.615531589321993,-3.263886085623849
0480A94A216281,0,1.2397195357100246,-0.24172659409183192
0480A9F2185080,3,-1.8925426124877103,-0.18683978092087963
0480ADF2185080,0,-0.6970710849025776,-2.1137576224189294
0480ADF2185081,3,-0.5604700639656788,-0.07760984778247225
0480B0F2185080,3,-1.3118948673141642,-0.43739637922212
0480B9F2185080,0,0.17220269809239072,-1.712556201245041
0480BAF2185080,0,-0.18245523718060982,0.21863679093157243
0480BFF2185080,3,-1.8925426124877103,-0.18683978092087963
0480C4F2185080,0,1.24047488996833,-0.6399510136718947
0480C8F2185080,3,-2.0670858221118578,-0.15869392330678686
0480CCF2185080,0,1.24047488996833,-0.6399510136718947
0480D0F2185081,3,-1.1606297544339457,0.6984372086523333
0480D7F2185080,3,-1.4864380769383116,-0.4092505216080272
0480D8F2185080,3,-0.8881386127050799,-1.3529814126363195
0480DAF2185080,3,0.9300317622880259,-2.748251436879034
0480E1F2185080,3,-2.0670858221118578,-0.15869392330678686
0480E8F2185080,1,0.5717270066691624,2.445606242776599
0480E9F2185081,0,1.3052452755534445,-0.5223518981540766
0480EFF2185080,3,-1.0930140312199659,0.6241005789400899
0480F0F2185080,0,-0.37480882024015244,-0.009381861890748836
0480F0F2185081,3,-2.0670858221118578,-0.15869392330678686
0480F1F2185080,3,-1.8925426124877103,-0.18683978092087963
0480F7F2185080,3,-1.8925426124877103,-0.18683978092087963
0480F9F2185081,0,0.6598271447947838,-0.38939441537065433
0480FCF2185080,3,-1.2675572408441134,0.6522464365541827
0480FEF2185080,6,-0.6043287366500578,0.7754534642071745
048100F2185084,0,-0.11642333972903171,-2.3643142207201704
04810BF2185084,5,-0.5213197750321075,-0.16056669357249656
04810FF2185084,3,-2.0670858221118578,-0.15869392330678686
048113F2185084,3,-1.1775196150782776,0.28303484020262726
048117121B6784,2,0.15768569246107156,-2.157644879774528
048117F2185080,3,-1.8925426124877103,-0.18683978092087963
04811DF2185080,1,0.9936527722171634,1.802191278906693
04811EF2185084,3,-2.0670858221118578,-0.15869392330678686
04811FF2185080,0,0.7119206274623223,-0.1059590613306831
048120F2185080,0,0.44145448079471944,0.46258010338421357
048124F2185084,6,-0.7379421304705909,-1.053554416394331
048128F2185080,3,-1.29191099125631,1.221082977020308
04812FF2185080,0,0.5085620319145652,-1.5252280032451075
048132F2185084,0,-0.6278785589487348,0.5617838164183694
048133F2185084,0,-0.11642333972903171,-2.3643142207201704
048138F2185080,0,-0.8063357368474771,-0.05454117236994063
048138F2185084,3,-1.1606297544339457,0.6984372086523333
048139F2185084,1,3.131859643171682,1.195580459980449
04813AF2185080,3,-1.2942431482544787,-1.130570671949172
04813BF2185084,1,0.9335009387710482,0.8922889997031049
04813CF2185080,0,0.6170733440871347,1.0295771507925418
04813EF2185084,3,-0.8642980429235803,0.6217714410970968
048142F2185080,3,-2.0670858221118578,-0.15869392330678686
048143F2185084,3,-2.0670858221118578,-0.15869392330678686
048146F2185084,0,-0.26503599620111934,-0.15512683502265986
04814AF2185084,3,-2.0670858221118578,-0.15869392330678686
048159F2185080,6,0.6422341959706998,-0.49317065483460154
04815AF2185080,1,-0.36110117316620116,1.509377568513303
04815FF2185080,0,-0.33265171941509913,-0.08079020531041635
04816CF2185081,0,0.48420828150236866,-0.9563914627789827
04816DF2185081,5,-1.520658806104721,-0.45655048394999953
04817CF2185080,6,-1.3362415947038226,-0.10982352536603844
048187F2185080,1,1.820419936668654,1.3106683697466373
048188F2185080,1,0.1783029609508165,1.4122551422284815
048193F2185080,6,0.6422341959706998,-0.49317065483460154
048196F2185080,3,-2.0670858221118578,-0.15869392330678686
04819BF2185080,3,-1.4687863578786262,-1.1024248143350792
0481A2121B6781,3,-1.4864380769383116,-0.4092505216080272
0481A3121B6781,3,-2.0670858221118578,-0.15869392330678686
0481A94A216281,0,1.2397195357100246,-0.24172659409183192
0481A9F2185080,1,0.9778315422185608,2.2231955020894514
0481AAF2185080,0,-0.8063357368474771,-0.05454117236994063
0481B0F2185080,3,-1.8925426124877103,-0.18683978092087963
0481B3F2185080,0,0.7916165537112821,1.001431293178449
0481B8F2185080,3,-1.4431761041365285,0.08524938914585434
0481C7F2185081,1,0.35284617057496404,1.3841092846143888
0481C9F2185080,0,0.06077232630324684,0.9525608952377006
0481EAF2185080,3,-2.0670858221118578,-0.15869392330678686
0481EFF2185081,3,-1.4864380769383116,-0.4092505216080272
0481F4F2185080,3,-2.0670858221118578,-0.15869392330678686
0481FAF2185080,3,-1.8925426124877103,-0.18683978092087963
0481FCF2185080,0,1.1977210892606807,0.7790205524913015
04820FF2185084,3,-1.8492806396859274,0.3076601298330021
048213F2185080,2,3.6043504402814577,-0.8669403874611611
048216F2185080,3,-2.0670858221118578,-0.15869392330678686
048218F2185080,1,-0.5356443827903486,1.5375234261273958
04821DF2185084,3,-2.110347794913641,-0.6531938340606684
04821EF2185084,3,-2.0670858221118578,-0.15869392330678686
04821FF2185084,0,-0.2917219036114846,-1.9379439435260144
048221F2185080,1,-0.5356443827903486,1.5375234261273958
048221F2185084,3,-1.29191099125631,1.221082977020308
048222F2185084,3,-1.4431761041365285,0.08524938914585434
04822DF2185080,1,-0.49238240998856553,2.0320233368812772
048231F2185084,3,-1.4431761041365285,0.08524938914585434
048237F2185080,2,0.9803501305511183,-1.3865728689669452
048239121B6784,0,-0.019992230591442384,-0.9912360509038959
048239F2185084,1,0.5089279640870727,1.512354570107129
04823CF2185080,1,-0.36110117316620116,1.509377568513303
048240F2185080,3,-1.8925426124877103,-0.18683978092087963
048242F2185084,3,-0.2906006171806718,0.7014142102461594
048246F2185080,3,-2.0670858221118578,-0.15869392330678686
048248F2185080,0,-0.8063357368474771,-0.05454117236994063
048252F2185080,1,0.1951998446176867,1.5863938240681443
048254F2185080,0,0.3571040378136122,0.8758951276824641
048270F2185081,1,0.045003362383197305,1.2869668278261555
04829EF2185080,2,-0.26545133336081567,-3.1160752638359406
0482A0F2185081,0,1.4150180995924775,-0.6680968712859875
0482A7F2185080,3,-0.754525218884547,0.4760264679651858
0482A84A216281,1,0.9345695694167777,1.7286955913355695
0482AAF2185080,1,2.7099861437022343,1.7523971332560513
0482B1F2185080,3,-1.2675572408441134,0.6522464365541827
0482B8F2185080,1,1.3084565453548171,2.3232949299680987
0482BAF2185080,1,1.1072274283203045,0.5686236790788367
0482C0F2185080,1,1.665413796824813,1.777565989276318
0482C1F2185080,0,1.1053446731806682,0.9273920392174339
0482C7F2185080,1,0.1951998446176867,1.5863938240681443
0482D2F2185081,1,-0.5356443827903486,1.5375234261273958
0482D6F2185080,3,-1.4864380769383116,-0.4092505216080272
0482D8F2185080,3,-1.0497520584181828,1.1186004896939716
0482DAF2185080,6,-1.2929796219020395,0.3846763853878434
0482EBF2185081,0,0.48420828150236866,-0.9563914627789827
0482F7F2185080,1,-0.49238240998856553,2.0320233368812772
0482F8F2185080,6,-0.5626435665881376,-1.479924693588486
048308F2185084,0,2.1485885053963534,-2.302192005063605
048317121B6784,3,0.01907280923113747,-0.894074700257262
048318F2185084,1,1.0895757092606186,1.2617979718058887
048326F2185080,1,1.1080441483951957,0.8641431420890121
048326F2185084,0,1.036660319320959,0.16532207729721285
048329F2185084,2,4.7589509222985775,-1.7336550229346122
04832BF2185084,3,-1.1606297544339457,0.6984372086523333
04832D121B6784,1,2.4187194009018858,0.366937478718345
04832EF2185080,1,2.2618305059184087,1.192603458386623
04832FF2185084,0,-1.4706691130182623,-0.7436564541964819
048335F2185084,1,0.5089279640870727,1.512354570107129
048338F2185084,1,-0.36110117316620116,1.509377568513303
048339121B6784,0,-0.019992230591442384,-0.9912360509038959
04833BF2185084,0,1.104276042534939,0.09098544758496935
04833CF2185084,0,-0.9143680952343745,-0.6666401986416406
04833DF2185080,1,0.5089279640870727,1.512354570107129
04833EF2185080,1,-0.36110117316620116,1.509377568513303
048340F2185084,1,0.3576628512068538,0.3765209822326756
048347F2185084,1,0.5089279640870727,1.512354570107129
04834BF2185084,6,-1.1616983850796752,-0.1379693829801312
048355F2185080,1,0.7758475897912327,1.335837225766904
04835CF2185080,3,-1.4864380769383116,-0.4092505216080272
048364F2185080,0,0.1930032942251364,0.24144261800756242
048366F2185080,3,-0.07437223749460412,-1.582109805163594
04837DF2185080,3,-1.4431761041365285,0.08524938914585434
048386F2185080,0,-0.11768485159549544,0.3362359064493907
048393F2185080,3,-1.2271406056711958,1.3386820925381262
04839CF2185080,6,-0.7379421304705909,-1.053554416394331
0483A2F2185080,1,0.2628085448091281,1.7533208809659444
0483A83A9C4C80,1,1.3311758287055042,1.658689629929341
0483A84A216281,1,1.5730373807448006,1.9259374760024504
0483B0F2185080,3,-1.1606297544339457,0.6984372086523333
0483B4F2185080,1,0.5322060608310014,0.34837512461858283
0483B7F2185080,1,0.9503907994153802,1.3076913681528113
0483B8F2185080,0,-1.064564577468864,-0.9660671948836292
0483C2F2185081,0,0.6598271447947838,-0.38939441537065433
0483C7F2185080,0,-0.8900213678447164,-0.9942130524977221
0483CFF2185080,0,0.4233010937979482,-1.4680693224025076
0483DBF2185080,0,1.104276042534939,0.09098544758496935
0483E3F2185080,3,-2.0670858221118578,-0.15869392330678686
0483E8F2185080,0,-1.064564577468864,-0.9660671948836292
0483F0F2185080,1,0.7758475897912327,1.335837225766904
0483F2F2185081,0,1.4150180995924775,-0.6680968712859875
0483F5F2185080,1,3.3927389257152245,1.236330271559525
048400F2185084,6,0.04393473173746796,0.4505602361936908
048406F2185084,6,0.04393473173746796,0.4505602361936908
04840BF2185084,0,0.46687686185264526,0.7301501545505531
048413121B6784,0,1.97056376311806,-0.1928561961510835
048414F2185084,1,3.30640285279583,1.1674346023663562
048428F2185080,3,-1.2675572408441134,0.6522464365541827
04842BF2185080,1,1.239772191495108,1.5612249680478776
04842CF2185084,0,-0.7144025045523011,-0.4272160050893939
04842D121B6784,1,2.7099861437022343,1.7523971332560513
04842EF2185080,3,-1.8925426124877103,-0.18683978092087963
048433F2185080,3,-1.8925426124877103,-0.18683978092087963
048437F2185084,0,-0.9143680952343745,-0.6666401986416406
04843BF2185080,3,-1.3118948673141642,-0.43739637922212
04843EF2185080,0,-0.8900213678447164,-0.9942130524977221
048442F2185080,1,-0.36110117316620116,1.509377568513303
048444F2185080,0,1.0873791588680686,-0.08315323425469334
048446F2185084,0,-0.46626511323563213,-1.9097980859119217
048447F2185084,1,0.6433028266164291,0.3432359367978632
048448F2185080,1,0.7758475897912327,1.335837225766904
048449F2185084,3,-0.18414506153363744,-1.4363648320316829
048462F2185080,3,-1.4864380769383116,-0.4092505216080272
048464F2185080,1,0.6433028266164291,0.3432359367978632
04846FF2185080,3,-0.24891544711875166,-1.5539639475495013
048471F2185080,0,1.1053446731806682,0.9273920392174339
048472F2185080,3,-1.4864380769383116,-0.4092505216080272
04847EF2185080,0,-1.4706691130182623,-0.7436564541964819
048486F2185080,3,-1.0930140312199659,0.6241005789400899
048488F2185080,0,-1.4706691130182623,-0.7436564541964819
04848FF2185080,0,0.4233010937979482,-1.4680693224025076
048492F2185080,3,-1.8925426124877103,-0.18683978092087963
048495F2185080,3,-0.8881386127050799,-1.3529814126363195
04849CF2185080,3,-1.2675572408441134,0.6522464365541827
0484AAF2185080,3,-1.8925426124877103,-0.18683978092087963
0484ABF2185080,1,0.8178460362405766,0.3150900791837704
0484B44A216281,0,1.3722642988848281,0.7508746948772087
0484CDF2185080,1,0.1951998446176867,1.5863938240681443
0484CEF2185080,0,0.5569144876184812,0.3609385581989977
0484D8F2185080,1,0.9503907994153802,1.3076913681528113
0484E8F2185080,0,0.3047474612671944,-0.7199549122760003
0484FBF2185080,6,-0.3621698038119305,0.6729709768808383
048503F2185084,1,-0.36110117316620116,1.509377568513303
048513121B6784,6,-0.5377886671043457,0.10597392947251004
048518F2185080,6,-0.7555938495302763,-0.3603801236672788
04851BF2185084,3,-1.8925426124877103,-0.18683978092087963
048529F2185080,0,-0.9997941918837494,-0.8484680793658114
04852BF2185084,2,2.899288809591932,-2.938402770920064
04852CF2185084,5,1.7203075354863175,-1.4935888618853277
048530F2185080,0,-0.9143680952343745,-0.6666401986416406
048537F2185080,0,1.0879482652216477,0.9247655256232126
04853AF2185084,6,-0.7555938495302763,-0.3603801236672788
048540F2185084,3,-2.0670858221118578,-0.15869392330678686
048542F2185084,3,-0.18414506153363744,-1.4363648320316829
048545F2185084,3,-0.5382968391984798,-1.8074975474445676
04854AF2185080,3,-1.1775196150782776,0.28303484020262726
04854BF2185084,1,-0.36110117316620116,1.509377568513303
048558F2185080,0,-0.8723696487850305,-1.687387345224774
048559F2185080,0,0.7916165537112821,1.001431293178449
04855EF2185080,3,-1.293487793996173,-1.5287950915292345
048560F2185080,0,1.0879482652216477,0.9247655256232126
048568F2185080,5,0.6915497852914908,0.24138931029623753
04856CF2185080,6,-0.3621698038119305,0.6729709768808383
048574F2185080,0,0.5101388346544286,1.224650065304435
048579F2185080,6,-0.7555938495302763,-0.3603801236672788
048590F2185081,3,-1.4864380769383116,-0.4092505216080272
048595F2185080,0,1.4339333450046023,0.15397589332397585
048597F2185080,2,2.899288809591932,-2.938402770920064
04859AF2185080,6,-0.3455937384205128,-0.6153462208686344
0485AAF2185080,0,-0.9143680952343745,-0.6666401986416406
0485B2F2185080,3,-1.4431761041365285,0.08524938914585434
0485B44A216281,1,1.9949631462928015,1.2825225121325445
0485B9F2185080,0,-0.6711405317505179,0.06728390566448768
0485C9F2185080,0,0.5569144876184812,0.3609385581989977
0485CAF2185081,3,-0.6951883297629413,-2.472525982557527
0485CBF2185080,1,1.1072274283203045,0.5686236790788367
0485CFF2185081,3,-1.2675572408441134,0.6522464365541827
0485D7F2185080,0,0.46687686185264526,0.7301501545505531
0485DFF2185080,0,0.3332634680321124,-1.0988577260509522
0485E0F2185080,2,3.6043504402814577,-0.8669403874611611
0485E7F2185080,0,-0.8700374917868621,0.6642663037447056
0485EBF2185080,6,-0.3888557112222959,-1.1098461316225163
0485FAF2185080,5,2.4522203935400824,-0.6083118723121146
048605F2185084,3,-1.4864380769383116,-0.4092505216080272
048612F2185080,3,-0.5799820092603996,0.447880610351093
048613F2185084,3,-1.3351729640580932,0.7265830662664261
048615F2185080,0,-0.9997941918837494,-0.8484680793658114
04861EF2185080,0,0.5727357176170839,-0.06006566498376062
048623F2185080,3,-1.1775196150782776,0.28303484020262726
048623F2185084,1,1.526673678771147,-1.1726102045564961
048624F2185084,3,-2.0670858221118578,-0.15869392330678686
048628F2185080,0,1.065176326085877,-0.21358073647773915
048629F2185080,3,-1.8925426124877103,-0.18683978092087963
04862CF2185080,3,-1.3118948673141642,-0.43739637922212
04862E121B6784,6,0.13397235750330394,0.08134863984213529
04862EF2185084,1,-0.36110117316620116,1.509377568513303
048632121B6784,6,-0.7379421304705909,-1.053554416394331
048632F2185084,1,0.08826533518498056,1.7814667385800371
048634F2185084,3,-1.4864380769383116,-0.4092505216080272
04863EF2185080,3,-1.3118948673141642,-0.43739637922212
048642F2185084,3,-0.5799820092603996,0.447880610351093
048647F2185080,0,-0.7387562549644977,0.1416205353767312
048669F2185080,3,-1.8925426124877103,-0.18683978092087963
048672F2185080,1,-0.16018585138460237,1.560329253203386
04867DF2185080,3,-0.15622575465131527,-0.4677044230631065
048697F2185080,3,-0.4242140110012048,-1.127593670355346
048698F2185080,5,0.6915497852914908,0.24138931029623753
04869BF2185080,3,-1.1342576422764945,0.777534750956509
04869DF2185080,1,0.13504098814903326,0.9177552314745998
04869EF2185080,3,-0.51236628604642,0.3735439806388496
0486A3121B6780,3,-2.0670858221118578,-0.15869392330678686
0486A3F2185080,3,-2.0670858221118578,-0.15869392330678686
0486B54A216280,2,5.479921147929861,-2.0596574411919173
0486B54A216281,0,0.50780667765626,-1.127003583665045
0486B5F2185081,6,0.23612966042130126,-0.27075991414745393
0486BDF2185080,1,-0.5356443827903486,1.5375234261273958
0486C1F2185080,3,-1.3351729640580932,0.7265830662664261
0486C2F2185080,5,1.0333997610333303,0.3716712103731398
0486C5F2185081,3,-1.4687863578786262,-1.1024248143350792
0486C8F2185080,1,-0.36110117316620116,1.509377568513303
0486CAF2185080,1,1.239772191495108,1.5612249680478776
0486CFF2185081,1,2.104939015353947,0.5275750232736639
0486D2F2185080,1,1.4169008547321138,-1.026865231424585
0486D8F2185080,3,-0.754525218884547,0.4760264679651858
0486DDF2185080,1,-0.36110117316620116,1.509377568513303
0486DFF2185081,3,-0.44186573006089047,-0.43441937762829397
0486E4F2185080,0,-1.4706691130182623,-0.7436564541964819
0486EFE2185080,6,0.017248824327102983,-1.332256872309664
0486F1F2185080,0,1.5103805780843371,-0.13142529310217824
0486F8F2185080,0,-0.11642333972903171,-2.3643142207201704
0486F9F2185080,5,1.1651278041332425,1.068753036332005
0486FEF2185080,3,-1.1606297544339457,0.6984372086523333
048718121B6784,0,0.26457911417240326,-1.8609276879711731
048719121B6784,1,2.5763727498817017,-0.0766107473454541
04871A121B6784,5,-0.25709962454247515,-0.2738351407842998
04871BF2185084,1,1.1072274283203045,0.5686236790788367
04871CF2185084,6,0.6147868198515111,0.722138750572815
04872CF2185084,3,-1.8925426124877103,-0.18683978092087963
04872E121B6784,6,0.13397235750330394,0.08134863984213529
048732121B6784,1,0.13504098814903326,0.9177552314745998
048734F2185080,2,0.7614692944569198,-2.448069827129155
048734F2185084,1,0.045003362383197305,1.2869668278261555
048739F2185084,1,2.5774413805274308,0.7597958442870104
04873FF2185084,0,1.5103805780843371,-0.13142529310217824
048741F2185080,1,-0.5356443827903486,1.5375234261273958
048747F2185084,2,1.6458651589807975,-0.9559274410942267
048748F2185080,6,-1.1616983850796752,-0.1379693829801312
04875EF2185080,1,1.5114492087300666,0.7049812985302863
048766F2185080,1,2.508757026667722,-0.002274117633210781
048769F2185080,1,-0.5356443827903486,1.5375234261273958
048771F2185080,3,-1.3118948673141642,-0.43739637922212
048773F2185080,1,0.3771999209871605,0.8152727441482637
048774F2185080,3,-0.754525218884547,0.4760264679651858
048775F2185080,1,1.5114492087300666,0.7049812985302863
04877FF2185080,3,-1.4864380769383116,-0.4092505216080272
04878EF2185080,3,-1.4864380769383116,-0.4092505216080272
0487A0F2185080,3,-1.2675572408441134,0.6522464365541827
0487A1F2185080,1,1.1072274283203045,0.5686236790788367
0487A3121B6780,3,-2.0670858221118578,-0.15869392330678686
0487B54A216281,0,1.685992418354214,0.6768354409161935
0487B9F2185081,3,-0.2906006171806718,0.7014142102461594
0487C0F2185081,1,2.242293436138102,0.7538516964710348
0487C2F2185080,0,-0.8900213678447164,-0.9942130524977221
0487C5F2185080,1,0.045003362383197305,1.2869668278261555
0487C7F2185080,1,0.045003362383197305,1.2869668278261555
0487D9F2185081,3,-1.2675572408441134,0.6522464365541827
0487E0F2185080,2,2.320291556883802,-3.1784268431511573
0487E0F2185081,3,-1.4687863578786262,-1.1024248143350792
0487E1F2185081,3,-1.4687863578786262,-1.1024248143350792
0487E3F2185080,3,-0.5799820092603996,0.447880610351093
0487E4F2185080,5,1.1651278041332425,1.068753036332005
0487EFF2185080,1,0.6660747657521997,1.481582198898815
048800F2185084,3,-0.49395921272842874,-0.7178547316682652
048801F2185084,3,-1.4864380769383116,-0.4092505216080272
048806F2185084,0,-1.064564577468864,-0.9660671948836292
04880BF2185084,3,-0.49395921272842874,-0.7178547316682652
048811F2185080,1,0.3095841977731808,0.889609373860507
048811F2185084,0,-0.8024217685728823,0.5899296740324622
048813F2185084,1,0.045003362383197305,1.2869668278261555
048817121B6784,3,-1.4864380769383116,-0.4092505216080272
048818121B6784,6,0.17723433030508717,0.5758485505960169
048818F2185084,6,-0.5367130134360779,0.7011168344949311
048819121B6784,1,2.5763727498817017,-0.0766107473454541
048819F2185084,0,-1.064564577468864,-0.9660671948836292
04881A121B6784,5,-0.25709962454247515,-0.2738351407842998
04881CF2185084,0,0.1930032942251364,0.24144261800756242
04881FF2185084,6,-1.1616983850796752,-0.1379693829801312
048821F2185080,3,-1.4431761041365285,0.08524938914585434
048821F2185084,1,0.6834711737112202,1.4842087124930363
048825F2185084,0,-0.11642333972903171,-2.3643142207201704
04882AF2185080,0,-0.019992230591442384,-0.9912360509038959
04882CF2185084,0,1.3722642988848281,0.7508746948772087
048831F2185080,1,2.508757026667722,-0.002274117633210781
048832F2185080,3,-1.8925426124877103,-0.18683978092087963
048832F2185084,3,-0.754525218884547,0.4760264679651858
048837F2185084,3,-1.4431761041365285,0.08524938914585434
04883AF2185084,1,0.6433028266164291,0.3432359367978632
048846F2185080,3,-0.5623302902007139,-0.24529368237595892
048849F2185080,3,-0.754525218884547,0.4760264679651858
048862F2185080,3,-1.4864380769383116,-0.4092505216080272
04886BF2185080,1,2.5932103444474803,0.42538991169855567
04886DF2185080,0,-0.4072341765137997,-1.7497041077464948
04886FF2185080,1,-0.49238240998856553,2.0320233368812772
048874F2185080,0,-0.8900213678447164,-0.9942130524977221
048879F2185080,1,2.5774413805274308,0.7597958442870104
04887CF2185081,2,-0.4576462620446489,-2.394755113494796
04887EF2185081,3,-2.0670858221118578,-0.15869392330678686
048886F2185080,2,0.8463365777130532,-1.7668678009551968
04888BF2185080,0,-0.26788133382998475,0.03680891020740182
048894F2185080,1,0.9335009387710482,0.8922889997031049
04889DF2185080,1,0.1783029609508165,1.4122551422284815
04889DF2185081,3,-0.754525218884547,0.4760264679651858
04889FF2185081,1,0.9345695694167777,1.7286955913355695
0488A0F2185080,1,-0.5356443827903486,1.5375234261273958
0488A54A216280,5,0.5424289567252691,0.5371052190766696
0488A6F2185081,6,-1.3362415947038226,-0.10982352536603844
0488A94A216281,2,4.800636092360497,-3.9890331807302735
0488B2F2185080,1,-0.5356443827903486,1.5375234261273958
0488B3F2185080,3,-1.4431761041365285,0.08524938914585434
0488BBF2185080,0,0.6170733440871347,1.0295771507925418
0488BFF2185080,3,-1.3351729640580932,0.7265830662664261
0488C5F2185081,3,-1.3351729640580932,0.7265830662664261
0488C8F2185080,1,0.045003362383197305,1.2869668278261555
0488D2E2185080,0,-1.046912858409178,-1.6592414876106814
0488D4F2185080,1,0.1783029609508165,1.4122551422284815
0488DBF2185080,1,0.8178460362405766,0.3150900791837704
0488DEF2185080,3,-0.5623302902007139,-0.24529368237595892
0488F6F2185080,1,1.239772191495108,1.5612249680478776
048903F2185084,1,0.9335009387710482,0.8922889997031049
04890AF2185084,0,1.3722642988848281,0.7508746948772087
048917121B6784,2,0.15768569246107156,-2.157644879774528
048917F2185084,1,0.8178460362405766,0.3150900791837704
048918F2185080,3,-0.8881386127050799,-1.3529814126363195
04891FF2185080,3,-0.4242140110012048,-1.127593670355346
04892AF2185084,3,-1.0029764054541301,0.2548889825885345
04892BF2185084,1,-0.20344782418638555,1.065829342449504
04892EF2185080,5,-0.2338215277985464,-1.4378145862728458
048932F2185080,0,0.17220269809239072,-1.712556201245041
048933F2185084,5,-0.083625045564057,-1.1383875900308569
048935F2185084,0,-1.4706691130182623,-0.7436564541964819
048938F2185080,2,0.14065320218858282,-3.3384860045230886
048941F2185080,3,-0.959714432652347,0.7493888933424162
048942F2185080,3,-1.8492806396859274,0.3076601298330021
048942F2185084,1,0.5089279640870727,1.512354570107129
048943F2185084,3,-1.4431761041365285,0.08524938914585434
048944F2185084,1,0.9503907994153802,1.3076913681528113
048946F2185080,0,0.6170733440871347,1.0295771507925418
048946F2185084,1,0.9503907994153802,1.3076913681528113
048949F2185080,3,-1.3118948673141642,-0.43739637922212
04894AF2185084,1,0.045003362383197305,1.2869668278261555
048951F2185080,3,-1.1173677816321625,1.1929371194062153
048956F2185080,3,-1.0029764054541301,0.2548889825885345
048957F2185080,3,-0.5623302902007139,-0.24529368237595892
048959F2185080,0,0.7528504432659369,-1.9631127995462812
04895FF2185080,0,0.06077232630324684,0.9525608952377006
048963F2185080,3,-1.2271406056711958,1.3386820925381262
048964F2185080,3,-1.8492806396859274,0.3076601298330021
048974E2185080,3,-2.0670858221118578,-0.15869392330678686
04897EF2185080,1,2.087287296294261,1.2207493160007157
048981F2185080,1,0.23719829106703058,0.5656466774850106
048981F2185081,1,2.7099861437022343,1.7523971332560513
048983F2185080,0,-1.064564577468864,-0.9660671948836292
048983F2185081,1,1.28872134708162,2.099828306748454
04898AF2185080,1,0.045003362383197305,1.2869668278261555
04898CF2185080,6,0.017248824327102983,-1.332256872309664
048996F2185080,0,0.06077232630324684,0.9525608952377006
048998F2185080,0,-0.8467593950429332,-0.4997131417438407
04899CF2185081,1,1.084766051651267,2.0281225875775584
04899EF2185080,6,0.5511213062431265,1.1704478892285461
0489A0F2185080,3,-1.8925426124877103,-0.18683978092087963
0489A2121B6781,0,-0.26503599620111934,-0.15512683502265986
0489A3F2185080,3,-1.5785591819176596,-0.9566798412031681
0489A4F2185080,0,-1.4706691130182623,-0.7436564541964819
0489A54A216280,1,2.4187194009018858,0.366937478718345
0489A8F2185080,0,1.4339333450046023,0.15397589332397585
0489A94A216281,2,5.532548950414261,-3.10375619115706
0489AAF2185080,0,-1.064564577468864,-0.9660671948836292
0489AAF2185081,3,-1.4431761041365285,0.08524938914585434
0489ADF2185080,1,-0.36110117316620116,1.509377568513303
0489B3F2185080,6,-0.6043287366500578,0.7754534642071745
0489B4F2185080,5,-0.2319387726589102,-1.7965829464114433
0489B9F2185080,6,-0.023680991476511665,0.5248968659059342
0489BBF2185081,1,0.045003362383197305,1.2869668278261555
0489C9F2185080,3,-0.754525218884547,0.4760264679651858
0489CEF2185080,0,-1.4706691130182623,-0.7436564541964819
0489D6F2185080,0,1.0610070467106174,-0.16225077655886863
0489DDF2185081,1,0.5989655898529084,1.1431429737555734
0489DFF2185080,1,0.9503907994153802,1.3076913681528113
0489E2F2185080,3,-1.3118948673141642,-0.43739637922212
0489E4F2185080,2,1.3348632179072517,-2.564853718851578
0489E8F2185080,3,-1.1173677816321625,1.1929371194062153
0489EDF2185080,0,-0.46626511323563213,-1.9097980859119217
0489FBF2185080,5,-0.2752007454606933,-2.291082857165325
0489FDF2185080,5,-0.083625045564057,-1.1383875900308569
0489FEF2185080,1,2.087287296294261,1.2207493160007157
048A00F2185084,6,0.2117759100091046,0.2980766263186715
048A03F2185084,3,-0.4242140110012048,-1.127593670355346
048A05F2185084,3,-0.5623302902007139,-0.24529368237595892
048A0CF2185084,6,-0.0060292724168260516,-0.1682774268211177
048A0EF2185084,0,-0.8700374917868621,0.6642663037447056
048A12F2185080,2,0.14065320218858282,-3.3384860045230886
048A12F2185084,0,-0.8900213678447164,-0.9942130524977221
048A14F2185080,3,-0.2906006171806718,0.7014142102461594
048A14F2185084,5,-0.4083647374226939,-1.409668728658753
048A15F2185084,3,-0.2906006171806718,0.7014142102461594
048A16F2185084,0,-1.6452123226424098,-0.715510596582389
048A17121B6784,0,-0.2909665493531792,-2.336168363106078
048A18F2185080,1,-0.36110117316620116,1.509377568513303
048A1AF2185084,0,-0.9132994645886452,0.16976639299082397
048A1BF2185080,3,-1.268632894512381,0.05710353153176158
048A1BF2185084,0,-1.6452123226424098,-0.715510596582389
048A1FF2185084,5,1.5220850556032386,0.5230240956402245
048A22F2185084,3,-0.754525218884547,0.4760264679651858
048A25F2185084,0,-0.29222806121964295,0.3643817640634835
048A29F2185080,3,-1.3118948673141642,-0.43739637922212
048A2AF2185084,1,3.131859643171682,1.195580459980449
048A34F2185084,3,-0.754525218884547,0.4760264679651858
048A39121B6784,5,5.159956975566769,-1.5618531330454153
048A39F2185080,0,-1.4706691130182623,-0.7436564541964819
048A3CF2185084,1,0.3539218242432316,1.9792521896368098
048A41F2185084,1,3.30640285279583,1.1674346023663562
048A46F2185080,3,-1.1606297544339457,0.6984372086523333
048A57F2185080,0,1.6849237877084846,-0.159571150716271
048A60F2185080,3,-1.8925426124877103,-0.18683978092087963
048A64F2185080,1,0.06265508144288308,0.5937925350991035
048A74F2185080,2,-0.4418772981245994,-2.729161046083251
048A7BF2185080,1,0.06265508144288308,0.5937925350991035
048A7DF2185080,1,0.7758475897912327,1.335837225766904
048A8CF2185080,6,0.4402436102273635,0.7502846081869078
048A91F2185081,3,-1.4687863578786262,-1.1024248143350792
048A98F2185080,1,-0.5356443827903486,1.5375234261273958
048A9DE2185080,6,0.017248824327102983,-1.332256872309664
048A9DF2185080,5,0.3235481206310708,-0.5243917390855402
048AA3F2185080,0,-0.6722161854187856,-0.5278589993579335
048AA84A216281,1,1.862418383117998,0.28992122316350366
048AC0F2185080,0,0.06077232630324684,0.9525608952377006
048AC9F2185081,0,-0.7387562549644977,0.1416205353767312
048ACAF2185080,0,-0.0705089105191175,1.4752066636056753
048AD8F2185080,6,0.017248824327102983,-1.332256872309664
048ADFF2185080,3,-1.3118948673141642,-0.43739637922212
048AE1F2185081,3,-1.4864380769383116,-0.4092505216080272
048AE3F2185081,0,0.46687686185264526,0.7301501545505531
048AE4F2185081,1,0.6433028266164291,0.3432359367978632
048AE7F2185080,3,-0.5083765812981403,0.20582550625749882
048AF6F2185080,1,2.087287296294261,1.2207493160007157
048AF7F2185080,6,0.2117759100091046,0.2980766263186715
048B0BF2185084,1,-0.4287168963801812,1.5837141982255463
048B0FF2185084,0,1.5751509636694516,-0.01382617758435995
048B10F2185084,3,-1.3118948673141642,-0.43739637922212
048B11F2185080,3,-1.2675572408441134,0.6522464365541827
048B13F2185080,3,-1.4431761041365285,0.08524938914585434
048B17121B6784,0,1.24047488996833,-0.6399510136718947
048B18F2185084,1,2.172600371330472,2.4974536423111733
048B1AF2185080,0,-0.11377088332090067,0.9807067528517934
048B1AF2185084,1,0.8178460362405766,0.3150900791837704
048B1CF2185080,0,2.727271930589413,-1.9783597328232374
048B1DF2185084,5,-0.05664020877645713,-2.222953223605599
048B1EF2185080,1,2.9277913261281654,2.2187511863958402
048B26F2185080,1,2.9277913261281654,2.2187511863958402
048B27F2185080,0,0.465808231206916,-0.10625643708191145
048B28F2185080,1,0.9931446001230294,-0.11128019801038527
048B2BF2185084,1,0.6834711737112202,1.4842087124930363
048B2CE2185080,3,-0.0886100314373357,-0.54204105277535
048B2CF2185080,1,1.239772191495108,1.5612249680478776
048B2D121B6784,1,3.308285607935466,0.808666242227759
048B2EF2185084,6,-0.0060292724168260516,-0.1682774268211177
048B2FF2185080,3,-0.754525218884547,0.4760264679651858
048B31F2185080,0,1.065176326085877,-0.21358073647773915
048B34F2185080,3,-0.6869094956705675,0.40168983825294236
048B35F2185080,1,2.087287296294261,1.2207493160007157
048B35F2185084,1,0.2900471279928743,0.45085761194491897
048B39121B6784,5,5.159956975566769,-1.5618531330454153
048B39E2185080,3,-1.2675572408441134,0.6522464365541827
048B3BF2185080,6,0.8175327598531528,-0.9195409320287569
048B3BF2185084,3,-1.4431761041365285,0.08524938914585434
048B3CF2185080,1,0.045003362383197305,1.2869668278261555
048B3EF2185080,0,-1.4706691130182623,-0.7436564541964819
048B41F2185080,1,1.8380716557283399,0.6174940770195853
048B43F2185080,3,-1.4864380769383116,-0.4092505216080272
048B43F2185084,3,-0.9792515024326535,0.31063713142682814
048B45F2185080,3,-0.8448766399032968,-0.858481501882438
048B46F2185080,3,-0.5799820092603996,0.447880610351093
048B47F2185080,3,-0.754525218884547,0.4760264679651858
048B4BF2185080,5,-0.05664020877645713,-2.222953223605599
048B50F2185080,2,0.16342514132435337,-2.2001397424221367
048B51F2185080,1,-0.5356443827903486,1.5375234261273958
048B52F2185080,1,0.13504098814903326,0.9177552314745998
048B57F2185080,3,-1.5962109009773449,-0.26350554847611624
048B59F2185080,3,-1.29191099125631,1.221082977020308
048B62F2185080,0,-0.9132994645886452,0.16976639299082397
048B64F2185080,0,1.8361889005887035,0.9762624371581823
048B67F2185080,3,-0.7112632460827638,0.9705263787190673
048B6BF2185080,3,-0.6869094956705675,0.40168983825294236
048B6CF2185080,3,-2.0670858221118578,-0.15869392330678686
048B6EF2185080,1,0.2628085448091281,1.7533208809659444
048B71F2185080,0,-0.8467593950429332,-0.4997131417438407
048B72F2185080,1,1.5742482513121565,1.6382329711997563
048B74F2185080,6,-0.7555938495302763,-0.3603801236672788
048B77F2185080,0,0.6170733440871347,1.0295771507925418
048B78F2185080,6,-1.2929796219020395,0.3846763853878434
048B79F2185080,3,-0.7128400488226273,-1.7793516898304749
048B7AF2185080,0,-0.9143680952343745,-0.6666401986416406
048B7DF2185080,3,-1.3351729640580932,0.7265830662664261
048B7FF2185080,1,0.2628085448091281,1.7533208809659444
048B88F2185080,1,0.1962684752634159,2.4228004157006087
048B8CF2185080,3,-1.4864380769383116,-0.4092505216080272
048B8DF2185080,3,-1.4431761041365285,0.08524938914585434
048B90F2185080,3,-0.821036070121797,1.1162713518509786
048B98F2185080,1,0.045003362383197305,1.2869668278261555
048B9BF2185080,2,1.2239916595113498,-0.3991107678186244
048B9CF2185080,3,-1.1606297544339457,0.6984372086523333
048B9DF2185080,6,0.8175327598531528,-0.9195409320287569
048B9EF2185080,3,-0.8881386127050799,-1.3529814126363195
048B9FF2185080,3,-0.7128400488226273,-1.7793516898304749
048BA1F2185080,3,-0.7112632460827638,0.9705263787190673
048BA2F2185080,0,1.2397195357100246,-0.24172659409183192
048BA4F2185080,0,-0.9565322190819663,-0.35396816861192953
048BA5F2185080,3,-0.8881386127050799,-1.3529814126363195
048BA7F2185080,3,-1.8925426124877103,-0.18683978092087963
048BA84A216281,1,1.862418383117998,0.28992122316350366
048BB0F2185080,1,0.5089279640870727,1.512354570107129
048BB1F2185081,1,0.1951998446176867,1.5863938240681443
048BB4F2185080,6,-0.29166924782640113,-0.13499238138630518
048BB5F2185080,1,0.045003362383197305,1.2869668278261555
048BB6F2185080,3,-0.8881386127050799,-1.3529814126363195
048BB7F2185080,3,-1.8925426124877103,-0.18683978092087963
048BB9F2185080,3,-1.3351729640580932,0.7265830662664261
048BBAF2185080,1,1.398494171120653,1.954083333616543
048BBEF2185080,0,-0.9132994645886452,0.16976639299082397
048BBFF2185080,1,0.5089279640870727,1.512354570107129
048BC4F2185080,0,1.1977210892606807,0.7790205524913015
048BC7F2185080,3,-0.7793509000598772,-1.1391068059446823
048BCBF2185080,1,0.3576628512068538,0.3765209822326756
048BCCF2185080,3,-2.0670858221118578,-0.15869392330678686
048BCDF2185080,3,-0.754525218884547,0.4760264679651858
048BD0F2185080,3,-0.5799820092603996,0.447880610351093
048BD4F2185080,1,0.045003362383197305,1.2869668278261555
048BD6F2185080,0,-0.11377088332090067,0.9807067528517934
048BDBE2185080,3,-1.2675572408441134,0.6522464365541827
048BDEE2185080,3,-0.0886100314373357,-0.54204105277535
048BDEF2185080,6,-0.714101560689091,0.9211984373390857
048BE1F2185080,3,-1.1606297544339457,0.6984372086523333
048BEEF2185080,3,-0.5799820092603996,0.447880610351093
048BF6F2185080,0,1.0610070467106174,-0.16225077655886863
048BF7F2185080,0,-0.8900213678447164,-0.9942130524977221
048BFBF2185080,0,-0.007912027556462291,0.19049093331747965
048BFDF2185080,1,1.5114492087300666,0.7049812985302863
048C06F2185084,3,-0.49395921272842874,-0.7178547316682652
048C0BF2185084,5,-0.2338215277985464,-1.4378145862728458
048C0CF2185084,3,-2.0670858221118578,-0.15869392330678686
048C10F2185084,3,-1.4864380769383116,-0.4092505216080272
048C12F2185084,6,-0.023680991476511665,0.5248968659059342
048C13121B6784,6,0.0605107971288861,-0.8377569615557823
048C13F2185080,0,-0.8456837413746654,0.09542976327858044
048C15F2185084,1,1.4143154011192556,1.5330791104337849
048C16F2185080,3,-1.3351729640580932,0.7265830662664261
048C17F2185084,1,0.7758475897912327,1.335837225766904
048C1AF2185084,3,-2.0670858221118578,-0.15869392330678686
048C1CF2185084,0,-0.8900213678447164,-0.9942130524977221
048C1EF2185080,3,-1.3118948673141642,-0.43739637922212
048C21F2185080,6,-0.7555938495302763,-0.3603801236672788
048C22F2185080,3,-1.1775196150782776,0.28303484020262726
048C23F2185080,0,1.065176326085877,-0.21358073647773915
048C24F2185080,3,-1.4431761041365285,0.08524938914585434
048C25F2185084,0,-0.28938974661331585,0.41370970544346514
048C26F2185084,0,1.3722642988848281,0.7508746948772087
048C27F2185084,6,-0.5633989208464434,-1.0817002740084236
048C2AF2185084,1,1.0895757092606186,1.2617979718058887
048C2D121B6784,1,2.9082086235853137,-0.2642158242695009
048C2DF2185080,3,-1.4864380769383116,-0.4092505216080272
048C2EF2185080,1,0.045003362383197305,1.2869668278261555
048C30F2185080,3,-1.3351729640580932,0.7265830662664261
048C33F2185084,3,-2.0670858221118578,-0.15869392330678686
048C38F2185080,3,-2.0670858221118578,-0.15869392330678686
048C3AF2185080,3,-1.3351729640580932,0.7265830662664261
048C3CF2185084,5,0.25759608278706275,-0.3835210006495362
048C3EE2185080,3,-1.4431761041365285,0.08524938914585434
048C3EF2185080,1,0.23719829106703058,0.5656466774850106
048C44F2185080,3,-1.4864380769383116,-0.4092505216080272
048C45F2185080,3,-0.5615749359424084,-0.6435181019560217
048C4CF2185080,5,0.07621783078577037,0.004279076575969259
048C4DF2185084,3,-1.3118948673141642,-0.43739637922212
048C54F2185080,0,0.06077232630324684,0.9525608952377006
048C5AF2185080,3,-1.4864380769383116,-0.4092505216080272
048C66F2185080,0,-0.11377088332090067,0.9807067528517934
048C6CF2185080,1,1.0407165770830544,1.2088685629646294
048C72F2185080,3,-1.1606297544339457,0.6984372086523333
048C74F2185080,0,-0.8700374917868621,0.6642663037447056
048C80F2185080,3,-0.5799820092603996,0.447880610351093
048C81F2185080,3,-1.4864380769383116,-0.4092505216080272
048C83F2185080,3,-2.0670858221118578,-0.15869392330678686
048C86F2185080,1,0.2628085448091281,1.7533208809659444
048C8EF2185080,3,-1.4864380769383116,-0.4092505216080272
048C91F2185080,1,0.21954657200734481,1.2588209702120627
048C93F2185080,6,-0.023680991476511665,0.5248968659059342
048C9EF2185080,3,-0.5615749359424084,-0.6435181019560217
048CA2F2185080,6,-0.023680991476511665,0.5248968659059342
048CA5F2185080,1,-0.06995009712587562,0.9758325181558866
048CB2F2185080,1,0.045003362383197305,1.2869668278261555
048CB44A216281,1,0.9503907994153802,1.3076913681528113
048CBAF2185080,0,-0.33265171941509913,-0.08079020531041635
048CBCF2185080,0,1.3722642988848281,0.7508746948772087
048CBDF2185080,2,0.14065320218858282,-3.3384860045230886
048CC3F2185080,5,0.988440310195098,-0.33465060270878777
048CC8F2185080,1,1.979141916294199,1.7035267353153027
048CCBF2185080,1,2.080978919802234,0.35805085672322956
048CCDF2185080,2,1.2239916595113498,-0.3991107678186244
048CD1F2185080,3,-1.8492806396859274,0.3076601298330021
048CD6F2185080,3,-0.5615749359424084,-0.6435181019560217
048CD9F2185080,3,-0.754525218884547,0.4760264679651858
048CDCF2185080,0,-1.4706691130182623,-0.7436564541964819
048CDFF2185080,3,-0.5615749359424084,-0.6435181019560217
048CE0F2185080,1,0.21954657200734481,1.2588209702120627
048CE6F2185080,0,-1.064564577468864,-0.9660671948836292
048CEBF2185080,0,-0.8456837413746654,0.09542976327858044
048CF2F2185080,6,1.195434565025057,0.47158215227157463
048CF5F2185080,3,-1.2675572408441134,0.6522464365541827
048CF6F2185080,3,-1.3351729640580932,0.7265830662664261
048CFFF2185080,3,-1.0029764054541301,0.2548889825885345
048D03F2185084,3,-1.4864380769383116,-0.4092505216080272
048D0DF2185084,0,-0.8456837413746654,0.09542976327858044
048D10F2185084,3,-1.8492806396859274,0.3076601298330021
048D13121B6784,0,-0.6711405317505179,0.06728390566448768
048D14F2185084,3,-0.8881386127050799,-1.3529814126363195
048D15F2185084,3,-0.15622575465131527,-0.4677044230631065
048D1CF2185080,6,-0.42978552702591033,0.7473076065930817
048D1FF2185084,1,0.045003362383197305,1.2869668278261555
048D27F2185080,0,1.3463337457327682,-1.430166833206209
048D28F2185080,1,2.0224038890959823,2.1980266460691844
048D29F2185080,1,0.6433028266164291,0.3432359367978632
048D29F2185084,0,-0.22354370735993392,1.1264517259837046
048D2AF2185084,3,-1.8492806396859274,0.3076601298330021
048D2BF2185080,3,-2.0670858221118578,-0.15869392330678686
048D2BF2185084,0,-0.11377088332090067,0.9807067528517934
048D2EF2185080,0,1.3722642988848281,0.7508746948772087
048D30F2185084,0,0.13127288228877615,0.14459753697055716
048D3CF2185080,6,0.018004178585408124,-1.7304812918897263
048D3DF2185084,0,0.3058160919129237,0.11645167935646437
048D45F2185084,3,-1.3351729640580932,0.7265830662664261
048D49F2185080,1,0.9931446001230294,-0.11128019801038527
048D4AF2185084,1,0.2900471279928743,0.45085761194491897
048D4BF2185084,3,-2.0670858221118578,-0.15869392330678686
048D4DF2185080,1,0.3539218242432316,1.9792521896368098
048D4DF2185084,3,-1.3118948673141642,-0.43739637922212
048D54F2185080,0,-0.8456837413746654,0.09542976327858044
048D57F2185080,3,-1.29191099125631,1.221082977020308
048D5AF2185080,5,-0.6789731240119232,0.2829815324913023
048D5EF2185080,0,0.7990734204566082,0.25845607087266137
048D65F2185080,3,-1.29191099125631,1.221082977020308
048D66F2185080,0,1.8361889005887035,0.9762624371581823
048D73F2185080,3,-0.5968718699047314,0.03247824190138684
048D79F2185080,0,-1.6019503498406267,-0.22101068582850739
048D7DF2185080,3,-2.0670858221118578,-0.15869392330678686
048D82F2185080,3,-1.3118948673141642,-0.43739637922212
048D87F2185080,3,-1.3118948673141642,-0.43739637922212
048D8EF2185080,3,-0.8881386127050799,-1.3529814126363195
048D98F2185080,3,-2.0670858221118578,-0.15869392330678686
048D9FF2185080,1,0.21954657200734481,1.2588209702120627
048DA2F2185080,3,-2.0670858221118578,-0.15869392330678686
048DA3121B6780,3,-1.4216676913531974,-0.291651406090209
048DA4F2185080,6,0.061586450797153754,-0.24261405653336113
048DA84A216280,5,-0.6800417546576525,-0.5534250591411622
048DB3F2185080,6,-0.7555938495302763,-0.3603801236672788
048DB44A216281,5,1.4753094026391858,1.3867356027456617
048DB4F2185080,0,-0.3337203500608285,-0.9171967969428807
048DB8F2185081,1,0.6834711737112202,1.4842087124930363
048DB9E2185080,0,-1.046912858409178,-1.6592414876106814
048DB9F2185080,0,-0.1404567907312659,-0.8021103556515612
048DC2F2185080,1,0.21954657200734481,1.2588209702120627
048DC8F2185080,0,-1.6452123226424098,-0.715510596582389
048DCAF2185080,0,-0.8716142945267251,-2.085611764804837
048DD2F2185080,0,1.2397195357100246,-0.24172659409183192
048DDFF2185080,3,-1.3351729640580932,0.7265830662664261
048DEEF2185080,3,-0.49395921272842874,-0.7178547316682652
048DF3F2185080,3,-1.3118948673141642,-0.43739637922212
048DFBF2185080,0,-0.9132994645886452,0.16976639299082397
048DFCF2185080,3,-1.2675572408441134,0.6522464365541827
048DFEF2185080,0,-0.3337203500608285,-0.9171967969428807
048E01F2185084,1,0.1951998446176867,1.5863938240681443
048E0EF2185084,3,-1.4864380769383116,-0.4092505216080272
048E14F2185084,1,2.636524583327817,0.8332915318581338
048E15F2185080,0,0.7990734204566082,0.25845607087266137
048E19121B6784,1,3.308285607935466,0.808666242227759
048E1FF2185084,6,-0.7555938495302763,-0.3603801236672788
048E24F2185080,6,-0.7555938495302763,-0.3603801236672788
048E26F2185080,0,0.39819250799293626,-0.031919807369667846
048E2BF2185084,0,1.215052508910404,-0.9075210648382341
048E32121B6784,1,2.461473201609535,-1.0520340874448517
048E38F2185080,0,1.2127203519122354,-3.2591747138077145
048E39F2185080,0,-0.739824885610227,-0.6947860562557334
048E3AF2185080,3,-1.3351729640580932,0.7265830662664261
048E3AF2185084,1,0.1951998446176867,1.5863938240681443
048E3BF2185080,1,1.4417561439224362,2.448583244370425
048E3BF2185084,0,-1.6452123226424098,-0.715510596582389
048E3CF2185080,0,-1.6452123226424098,-0.715510596582389
048E44F2185084,3,-1.2038917272357288,0.20393729789845183
048E4DF2185084,6,1.0641533282026927,0.994227920639549
048E5DF2185080,3,-1.4864380769383116,-0.4092505216080272
048E6DF2185080,3,-0.49395921272842874,-0.7178547316682652
048E76F2185080,0,-0.8024217685728823,0.5899296740324622
048E78F2185080,0,1.1053446731806682,0.9273920392174339
048E7AF2185080,0,-0.11377088332090067,0.9807067528517934
048E7EF2185080,0,-0.007912027556462291,0.19049093331747965
048E7FF2185080,0,-1.4706691130182623,-0.7436564541964819
048E8AF2185080,5,0.11948682661009183,0.25751530071980727
048E8CF2185080,3,-1.4864380769383116,-0.4092505216080272
048E93F2185080,3,-1.3351729640580932,0.7265830662664261
048E9CF2185080,3,-1.8925426124877103,-0.18683978092087963
048E9EF2185080,1,3.30640285279583,1.1674346023663562
048EA1F2185080,1,1.3257879650045405,0.6367533126385628
048EA7F2185080,0,0.6344047637368581,-0.6569644665369937
048EA8F2185080,0,-0.17499837043528355,-0.5243384313742153
048EA9F2185080,3,-1.3784057185514142,0.2028485046636728
048EAAF2185080,3,0.9300317622880259,-2.748251436879034
048EABF2185080,0,-1.4706691130182623,-0.7436564541964819
048EAEF2185081,0,1.0392457729338171,-2.394622264561157
048EB54A216281,0,1.685992418354214,0.6768354409161935
048EB8F2185080,1,0.7758475897912327,1.335837225766904
048EBBF2185080,6,1.0641533282026927,0.994227920639549
048EC5F2185080,0,0.46296289357805065,0.0856793081481503
048ECDF2185080,0,-1.4706691130182623,-0.7436564541964819
048EDBF2185080,0,-0.1159151676348977,-0.45084274380309225
048EE0F2185080,1,0.045003362383197305,1.2869668278261555
048EE4F2185080,3,-1.0930140312199659,0.6241005789400899
048EE8F2185080,0,-0.17499837043528355,-0.5243384313742153
048EE9F2185080,1,0.9503907994153802,1.3076913681528113
048EEDF2185080,3,-1.3351729640580932,0.7265830662664261
048EF9F2185080,1,0.39718379704501483,2.4737521003906915
048EFDF2185080,3,-1.4864380769383116,-0.4092505216080272
048EFFF2185080,3,-1.3351729640580932,0.7265830662664261
048F03F2185084,3,-1.4687863578786262,-1.1024248143350792
048F06F2185084,1,0.9503907994153802,1.3076913681528113
048F0FF2185084,3,-0.6869094956705675,0.40168983825294236
048F12F2185084,1,0.045003362383197305,1.2869668278261555
048F18121B6784,5,3.830057929667196,-0.26876822037780845
048F1DF2185080,1,0.5717270066691624,2.445606242776599
048F22F2185080,3,-0.8881386127050799,-1.3529814126363195
048F25F2185080,3,-0.5382968391984798,-1.8074975474445676
048F32121B6784,0,-0.7556461156088297,-0.273781833072975
048F35F2185080,1,-0.17972292116490884,1.1215774912877976
048F3BF2185080,3,-1.3118948673141642,-0.43739637922212
048F3CF2185084,3,-1.3351729640580932,0.7265830662664261
048F44F2185080,3,-0.7368734998248614,-0.21714782476186614
048F4AF2185080,6,-0.42978552702591033,0.7473076065930817
048F4BF2185080,0,0.6414200714767928,0.7020042969364603
048F4CF2185084,1,2.5744899947420654,0.2821576127931431
048F4DF2185084,3,-1.3351729640580932,0.7265830662664261
048F52F2185080,2,1.3827136391368948,-0.006252402249958774
048F54F2185080,1,1.5066395511207151,1.4713059143019562
048F59F2185080,1,1.5114492087300666,0.7049812985302863
048F62F2185080,0,1.2375756411025578,0.2162737619872956
048F6BF2185080,3,-0.11529593884770076,-2.324858161278704
048F76F2185080,1,1.132837682062402,1.7562978825597704
048F82F2185080,1,-0.36110117316620116,1.509377568513303
048F84F2185080,3,-2.0670858221118578,-0.15869392330678686
048F85F2185080,3,-0.7790306006499148,-0.1457394813421983
048F87F2185081,3,-1.3351729640580932,0.7265830662664261
048F8DF2185080,0,-1.6452123226424098,-0.715510596582389
048F92F2185080,3,-1.3351729640580932,0.7265830662664261
048F93F2185080,3,-0.5382968391984798,-1.8074975474445676
048F94F2185080,6,0.13397235750330394,0.08134863984213529
048F99F2185080,1,1.132837682062402,1.7562978825597704
048F9CF2185080,1,0.5322060608310014,0.34837512461858283
048FA94A216280,2,2.066968957181751,-5.216533448080389
048FACF2185080,0,-0.9132994645886452,0.16976639299082397
048FB54A216281,1,0.7758475897912327,1.335837225766904
048FB8F2185081,0,-0.007912027556462291,0.19049093331747965
048FBCF2185080,2,1.1973057521009844,-2.181927876321979
048FCCF2185080,6,-0.0060292724168260516,-0.1682774268211177
048FD0F2185081,3,-0.7135954030809324,-1.3811272702504123
048FD5F2185080,3,-1.4864380769383116,-0.4092505216080272
048FD6F2185080,6,-0.5810506399061288,-0.38852598128137156
048FDBF2185080,1,2.636524583327817,0.8332915318581338
048FDCF2185080,3,-0.6869094956705675,0.40168983825294236
048FE1F2185080,6,-0.5810506399061288,-0.38852598128137156
048FEAF2185080,6,-1.3362415947038226,-0.10982352536603844
049005F2185084,1,0.1951998446176867,1.5863938240681443
049006F2185084,3,-1.425524385076843,-0.6079249035811974
049009F2185084,0,0.996491972226168,-0.9756506983979601
04900DF2185084,0,0.39819250799293626,-0.031919807369667846
049011F2185084,0,0.6170733440871347,1.0295771507925418
049012F2185084,3,-1.4431761041365285,0.08524938914585434
049013F2185084,3,-1.8925426124877103,-0.18683978092087963
049015F2185084,3,-1.4864380769383116,-0.4092505216080272
049018121B6784,5,3.830057929667196,-0.26876822037780845
04901A121B6784,0,0.996491972226168,-0.9756506983979601
04901AF2185080,3,-1.8925426124877103,-0.18683978092087963
04901CF2185084,3,-1.1606297544339457,0.6984372086523333
04901DF2185080,0,-0.426096766140841,-0.7688253102167487
04901EF2185084,1,-0.17972292116490884,1.1215774912877976
049026F2185080,1,0.36974305424183423,1.5582479664540516
049026F2185084,1,-0.17972292116490884,1.1215774912877976
049027F2185080,2,-0.26545133336081567,-3.1160752638359406
04902BF2185080,3,-1.1606297544339457,0.6984372086523333
04902CF2185080,6,0.018004178585408124,-1.7304812918897263
049032F2185084,3,-2.0670858221118578,-0.15869392330678686
04903DF2185080,3,-1.4864380769383116,-0.4092505216080272
049040F2185084,3,-1.4864380769383116,-0.4092505216080272
049041F2185084,1,1.132837682062402,1.7562978825597704
049046F2185084,1,0.08542702057865356,1.7321387972000555
049047F2185084,6,-0.7555938495302763,-0.3603801236672788
049057F2185080,3,-1.4864380769383116,-0.4092505216080272
04905BF2185080,6,1.1317690514166725,0.9198912909273058
04905DF2185080,3,-1.293487793996173,-1.5287950915292345
049068F2185080,1,-0.36110117316620116,1.509377568513303
049071F2185080,3,-0.5382968391984798,-1.8074975474445676
04907AF2185080,1,-0.6021552340275987,2.177768310013189
04907FF2185080,3,-1.4431761041365285,0.08524938914585434
049087F2185080,6,-1.1616983850796752,-0.1379693829801312
04909CF2185080,6,1.6608759896960612,-2.6993810389382853
04909EF2185080,6,-0.4934510406342948,1.195616745248813
04909FF2185080,3,-2.0670858221118578,-0.15869392330678686
0490A2121B6781,0,-0.26503599620111934,-0.15512683502265986
0490A3121B6780,3,-1.4216676913531974,-0.291651406090209
0490A3121B6781,3,-2.0670858221118578,-0.15869392330678686
0490A54A216280,1,2.4187194009018858,0.366937478718345
0490A8F2185080,6,-1.3362415947038226,-0.10982352536603844
0490A94A216281,1,1.5730373807448006,1.9259374760024504
0490A9F2185080,0,-0.8900213678447164,-0.9942130524977221
0490AAF2185080,1,-0.49238240998856553,2.0320233368812772
0490ADF2185080,1,-0.17972292116490884,1.1215774912877976
0490B6F2185080,5,0.07621783078577037,0.004279076575969259
0490B9F2185081,6,0.23612966042130126,-0.27075991414745393
0490C2F2185080,1,0.1951998446176867,1.5863938240681443
0490E9F2185080,3,-1.4431761041365285,0.08524938914585434
0490F6F2185080,2,-0.4399945429849632,-3.087929406221848
0490F9F2185080,3,-0.7128400488226273,-1.7793516898304749
0490FAF2185080,6,1.8201061414157402,-0.3930511964525422
049105F2185084,6,-1.1616983850796752,-0.1379693829801312
049107F2185084,0,-1.4706691130182623,-0.7436564541964819
04910CF2185084,3,-0.51236628604642,0.3735439806388496
04910FF2185084,3,-1.8925426124877103,-0.18683978092087963
049111F2185080,0,-0.8900213678447164,-0.9942130524977221
049115F2185080,0,0.7071109698529705,0.6603655544409864
049117121B6784,2,0.15768569246107156,-2.157644879774528
049119121B6784,0,0.5745662066781669,-0.33223573452805427
04911AF2185084,3,-2.0670858221118578,-0.15869392330678686
04911BE2185080,3,-1.4431761041365285,0.08524938914585434
04911DF2185084,6,0.04393473173746796,0.4505602361936908
04912DF2185084,3,-2.0670858221118578,-0.15869392330678686
049131F2185084,0,-0.8723696487850305,-1.687387345224774
049139F2185080,6,0.3085155671274515,0.05320278222804253
049139F2185084,1,-0.36110117316620116,1.509377568513303
04913DF2185080,1,0.5089279640870727,1.512354570107129
04913EF2185080,3,-1.3773300648831466,0.7979914096860939
04913FF2185080,6,-1.2929796219020395,0.3846763853878434
049148F2185080,1,0.9335009387710482,0.8922889997031049
04914AF2185084,3,-1.2675572408441134,0.6522464365541827
049159F2185080,1,-0.2710635474003653,1.1401659721617476
04915BF2185080,1,1.0404284251812161,0.9384797718012554
04916CF2185080,0,-1.4706691130182623,-0.7436564541964819
04916DF2185080,2,-0.5731585349469638,-2.206515277715276
04916FF2185080,0,0.15455097903270512,-1.0193819085179887
049191F2185080,6,-1.3362415947038226,-0.10982352536603844
0491A0F2185080,1,-0.36110117316620116,1.509377568513303
0491A2121B6781,2,-0.8637507975940475,-2.172344372807648
0491A3121B6781,3,-2.0670858221118578,-0.15869392330678686
0491A54A216280,6,0.061586450797153754,-0.24261405653336113
0491A94A216281,0,0.6414200714767928,0.7020042969364603
0491B0F2185080,1,2.242293436138102,0.7538516964710348
0491B4F2185080,0,2.0133175638257095,-1.6118277623142798
0491C8F2185080,1,0.8178460362405766,0.3150900791837704
0491D4F2185080,6,1.7768441686139569,-0.8875511072064237
0491DDF2185080,1,1.5742482513121565,1.6382329711997563
0491E1F2185080,1,1.661645690964556,1.004408294772275
0491F4F2185080,1,-0.2710635474003653,1.1401659721617476
0491F6F2185080,1,-0.17972292116490884,1.1215774912877976
049203F2185084,3,-0.8881386127050799,-1.3529814126363195
049205F2185084,1,-0.36110117316620116,1.509377568513303
049207F2185084,3,-2.0670858221118578,-0.15869392330678686
049209F2185084,0,0.06077232630324684,0.9525608952377006
049214F2185084,3,-1.3784057185514142,0.2028485046636728
049216F2185080,1,0.23719829106703058,0.5656466774850106
049217121B6784,1,0.9503907994153802,1.3076913681528113
049218F2185080,2,-0.4418772981245994,-2.729161046083251
04921CF2185080,3,-0.622139110085453,0.5192889537707606
04921DF2185080,3,-0.44186573006089047,-0.43441937762829397
049224F2185084,1,0.2900471279928743,0.45085761194491897
049226F2185080,5,0.10456128594624656,-0.7322759382715067
04922CF2185080,3,-0.5382968391984798,-1.8074975474445676
04922DF2185080,6,0.018004178585408124,-1.7304812918897263
04922FF2185084,3,-1.268632894512381,0.05710353153176158
049230F2185084,0,-0.9143680952343745,-0.6666401986416406
049233F2185084,1,0.21954657200734481,1.2588209702120627
049234F2185084,0,3.0151361099954817,-0.21802505217135024
049238F2185084,1,1.665413796824813,1.777565989276318
049239121B6784,1,2.5774413805274308,0.7597958442870104
04923BF2185080,3,-0.4947145669867341,-0.31963031208820236
04923FF2185080,0,-0.18245523718060982,0.21863679093157243
049240F2185080,0,0.06077232630324684,0.9525608952377006
049242F2185084,0,0.23531553592739435,0.9244150376236079
049245F2185080,3,-0.44186573006089047,-0.43441937762829397
049247F2185080,0,-0.18245523718060982,0.21863679093157243
049256F2185080,6,-0.6043287366500578,0.7754534642071745
049262F2185080,0,-0.8467593950429332,-0.4997131417438407
049264F2185080,1,0.1951998446176867,1.5863938240681443
049268F2185080,3,-1.4864380769383116,-0.4092505216080272
049276F2185080,6,-0.5633989208464434,-1.0817002740084236
049277F2185080,0,-0.6278785589487348,0.5617838164183694
049279F2185080,1,-0.5356443827903486,1.5375234261273958
04927AF2185080,3,-0.8881386127050799,-1.3529814126363195
04927CF2185080,0,0.8621171096968114,0.19346793491130562
04927EF2185080,6,-1.3362415947038226,-0.10982352536603844
04927FF2185080,6,0.018004178585408124,-1.7304812918897263
049281F2185080,1,-0.36110117316620116,1.509377568513303
04928BF2185080,3,-1.4216676913531974,-0.291651406090209
049290F2185080,0,-0.9132994645886452,0.16976639299082397
049295F2185080,0,2.0410643191035898,-1.000819554418227
0492A1F2185080,0,0.5727357176170839,-0.06006566498376062
0492A3F2185080,0,0.46687686185264526,0.7301501545505531
0492A84A216281,2,3.31201506683538,-3.088806633631332
0492AAF2185080,6,-1.2929796219020395,0.3846763853878434
0492B2F2185080,6,-1.2929796219020395,0.3846763853878434
0492B9F2185080,3,-1.3773300648831466,0.7979914096860939
0492BCF2185080,3,-0.0886100314373357,-0.54204105277535
0492C1F2185080,3,-2.0670858221118578,-0.15869392330678686
0492CBF2185080,3,-1.3784057185514142,0.2028485046636728
0492CFF2185080,3,-2.0670858221118578,-0.15869392330678686
0492D3F2185080,3,-0.7966823197096005,0.5474348113848534
0492D6F2185080,3,-0.7966823197096005,0.5474348113848534
0492D8F2185080,0,-0.0705089105191175,1.4752066636056753
0492DAF2185080,3,-1.8925426124877103,-0.18683978092087963
0492DCF2185080,3,-0.5792201508450459,-0.6606960508256651
0492E8F2185080,3,-1.4864380769383116,-0.4092505216080272
0492EAF2185080,2,4.933494131922725,-1.7618008805487049
0492EBF2185080,2,-0.4399945429849632,-3.087929406221848
0492EDF2185080,1,-0.36110117316620116,1.509377568513303
0492EEF2185080,6,-0.023680991476511665,0.5248968659059342
0492F5F2185080,1,0.2900471279928743,0.45085761194491897
0492FAF2185080,1,1.8399570064489605,1.7494201316622253
049304F2185084,0,-0.6965629128084438,-0.20028614550185173
049305F2185084,3,-0.5792201508450459,-0.6606960508256651
04930BF2185084,0,-0.0023405115317567974,-1.6844103436309483
04930DF2185084,1,2.3999467851179177,0.3103034704072359
049311F2185080,3,-1.3118948673141642,-0.43739637922212
049311F2185084,6,-0.5633989208464434,-1.0817002740084236
049317121B6784,1,1.862418383117998,0.28992122316350366
049317F2185080,6,-1.118436412277892,0.3565305277737506
04931DF2185080,1,1.0404284251812161,0.9384797718012554
04931EF2185084,1,0.2900471279928743,0.45085761194491897
049323F2185080,0,-1.064564577468864,-0.9660671948836292
04932BF2185080,3,-1.268632894512381,0.05710353153176158
04932D121B6784,1,2.0224038890959823,2.1980266460691844
04932DF2185084,6,-0.3621698038119305,0.6729709768808383
049333F2185080,3,-1.4864380769383116,-0.4092505216080272
049337F2185084,0,-0.18245523718060982,0.21863679093157243
049339121B6784,3,-0.2906006171806718,0.7014142102461594
04933DF2185080,6,0.15086221814763584,0.49675100829184143
04933FF2185080,3,-1.4431761041365285,0.08524938914585434
049340F2185080,0,-0.7387562549644977,0.1416205353767312
049341F2185084,3,-1.8925426124877103,-0.18683978092087963
049347F2185084,3,-1.4864380769383116,-0.4092505216080272
04934BF2185080,3,-2.0670858221118578,-0.15869392330678686
049357F2185080,2,0.7614692944569198,-2.448069827129155
049361F2185080,0,0.6414200714767928,0.7020042969364603
049365F2185080,0,-0.18245523718060982,0.21863679093157243
04936CF2185080,0,1.065176326085877,-0.21358073647773915
04936FF2185080,0,-0.9143680952343745,-0.6666401986416406
049379F2185080,1,1.5309862785103732,1.1437330604458744
04937FF2185080,3,-1.1606297544339457,0.6984372086523333
049392F2185080,1,1.5309862785103732,1.1437330604458744
049399F2185080,6,-0.6043287366500578,0.7754534642071745
04939FF2185081,3,0.01907280923113747,-0.894074700257262
0493A64A216280,3,-1.0225134752344365,-0.1838627793270536
0493A7F2185080,0,-0.9132994645886452,0.16976639299082397
0493A84A216281,2,3.31201506683538,-3.088806633631332
0493AFF2185080,3,-1.8925426124877103,-0.18683978092087963
0493B2F2185080,0,0.6414200714767928,0.7020042969364603
0493B3F2185080,5,0.11948682661009183,0.25751530071980727
0493B7F2185080,3,-1.4431761041365285,0.08524938914585434
0493BCF2185080,3,-2.0670858221118578,-0.15869392330678686
0493BDF2185080,0,0.6414200714767928,0.7020042969364603
0493C9F2185080,3,-1.8925426124877103,-0.18683978092087963
0493CAF2185080,3,-1.3118948673141642,-0.43739637922212
0493DAF2185080,3,-1.1189445843720256,-1.5569409491433273
0493DCF2185080,0,0.6414200714767928,0.7020042969364603
0493E1F2185080,6,-0.5633989208464434,-1.0817002740084236
0493E5F2185080,0,2.283223251941717,-1.1033020417445634
0493F1F2185080,0,-0.6711405317505179,0.06728390566448768
0493F2F2185080,3,-1.1189445843720256,-1.5569409491433273
0493F5F2185080,0,-0.8900213678447164,-0.9942130524977221
0493FBF2185080,6,-0.3621698038119305,0.6729709768808383
0493FDF2185080,3,-0.5367200364586163,0.9423805211049745
049402F2185084,0,0.6414200714767928,0.7020042969364603
04940FF2185080,5,1.0543923480391062,-0.4755213411447917
049411F2185080,1,1.3257879650045405,0.6367533126385628
049413121B6784,0,-0.6711405317505179,0.06728390566448768
049419F2185080,2,0.6516964704178867,-2.3023248539972445
04941EF2185084,3,-1.2942431482544787,-1.130570671949172
049420F2185080,1,0.13504098814903326,0.9177552314745998
049422F2185084,0,1.503987094712584,-1.873715059270008
049427F2185084,3,-1.4687863578786262,-1.1024248143350792
049429F2185084,1,1.0404284251812161,0.9384797718012554
04942AF2185084,3,0.041595941423291295,0.2297201265682677
04942D121B6784,1,2.0224038890959823,2.1980266460691844
049431F2185084,0,1.503987094712584,-1.873715059270008
049433F2185080,1,0.7758475897912327,1.335837225766904
049437F2185080,0,-0.7387562549644977,0.1416205353767312
04943AF2185084,1,1.0404284251812161,0.9384797718012554
049440F2185084,3,-1.8925426124877103,-0.18683978092087963
049441F2185084,1,1.0404284251812161,0.9384797718012554
049445F2185080,0,-0.7387562549644977,0.1416205353767312
049449F2185084,6,-0.5377886671043457,0.10597392947251004
04944DF2185080,0,-1.064564577468864,-0.9660671948836292
049450F2185080,1,0.8191095625930159,1.8303371365207857
04945EF2185080,3,-1.4431761041365285,0.08524938914585434
04946BF2185080,1,0.7758475897912327,1.335837225766904
049479F2185080,1,0.1951998446176867,1.5863938240681443
04947DF2185080,2,1.4679141386902137,-3.874578137472035
049480F2185080,3,-2.0670858221118578,-0.15869392330678686
049481F2185080,0,-0.1159151676348977,-0.45084274380309225
049487F2185080,1,-0.36110117316620116,1.509377568513303
04948AF2185080,0,-0.9143680952343745,-0.6666401986416406
049492F2185080,6,0.3085155671274515,0.05320278222804253
049499F2185080,1,0.7758475897912327,1.335837225766904
0494A4F2185080,3,-1.4687863578786262,-1.1024248143350792
0494ACF2185080,6,-1.118436412277892,0.3565305277737506
0494B44A216281,5,1.4753094026391858,1.3867356027456617
0494BAF2185080,1,0.7758475897912327,1.335837225766904
0494C0F2185080,3,-2.0670858221118578,-0.15869392330678686
0494C3F2185080,1,0.7758475897912327,1.335837225766904
0494C6F2185080,3,-1.4687863578786262,-1.1024248143350792
0494C9F2185080,0,1.573179620666427,0.8018263795672916
0494CEF2185080,0,0.6414200714767928,0.7020042969364603
0494D9F2185080,1,2.305092478720192,1.6871033691405048
0494DEF2185080,3,-1.4687863578786262,-1.1024248143350792
0494E0F2185080,0,-1.064564577468864,-0.9660671948836292
0494E5F2185080,1,1.8399570064489605,1.7494201316622253
0494E8F2185080,1,1.0404284251812161,0.9384797718012554
0494EEF2185080,0,-0.7387562549644977,0.1416205353767312
0494EFF2185080,3,-1.4687863578786262,-1.1024248143350792
0494F4F2185080,3,-1.0029764054541301,0.2548889825885345
0494FAF2185080,1,0.7735087994770559,1.1149971161414807
0494FCF2185080,0,-1.4706691130182623,-0.7436564541964819
0494FEF2185080,0,1.5946266676331722,-0.26881829825900994
04950FF2185084,0,-1.6452123226424098,-0.715510596582389
049511F2185080,0,-0.159177140436681,-0.9453426545569735
049512F2185084,3,-2.0670858221118578,-0.15869392330678686
049513121B6784,0,0.7314576972426287,0.33279270058490495
049513F2185080,0,0.6414200714767928,0.7020042969364603
049515F2185080,0,-0.9143680952343745,-0.6666401986416406
049519F2185080,2,0.6045778038924582,-3.1130982622421146
049519F2185084,0,-1.0213026046670806,-0.4715672841297479
04951FF2185080,0,-0.159177140436681,-0.9453426545569735
049522F2185084,3,-1.2675572408441134,0.6522464365541827
049529F2185084,3,-1.4431761041365285,0.08524938914585434
04952A121B6784,3,-1.2242952680423302,1.1467463473080644
04952BF2185080,6,-0.5367130134360779,0.7011168344949311
04952EF2185080,0,-0.9132994645886452,0.16976639299082397
049538F2185084,0,-1.4706691130182623,-0.7436564541964819
049539F2185080,2,1.4679141386902137,-3.874578137472035
049539F2185084,3,-1.4687863578786262,-1.1024248143350792
04953BF2185084,3,-2.0670858221118578,-0.15869392330678686
04953C121B6784,1,1.2593092612754144,1.9999767299634656
04953DF2185084,1,0.6834711737112202,1.4842087124930363
04953FF2185084,0,-1.4706691130182623,-0.7436564541964819
049540F2185080,0,-1.6452123226424098,-0.715510596582389
049540F2185084,3,-1.2675572408441134,0.6522464365541827
049548F2185080,3,-1.4431761041365285,0.08524938914585434
04954BF2185080,0,0.6414200714767928,0.7020042969364603
049557F2185080,6,0.19412419094941907,0.991250919045723
049558F2185080,6,-0.07254012365407614,0.4719674570646752
04956BF2185080,1,0.045003362383197305,1.2869668278261555
04957AF2185080,3,-1.3118948673141642,-0.43739637922212
049580F2185080,1,0.3771999209871605,0.8152727441482637
049582F2185080,3,-2.0670858221118578,-0.15869392330678686
049585F2185080,6,0.8607947326549361,-0.42504102127487553
04958CF2185080,0,-0.6954942821627146,0.6361204461306128
049592F2185080,0,0.10403429910503002,1.4470608059915826
0495A0F2185080,2,0.6045778038924582,-3.1130982622421146
0495A2F2185080,0,-0.6278785589487348,0.5617838164183694
0495A9F2185080,5,1.2289355576632537,-0.5036671987588845
0495B2F2185080,3,-1.293487793996173,-1.5287950915292345
0495B44A216281,1,0.7758475897912327,1.335837225766904
0495B7F2185080,0,-1.6452123226424098,-0.715510596582389
0495BAF2185080,3,-0.11605740755652427,0.6732683526320665
0495BBF2185080,0,-0.6954942821627146,0.6361204461306128
0495D1F2185080,1,0.045003362383197305,1.2869668278261555
0495D6F2185080,3,-1.2942431482544787,-1.130570671949172
0495DBF2185080,6,-0.7379421304705909,-1.053554416394331
0495DCF2185080,2,1.3827136391368948,-0.006252402249958774
0495E1F2185080,0,-1.4706691130182623,-0.7436564541964819
0495E5F2185080,0,0.7528504432659369,-1.9631127995462812
0495EAF2185080,0,0.6414200714767928,0.7020042969364603
0495EBF2185080,0,-0.09049278657697182,-0.18327269263675264
0495EDF2185080,3,-1.8925426124877103,-0.18683978092087963
0495F0F2185080,0,-0.7387562549644977,0.1416205353767312
0495F2F2185080,3,-1.293487793996173,-1.5287950915292345
0495F6F2185080,0,0.465808231206916,-0.10625643708191145
0495F7F2185080,3,-0.754525218884547,0.4760264679651858
0495FAF2185080,0,0.46687686185264526,0.7301501545505531
049606F2185084,3,-0.51236628604642,0.3735439806388496
04960EF2185084,1,1.5114492087300666,0.7049812985302863
04960FF2185080,1,0.08826533518498056,1.7814667385800371
049610F2185080,1,1.548690263648612,0.36396047712451896
049614F2185080,3,-0.5083765812981403,0.20582550625749882
049615F2185084,1,3.1923174290175704,-1.0031636895041032
04961AF2185080,6,-0.7379421304705909,-1.053554416394331
04961FF2185080,3,-1.0930140312199659,0.6241005789400899
049625F2185080,1,-0.021507488854052615,1.927211711711948
049625F2185084,5,0.3383606396817519,1.560275945492061
049627F2185080,3,-1.3118948673141642,-0.43739637922212
049628F2185080,3,-0.5183129631406252,-0.14901819120213997
049632121B6784,0,-1.6452123226424098,-0.715510596582389
049639F2185080,6,-1.3362415947038226,-0.10982352536603844
04963BF2185084,3,0.6222436865968373,-0.020836471732972685
04963CF2185084,0,-1.5804419370572955,-0.5979114810645708
049640F2185080,6,-0.5367130134360779,0.7011168344949311
049640F2185084,0,-0.18245523718060982,0.21863679093157243
049642F2185084,0,-0.8467593950429332,-0.4997131417438407
049646F2185080,0,-1.4274071402164792,-0.24915654344260016
049646F2185084,3,-0.6464928604976495,1.0881254942368859
049648F2185084,3,-1.268632894512381,0.05710353153176158
049649F2185080,0,-0.159177140436681,-0.9453426545569735
049653F2185080,0,-1.6452123226424098,-0.715510596582389
04965FF2185080,3,-0.754525218884547,0.4760264679651858
049662F2185080,0,0.6414200714767928,0.7020042969364603
049663F2185080,6,-0.1334538155155449,0.6706418390378452
049669F2185080,6,-0.07254012365407614,0.4719674570646752
049679F2185080,0,-0.7387562549644977,0.1416205353767312
04967FF2185080,3,-2.0670858221118578,-0.15869392330678686
049682F2185080,3,-0.4947145669867341,-0.31963031208820236
04968FF2185080,3,-1.4864380769383116,-0.4092505216080272
04969FF2185080,3,-1.3118948673141642,-0.43739637922212
0496A3121B6780,3,-2.0670858221118578,-0.15869392330678686
0496A94A216280,2,2.066968957181751,-5.216533448080389
0496ADF2185080,0,0.6170733440871347,1.0295771507925418
0496B6F2185080,0,-1.6452123226424098,-0.715510596582389
0496BAF2185080,3,-0.51236628604642,0.3735439806388496
0496BCF2185080,0,0.6414200714767928,0.7020042969364603
0496BEF2185080,6,-1.3362415947038226,-0.10982352536603844
0496C2F2185080,3,-0.754525218884547,0.4760264679651858
0496C5F2185080,0,0.5727357176170839,-0.06006566498376062
0496CFF2185080,3,-0.754525218884547,0.4760264679651858
0496D3F2185080,6,-0.7379421304705909,-1.053554416394331
0496E4F2185080,3,-1.4431761041365285,0.08524938914585434
0496E7F2185080,6,-1.3362415947038226,-0.10982352536603844
0496ECF2185080,0,0.6170733440871347,1.0295771507925418
0496F9F2185080,0,-0.8723696487850305,-1.687387345224774
049700F2185084,1,2.0224038890959823,2.1980266460691844
049712F2185084,3,-2.0670858221118578,-0.15869392330678686
049714F2185084,0,-0.11768485159549544,0.3362359064493907
049718121B6784,5,2.9134925388358273,-3.727945103603105
049719121B6784,0,0.5745662066781669,-0.33223573452805427
04971A121B6784,0,-0.8900213678447164,-0.9942130524977221
04971BF2185084,3,-1.4687863578786262,-1.1024248143350792
04971CF2185080,1,0.13504098814903326,0.9177552314745998
04971DF2185084,5,0.14782325874802965,-0.23777602751762508
04972DF2185080,3,-0.51236628604642,0.3735439806388496
049732121B6784,2,3.9121385159726456,-3.5943553526072227
049732F2185084,3,-1.4687863578786262,-1.1024248143350792
049736F2185080,1,1.1091127790409252,1.7005497337214768
04973EF2185080,6,0.7908468524427874,-2.7023580405321113
049745F2185080,3,0.9300317622880259,-2.748251436879034
049747F2185080,0,-0.7387562549644977,0.1416205353767312
04974AF2185080,0,0.6414200714767928,0.7020042969364603
04974EF2185080,6,0.7908468524427874,-2.7023580405321113
04975BF2185080,3,-0.51236628604642,0.3735439806388496
04976DF2185080,3,-0.622139110085453,0.5192889537707606
049770F2185080,0,0.6170733440871347,1.0295771507925418
049777F2185080,1,1.132837682062402,1.7562978825597704
049784F2185080,1,1.7086757696265962,2.2720659000301997
049786F2185080,1,1.1091127790409252,1.7005497337214768
049799F2185080,1,1.132837682062402,1.7562978825597704
0497A3121B6780,3,-2.0670858221118578,-0.15869392330678686
0497A94A216280,5,-0.7869762640903587,-0.35835214462926945
0497BBF2185080,6,-1.3362415947038226,-0.10982352536603844
0497C7F2185080,0,1.462301924650664,0.3816630985256534
0497DAF2185080,0,0.6170733440871347,1.0295771507925418
0497FCF2185080,1,-0.5356443827903486,1.5375234261273958
049817121B6784,2,-0.018121043515515193,-3.644746079497451
049818121B6784,5,2.9134925388358273,-3.727945103603105
049819121B6784,5,2.476619776714824,0.8670668359715131
04981A121B6784,0,-0.8900213678447164,-0.9942130524977221
049821F2185080,0,-1.0487956135488146,-1.3004731274720838
049827F2185080,1,-0.36110117316620116,1.509377568513303
049830F2185084,6,-0.6043287366500578,0.7754534642071745
04986BF2185080,6,-0.9871551754555276,-0.16611524059422397
04986DF2185080,3,-2.0670858221118578,-0.15869392330678686
049877F2185080,3,-1.4864380769383116,-0.4092505216080272
049886F2185080,6,-1.3362415947038226,-0.10982352536603844
04988FF2185080,6,-1.3362415947038226,-0.10982352536603844
0498A54A216280,3,-1.4687863578786262,-1.1024248143350792
0498AEF2185080,3,-2.0670858221118578,-0.15869392330678686
0498B8F2185080,3,-1.2242952680423302,1.1467463473080644
0498BA4A216280,0,-1.6452123226424098,-0.715510596582389
0498CFF2185080,0,-0.26788133382998475,0.03680891020740182
049917121B6784,2,-0.018121043515515193,-3.644746079497451
049931F2185080,5,1.6770911954470795,0.05612647611054375
049960F2185080,3,0.21126773791497092,-1.6153948505984068
04996DF2185080,5,1.0543923480391062,-0.4755213411447917
04996FF2185080,3,-0.5968718699047314,0.03247824190138684
0499A54A216280,3,-1.4687863578786262,-1.1024248143350792
0499BAF2185080,1,-0.06476946165583568,1.4327118009580664
049A02F2185084,1,-0.06476946165583568,1.4327118009580664
049A17121B6784,5,3.846634513924104,-1.0879968631406296
049A1EF2185084,3,-2.0670858221118578,-0.15869392330678686
049A32F2185080,5,0.7012032024293672,0.8433652940510316
049A39121B6784,1,2.5774413805274308,0.7597958442870104
049A4AF2185084,6,-0.3621698038119305,0.6729709768808383
049A4EF2185080,0,-1.064564577468864,-0.9660671948836292
049ABAF2185080,6,-0.3621698038119305,0.6729709768808383
049ABEF2185080,0,-0.8700374917868621,0.6642663037447056
049AF8F2185080,1,0.1951998446176867,1.5863938240681443
049AFCF2185080,3,-2.0670858221118578,-0.15869392330678686
049B17121B6784,0,1.3074939132997139,0.6332755793593904
049B1AF2185084,1,0.2900471279928743,0.45085761194491897
049B2D121B6784,1,2.7099861437022343,1.7523971332560513
049BAEF2185080,1,0.9503907994153802,1.3076913681528113
049BBBF2185080,3,-1.8925426124877103,-0.18683978092087963
049BBEF2185080,1,0.2900471279928743,0.45085761194491897
049BEFF2185080,1,-0.06476946165583568,1.4327118009580664
049C1FF2185084,0,-0.26503599620111934,-0.15512683502265986
049C2CF2185084,6,0.08719670453925119,0.9450601469475726
049C2D121B6784,1,0.7758475897912327,1.335837225766904
049C30F2185084,1,0.7758475897912327,1.335837225766904
049C3CF2185080,1,-0.36110117316620116,1.509377568513303
049C4CF2185080,1,-0.36110117316620116,1.509377568513303
049C73F2185080,6,-0.6043287366500578,0.7754534642071745
049C7DF2185080,0,-0.7387562549644977,0.1416205353767312
049C82F2185080,3,-0.5623302902007139,-0.24529368237595892
049CE9F2185080,1,2.172600371330472,2.4974536423111733
049CEAF2185080,0,-1.064564577468864,-0.9660671948836292
049D0DF2185080,3,-0.4039215869625928,-1.0870663280198205
049D0EF2185080,1,1.0230648580233688,1.9020428556916813
049D10F2185080,1,1.0895757092606186,1.2617979718058887
049D10F2185084,1,2.6434752924649842,2.392642017141844
049D14F2185084,1,-0.36110117316620116,1.509377568513303
049D15F2185080,0,-0.2909665493531792,-2.336168363106078
049D16F2185080,0,-1.064564577468864,-0.9660671948836292
049D1DF2185080,1,0.5089279640870727,1.512354570107129
049D1EF2185080,1,0.5089279640870727,1.512354570107129
049D20F2185084,6,0.04393473173746796,0.4505602361936908
049D2EF2185084,3,-2.0670858221118578,-0.15869392330678686
049D32F2185084,0,-1.6452123226424098,-0.715510596582389
049D33F2185084,3,-1.2242952680423302,1.1467463473080644
049D34F2185084,1,1.2830341642968912,2.055724878801759
049D37F2185080,3,-0.4039215869625928,-1.0870663280198205
049D39121B6784,1,0.5089279640870727,1.512354570107129
049D3CF2185084,1,0.045003362383197305,1.2869668278261555
049D42F2185080,3,-0.4039215869625928,-1.0870663280198205
049D47F2185080,0,0.4409463087005853,-1.4508913735328648
049D5AF2185080,1,0.5089279640870727,1.512354570107129
049D5EF2185080,3,-0.5623302902007139,-0.24529368237595892
049D72F2185080,0,-1.0213026046670806,-0.4715672841297479
049D73F2185080,3,-2.0670858221118578,-0.15869392330678686
049D7CF2185080,1,0.5521899368888559,2.0068544808610107
049D92F2185080,6,-1.3362415947038226,-0.10982352536603844
049D98F2185080,3,-1.2942431482544787,-1.130570671949172
049D9CF2185080,3,-2.0670858221118578,-0.15869392330678686
049DA4F2185080,3,-1.2675572408441134,0.6522464365541827
049DB6F2185080,0,-1.064564577468864,-0.9660671948836292
049DBBF2185080,3,-0.51236628604642,0.3735439806388496
049DBDF2185080,3,-1.8925426124877103,-0.18683978092087963
049DE6F2185080,3,-2.0670858221118578,-0.15869392330678686
049DE8F2185080,3,-1.2675572408441134,0.6522464365541827
049DF0F2185080,3,0.6849879966783492,-1.9121422209977978
049DF6F2185080,0,-1.4706691130182623,-0.7436564541964819
049DFEF2185080,0,-1.6019503498406267,-0.22101068582850739
049E08F2185084,3,-2.0670858221118578,-0.15869392330678686
049E0FF2185080,0,1.1717905361086207,-1.4020209755921162
049E0FF2185084,5,-0.6789731240119232,0.2829815324913023
049E12F2185084,1,0.5089279640870727,1.512354570107129
049E13121B6784,0,0.7314576972426287,0.33279270058490495
049E21F2185084,1,1.0895757092606186,1.2617979718058887
049E27F2185080,6,0.04393473173746796,0.4505602361936908
049E2A121B6784,2,1.4933821525106847,-1.5627928375559423
049E38F2185080,0,1.1717905361086207,-1.4020209755921162
049E3CF2185080,0,-0.46626511323563213,-1.9097980859119217
049E40F2185080,1,0.9778315422185608,2.2231955020894514
049E41F2185080,3,-0.6721031142397471,-0.0995487092440478
049E43F2185080,1,0.8680587181795278,2.368940475221362
049E50F2185080,1,0.08826533518498056,1.7814667385800371
049E61F2185080,1,0.2900471279928743,0.45085761194491897
049E79F2185080,3,-1.8925426124877103,-0.18683978092087963
049E80F2185080,1,0.7758475897912327,1.335837225766904
049E83F2185080,3,-1.8925426124877103,-0.18683978092087963
049E93F2185080,3,-0.754525218884547,0.4760264679651858
049E9EF2185080,1,0.045003362383197305,1.2869668278261555
049E9FF2185080,3,-2.0670858221118578,-0.15869392330678686
049EA3F2185080,0,-1.064564577468864,-0.9660671948836292
049EA84A216280,3,-1.1775196150782776,0.28303484020262726
049EA94A216280,5,-0.7869762640903587,-0.35835214462926945
049EADF2185080,1,1.398494171120653,1.954083333616543
049EAFF2185080,0,1.1717905361086207,-1.4020209755921162
049EB5F2185080,0,-0.9132994645886452,0.16976639299082397
049EC5F2185080,1,0.5089279640870727,1.512354570107129
049ED0F2185080,1,1.0230648580233688,1.9020428556916813
049ED5F2185080,3,-1.1606297544339457,0.6984372086523333
049ED6F2185080,3,-1.3351729640580932,0.7265830662664261
049EE0F2185080,1,0.5989655898529084,1.1431429737555734
049EE2F2185080,1,1.0895757092606186,1.2617979718058887
049EE7F2185080,1,0.3576628512068538,0.3765209822326756
049EEFF2185080,1,0.8186013904988819,-0.08313434039629251
049EFFF2185080,1,1.3741470540244645,0.39210633473861173
049F00F2185084,1,1.6878751734938504,0.31806708077759643
049F02F2185084,0,0.7251057024740322,1.641676177064242
049F09F2185084,0,-0.17499837043528355,-0.5243384313742153
049F10F2185080,1,-0.5356443827903486,1.5375234261273958
049F13121B6784,1,2.303881608152836,1.974807873943199
049F18121B6784,2,6.363292000084579,-3.5755035825462764
049F18F2185080,1,1.7086757696265962,2.2720659000301997
049F19121B6784,5,2.476619776714824,0.8670668359715131
049F1A121B6784,1,0.23719829106703058,0.5656466774850106
049F1FF2185080,3,-2.0670858221118578,-0.15869392330678686
049F22F2185080,0,0.5749092202395428,1.3422491808222532
049F22F2185084,0,0.8348785265130654,1.4959312039323311
049F28F2185080,3,-2.0670858221118578,-0.15869392330678686
049F28F2185084,3,-0.8881386127050799,-1.3529814126363195
049F2AF2185084,3,-1.1606297544339457,0.6984372086523333
049F2BF2185080,6,1.30631226104082,0.891745433313213
049F2BF2185084,3,-0.754525218884547,0.4760264679651858
049F2DF2185080,3,-1.4864380769383116,-0.4092505216080272
049F2EF2185080,1,1.239772191495108,1.5612249680478776
049F30F2185080,1,0.045003362383197305,1.2869668278261555
049F33F2185084,3,-2.0670858221118578,-0.15869392330678686
049F37F2185080,1,1.239772191495108,1.5612249680478776
049F38F2185080,3,-0.6951883297629413,-2.472525982557527
049F44F2185084,1,1.0230648580233688,1.9020428556916813
049F45F2185084,1,-0.42587155875131555,1.3917784529954846
049F4BF2185084,3,-1.2675572408441134,0.6522464365541827
049F53F2185080,3,-1.3118948673141642,-0.43739637922212
049F60F2185080,1,1.239772191495108,1.5612249680478776
049F6AF2185080,3,-1.1775196150782776,0.28303484020262726
049F6FF2185080,3,-1.4687863578786262,-1.1024248143350792
049F78F2185080,3,-1.1775196150782776,0.28303484020262726
049F7FF2185080,3,-1.4864380769383116,-0.4092505216080272
049F87F2185080,0,0.5085620319145652,-1.5252280032451075
049F9CF2185080,1,-0.5356443827903486,1.5375234261273958
049FA2F2185080,3,-0.5968718699047314,0.03247824190138684
049FA7F2185080,3,-1.4687863578786262,-1.1024248143350792
049FA8F2185080,3,-0.6951883297629413,-2.472525982557527
049FA94A216280,5,-0.25709962454247515,-0.2738351407842998
049FB9F2185080,3,-1.3773300648831466,0.7979914096860939
049FBA4A216280,0,-1.6452123226424098,-0.715510596582389
049FC0F2185080,1,0.6433028266164291,0.3432359367978632
049FC1F2185080,3,-1.3351729640580932,0.7265830662664261
049FC9F2185080,1,0.7758475897912327,1.335837225766904
049FCAF2185080,1,0.7758475897912327,1.335837225766904
049FDAF2185080,3,-0.7128400488226273,-1.7793516898304749
049FE7F2185080,2,4.04468327914745,-2.601754063638182
049FF6F2185080,6,1.30631226104082,0.891745433313213
049FF9F2185080,1,-0.5356443827903486,1.5375234261273958
049FFAF2185080,6,-0.023680991476511665,0.5248968659059342
04A000F2185084,5,0.8946616574656396,1.6372922010469022
04A001F2185084,3,-1.1606297544339457,0.6984372086523333
04A002F2185084,6,-0.5610667638482746,1.2699533749610565
04A00CF2185084,0,-0.6711405317505179,0.06728390566448768
04A00EF2185080,3,-0.2673225204367429,-0.46256523524238674
04A00EF2185084,1,1.5291009277897525,0.011807005803234405
04A00FF2185084,1,-0.5356443827903486,1.5375234261273958
04A010F2185084,2,1.0087995843022202,-2.976740642790665
04A017121B6784,2,-0.018121043515515193,-3.644746079497451
04A017F2185084,3,-1.2675572408441134,0.6522464365541827
04A018121B6784,2,6.363292000084579,-3.5755035825462764
04A019121B6784,5,2.476619776714824,0.8670668359715131
04A019F2185080,3,-1.4864380769383116,-0.4092505216080272
04A019F2185084,6,1.1253755680449191,-0.8223984752405238
04A01A121B6784,0,-1.046912858409178,-1.6592414876106814
04A01EF2185080,1,-0.36110117316620116,1.509377568513303
04A01FF2185080,1,-0.5356443827903486,1.5375234261273958
04A01FF2185084,6,1.7768441686139569,-0.8875511072064237
04A021F2185080,1,0.045003362383197305,1.2869668278261555
04A021F2185084,3,-1.8925426124877103,-0.18683978092087963
04A026F2185080,1,1.7086757696265962,2.2720659000301997
04A028F2185080,5,0.4321392924112103,-0.411666858263629
04A02AF2185080,3,-2.0670858221118578,-0.15869392330678686
04A02CF2185084,3,-1.8925426124877103,-0.18683978092087963
04A031F2185080,5,0.4321392924112103,-0.411666858263629
04A032121B6784,2,3.9121385159726456,-3.5943553526072227
04A039F2185080,2,2.134136488074331,-1.0581125526693347
04A03AF2185084,1,0.9308014635565207,0.9555378968315267
04A03BF2185084,1,-0.5356443827903486,1.5375234261273958
04A03CF2185084,3,-1.2675572408441134,0.6522464365541827
04A03FF2185080,6,0.04393473173746796,0.4505602361936908
04A041F2185080,6,-0.6043287366500578,0.7754534642071745
04A041F2185084,3,-1.2675572408441134,0.6522464365541827
04A043F2185084,0,-0.739824885610227,-0.6947860562557334
04A044F2185084,3,-1.4864380769383116,-0.4092505216080272
04A047F2185080,1,0.045003362383197305,1.2869668278261555
04A049F2185080,1,1.2472290582404344,0.8182497457420898
04A05BF2185080,3,-1.8492806396859274,0.3076601298330021
04A067F2185080,0,-0.7387562549644977,0.1416205353767312
04A070F2185080,0,-0.9132994645886452,0.16976639299082397
04A07FF2185080,1,2.5940179647843387,-0.05943279847581079
04A087F2185080,3,-1.4864380769383116,-0.4092505216080272
04A088F2185080,1,0.7758475897912327,1.335837225766904
04A096F2185080,3,-1.4864380769383116,-0.4092505216080272
04A09FF2185080,6,1.6191908196341414,-0.4440028811426249
04A0A1F2185080,0,-0.9143680952343745,-0.6666401986416406
04A0A3121B6780,3,-2.0670858221118578,-0.15869392330678686
04A0A6F2185080,1,1.2904910310422177,1.3127496564959715
04A0A7F2185080,0,-0.9143680952343745,-0.6666401986416406
04A0AFF2185080,0,-0.7387562549644977,0.1416205353767312
04A0B8F2185080,6,-1.3362415947038226,-0.10982352536603844
04A0BFF2185080,0,0.5085620319145652,-1.5252280032451075
04A0C6F2185080,6,0.04393473173746796,0.4505602361936908
04A0CEF2185080,3,-1.1606297544339457,0.6984372086523333
04A0D0F2185080,5,0.4321392924112103,-0.411666858263629
04A0E1F2185080,6,-1.3362415947038226,-0.10982352536603844
04A0E8F2185080,1,0.045003362383197305,1.2869668278261555
04A0E9F2185080,3,-0.7368734998248614,-0.21714782476186614
04A0F0F2185080,0,-0.7387562549644977,0.1416205353767312
04A0F1F2185080,3,-0.7368734998248614,-0.21714782476186614
04A0F8F2185080,3,-0.5968718699047314,0.03247824190138684
04A117121B6784,3,-1.4864380769383116,-0.4092505216080272
04A11AF2185080,0,-0.20600505947928685,0.00496714314276716
04A132121B6784,3,-0.754525218884547,0.4760264679651858
04A13EF2185084,3,-1.8492806396859274,0.3076601298330021
04A140F2185084,1,-0.5356443827903486,1.5375234261273958
04A149F2185084,1,0.9335009387710482,0.8922889997031049
04A157F2185080,0,1.728185760510268,0.33492876003761085
04A18FF2185080,1,0.36974305424183423,1.5582479664540516
04A1A3121B6780,3,-2.0670858221118578,-0.15869392330678686
04A1AAF2185080,3,-2.0670858221118578,-0.15869392330678686
04A1C6F2185080,3,-0.44186573006089047,-0.43441937762829397
04A212F2185080,1,2.0126148653524876,0.5893482194054924
04A213F2185084,6,-0.6708395878873079,1.4156983480929675
04A217121B6784,1,1.5328690336500095,0.7849647003072772
04A217F2185084,3,-1.4864380769383116,-0.4092505216080272
04A21EF2185080,6,0.21847794136161547,0.422414378579598
04A224F2185084,3,0.794901545500364,-1.1809083839897057
04A25BF2185080,1,1.0895757092606186,1.2617979718058887
04A283F2185080,3,-2.0670858221118578,-0.15869392330678686
04A2A2F2185080,3,-1.2942431482544787,-1.130570671949172
04A2AAF2185080,1,0.7758475897912327,1.335837225766904
04A2BAF2185080,0,-0.18028173455815072,1.6209516367375862
04A2CEF2185080,1,0.13504098814903326,0.9177552314745998
04A2FFF2185080,1,1.2904910310422177,1.3127496564959715
04A302F2185084,3,-1.8925426124877103,-0.18683978092087963
04A30FF2185084,6,-0.11403241249526141,-0.8096111039416894
04A310F2185084,6,-0.6043287366500578,0.7754534642071745
04A31CF2185080,6,0.13397235750330394,0.08134863984213529
04A31DF2185080,1,0.7758475897912327,1.335837225766904
04A31EE2185080,3,-2.0670858221118578,-0.15869392330678686
04A32D121B6784,1,0.7758475897912327,1.335837225766904
04A32DF2185084,1,1.0895757092606186,1.2617979718058887
04A331F2185084,1,-0.40234478422272973,1.662811740529722
04A339F2185080,3,-0.6869094956705675,0.40168983825294236
04A33FF2185084,2,3.6323571809215345,-3.9000631495401685
04A355F2185080,1,0.7758475897912327,1.335837225766904
04A35DF2185080,3,-0.6869094956705675,0.40168983825294236
04A365F2185080,3,-0.5799820092603996,0.447880610351093
04A36EF2185080,3,-0.5799820092603996,0.447880610351093
04A38DF2185080,6,0.685496168772483,0.0013292559192802926
04A390F2185080,3,-0.5968718699047314,0.03247824190138684
04A3ECF2185080,1,0.08542702057865356,1.7321387972000555
04A41BF2185080,5,0.4321392924112103,-0.411666858263629
04A42AF2185084,3,-0.46910431324463675,0.8680438913927313
04A42D121B6784,3,-0.6869094956705675,0.40168983825294236
04A439121B6784,0,0.7795363506763017,-0.18029569104292667
04A43FF2185080,0,0.7731428673045485,-1.9225854572107564
04A460F2185080,2,3.6323571809215345,-3.9000631495401685
04A46BF2185080,0,-1.4706691130182623,-0.7436564541964819
04A496F2185080,6,-0.5610667638482746,1.2699533749610565
04A4A3F2185080,3,-0.754525218884547,0.4760264679651858
04A4A8F2185080,1,0.7758475897912327,1.335837225766904
04A4C3F2185080,1,0.9503907994153802,1.3076913681528113
04A4CEF2185080,6,-0.4466753876702422,0.33190523814337575
04A4E9F2185080,1,2.0213352584502533,1.36162005443672
04A4F4F2185080,3,-1.3351729640580932,0.7265830662664261
04A50AF2185084,3,-1.4431761041365285,0.08524938914585434
04A512F2185084,3,-1.4431761041365285,0.08524938914585434
04A514F2185080,1,0.13504098814903326,0.9177552314745998
04A52EF2185080,1,1.1080441483951957,0.8641431420890121
04A533F2185084,1,2.0213352584502533,1.36162005443672
04A539121B6784,1,2.1097486729632986,-0.2387495924980059
04A54AF2185084,1,0.08542702057865356,1.7321387972000555
04A566F2185080,6,1.28038170788876,-1.2892960947702043
04A59FF2185080,6,-0.5610667638482746,1.2699533749610565
04A5A54A216280,1,3.131859643171682,1.195580459980449
04A5A84A216280,5,-0.6800417546576525,-0.5534250591411622
04A5B6F2185080,6,0.3085155671274515,0.05320278222804253
04A5F8F2185080,1,-0.36110117316620116,1.509377568513303
04A60BF2185084,0,-1.4706691130182623,-0.7436564541964819
04A613121B6784,1,2.303881608152836,1.974807873943199
04A633F2185080,3,-0.5968718699047314,0.03247824190138684
04A63BF2185080,3,-1.4687863578786262,-1.1024248143350792
04A64AF2185084,1,0.3095841977731808,0.889609373860507
04A64BF2185080,1,-0.36110117316620116,1.509377568513303
04A65CF2185080,3,-1.5785591819176596,-0.9566798412031681
04A65DF2185080,1,0.19981137373414756,1.035354346992418
04A67CF2185080,3,-0.5321014843196172,0.1500773574192051
04A686F2185080,1,0.46459033761702184,0.4227117543308262
04A69EF2185080,1,0.19981137373414756,1.035354346992418
04A6A3F2185080,5,-0.6367797818558694,-0.058925148387280524
04A6A54A216280,0,-1.6452123226424098,-0.715510596582389
04A6A84A216280,3,-1.1775196150782776,0.28303484020262726
04A6A94A216280,5,-0.25709962454247515,-0.2738351407842998
04A6F7F2185080,3,-0.754525218884547,0.4760264679651858
04A712F2185084,1,0.23846181741946987,2.080893734822026
04A713121B6784,0,3.7222232868739162,-0.9478813365080053
04A713F2185084,3,-1.2942431482544787,-1.130570671949172
04A718121B6784,6,-0.7379421304705909,-1.053554416394331
04A719121B6784,5,2.476619776714824,0.8670668359715131
04A71A121B6784,0,-1.046912858409178,-1.6592414876106814
04A748F2185084,0,1.1486066459824513,1.4218919499713158
04A758F2185080,1,0.08542702057865356,1.7321387972000555
04A76AF2185080,0,-0.7387562549644977,0.1416205353767312
04A770F2185080,0,0.3058160919129237,0.11645167935646437
04A774F2185080,3,-0.5968718699047314,0.03247824190138684
04A781F2185080,3,-1.8925426124877103,-0.18683978092087963
04A786F2185080,3,-1.4864380769383116,-0.4092505216080272
04A78FF2185080,1,1.665413796824813,1.777565989276318
04A798F2185080,1,0.19981137373414756,1.035354346992418
04A79AF2185080,6,-0.6043287366500578,0.7754534642071745
04A7A4F2185080,3,-1.4431761041365285,0.08524938914585434
04A7A8F2185080,3,-1.4864380769383116,-0.4092505216080272
04A7A94A216280,5,-0.7898145786966857,-0.4076800860092511
04A7AEF2185080,0,0.5277905537141143,0.531475772577383
04A7B8F2185080,1,0.46459033761702184,0.4227117543308262
04A7C1F2185080,5,-0.7869762640903587,-0.35835214462926945
04A7EAF2185080,1,1.665413796824813,1.777565989276318
04A7F2F2185080,3,-1.8925426124877103,-0.18683978092087963
04A7FAF2185080,3,-1.8925426124877103,-0.18683978092087963
04A812F2185080,3,-1.2942431482544787,-1.130570671949172
04A817121B6784,2,-0.018121043515515193,-3.644746079497451
04A818121B6784,6,-0.7379421304705909,-1.053554416394331
04A819121B6784,1,3.0373112891737293,-0.5362660699744223
04A81A121B6784,6,3.2340025990794907,-3.2585418472997643
04A83CF2185084,1,0.13504098814903326,0.9177552314745998
04A843F2185080,0,-0.7387562549644977,0.1416205353767312
04A843F2185084,0,-0.8723696487850305,-1.687387345224774
04A844F2185080,3,-1.2942431482544787,-1.130570671949172
04A84BF2185080,3,-1.8925426124877103,-0.18683978092087963
04A853F2185080,0,-0.7387562549644977,0.1416205353767312
04A85FF2185080,0,1.1486066459824513,1.4218919499713158
04A86DF2185080,0,-0.15810850979095162,-0.10893606292450911
04A87AF2185080,0,-1.6452123226424098,-0.715510596582389
04A87FF2185080,6,0.21847794136161547,0.422414378579598
04A886F2185080,5,1.5592467655465962,-2.107287337079416
04A8E7F2185080,1,0.2900471279928743,0.45085761194491897
04A905F2185084,1,0.13504098814903326,0.9177552314745998
04A917121B6784,3,-1.4864380769383116,-0.4092505216080272
04A924F2185084,0,0.3058160919129237,0.11645167935646437
04A926F2185080,5,-0.057395563034762655,-1.824728804025536
04A93BF2185080,6,-0.1334538155155449,0.6706418390378452
04A947F2185080,3,-1.8492806396859274,0.3076601298330021
04A948F2185084,3,-1.8492806396859274,0.3076601298330021
04A967F2185080,0,-1.4706691130182623,-0.7436564541964819
04A97BF2185080,3,-0.5623302902007139,-0.24529368237595892
04A982F2185080,6,-0.42978552702591033,0.7473076065930817
04A994F2185080,6,-0.42978552702591033,0.7473076065930817
04A99BF2185080,3,-1.2942431482544787,-1.130570671949172
04A9C6F2185080,3,-1.8492806396859274,0.3076601298330021
04A9D6F2185080,0,-0.8723696487850305,-1.687387345224774
04A9E2F2185080,6,-0.42978552702591033,0.7473076065930817
04A9F3F2185080,0,0.869573976442138,-0.5495072873944821
04A9F5F2185080,3,0.2612317420692649,-0.9965571875835982
04AA0EF2185080,3,-0.2496708013770573,-1.1557395279694387
04AA1FF2185084,3,0.19361601885528498,-0.9222205578713548
04AA20F2185084,3,0.21126773791497092,-1.6153948505984068
04AA35F2185080,1,0.3095841977731808,0.889609373860507
04AA3FF2185080,1,0.045003362383197305,1.2869668278261555
04AA5BF2185080,1,1.665413796824813,1.777565989276318
04AA63F2185080,0,-0.9132994645886452,0.16976639299082397
04AA86F2185080,3,-1.8925426124877103,-0.18683978092087963
04AA9DF2185080,0,0.3047474612671944,-0.7199549122760003
04AAAEF2185080,0,1.4150180995924775,-0.6680968712859875
04AABCF2185080,3,-2.0670858221118578,-0.15869392330678686
04AABDF2185080,1,1.707412243274157,0.7568188426931843
04AAC9F2185080,0,-0.26788133382998475,0.03680891020740182
04AADDF2185080,3,-0.44186573006089047,-0.43441937762829397
04AAE1F2185080,1,0.045003362383197305,1.2869668278261555
04AAF6F2185080,3,0.4477004769726897,0.007309385881120088
04AB00F2185084,1,0.5521899368888559,2.0068544808610107
04AB0AF2185084,3,-1.2942431482544787,-1.130570671949172
04AB18F2185084,1,0.08542702057865356,1.7321387972000555
04AB24F2185084,3,0.2612317420692649,-0.9965571875835982
04AB2F121B6784,3,-1.4431761041365285,0.08524938914585434
04AB35F2185080,0,0.6403514408310635,-0.1344022946960042
04AB44F2185084,3,-1.8925426124877103,-0.18683978092087963
04AB46F2185084,3,-1.4687863578786262,-1.1024248143350792
04AB50F2185080,3,-1.4864380769383116,-0.4092505216080272
04AB61F2185080,1,0.9778315422185608,2.2231955020894514
04AB65F2185080,1,-0.06476946165583568,1.4327118009580664
04AB6BF2185080,3,-1.8925426124877103,-0.18683978092087963
04AB74F2185080,3,-0.754525218884547,0.4760264679651858
04AB83F2185080,1,0.13504098814903326,0.9177552314745998
04ABACF2185080,3,-1.4864380769383116,-0.4092505216080272
04ABB5F2185080,0,1.728185760510268,0.33492876003761085
04ABCBF2185080,1,1.9537195352362735,1.4359566841489633
04ABD6F2185080,1,0.3095841977731808,0.889609373860507
04ABFCF2185080,1,0.9503907994153802,1.3076913681528113
04AC0AF2185080,1,1.9537195352362735,1.4359566841489633
04AC11F2185080,5,1.5592467655465962,-2.107287337079416
04AC1EF2185084,5,-0.7869762640903587,-0.35835214462926945
04AC29F2185084,0,-1.4706691130182623,-0.7436564541964819
04AC38F2185080,3,-1.4864380769383116,-0.4092505216080272
04AC39121B6784,1,3.1923174290175704,-1.0031636895041032
04AC40F2185080,3,-0.6869094956705675,0.40168983825294236
04AC49F2185080,5,1.5592467655465962,-2.107287337079416
04AC6AF2185080,0,-1.4706691130182623,-0.7436564541964819
04AC72F2185080,1,0.10977374796831184,1.4045659433439737
04AC87F2185080,5,-0.057395563034762655,-1.824728804025536
04AC89F2185080,5,1.3847035559224488,-2.0791414794653233
04ACA9F2185080,1,0.5706583760234332,1.6091996511441344
04ACBDF2185080,3,-0.5536098971029482,0.5269781526552685
04ACCBF2185080,1,0.7758475897912327,1.335837225766904
04ACD2F2185080,0,-0.8723696487850305,-1.687387345224774
04ACD5F2185080,6,-0.023680991476511665,0.5248968659059342
04ACDBF2185080,6,-0.023680991476511665,0.5248968659059342
04ACF5F2185080,1,0.7758475897912327,1.335837225766904
04AD02F2185084,3,-1.4449457880971264,0.8723280393983373
04AD08F2185084,0,-0.26788133382998475,0.03680891020740182
04AD19F2185084,1,0.10977374796831184,1.4045659433439737
04AD20F2185080,3,-1.4864380769383116,-0.4092505216080272
04AD20F2185084,1,0.9778315422185608,2.2231955020894514
04AD39121B6784,2,2.4715566697640203,-2.0425932552767034
04AD41F2185084,0,-0.26788133382998475,0.03680891020740182
04AD42F2185084,3,-1.3351729640580932,0.7265830662664261
04AD47F2185084,3,-1.268632894512381,0.05710353153176158
04AD4CF2185080,1,1.707412243274157,0.7568188426931843
04AD6CF2185080,1,-0.36110117316620116,1.509377568513303
04AD8BF2185080,6,-0.6043287366500578,0.7754534642071745
04ADA54A216280,0,-1.6452123226424098,-0.715510596582389
04ADB8F2185080,1,0.13504098814903326,0.9177552314745998
04ADD7F2185080,1,0.08826533518498056,1.7814667385800371
04ADF1F2185080,3,-0.8881386127050799,-1.3529814126363195
04ADF9F2185080,3,-0.754525218884547,0.4760264679651858
04AE10F2185080,1,0.10977374796831184,1.4045659433439737
04AE13121B6784,0,0.10403429910503002,1.4470608059915826
04AE57F2185080,0,0.17220269809239072,-1.712556201245041
04AE64F2185080,1,0.5284650338673792,1.951106332022717
04AE7EF2185080,0,-1.4706691130182623,-0.7436564541964819
04AEA54A216280,6,1.4158322240863845,-1.8632718230570493
04AEA84A216280,3,-1.0225134752344365,-0.1838627793270536
04AEA94A216280,5,-0.7465526058949026,0.08681982474463061
04AEBCF2185080,1,0.045003362383197305,1.2869668278261555
04AEC5F2185080,1,2.305092478720192,1.6871033691405048
04AEC6F2185080,1,1.7086757696265962,2.2720659000301997
04AECCF2185080,0,1.4155262716866115,1.2453746056310908
04AF13121B6784,6,0.8167774055948472,-0.5213165124486944
04AF18121B6784,6,-0.7379421304705909,-1.053554416394331
04AF19121B6784,5,2.476619776714824,0.8670668359715131
04AF1A121B6784,6,3.2340025990794907,-3.2585418472997643
04B018121B6784,6,-1.1616983850796752,-0.1379693829801312
04B01A121B6784,1,0.9345695694167777,1.7286955913355695
04B12DF2185080,1,-0.36110117316620116,1.509377568513303
04B132121B6784,2,3.7677411441053423,-5.685303837875779
04B135F2185080,3,-2.0670858221118578,-0.15869392330678686
04B136F2185080,6,0.19412419094941907,0.991250919045723
04B14EF2185080,0,-1.4706691130182623,-0.7436564541964819
04B1E0F2185080,3,-1.1342576422764945,0.777534750956509
04B1E83A9C4C80,3,-1.4864380769383116,-0.4092505216080272
04B212121B6784,0,-1.046912858409178,-1.6592414876106814
04B22DF2185080,3,-1.4687863578786262,-1.1024248143350792
04B22F121B6784,3,-2.0670858221118578,-0.15869392330678686
04B297F2185080,0,-0.8900213678447164,-0.9942130524977221
04B2FFF2185080,3,-1.4687863578786262,-1.1024248143350792
04B312121B6784,0,-1.046912858409178,-1.6592414876106814
04B32F121B6784,3,-0.5792201508450459,-0.6606960508256651
04B3E8F2185080,0,-0.11483951396663,0.14430016121932893
04B416F2185080,0,-0.2909665493531792,-2.336168363106078
04B429F2185080,0,-0.2909665493531792,-2.336168363106078
04B539121B6784,2,2.4715566697640203,-2.0425932552767034
04B547F2185080,0,-1.1310754287061138,-0.32582231099783676
04B613121B6784,0,0.10403429910503002,1.4470608059915826
04B639121B6784,3,-0.5968718699047314,0.03247824190138684
04B6A54A216280,2,2.7734987335547223,-2.0037147454884683
04B713121B6784,1,0.08826533518498056,1.7814667385800371
04B718121B6784,6,-1.1616983850796752,-0.1379693829801312
04B719121B6784,5,2.3857601836019406,-2.3809126107931884
04B71A121B6784,1,0.9345695694167777,1.7286955913355695
04B7A54A216280,3,-0.8642980429235803,0.6217714410970968
04B818121B6784,2,1.9739701522869781,-2.814655105349438
04B819121B6784,3,-0.6869094956705675,0.40168983825294236
04B81A121B6784,3,0.08485791422507442,0.7242200373221493
04B832121B6784,2,3.7677411441053423,-5.685303837875779
04B907F2185080,0,-1.6452123226424098,-0.715510596582389
04B90EF2185080,6,0.3498921892086137,-0.5842233616607156
04B90FF2185080,0,-0.9132994645886452,0.16976639299082397
04B91D121B6784,3,-1.8492806396859274,0.3076601298330021
04B93DF2185080,3,-1.4864380769383116,-0.4092505216080272
04B95DF2185080,6,0.685496168772483,0.0013292559192802926
04B977F2185080,0,0.4401909544422802,-1.0526669539528015
04BA06F2185084,6,-1.3362415947038226,-0.10982352536603844
04BA08F2185084,3,-2.0023154365267435,-0.04109480778896854
04BA0EF2185080,0,0.7916165537112821,1.001431293178449
04BA10F2185084,0,-1.064564577468864,-0.9660671948836292
04BA12121B6784,5,-1.4108859820656878,-0.6022954570819107
04BA16F2185084,6,-0.7123318767284932,0.13411978708660283
04BA17F2185084,3,-1.22540014001906,0.5808380931345151
04BA18F2185084,1,-0.005179711540761324,1.0934316336737049
04BA20F2185080,6,-0.023680991476511665,0.5248968659059342
04BA20F2185084,6,-0.023680991476511665,0.5248968659059342
04BA21F2185084,0,-0.8456837413746654,0.09542976327858044
04BA26F2185084,0,0.3069209638896535,0.6823599335300137
04BA28F2185084,1,-0.2710635474003653,1.1401659721617476
04BA38F2185084,3,-1.1606297544339457,0.6984372086523333
04BA3EF2185080,6,-1.3362415947038226,-0.10982352536603844
04BA3FF2185080,0,0.6590717905364786,0.008830004209408382
04BA40F2185080,1,1.302063061983064,0.5810051638002691
04BA4FF2185080,3,-1.8925426124877103,-0.18683978092087963
04BA5AF2185080,3,-1.2675572408441134,0.6522464365541827
04BA68F2185080,3,-0.5799820092603996,0.447880610351093
04BA70F2185080,0,-1.4706691130182623,-0.7436564541964819
04BA75F2185080,0,-0.8900213678447164,-0.9942130524977221
04BA8CF2185080,0,-1.064564577468864,-0.9660671948836292
04BA8EF2185080,1,-0.5356443827903486,1.5375234261273958
04BA9DF2185080,3,-2.0670858221118578,-0.15869392330678686
04BA9EF2185080,3,-0.6692577766108816,-0.2914844544741096
04BA9FF2185080,3,-0.6692577766108816,-0.2914844544741096
04BAA0F2185080,6,0.21847794136161547,0.422414378579598
04BAA7F2185080,3,-1.3118948673141642,-0.43739637922212
04BAAFF2185080,6,0.16851393720732147,-0.19642328443521048
04BAB6F2185080,3,-2.0670858221118578,-0.15869392330678686
04BABEF2185080,0,-0.9565614373904284,-0.3247335177630576
04BABFF2185080,3,-0.2673225204367429,-0.46256523524238674
04BAE7F2185080,3,-0.2673225204367429,-0.46256523524238674
04BAEEF2185080,3,-0.5536098971029482,0.5269781526552685
04BAF0F2185080,1,-0.18655796354205365,1.4812317108992104
04BAF6F2185080,6,-0.7555938495302763,-0.3603801236672788
04BAFEF2185080,3,-1.4864380769383116,-0.4092505216080272
04BB02F2185084,1,0.5089279640870727,1.512354570107129
04BB04F2185084,0,0.4401909544422802,-1.0526669539528015
04BB0AF2185080,3,0.01907280923113747,-0.894074700257262
04BB0AF2185084,6,-1.1616983850796752,-0.1379693829801312
04BB0BF2185084,0,-1.064564577468864,-0.9660671948836292
04BB12121B6784,0,1.3895957185345515,-0.935666922452327
04BB13F2185080,1,0.8186013904988819,-0.08313434039629251
04BB14F2185084,6,-0.38652355422412715,1.2418075173469638
04BB15F2185084,1,3.0354285340340934,-0.17749770983582494
04BB1BF2185084,3,-1.2675572408441134,0.6522464365541827
04BB1CF2185080,6,0.04393473173746796,0.4505602361936908
04BB1DF2185084,0,1.3722642988848281,0.7508746948772087
04BB32F2185084,3,-1.4431761041365285,0.08524938914585434
04BB34F2185080,0,-0.9143680952343745,-0.6666401986416406
04BB35F2185080,1,0.7758475897912327,1.335837225766904
04BB42F2185080,1,2.5744899947420654,0.2821576127931431
04BB42F2185084,3,-0.804708292808506,0.28249127381273537
04BB43F2185084,3,-1.1606297544339457,0.6984372086523333
04BB5CF2185080,6,-0.023680991476511665,0.5248968659059342
04BB72F2185080,0,-0.9143680952343745,-0.6666401986416406
04BB8AF2185080,0,0.14974132142335328,-0.25305729274631933
04BB91F2185080,3,0.17597080395264783,-0.9393985067409983
04BB9AF2185080,5,0.12055545725582115,1.0939218923522718
04BBA2F2185080,6,-0.38652355422412715,1.2418075173469638
04BBABF2185080,3,-1.8492806396859274,0.3076601298330021
04BBACF2185080,6,0.061586450797153754,-0.24261405653336113
04BBB1F2185080,3,-1.4864380769383116,-0.4092505216080272
04BBB3F2185080,3,-2.0670858221118578,-0.15869392330678686
04BBB9F2185080,3,1.1045749719121734,-2.7763972944931266
04BBBAF2185080,1,-0.36110117316620116,1.509377568513303
04BBC9F2185080,3,-1.268632894512381,0.05710353153176158
04BBCAF2185080,0,-0.9143680952343745,-0.6666401986416406
04BBD1F2185080,1,0.9931446001230294,-0.11128019801038527
04BBD9F2185080,6,-0.7555938495302763,-0.3603801236672788
04BBE1F2185080,0,0.4401909544422802,-1.0526669539528015
04BBE9F2185080,3,-2.0670858221118578,-0.15869392330678686
04BBEAF2185080,3,-1.3118948673141642,-0.43739637922212
04BBF9F2185080,1,0.045003362383197305,1.2869668278261555
04BBFAF2185080,5,1.8959720315412778,1.1176234342727533
04BBFBF2185080,3,-1.2675572408441134,0.6522464365541827
04BC0CF2185084,3,-0.8881386127050799,-1.3529814126363195
04BC13F2185084,3,-1.2675572408441134,0.6522464365541827
04BC14F2185084,0,-0.46626511323563213,-1.9097980859119217
04BC17F2185084,0,-1.064564577468864,-0.9660671948836292
04BC19F2185084,1,0.7758475897912327,1.335837225766904
04BC1CF2185080,3,-2.0670858221118578,-0.15869392330678686
04BC1DF2185084,1,0.5089279640870727,1.512354570107129
04BC1FF2185084,1,-0.5356443827903486,1.5375234261273958
04BC23F2185080,3,-1.8492806396859274,0.3076601298330021
04BC23F2185084,3,-1.4431761041365285,0.08524938914585434
04BC2AF2185084,1,0.8186013904988819,-0.08313434039629251
04BC2CF2185084,1,1.239772191495108,1.5612249680478776
04BC2EF2185084,0,0.059703695657517514,0.11615430360523614
04BC30F2185080,3,-1.4864380769383116,-0.4092505216080272
04BC30F2185084,3,-1.4864380769383116,-0.4092505216080272
04BC33F2185080,3,-1.1606297544339457,0.6984372086523333
04BC38F2185084,3,-0.6869094956705675,0.40168983825294236
04BC3BF2185080,1,-0.2710635474003653,1.1401659721617476
04BC44F2185084,0,0.6170733440871347,1.0295771507925418
04BC47F2185084,0,2.744161791233745,-1.5629573643735313
04BC4BF2185084,1,1.7086757696265962,2.2720659000301997
04BC4DF2185080,1,0.045003362383197305,1.2869668278261555
04BC54F2185080,3,-2.0670858221118578,-0.15869392330678686
04BC5CF2185080,6,0.685496168772483,0.0013292559192802926
04BC60F2185080,1,0.8186013904988819,-0.08313434039629251
04BC67F2185080,3,-1.1606297544339457,0.6984372086523333
04BC6EF2185080,3,-2.0670858221118578,-0.15869392330678686
04BC70F2185080,6,0.28523747038352254,1.217182227716589
04BC7FF2185080,0,1.1053446731806682,0.9273920392174339
04BC86F2185080,0,1.1053446731806682,0.9273920392174339
04BC8EF2185080,3,-2.0670858221118578,-0.15869392330678686
04BC8FF2185080,1,-0.4445018850477831,1.7342200839493898
04BC95F2185080,0,-0.15810850979095162,-0.10893606292450911
04BC9AF2185080,1,1.239772191495108,1.5612249680478776
04BC9CF2185080,0,3.633727998267325,-1.1212286008641172
04BCA1F2185080,3,-0.7301714684723506,-0.0928100725009393
04BCA2F2185080,1,-0.5356443827903486,1.5375234261273958
04BCA7F2185080,1,0.21954657200734481,1.2588209702120627
04BCAAF2185080,1,1.3564430688862257,1.1718789180599671
04BCAEF2185080,3,-1.2675572408441134,0.6522464365541827
04BCB4F2185080,0,-0.739824885610227,-0.6947860562557334
04BCC2F2185080,6,0.01958098132527156,1.0193967766598158
04BCC3F2185080,3,-1.4687863578786262,-1.1024248143350792
04BCCAF2185080,0,0.5505624928498847,1.6698220346783348
04BCD8F2185080,2,0.3576512831431451,-1.9182206862222808
04BCDCF2185080,3,-0.3986037572591073,0.06008053312558756
04BCDDF2185080,3,-2.0670858221118578,-0.15869392330678686
04BCE6F2185080,3,-2.0023154365267435,-0.04109480778896854
04BCF3F2185080,3,-1.4864380769383116,-0.4092505216080272
04BD00F2185084,3,-1.4864380769383116,-0.4092505216080272
04BD07F2185080,0,-0.26503599620111934,-0.15512683502265986
04BD08F2185080,0,0.13020425164304683,-0.6918090546619075
04BD0DF2185080,6,0.4648456487176869,-0.2730890519904471
04BD0EF2185080,0,0.6170733440871347,1.0295771507925418
04BD0FF2185080,3,-2.0670858221118578,-0.15869392330678686
04BD0FF2185084,1,0.7758475897912327,1.335837225766904
04BD10F2185080,1,0.5089279640870727,1.512354570107129
04BD10F2185084,3,-1.4864380769383116,-0.4092505216080272
04BD13F2185080,3,-2.0670858221118578,-0.15869392330678686
04BD16F2185080,6,0.4402436102273635,0.7502846081869078
04BD16F2185084,3,-1.3351729640580932,0.7265830662664261
04BD17F2185080,3,-1.0225134752344365,-0.1838627793270536
04BD18F2185084,0,0.39819250799293626,-0.031919807369667846
04BD1CF2185080,3,-0.6869094956705675,0.40168983825294236
04BD1EF2185080,3,-0.754525218884547,0.4760264679651858
04BD1FF2185080,1,0.9086390162647178,-0.45234593674784795
04BD1FF2185084,3,-0.8881386127050799,-1.3529814126363195
04BD20F2185080,0,0.26457911417240326,-1.8609276879711731
04BD21F2185084,3,-0.5968718699047314,0.03247824190138684
04BD22F2185080,1,-0.2710635474003653,1.1401659721617476
04BD23F2185080,3,0.01907280923113747,-0.894074700257262
04BD27F2185080,3,-0.2906006171806718,0.7014142102461594
04BD27F2185084,3,-0.8881386127050799,-1.3529814126363195
04BD28F2185080,3,-2.0670858221118578,-0.15869392330678686
04BD2FF2185080,3,-0.8448766399032968,-0.858481501882438
04BD2FF2185084,6,0.01958098132527156,1.0193967766598158
04BD30F2185080,1,0.5089279640870727,1.512354570107129
04BD32F2185080,0,-1.6452123226424098,-0.715510596582389
04BD37F2185084,3,-1.4687863578786262,-1.1024248143350792
04BD38F2185084,6,-1.3362415947038226,-0.10982352536603844
04BD39121B6784,3,-0.5968718699047314,0.03247824190138684
04BD3AF2185080,0,2.744161791233745,-1.5629573643735313
04BD3CF2185080,3,0.17597080395264783,-0.9393985067409983
04BD3EF2185080,1,0.9335009387710482,0.8922889997031049
04BD3EF2185084,1,1.398494171120653,1.954083333616543
04BD40F2185080,6,-0.7555938495302763,-0.3603801236672788
04BD40F2185084,0,0.6245302108324607,0.28660192848675414
04BD41F2185080,3,-0.8448766399032968,-0.858481501882438
04BD43F2185080,1,0.1951998446176867,1.5863938240681443
04BD43F2185084,3,-1.3118948673141642,-0.43739637922212
04BD45F2185080,3,-1.2242952680423302,1.1467463473080644
04BD47F2185084,3,-0.3986037572591073,0.06008053312558756
04BD48F2185080,1,0.9335009387710482,0.8922889997031049
04BD49F2185080,3,-0.7368734998248614,-0.21714782476186614
04BD4FF2185080,3,-1.4864380769383116,-0.4092505216080272
04BD56F2185080,0,0.6170733440871347,1.0295771507925418
04BD57F2185080,6,0.4402436102273635,0.7502846081869078
04BD5FF2185080,1,0.5089279640870727,1.512354570107129
04BD60F2185080,1,0.9335009387710482,0.8922889997031049
04BD61F2185080,3,-1.4864380769383116,-0.4092505216080272
04BD66F2185080,3,-2.0670858221118578,-0.15869392330678686
04BD68F2185080,1,0.5089279640870727,1.512354570107129
04BD73F2185080,3,-2.0670858221118578,-0.15869392330678686
04BD76F2185080,6,-1.3362415947038226,-0.10982352536603844
04BD78F2185080,3,-2.0670858221118578,-0.15869392330678686
04BD7AF2185080,1,0.5521899368888559,2.0068544808610107
04BD86F2185080,0,0.5505624928498847,1.6698220346783348
04BD89F2185080,1,0.6433028266164291,0.3432359367978632
04BD8EF2185080,1,-0.5356443827903486,1.5375234261273958
04BD90F2185080,6,-0.7555938495302763,-0.3603801236672788
04BD96F2185080,5,0.7012032024293672,0.8433652940510316
04BD9AF2185080,3,-2.0023154365267435,-0.04109480778896854
04BD9EF2185080,3,-1.4687863578786262,-1.1024248143350792
04BDA4F2185080,6,0.3498921892086137,-0.5842233616607156
04BDA6F2185080,6,0.5078593334413435,0.6759479784746644
04BDAFF2185080,3,-2.0670858221118578,-0.15869392330678686
04BDB4F2185080,0,-1.4706691130182623,-0.7436564541964819
04BDB7F2185080,1,0.5089279640870727,1.512354570107129
04BDB8F2185080,3,-2.0670858221118578,-0.15869392330678686
04BDB9F2185080,3,-2.0670858221118578,-0.15869392330678686
04BDBFF2185080,2,0.15717752036693783,-4.071116356691607
04BDC9F2185080,1,1.084766051651267,2.0281225875775584
04BDCEF2185080,1,0.045003362383197305,1.2869668278261555
04BDCFF2185080,6,-0.29166924782640113,-0.13499238138630518
04BDD0F2185080,1,0.7758475897912327,1.335837225766904
04BDD1F2185080,1,0.8186013904988819,-0.08313434039629251
04BDD2F2185080,0,1.676644953616111,-3.0337869715267405
04BDDEF2185080,1,0.9767629115728313,1.3867889104569868
04BDDFF2185080,1,0.045003362383197305,1.2869668278261555
04BDE6F2185080,5,0.7012032024293672,0.8433652940510316
04BDE9F2185080,3,-0.622139110085453,0.5192889537707606
04BDEEF2185080,1,1.6878751734938504,0.31806708077759643
04BDEFF2185080,0,0.39819250799293626,-0.031919807369667846
04BDF2F2185080,3,-2.0670858221118578,-0.15869392330678686
04BDF7F2185080,3,-1.2675572408441134,0.6522464365541827
04BDF8F2185080,1,0.5089279640870727,1.512354570107129
04BDFCF2185080,3,-1.3351729640580932,0.7265830662664261
04BDFDF2185080,3,-0.6869094956705675,0.40168983825294236
04BDFFF2185080,0,0.9729948057125744,0.6136312159529439
04BE0CF2185084,3,-0.754525218884547,0.4760264679651858
04BE0DF2185080,3,-1.3351729640580932,0.7265830662664261
04BE0EF2185080,0,0.5518240047163485,-1.030728092491226
04BE0FF2185080,1,0.2635704032244819,0.6447442197891863
04BE0FF2185084,3,-0.754525218884547,0.4760264679651858
04BE11F2185080,3,0.19361601885528498,-0.9222205578713548
04BE12F2185084,0,0.15455097903270512,-1.0193819085179887
04BE13121B6784,1,3.1738580896210262,0.17483331339731537
04BE15F2185080,3,-0.5968718699047314,0.03247824190138684
04BE16F2185084,0,0.5518240047163485,-1.030728092491226
04BE17F2185084,3,-2.0670858221118578,-0.15869392330678686
04BE1BF2185084,3,-1.0930140312199659,0.6241005789400899
04BE1DF2185080,1,1.239772191495108,1.5612249680478776
04BE1EF2185084,1,0.8186013904988819,-0.08313434039629251
04BE23F2185080,5,0.7159035357036873,-0.3274472301698877
04BE24F2185080,1,1.3741470540244645,0.39210633473861173
04BE26F2185080,6,-0.6043287366500578,0.7754534642071745
04BE27F2185080,1,0.35285319359750233,1.1428455980043453
04BE27F2185084,3,-0.2906006171806718,0.7014142102461594
04BE2EF2185080,6,-0.6043287366500578,0.7754534642071745
04BE33F2185080,1,0.08826533518498056,1.7814667385800371
04BE36F2185084,3,-0.754525218884547,0.4760264679651858
04BE37F2185080,3,-0.2906006171806718,0.7014142102461594
04BE39121B6784,6,-0.5367130134360779,0.7011168344949311
04BE39F2185084,0,2.1022865589458157,-2.8174459502983003
04BE3EF2185084,1,2.4010154157636467,1.1467100620397004
04BE3FF2185084,3,-1.4864380769383116,-0.4092505216080272
04BE42F2185084,3,-0.2673225204367429,-0.46256523524238674
04BE43F2185080,6,0.3498921892086137,-0.5842233616607156
04BE46F2185080,1,1.7086757696265962,2.2720659000301997
04BE47F2185080,0,-0.26503599620111934,-0.15512683502265986
04BE47F2185084,0,-0.24738427714143366,-0.8483011277497119
04BE4FF2185080,0,-0.11377088332090067,0.9807067528517934
04BE51E2185080,0,-1.4706691130182623,-0.7436564541964819
04BE54F2185080,3,-2.0670858221118578,-0.15869392330678686
04BE56F2185080,2,0.15717752036693783,-4.071116356691607
04BE5FF2185080,3,-0.754525218884547,0.4760264679651858
04BE61F2185080,1,-0.49238240998856553,2.0320233368812772
04BE68F2185080,3,-2.0670858221118578,-0.15869392330678686
04BE6AE2185080,0,-1.4706691130182623,-0.7436564541964819
04BE6EF2185080,1,0.9086390162647178,-0.45234593674784795
04BE6FF2185080,3,-1.1775196150782776,0.28303484020262726
04BE74F2185080,3,-0.754525218884547,0.4760264679651858
04BE76F2185080,3,-0.754525218884547,0.4760264679651858
04BE7FF2185080,0,0.6170733440871347,1.0295771507925418
04BE82F2185080,6,1.1785447043807251,0.056179783821868556
04BE86F2185080,3,-2.0670858221118578,-0.15869392330678686
04BE87F2185080,0,-0.33265171941509913,-0.08079020531041635
04BE8DF2185080,3,-1.3351729640580932,0.7265830662664261
04BE8EF2185080,6,-0.29166924782640113,-0.13499238138630518
04BE97F2185080,1,0.6433028266164291,0.3432359367978632
04BE9FF2185080,2,0.31595176607103564,-3.764856281717244
04BEA1E2185080,6,-1.3362415947038226,-0.10982352536603844
04BEA54A216280,1,2.1477450821401494,-0.9779948334838363
04BEA7F2185080,0,-0.11377088332090067,0.9807067528517934
04BEAFF2185080,6,-0.24840727502461804,0.35950752936757663
04BEB54A216280,3,-1.1342576422764945,0.777534750956509
04BEBEF2185080,3,-0.754525218884547,0.4760264679651858
04BEC0F2185080,3,0.062334782032920706,-0.39957478950338055
04BEC4F2185080,3,-2.0670858221118578,-0.15869392330678686
04BEC7F2185080,3,-1.4864380769383116,-0.4092505216080272
04BEC8F2185080,0,0.6580031598907493,-0.8275765874230562
04BECBF2185080,3,-1.268632894512381,0.05710353153176158
04BECCF2185080,3,-1.4431761041365285,0.08524938914585434
04BED6F2185080,6,-0.29166924782640113,-0.13499238138630518
04BEE7F2185080,3,-1.3351729640580932,0.7265830662664261
04BEF0F2185080,1,-0.5356443827903486,1.5375234261273958
04BEF2F2185080,3,-1.4864380769383116,-0.4092505216080272
04BEF7F2185080,6,0.01958098132527156,1.0193967766598158
04BEFEF2185080,6,0.01958098132527156,1.0193967766598158
04BF03F2185084,0,-0.24738427714143366,-0.8483011277497119
04BF08F2185080,3,-1.0930140312199659,0.6241005789400899
04BF09F2185080,3,-0.6692577766108816,-0.2914844544741096
04BF0AF2185080,0,0.6603353168889179,1.5240770615464239
04BF0BF2185084,3,-1.1775196150782776,0.28303484020262726
04BF0DF2185080,6,1.6191908196341414,-0.4440028811426249
04BF0EF2185084,0,0.44145448079471944,0.46258010338421357
04BF13121B6784,1,0.08826533518498056,1.7814667385800371
04BF13F2185080,1,0.045003362383197305,1.2869668278261555
04BF18121B6784,2,1.9739701522869781,-2.814655105349438
04BF19121B6784,5,2.3857601836019406,-2.3809126107931884
04BF1A121B6784,5,-1.4108859820656878,-0.6022954570819107
04BF1BF2185080,1,1.5494456179069174,-0.03426394245554404
04BF1CF2185080,3,-0.15622575465131527,-0.4677044230631065
04BF20F2185084,1,2.040055608155668,1.5048523533421325
04BF25F2185080,3,-0.15622575465131527,-0.4677044230631065
04BF25F2185084,6,0.04393473173746796,0.4505602361936908
04BF2AF2185080,3,-1.2675572408441134,0.6522464365541827
04BF2BF2185080,1,0.2635704032244819,0.6447442197891863
04BF2BF2185084,3,-1.1606297544339457,0.6984372086523333
04BF2CF2185080,1,0.1951998446176867,1.5863938240681443
04BF2DF2185084,1,0.8186013904988819,-0.08313434039629251
04BF2EF2185084,3,-2.0670858221118578,-0.15869392330678686
04BF31F2185080,3,-1.2675572408441134,0.6522464365541827
04BF32F2185080,3,0.0866885324451174,-0.9684113299695054
04BF33F2185080,1,0.7758475897912327,1.335837225766904
04BF35F2185084,1,-0.5356443827903486,1.5375234261273958
04BF38F2185080,0,1.462301924650664,0.3816630985256534
04BF3BF2185080,3,-0.5968718699047314,0.03247824190138684
04BF3DF2185080,0,0.6170733440871347,1.0295771507925418
04BF47F2185080,1,1.2641189188847661,1.233652114191796
04BF47F2185084,3,-0.754525218884547,0.4760264679651858
04BF4BF2185084,3,-0.4223286602805839,0.004332384287294066
04BF4CF2185084,0,-0.26503599620111934,-0.15512683502265986
04BF4DF2185080,1,0.6433028266164291,0.3432359367978632
04BF4DF2185084,3,-0.6695780760208441,-1.2848517790765934
04BF58F2185080,6,-0.7379421304705909,-1.053554416394331
04BF61F2185080,3,-1.8925426124877103,-0.18683978092087963
04BF62F2185080,1,0.5089279640870727,1.512354570107129
04BF65F2185080,1,1.3564430688862257,1.1718789180599671
04BF6AF2185080,3,-2.0670858221118578,-0.15869392330678686
04BF6DF2185080,1,0.35285319359750233,1.1428455980043453
04BF75F2185080,1,-0.468028659576369,1.4631867964151524
04BF7AF2185080,1,1.5494456179069174,-0.03426394245554404
04BF7BF2185080,3,-1.4864380769383116,-0.4092505216080272
04BF82F2185080,1,0.045003362383197305,1.2869668278261555
04BF83F2185080,3,-0.5968718699047314,0.03247824190138684
04BF85F2185080,1,0.8186013904988819,-0.08313434039629251
04BF92F2185080,3,-1.3351729640580932,0.7265830662664261
04BF95F2185080,0,0.6170733440871347,1.0295771507925418
04BF9AF2185080,3,-0.5968718699047314,0.03247824190138684
04BFA1E2185080,3,-2.0670858221118578,-0.15869392330678686
04BFA2F2185080,6,1.0885070786148892,0.4253913801734241
04BFA3F2185080,6,0.04393473173746796,0.4505602361936908
04BFA54A216280,3,-1.5962109009773449,-0.26350554847611624
04BFA9F2185080,3,0.2612317420692649,-0.9965571875835982
04BFB2F2185080,3,-1.29191099125631,1.221082977020308
04BFB54A216280,3,-1.1342576422764945,0.777534750956509
04BFB8F2185080,3,-0.6869094956705675,0.40168983825294236
04BFBFF2185080,3,-1.3784057185514142,0.2028485046636728
04BFCEF2185080,6,0.13397235750330394,0.08134863984213529
04BFD2F2185080,3,-1.4864380769383116,-0.4092505216080272
04BFDBF2185080,6,1.0885070786148892,0.4253913801734241
04BFDCF2185080,1,2.263713261058045,0.8338350982480257
04BFDFF2185080,1,2.6177519675438488,0.7766575235470248
04BFE6F2185080,0,-0.33265171941509913,-0.08079020531041635
04BFEBF2185080,3,-1.4864380769383116,-0.4092505216080272
04BFFCF2185080,6,0.04393473173746796,0.4505602361936908
04BFFDF2185080,3,-1.4864380769383116,-0.4092505216080272
04C001F2185084,3,-0.6869094956705675,0.40168983825294236
04C005F2185084,1,1.7086757696265962,2.2720659000301997
04C00AF2185080,0,0.6245302108324607,0.28660192848675414
04C014F2185080,5,-0.7887459480509563,0.42872650562321346
04C018121B6784,1,2.884529353326382,1.7242512756419586
04C019121B6784,0,3.614190928487018,-1.5599803627797053
04C01FF2185084,0,-0.8900213678447164,-0.9942130524977221
04C024F2185080,3,-0.8881386127050799,-1.3529814126363195
04C032F2185080,6,0.9075703856189885,-1.2887525283803123
04C033F2185080,1,0.7758475897912327,1.335837225766904
04C034F2185080,1,-0.5356443827903486,1.5375234261273958
04C035F2185080,3,-1.0930140312199659,0.6241005789400899
04C036F2185080,3,-1.3118948673141642,-0.43739637922212
04C039F2185080,1,0.6433028266164291,0.3432359367978632
04C03DF2185080,3,-1.8925426124877103,-0.18683978092087963
04C03FF2185080,0,1.676644953616111,-3.0337869715267405
04C042F2185080,0,1.3906713722028192,-0.3405240174299059
04C044F2185080,0,0.6603353168889179,1.5240770615464239
04C04AF2185080,1,0.5089279640870727,1.512354570107129
04C04AF2185084,0,0.6580031598907493,-0.8275765874230562
04C04BF2185080,0,0.6603353168889179,1.5240770615464239
04C054F2185080,0,0.13020425164304683,-0.6918090546619075
04C059F2185080,3,-0.6869094956705675,0.40168983825294236
04C05DF2185080,6,-0.7555938495302763,-0.3603801236672788
04C05EF2185080,1,1.9949631462928015,1.2825225121325445
04C061F2185080,1,1.3741470540244645,0.39210633473861173
04C063F2185080,0,1.5531343787919865,-1.5503968592653743
04C064F2185080,1,0.8186013904988819,-0.08313434039629251
04C072F2185080,3,-1.4864380769383116,-0.4092505216080272
04C079F2185080,3,-1.8925426124877103,-0.18683978092087963
04C082F2185080,6,0.9075703856189885,-1.2887525283803123
04C08AF2185080,1,0.8186013904988819,-0.08313434039629251
04C095F2185080,1,1.9949631462928015,1.2825225121325445
04C0A0F2185080,1,0.968042518475066,0.6145170754257592
04C0A1F2185080,1,0.1951998446176867,1.5863938240681443
04C0A2F2185080,6,0.04393473173746796,0.4505602361936908
04C0A4F2185080,3,-1.4687863578786262,-1.1024248143350792
04C0A64A216280,2,1.7289263866773006,-1.9785458894682018
04C0A6F2185080,3,-0.51236628604642,0.3735439806388496
04C0AAF2185080,6,1.6191908196341414,-0.4440028811426249
04C0BCF2185080,6,-0.023680991476511665,0.5248968659059342
04C0C4F2185080,3,-0.0886100314373357,-0.54204105277535
04C0C8F2185080,3,-1.0930140312199659,0.6241005789400899
04C0CDF2185080,0,0.4166937879286866,0.5366149603981026
04C0CEF2185080,6,-0.5810506399061288,-0.38852598128137156
04C0D8F2185080,6,0.8872779615803768,-1.329279870715838
04C0DBF2185080,3,-0.5968718699047314,0.03247824190138684
04C0DCF2185080,3,-0.5968718699047314,0.03247824190138684
04C0E0F2185080,3,-1.7179994028635628,-0.2149856385349724
04C0E6F2185080,6,-0.6043287366500578,0.7754534642071745
04C0E9F2185080,3,-1.4687863578786262,-1.1024248143350792
04C0F0F2185080,1,1.2641189188847661,1.233652114191796
04C10BF2185084,0,-0.8900213678447164,-0.9942130524977221
04C10DF2185080,3,-1.3118948673141642,-0.43739637922212
04C10EF2185080,6,-0.7379421304705909,-1.053554416394331
04C113F2185084,6,0.16851393720732147,-0.19642328443521048
04C115F2185080,6,0.21847794136161547,0.422414378579598
04C11CF2185080,1,0.08826533518498056,1.7814667385800371
04C11DF2185080,6,-1.3362415947038226,-0.10982352536603844
04C122F2185084,3,-1.0930140312199659,0.6241005789400899
04C12AF2185084,3,0.2612317420692649,-0.9965571875835982
04C133F2185084,5,1.0953221638427209,-2.3326750793603894
04C138F2185080,2,0.3576512831431451,-1.9182206862222808
04C13AF2185080,1,0.21954657200734481,1.2588209702120627
04C13AF2185084,3,-0.2673225204367429,-0.46256523524238674
04C13CF2185084,3,-1.4687863578786262,-1.1024248143350792
04C14BF2185084,3,0.062334782032920706,-0.39957478950338055
04C158F2185080,1,-0.36110117316620116,1.509377568513303
04C15FF2185080,3,-2.0670858221118578,-0.15869392330678686
04C167F2185080,3,-1.4864380769383116,-0.4092505216080272
04C16AF2185080,0,1.1053446731806682,0.9273920392174339
04C181F2185080,3,0.061579427774615475,-0.0013503699233177173
04C1B7F2185080,6,0.04393473173746796,0.4505602361936908
04C1DBF2185080,5,1.0953221638427209,-2.3326750793603894
04C1E6F2185080,6,0.04393473173746796,0.4505602361936908
04C1F3F2185080,0,-0.739824885610227,-0.6947860562557334
04C209F2185080,6,-0.7379421304705909,-1.053554416394331
04C20CF2185080,2,0.7371225670672618,-2.120496973273074
04C20EF2185084,2,1.7118970564323752,-3.5388784527459696
04C212121B6784,0,2.1891242998022964,-0.12472656259135742
04C213F2185080,0,-1.064564577468864,-0.9660671948836292
04C214F2185080,5,0.7159035357036873,-0.3274472301698877
04C21DF2185084,1,0.045003362383197305,1.2869668278261555
04C223F2185080,6,0.04393473173746796,0.4505602361936908
04C224F2185080,1,-0.17972292116490884,1.1215774912877976
04C227F2185080,3,-0.44186573006089047,-0.43441937762829397
04C227F2185084,5,-0.7712073001703094,-0.692758077217724
04C22CF2185080,3,-1.2675572408441134,0.6522464365541827
04C22F121B6784,5,-0.3907130183630082,-2.102843021385805
04C235F2185080,0,-1.064564577468864,-0.9660671948836292
04C23EF2185080,1,0.36974305424183423,1.5582479664540516
04C247F2185084,6,1.1785447043807251,0.056179783821868556
04C24CF2185080,0,0.6590717905364786,0.008830004209408382
04C26DF2185080,6,-0.7379421304705909,-1.053554416394331
04C27BF2185080,3,-2.0670858221118578,-0.15869392330678686
04C27CF2185080,0,-0.8467593950429332,-0.4997131417438407
04C28CF2185080,3,-2.0670858221118578,-0.15869392330678686
04C28EF2185080,3,-1.2675572408441134,0.6522464365541827
04C29FF2185080,1,0.5521899368888559,2.0068544808610107
04C2ADF2185080,0,0.5727357176170839,-0.06006566498376062
04C2B7F2185080,1,0.045003362383197305,1.2869668278261555
04C2BCF2185080,0,-0.8467593950429332,-0.4997131417438407
04C2C7F2185080,3,-0.4223286602805839,0.004332384287294066
04C2D7F2185080,0,0.4166937879286866,0.5366149603981026
04C2DBF2185080,6,-1.2929796219020395,0.3846763853878434
04C2F5F2185080,3,-1.4687863578786262,-1.1024248143350792
04C300F2185084,1,0.968042518475066,0.6145170754257592
04C312121B6784,1,1.6811827607448626,1.4431600566878635
04C319F2185080,6,-0.4934510406342948,1.195616745248813
04C322F2185080,1,1.5114492087300666,0.7049812985302863
04C327F2185084,3,-1.4864380769383116,-0.4092505216080272
04C328F2185084,3,-0.5536098971029482,0.5269781526552685
04C32F121B6784,5,-0.98901248259624,-1.1591121303575127
04C330F2185084,0,-1.754985146681443,-0.569765623450478
04C331F2185084,1,1.302063061983064,0.5810051638002691
04C343F2185084,0,-0.8900213678447164,-0.9942130524977221
04C348F2185084,1,0.1951998446176867,1.5863938240681443
04C352F2185080,3,-0.8881386127050799,-1.3529814126363195
04C369F2185080,6,0.3498921892086137,-0.5842233616607156
04C36AF2185080,3,-2.0023154365267435,-0.04109480778896854
04C37AF2185080,1,0.8658852155570687,0.9666256294153482
04C380F2185080,3,-1.3351729640580932,0.7265830662664261
04C388F2185080,0,0.39819250799293626,-0.031919807369667846
04C395F2185080,6,-0.5367130134360779,0.7011168344949311
04C3A0F2185080,3,-1.3351729640580932,0.7265830662664261
04C3A2F2185080,1,0.045003362383197305,1.2869668278261555
04C3A5F2185080,3,-0.46910431324463675,0.8680438913927313
04C3B7F2185080,0,1.3722642988848281,0.7508746948772087
04C3BAF2185080,3,-0.5799820092603996,0.447880610351093
04C3BFF2185080,3,-1.268632894512381,0.05710353153176158
04C3D9F2185080,3,-0.6869094956705675,0.40168983825294236
04C3FFF2185080,3,-0.6869094956705675,0.40168983825294236
04C40BF2185084,1,0.045003362383197305,1.2869668278261555
04C416F2185080,3,-1.8925426124877103,-0.18683978092087963
04C41CF2185084,5,-0.7712073001703094,-0.692758077217724
04C429F2185080,0,0.5727357176170839,-0.06006566498376062
04C42BF2185084,0,-1.4706691130182623,-0.7436564541964819
04C42EF2185080,3,-1.3118948673141642,-0.43739637922212
04C434F2185084,3,-1.3118948673141642,-0.43739637922212
04C436F2185084,0,0.5727357176170839,-0.06006566498376062
04C43BF2185084,3,-0.5799820092603996,0.447880610351093
04C43EF2185080,1,0.045003362383197305,1.2869668278261555
04C44DF2185080,3,-1.4687863578786262,-1.1024248143350792
04C471F2185080,0,1.3722642988848281,0.7508746948772087
04C47CF2185080,1,-0.5356443827903486,1.5375234261273958
04C48EF2185080,3,-1.4687863578786262,-1.1024248143350792
04C4B7F2185080,1,1.044342393455811,1.5829506182036583
04C4C8F2185080,1,0.9345695694167777,1.7286955913355695
04C4C9F2185080,3,-1.268632894512381,0.05710353153176158
04C4D2F2185080,1,0.5521899368888559,2.0068544808610107
04C4D9F2185080,3,-1.8492806396859274,0.3076601298330021
04C4E8F2185080,0,0.5727357176170839,-0.06006566498376062
04C4E9F2185080,1,0.9345695694167777,1.7286955913355695
04C4F1F2185080,1,0.045003362383197305,1.2869668278261555
04C4F8F2185080,3,-0.6869094956705675,0.40168983825294236
04C503F2185084,0,-0.9132994645886452,0.16976639299082397
04C511F2185080,1,0.36974305424183423,1.5582479664540516
04C518F2185080,1,0.36974305424183423,1.5582479664540516
04C51DF2185084,3,-0.6869094956705675,0.40168983825294236
04C51FF2185080,0,0.7007569605983984,-2.246548153586252
04C522F2185080,3,-1.4431761041365285,0.08524938914585434
04C525F2185084,1,0.2628085448091281,1.7533208809659444
04C531F2185080,0,-1.4706691130182623,-0.7436564541964819
04C533F2185084,1,1.084766051651267,2.0281225875775584
04C534F2185084,1,0.045003362383197305,1.2869668278261555
04C535F2185084,3,-1.3351729640580932,0.7265830662664261
04C537F2185080,6,-0.7555938495302763,-0.3603801236672788
04C539121B6784,0,-1.046912858409178,-1.6592414876106814
04C539F2185080,3,-0.2673225204367429,-0.46256523524238674
04C53CF2185084,3,-1.4864380769383116,-0.4092505216080272
04C53DF2185080,6,0.04393473173746796,0.4505602361936908
04C53EF2185084,3,-0.6869094956705675,0.40168983825294236
04C54AF2185080,0,0.7916165537112821,1.001431293178449
04C54CF2185084,0,-0.9132994645886452,0.16976639299082397
04C54DF2185084,2,-0.4576462620446489,-2.394755113494796
04C558F2185080,3,-1.8925426124877103,-0.18683978092087963
04C55DF2185080,1,0.7758475897912327,1.335837225766904
04C563F2185080,3,-1.2242952680423302,1.1467463473080644
04C570F2185080,1,0.045003362383197305,1.2869668278261555
04C5BEF2185080,1,0.1951998446176867,1.5863938240681443
04C5CBF2185080,0,0.059703695657517514,0.11615430360523614
04C5D8F2185080,1,0.8191095625930159,1.8303371365207857
04C5DBF2185080,0,-0.8900213678447164,-0.9942130524977221
04C5DCF2185080,3,-2.0023154365267435,-0.04109480778896854
04C5E5F2185080,0,-0.8900213678447164,-0.9942130524977221
04C5E6F2185080,3,-1.3118948673141642,-0.43739637922212
04C5ECF2185080,3,-1.4864380769383116,-0.4092505216080272
04C5F4F2185080,0,0.15455097903270512,-1.0193819085179887
04C60BF2185080,2,0.31595176607103564,-3.764856281717244
04C613121B6784,1,3.1738580896210262,0.17483331339731537
04C615F2185080,3,-0.3770953444757761,-0.31682026211047576
04C618F2185080,0,-1.4706691130182623,-0.7436564541964819
04C618F2185084,0,0.059703695657517514,0.11615430360523614
04C619F2185084,1,0.36974305424183423,1.5582479664540516
04C622F2185080,1,0.7758475897912327,1.335837225766904
04C628F2185084,3,-1.4687863578786262,-1.1024248143350792
04C62A121B6784,2,0.006278339659226421,-2.169367371213822
04C630F2185080,0,0.4166937879286866,0.5366149603981026
04C638F2185080,1,0.9936527722171634,1.802191278906693
04C638F2185084,0,1.1053446731806682,0.9273920392174339
04C639121B6784,0,-0.7556461156088297,-0.273781833072975
04C640F2185080,1,0.36974305424183423,1.5582479664540516
04C642F2185080,3,-1.4864380769383116,-0.4092505216080272
04C646F2185080,0,-0.8900213678447164,-0.9942130524977221
04C64BF2185080,6,0.01958098132527156,1.0193967766598158
04C64BF2185084,3,-2.0670858221118578,-0.15869392330678686
04C65EF2185080,1,2.5774413805274308,0.7597958442870104
04C665F2185080,3,-1.4431761041365285,0.08524938914585434
04C677F2185080,2,-0.4399945429849632,-3.087929406221848
04C680F2185080,3,-1.4431761041365285,0.08524938914585434
04C681F2185080,3,-0.6869094956705675,0.40168983825294236
04C686F2185080,1,-0.4445018850477831,1.7342200839493898
04C687F2185080,3,-0.5382968391984798,-1.8074975474445676
04C69EF2185080,0,-0.8900213678447164,-0.9942130524977221
04C69FF2185080,3,-2.0023154365267435,-0.04109480778896854
04C6A54A216280,3,-0.821036070121797,1.1162713518509786
04C6C6F2185080,1,0.5089279640870727,1.512354570107129
04C6E1F2185080,1,1.9967936353538849,1.0103524425882506
04C6E9F2185080,3,-1.3784057185514142,0.2028485046636728
04C6EFF2185080,1,0.045003362383197305,1.2869668278261555
04C6F2F2185080,3,-0.6869094956705675,0.40168983825294236
04C708F2185080,3,-1.0930140312199659,0.6241005789400899
04C710F2185080,6,-0.7555938495302763,-0.3603801236672788
04C713121B6784,0,0.4233010937979482,-1.4680693224025076
04C718121B6784,1,2.884529353326382,1.7242512756419586
04C718F2185080,3,-1.2675572408441134,0.6522464365541827
04C719121B6784,2,3.843454162112937,-4.356425314527443
04C71A121B6784,1,0.8178460362405766,0.3150900791837704
04C72DF2185084,1,0.7758475897912327,1.335837225766904
04C731F2185080,6,-0.3621698038119305,0.6729709768808383
04C737F2185080,0,-0.9132994645886452,0.16976639299082397
04C737F2185084,1,1.0628898018502537,-0.5210191366974661
04C73AF2185080,0,-1.4706691130182623,-0.7436564541964819
04C740F2185080,3,-0.5799820092603996,0.447880610351093
04C74AF2185080,0,-0.22354370735993392,1.1264517259837046
04C75FF2185080,0,-1.4706691130182623,-0.7436564541964819
04C76AF2185080,3,-2.0023154365267435,-0.04109480778896854
04C770F2185080,5,0.1194798035875536,0.4987789873298509
04C777F2185080,3,-1.8925426124877103,-0.18683978092087963
04C77FF2185080,1,-0.20344782418638555,1.065829342449504
04C780F2185080,1,0.1951998446176867,1.5863938240681443
04C78FF2185080,3,-1.3118948673141642,-0.43739637922212
04C791F2185080,0,-0.6711405317505179,0.06728390566448768
04C797F2185080,3,-1.2675572408441134,0.6522464365541827
04C7A54A216280,0,-0.9143680952343745,-0.6666401986416406
04C7A9F2185080,5,-0.08255641491832763,-0.3019809983983926
04C7AAF2185080,6,-0.3621698038119305,0.6729709768808383
04C7AFF2185080,2,-0.4576462620446489,-2.394755113494796
04C7B0F2185080,3,-1.8925426124877103,-0.18683978092087963
04C7B2F2185080,3,-1.4864380769383116,-0.4092505216080272
04C7C0F2185080,1,0.1951998446176867,1.5863938240681443
04C7D1F2185080,2,-0.4576462620446489,-2.394755113494796
04C7D2F2185080,1,0.5521899368888559,2.0068544808610107
04C7D7F2185080,0,-1.4706691130182623,-0.7436564541964819
04C7DAF2185080,0,-1.4706691130182623,-0.7436564541964819
04C7DFF2185080,1,1.820419936668654,1.3106683697466373
04C809F2185084,1,0.045003362383197305,1.2869668278261555
04C80FF2185080,5,0.1194798035875536,0.4987789873298509
04C80FF2185084,0,-0.739824885610227,-0.6947860562557334
04C818121B6784,1,1.5309862785103732,1.1437330604458744
04C818F2185084,0,0.6831052415387127,-1.5533738608592003
04C819121B6784,6,2.460404570963806,-1.888440679077316
04C81A121B6784,0,-0.8900213678447164,-0.9942130524977221
04C822F2185084,0,0.6677921836342441,0.781101839240636
04C828F2185080,5,-0.08255641491832763,-0.3019809983983926
04C829F2185080,0,-1.4706691130182623,-0.7436564541964819
04C829F2185084,0,0.6677921836342441,0.781101839240636
04C830F2185080,1,1.1091127790409252,1.7005497337214768
04C837F2185080,0,-0.9132994645886452,0.16976639299082397
04C838F2185084,3,-0.2473386443788887,1.1959141210000412
04C839F2185080,3,-1.0930140312199659,0.6241005789400899
04C839F2185084,3,-1.3351729640580932,0.7265830662664261
04C83BF2185080,1,0.8186013904988819,-0.08313434039629251
04C841F2185080,3,-1.293487793996173,-1.5287950915292345
04C842F2185084,1,0.8658852155570687,0.9666256294153482
04C847F2185084,3,-1.4864380769383116,-0.4092505216080272
04C848F2185080,3,-1.0930140312199659,0.6241005789400899
04C849F2185080,1,1.1091127790409252,1.7005497337214768
04C857F2185080,0,0.6403514408310635,-0.1344022946960042
04C859F2185080,3,-2.0670858221118578,-0.15869392330678686
04C85EF2185080,0,-1.0230722886276784,0.31551136612273506
04C867F2185080,3,0.3309769437964888,-1.406296126270679
04C86EF2185080,6,-0.023680991476511665,0.5248968659059342
04C871F2185080,1,-0.36110117316620116,1.509377568513303
04C878F2185080,6,0.061586450797153754,-0.24261405653336113
04C87BF2185080,6,0.04393473173746796,0.4505602361936908
04C87FF2185080,5,0.07514920014004103,-0.8321275150564953
04C88FF2185080,0,0.6170733440871347,1.0295771507925418
04C896F2185080,6,-1.2929796219020395,0.3846763853878434
04C897F2185080,3,-1.8925426124877103,-0.18683978092087963
04C8A0F2185080,0,-1.064564577468864,-0.9660671948836292
04C8A1F2185080,0,0.6170733440871347,1.0295771507925418
04C8A2121B6780,3,-2.0670858221118578,-0.15869392330678686
04C8A9F2185080,3,-1.293487793996173,-1.5287950915292345
04C8AEF2185080,3,-1.4864380769383116,-0.4092505216080272
04C8AFF2185080,3,-1.8925426124877103,-0.18683978092087963
04C8B1F2185080,3,-1.0930140312199659,0.6241005789400899
04C8B7F2185080,0,-0.739824885610227,-0.6947860562557334
04C8B9F2185080,6,0.061586450797153754,-0.24261405653336113
04C8C0F2185080,0,0.7990734204566082,0.25845607087266137
04C8C6F2185080,0,-0.8900213678447164,-0.9942130524977221
04C8C7F2185080,1,-0.36110117316620116,1.509377568513303
04C8C8F2185080,1,-0.36110117316620116,1.509377568513303
04C8C9F2185080,1,-0.36110117316620116,1.509377568513303
04C8D6F2185080,3,-1.3118948673141642,-0.43739637922212
04C8D7F2185080,0,-0.18245523718060982,0.21863679093157243
04C8DEF2185080,5,0.07514920014004103,-0.8321275150564953
04C8DFF2185080,1,0.8658852155570687,0.9666256294153482
04C8EFF2185080,3,-2.0670858221118578,-0.15869392330678686
04C8F0F2185080,6,0.3498921892086137,-0.5842233616607156
04C8F8F2185080,3,-1.3118948673141642,-0.43739637922212
04C8FEF2185080,6,0.3498921892086137,-0.5842233616607156
04C8FFF2185080,3,-1.8925426124877103,-0.18683978092087963
04C907F2185084,0,-1.4706691130182623,-0.7436564541964819
04C90EF2185080,3,-0.44186573006089047,-0.43441937762829397
04C90FF2185080,6,0.5746184727567202,-0.41883402512235807
04C911F2185080,0,-1.6452123226424098,-0.715510596582389
04C912F2185084,3,-1.8492806396859274,0.3076601298330021
04C914121B6784,1,1.3073808916865495,1.7281520249456777
04C915F2185080,3,-1.3118948673141642,-0.43739637922212
04C918F2185080,0,0.059703695657517514,0.11615430360523614
04C919F2185084,0,-1.4274071402164792,-0.24915654344260016
04C91AF2185084,0,0.7007569605983984,-2.246548153586252
04C922F2185080,0,-0.3337203500608285,-0.9171967969428807
04C928F2185084,0,-1.064564577468864,-0.9660671948836292
04C92AF2185084,1,0.5521899368888559,2.0068544808610107
04C931F2185084,0,-0.11483951396663,0.14430016121932893
04C937F2185084,3,-2.0023154365267435,-0.04109480778896854
04C93FF2185080,1,2.1277545727662868,-0.5056606503822075
04C93FF2185084,3,-1.8925426124877103,-0.18683978092087963
04C941F2185084,6,0.19254738820955564,-1.758627149503819
04C947F2185080,6,0.13397235750330394,0.08134863984213529
04C948F2185084,0,-1.4274071402164792,-0.24915654344260016
04C94AF2185080,6,0.19412419094941907,0.991250919045723
04C94EF2185080,5,1.4297086395232261,0.6713955823663568
04C957F2185080,3,-0.5382968391984798,-1.8074975474445676
04C95EF2185080,1,-0.36110117316620116,1.509377568513303
04C96BF2185080,1,1.7105948465510679,1.543011633472852
04C96EF2185080,3,-0.44186573006089047,-0.43441937762829397
04C974F2185080,0,-0.0004551608111360249,-0.5524842889883081
04C97FF2185080,1,0.21954657200734481,1.2588209702120627
04C988F2185080,6,0.19254738820955564,-1.758627149503819
04C989F2185080,2,1.7118970564323752,-3.5388784527459696
04C98BF2185080,1,0.13504098814903326,0.9177552314745998
04C98DF2185080,3,-1.4864380769383116,-0.4092505216080272
04C998F2185080,5,1.4297086395232261,0.6713955823663568
04C999F2185080,6,-0.7123318767284932,0.13411978708660283
04C99AF2185080,3,-1.4864380769383116,-0.4092505216080272
04C9A0F2185080,6,0.6163036428186399,-2.6742121829180188
04C9A1F2185080,0,0.6414200714767928,0.7020042969364603
04C9A2121B6780,3,-2.0670858221118578,-0.15869392330678686
04C9B0F2185080,3,-2.0023154365267435,-0.04109480778896854
04C9C4F2185080,1,-0.4708739972052344,1.6551225416452142
04C9C8F2185080,6,-0.8653666735693095,-0.21463515053536777
04C9CAF2185080,1,0.9931446001230294,-0.11128019801038527
04C9CBF2185080,3,0.15643373417234127,-1.3781502686565863
04C9D7F2185080,1,0.36974305424183423,1.5582479664540516
04C9DFF2185080,6,0.13397235750330394,0.08134863984213529
04C9E0F2185080,1,-0.18655796354205365,1.4812317108992104
04C9E1F2185080,6,0.21847794136161547,0.422414378579598
04C9E7F2185080,0,0.6831052415387127,-1.5533738608592003
04C9F7F2185080,3,-1.4864380769383116,-0.4092505216080272
04CA0EF2185084,5,-0.8302382368921419,-0.8528520553831509
04CA0FF2185084,3,-2.0670858221118578,-0.15869392330678686
04CA12121B6784,1,1.6811827607448626,1.4431600566878635
04CA16F2185084,3,-0.048193396264417744,0.14439460320859357
04CA1AF2185080,3,-0.9792515024326535,0.31063713142682814
04CA27F2185080,1,1.373071790062727,1.6865132824502038
04CA2BF2185084,3,-2.0670858221118578,-0.15869392330678686
04CA2CF2185080,1,0.8210286395174874,1.1012828699634378
04CA2DF2185084,6,0.48350558302914665,1.2447845189407898
04CA2EF2185080,0,0.04280681199064721,-0.057984378234426565
04CA2EF2185084,3,-1.4864380769383116,-0.4092505216080272
04CA2F121B6784,3,-1.4449457880971264,0.8723280393983373
04CA32F2185084,3,-1.1775196150782776,0.28303484020262726
04CA38F2185080,1,0.23846181741946987,2.080893734822026
04CA38F2185084,0,0.46687686185264526,0.7301501545505531
04CA46F2185080,6,-0.5810506399061288,-0.38852598128137156
04CA56F2185080,3,-1.5962109009773449,-0.26350554847611624
04CA60F2185080,0,0.14974132142335328,-0.25305729274631933
04CA61F2185080,6,0.4648456487176869,-0.2730890519904471
04CA6DF2185080,6,-0.8653666735693095,-0.21463515053536777
04CA77F2185080,6,-0.7379421304705909,-1.053554416394331
04CA91F2185080,3,-1.1606297544339457,0.6984372086523333
04CA9DF2185080,6,-0.7379421304705909,-1.053554416394331
04CAAAF2185080,3,-1.4864380769383116,-0.4092505216080272
04CAB9F2185080,1,1.2830341642968912,2.055724878801759
04CABDF2185080,3,-2.0670858221118578,-0.15869392330678686
04CAC3F2185080,3,-1.4687863578786262,-1.1024248143350792
04CACAF2185080,3,-1.3351729640580932,0.7265830662664261
04CAD1F2185080,3,-1.4687863578786262,-1.1024248143350792
04CAD9F2185080,6,-1.3362415947038226,-0.10982352536603844
04CAE5F2185080,0,1.036660319320959,0.16532207729721285
04CAE7F2185080,0,-1.6452123226424098,-0.715510596582389
04CAEEF2185080,5,-0.6372879539500034,-1.9723966253043583
04CAF1F2185080,6,-1.3362415947038226,-0.10982352536603844
04CAF8F2185080,1,-0.4708739972052344,1.6551225416452142
04CAFCF2185080,5,1.8959720315412778,1.1176234342727533
04CB01F2185084,1,-0.5356443827903486,1.5375234261273958
04CB0AF2185084,3,-1.3118948673141642,-0.43739637922212
04CB0FF2185084,3,-0.6692577766108816,-0.2914844544741096
04CB10F2185084,3,-0.6692577766108816,-0.2914844544741096
04CB11F2185084,3,-1.3351729640580932,0.7265830662664261
04CB12121B6784,1,1.6811827607448626,1.4431600566878635
04CB16F2185080,3,-1.4864380769383116,-0.4092505216080272
04CB23F2185084,3,-1.1173677816321625,1.1929371194062153
04CB27F2185080,5,-0.5940259811482201,-1.4778967145504767
04CB28F2185080,5,-1.520658806104721,-0.45655048394999953
04CB2F121B6784,5,0.6742040186315782,-2.1740828256648506
04CB2FF2185084,3,-2.0670858221118578,-0.15869392330678686
04CB34F2185080,6,0.04108939410860265,0.6424959814237524
04CB41F2185080,3,-0.5604700639656788,-0.07760984778247225
04CB4AF2185084,3,-2.0670858221118578,-0.15869392330678686
04CB4CF2185084,3,-1.3351729640580932,0.7265830662664261
04CB4FF2185080,3,-0.2906006171806718,0.7014142102461594
04CB60F2185080,6,0.6147868198515111,0.722138750572815
04CB62F2185080,3,-2.0670858221118578,-0.15869392330678686
04CB64F2185080,0,-0.04900049773578639,1.0983058683696119
04CB74F2185080,3,-1.3351729640580932,0.7265830662664261
04CB7AF2185080,3,-1.3351729640580932,0.7265830662664261
04CB7EF2185080,2,-0.5731585349469638,-2.206515277715276
04CB99F2185080,1,-0.36110117316620116,1.509377568513303
04CB9BF2185080,6,0.04108939410860265,0.6424959814237524
04CBBAF2185080,0,0.21842567528306248,0.5090126691739018
04CBD9F2185080,3,-0.9792515024326535,0.31063713142682814
04CC0DF2185080,6,0.8167774055948472,-0.5213165124486944
04CC0FF2185080,0,-1.6452123226424098,-0.715510596582389
04CC0FF2185084,1,0.13504098814903326,0.9177552314745998
04CC1FF2185084,3,-1.2942431482544787,-1.130570671949172
04CC20F2185080,0,-0.7387562549644977,0.1416205353767312
04CC29F2185084,1,1.5309862785103732,1.1437330604458744
04CC2AF2185084,0,-0.007912027556462291,0.19049093331747965
04CC33F2185084,1,0.7758475897912327,1.335837225766904
04CC38F2185084,6,0.3066302164068306,-1.0787232724145976
04CC3FF2185080,3,-1.268632894512381,0.05710353153176158
04CC42F2185084,6,0.21847794136161547,0.422414378579598
04CC4AF2185080,1,-0.5356443827903486,1.5375234261273958
04CC4EF2185080,3,-1.8925426124877103,-0.18683978092087963
04CC5BF2185080,0,-0.9132994645886452,0.16976639299082397
04CC84F2185080,1,0.7758475897912327,1.335837225766904
04CC8AF2185080,6,-0.31890783101014725,1.1674708876347202
04CC8CF2185080,1,-0.4708739972052344,1.6551225416452142
04CC9AF2185080,0,0.21842567528306248,0.5090126691739018
04CC9FF2185080,3,-1.2675572408441134,0.6522464365541827
04CCACF2185080,5,-1.4108859820656878,-0.6022954570819107
04CCB1F2185080,0,-1.4274071402164792,-0.24915654344260016
04CCCEF2185080,6,0.21847794136161547,0.422414378579598
04CCD5F2185080,0,-0.7387562549644977,0.1416205353767312
04CCDFF2185080,5,4.13978401186409,-0.061305568741520544
04CD14F2185080,0,2.1745190585484133,-0.12115047698018766
04CD2A121B6784,2,0.006278339659226421,-2.169367371213822
04CD2BF2185084,0,0.15455097903270512,-1.0193819085179887
04CD2CF2185084,1,0.9503907994153802,1.3076913681528113
04CD3AF2185080,6,0.21847794136161547,0.422414378579598
04CD3BF2185080,1,1.1080441483951957,0.8641431420890121
04CD81F2185080,6,0.04108939410860265,0.6424959814237524
04CDA8F2185080,3,-1.8492806396859274,0.3076601298330021
04CDB0F2185080,0,-0.9132994645886452,0.16976639299082397
04CDE7F2185080,3,-2.0670858221118578,-0.15869392330678686
04CDF7F2185080,3,-1.8925426124877103,-0.18683978092087963
04CE2A121B6784,3,-1.4864380769383116,-0.4092505216080272
04CE41F2185080,0,-0.04900049773578639,1.0983058683696119
04CE4FF2185080,6,-0.5610667638482746,1.2699533749610565
04CE7FF2185080,6,-1.1616983850796752,-0.1379693829801312
04CE81F2185080,0,-1.064564577468864,-0.9660671948836292
04CEB6F2185080,0,0.15455097903270512,-1.0193819085179887
04CEBBF2185080,3,-1.4864380769383116,-0.4092505216080272
04CEBDF2185080,0,-0.005738524934003199,1.5928057791234935
04CEBFF2185080,6,-1.1616983850796752,-0.1379693829801312
04CEF8F2185080,3,-1.8925426124877103,-0.18683978092087963
04CF04F2185084,3,-0.7368734998248614,-0.21714782476186614
04CF0FF2185084,6,0.3066302164068306,-1.0787232724145976
04CF15F2185080,1,0.13504098814903326,0.9177552314745998
04CF18121B6784,1,2.5755586253877945,1.1185642044256077
04CF19121B6784,6,2.460404570963806,-1.888440679077316
04CF1A121B6784,0,-0.8900213678447164,-0.9942130524977221
04CF1DF2185080,3,-0.7368734998248614,-0.21714782476186614
04CF25F2185080,3,-1.268632894512381,0.05710353153176158
04CF25F2185084,1,1.665413796824813,1.777565989276318
04CF2BF2185084,0,-1.6019503498406267,-0.22101068582850739
04CF31F2185084,1,1.5309862785103732,1.1437330604458744
04CF49F2185084,1,1.97807328564847,0.8671201436828382
04CF4AF2185084,3,-1.8925426124877103,-0.18683978092087963
04CF66F2185080,3,-1.268632894512381,0.05710353153176158
04CF7BF2185080,3,-1.29191099125631,1.221082977020308
04CF81F2185080,1,0.06265508144288308,0.5937925350991035
04CF98F2185080,3,-0.5536098971029482,0.5269781526552685
04CFAAF2185080,3,-0.754525218884547,0.4760264679651858
04CFADF2185080,0,1.4150180995924775,-0.6680968712859875
04CFBBF2185080,0,-0.9132994645886452,0.16976639299082397
04CFC4F2185080,3,0.6849879966783492,-1.9121422209977978
04D00EF2185080,3,-0.5623302902007139,-0.24529368237595892
04D010F2185084,3,-2.0670858221118578,-0.15869392330678686
04D013121B6784,0,0.4233010937979482,-1.4680693224025076
04D018121B6784,2,2.1183675241542814,-0.7237066200808799
04D019121B6784,0,3.7042285542528544,-1.929191959131261
04D01A121B6784,6,1.195434565025057,0.47158215227157463
04D022F2185084,3,-0.5799820092603996,0.447880610351093
04D025F2185084,0,0.7916165537112821,1.001431293178449
04D032F2185084,0,-0.4424245434541323,0.06495476782149458
04D034F2185084,3,-0.048193396264417744,0.14439460320859357
04D035F2185084,2,0.11442371965928846,-2.65214479052841
04D039121B6784,0,-1.046912858409178,-1.6592414876106814
04D044F2185080,6,-1.1616983850796752,-0.1379693829801312
04D052F2185080,3,-2.0670858221118578,-0.15869392330678686
04D07EF2185080,1,1.97807328564847,0.8671201436828382
04D099F2185080,6,1.2386965378268402,0.9660820630254562
04D0B5F2185080,6,-0.5626435665881376,-1.479924693588486
04D0B6F2185080,3,-1.3118948673141642,-0.43739637922212
04D0C3F2185080,3,-1.2675572408441134,0.6522464365541827
04D100F2185084,3,-2.0670858221118578,-0.15869392330678686
04D108F2185084,3,-1.8925426124877103,-0.18683978092087963
04D10CF2185080,3,-1.2675572408441134,0.6522464365541827
04D10FF2185080,0,0.46296289357805065,0.0856793081481503
04D113121B6784,5,1.851634405071227,0.027980618496450973
04D121F2185080,3,-0.07437223749460412,-1.582109805163594
04D121F2185084,3,-1.8925426124877103,-0.18683978092087963
04D130F2185080,3,-0.6692577766108816,-0.2914844544741096
04D153F2185080,0,1.24047488996833,-0.6399510136718947
04D16CF2185080,1,-0.6454172068293819,1.683268399259307
04D16FF2185080,3,-0.6692577766108816,-0.2914844544741096
04D17BF2185080,3,-0.11296378184953204,0.026795487690775055
04D18EF2185080,0,0.7916165537112821,1.001431293178449
04D196F2185080,1,1.0364065729248129,0.3832197127434963
04D197F2185080,0,0.5727357176170839,-0.06006566498376062
04D1A1F2185080,3,-1.3118948673141642,-0.43739637922212
04D1A5F2185080,1,1.5309862785103732,1.1437330604458744
04D1A6F2185080,5,-1.4108859820656878,-0.6022954570819107
04D1AC3A9C4C80,3,-0.8881386127050799,-1.3529814126363195
04D1AEF2185080,3,-1.1322862992734697,-0.03811780619514257
04D1AFF2185080,3,-1.2942431482544787,-1.130570671949172
04D1C1F2185080,6,-0.5610667638482746,1.2699533749610565
04D1C8F2185080,1,0.2628085448091281,1.7533208809659444
04D1CBF2185080,3,-0.11296378184953204,0.026795487690775055
04D1D0F2185080,1,0.12868899338043666,2.226638707953937
04D1D1F2185080,3,-2.0670858221118578,-0.15869392330678686
04D1D7F2185080,3,-0.5183129631406252,-0.14901819120213997
04D1D8F2185080,3,-1.3118948673141642,-0.43739637922212
04D1E0F2185080,0,0.6170733440871347,1.0295771507925418
04D1EAF2185080,0,0.6170733440871347,1.0295771507925418
04D1F3F2185080,3,-0.44186573006089047,-0.43441937762829397
04D1F6F2185080,0,2.234014602045728,-2.1203641243394347
04D1F8F2185080,3,-1.3118948673141642,-0.43739637922212
04D1FBF2185080,3,-2.0670858221118578,-0.15869392330678686
04D1FFF2185080,3,-1.8492806396859274,0.3076601298330021
04D207F2185084,3,-1.3118948673141642,-0.43739637922212
04D20FF2185084,2,0.5869260848327723,-2.4199239695150627
04D21EF2185084,1,-0.6454172068293819,1.683268399259307
04D21FF2185080,3,-0.6692577766108816,-0.2914844544741096
04D225F2185080,3,-1.3351729640580932,0.7265830662664261
04D22F121B6784,5,0.6742040186315782,-2.1740828256648506
04D230F2185084,1,-0.5356443827903486,1.5375234261273958
04D235F2185080,1,2.0381728530160315,1.8636207134807299
04D24AF2185080,0,1.24047488996833,-0.6399510136718947
04D252F2185080,0,0.7285037158762786,-1.6355399456901998
04D257F2185080,6,-0.7379421304705909,-1.053554416394331
04D25FF2185080,3,-0.5799820092603996,0.447880610351093
04D271F2185080,1,0.1951998446176867,1.5863938240681443
04D27FF2185080,3,-0.5799820092603996,0.447880610351093
04D282F2185080,0,1.24047488996833,-0.6399510136718947
04D28DF2185080,6,0.6147868198515111,0.722138750572815
04D28FF2185080,0,-1.174337401507897,-0.8203222217517185
04D29FF2185080,3,-2.0670858221118578,-0.15869392330678686
04D2B2F2185080,3,-1.1173677816321625,1.1929371194062153
04D2B44A216280,2,2.9344721708134442,-1.2010834579693836
04D2B9F2185080,0,1.24047488996833,-0.6399510136718947
04D2CEF2185080,1,2.0381728530160315,1.8636207134807299
04D2D9F2185080,0,-0.4424245434541323,0.06495476782149458
04D2E6F2185080,0,-1.174337401507897,-0.8203222217517185
04D306F2185084,0,-0.8456837413746654,0.09542976327858044
04D30DF2185080,3,-1.3351729640580932,0.7265830662664261
04D316F2185084,1,0.21954657200734481,1.2588209702120627
04D320F2185080,0,-1.6452123226424098,-0.715510596582389
04D329F2185080,3,-1.4864380769383116,-0.4092505216080272
04D32EF2185084,2,0.5869260848327723,-2.4199239695150627
04D32F121B6784,2,3.6228097796780014,-2.0449373903625796
04D330F2185080,6,1.2386965378268402,0.9660820630254562
04D337F2185080,0,-1.6452123226424098,-0.715510596582389
04D33FF2185080,0,0.5085620319145652,-1.5252280032451075
04D346F2185080,1,0.5717270066691624,2.445606242776599
04D34EF2185080,1,0.1951998446176867,1.5863938240681443
04D356F2185080,0,-1.6452123226424098,-0.715510596582389
04D367F2185080,3,-1.4864380769383116,-0.4092505216080272
04D37EF2185080,3,-0.2906006171806718,0.7014142102461594
04D387F2185080,0,1.065176326085877,-0.21358073647773915
04D398F2185080,0,1.97056376311806,-0.1928561961510835
04D3A54A216280,0,-0.9143680952343745,-0.6666401986416406
04D3A64A216280,3,-0.8448766399032968,-0.858481501882438
04D3AFF2185080,1,1.9949631462928015,1.2825225121325445
04D3B8F2185080,3,-1.3118948673141642,-0.43739637922212
04D3CAF2185080,6,0.6163036428186399,-2.6742121829180188
04D3DCF2185080,3,-1.4864380769383116,-0.4092505216080272
04D3ECF2185080,3,-1.3351729640580932,0.7265830662664261
04D3F8F2185080,1,0.7758475897912327,1.335837225766904
04D3F9F2185080,3,-1.8492806396859274,0.3076601298330021
04D412121B6784,5,2.8039449221863193,-1.4215963672589602
04D4A4F2185080,3,-2.0670858221118578,-0.15869392330678686
04D4A54A216280,1,1.5328690336500095,0.7849647003072772
04D4DDF2185080,5,0.11948682661009183,0.25751530071980727
04D4F5F2185080,3,-1.3351729640580932,0.7265830662664261
04D508F2185084,1,0.045003362383197305,1.2869668278261555
04D512121B6784,5,2.8039449221863193,-1.4215963672589602
04D527F2185080,5,0.11948682661009183,0.25751530071980727
04D52A121B6784,3,-1.4864380769383116,-0.4092505216080272
04D53DF2185080,0,-1.064564577468864,-0.9660671948836292
04D546F2185080,0,-1.064564577468864,-0.9660671948836292
04D54FF2185080,0,0.6414200714767928,0.7020042969364603
04D566F2185080,0,-1.064564577468864,-0.9660671948836292
04D56EF2185080,0,-0.11377088332090067,0.9807067528517934
04D577F2185080,6,-0.7555938495302763,-0.3603801236672788
04D596F2185080,0,-1.064564577468864,-0.9660671948836292
04D5A0F2185080,3,-1.8925426124877103,-0.18683978092087963
04D5ADF2185080,6,-0.7555938495302763,-0.3603801236672788
04D5B0F2185080,0,-1.064564577468864,-0.9660671948836292
04D5E5F2185080,6,-0.7555938495302763,-0.3603801236672788
04D602F2185084,1,1.1091127790409252,1.7005497337214768
04D617F2185080,0,-1.064564577468864,-0.9660671948836292
04D619F2185080,0,-0.11377088332090067,0.9807067528517934
04D620F2185084,3,-1.2675572408441134,0.6522464365541827
04D629F2185084,6,-0.023680991476511665,0.5248968659059342
04D62A121B6784,3,-1.4864380769383116,-0.4092505216080272
04D62CF2185084,3,-0.15622575465131527,-0.4677044230631065
04D63AF2185084,3,-1.3351729640580932,0.7265830662664261
04D641F2185084,3,-0.6692577766108816,-0.2914844544741096
04D64CF2185084,6,-0.714101560689091,0.9211984373390857
04D694F2185080,0,-1.064564577468864,-0.9660671948836292
04D69CF2185080,0,-0.48391683229531784,-1.2166237931848698
04D6A0F2185080,0,1.1977210892606807,0.7790205524913015
04D6B54A216280,3,-0.51236628604642,0.3735439806388496
04D6C8F2185080,1,0.045003362383197305,1.2869668278261555
04D6D1F2185080,1,2.7532481165040177,2.2468970440099327
04D6E1F2185080,0,-0.11377088332090067,0.9807067528517934
04D6E8F2185080,3,-1.4864380769383116,-0.4092505216080272
04D6F2F2185080,1,1.9537195352362735,1.4359566841489633
04D719121B6784,3,-1.3351729640580932,0.7265830662664261
04D71A121B6784,6,1.195434565025057,0.47158215227157463
04D71EF2185084,1,0.1951998446176867,1.5863938240681443
04D720F2185080,1,0.045003362383197305,1.2869668278261555
04D72DF2185084,1,0.045003362383197305,1.2869668278261555
04D739121B6784,0,-0.7556461156088297,-0.273781833072975
04D73EF2185084,3,-0.15622575465131527,-0.4677044230631065
04D760F2185080,1,-0.5356443827903486,1.5375234261273958
04D778F2185080,3,-1.2675572408441134,0.6522464365541827
04D77AF2185080,1,-0.49238240998856553,2.0320233368812772
04D780F2185080,0,-0.2909665493531792,-2.336168363106078
04D788F2185080,6,-1.4460144187428559,0.03592144776587269
04D789F2185080,0,-0.11377088332090067,0.9807067528517934
04D78BF2185080,6,-0.023680991476511665,0.5248968659059342
04D7B3F2185080,6,-0.023680991476511665,0.5248968659059342
04D7B4F2185080,6,-0.4934510406342948,1.195616745248813
04D7B54A216280,3,-1.3118948673141642,-0.43739637922212
04D7CAF2185080,3,-0.15622575465131527,-0.4677044230631065
04D7D1F2185080,1,0.1951998446176867,1.5863938240681443
04D7DCF2185080,3,-1.4687863578786262,-1.1024248143350792
04D7E1F2185080,0,-0.2909665493531792,-2.336168363106078
04D7E2F2185080,6,-0.023680991476511665,0.5248968659059342
04D7E3F2185080,3,-1.1775196150782776,0.28303484020262726
04D80DF2185084,0,1.2127203519122354,-3.2591747138077145
04D813121B6784,5,1.851634405071227,0.027980618496450973
04D818121B6784,2,2.1183675241542814,-0.7237066200808799
04D819121B6784,1,4.5037571355205985,-1.1182515992702913
04D81A121B6784,6,-0.7379421304705909,-1.053554416394331
04D82C121B6784,1,0.7758475897912327,1.335837225766904
04D839121B6784,1,1.2593092612754144,1.9999767299634656
04D902F2185084,0,-0.11377088332090067,0.9807067528517934
04D913121B6784,6,-0.5810506399061288,-0.38852598128137156
04D918121B6784,5,2.028464138930998,0.30727316110208497
04D933F2185080,6,-1.1616983850796752,-0.1379693829801312
04D938F2185080,6,-1.1616983850796752,-0.1379693829801312
04D94DF2185084,3,-0.754525218884547,0.4760264679651858
04D961F2185080,6,1.213086284084743,-0.22159214045547723
04D963F2185080,0,-0.11642333972903171,-2.3643142207201704
04D982F2185080,2,1.6191792515704324,-2.7387445495975817
04D983F2185080,3,-1.8925426124877103,-0.18683978092087963
04D98BF2185080,3,-1.4431761041365285,0.08524938914585434
04D991F2185080,0,-1.4706691130182623,-0.7436564541964819
04D998F2185080,0,-1.064564577468864,-0.9660671948836292
04D9AAF2185080,3,-1.8925426124877103,-0.18683978092087963
04D9B44A216280,2,2.891210198011661,-1.695583368723265
04D9FCF2185080,3,-1.8492806396859274,0.3076601298330021
04DA0BF2185080,6,-0.5633989208464434,-1.0817002740084236
04DA16F2185084,1,0.8009561755962448,-0.10031228926593579
04DA18F2185084,3,-2.0670858221118578,-0.15869392330678686
04DA2F121B6784,2,3.6228097796780014,-2.0449373903625796
04DA31F2185084,0,1.1977210892606807,0.7790205524913015
04DA37F2185084,3,-1.8925426124877103,-0.18683978092087963
04DA3BF2185084,3,-1.8925426124877103,-0.18683978092087963
04DA40F2185084,1,0.23846181741946987,2.080893734822026
04DA49F2185084,1,0.23846181741946987,2.080893734822026
04DA5FF2185080,1,0.8009561755962448,-0.10031228926593579
04DA64F2185080,0,0.46687686185264526,0.7301501545505531
04DAADF2185080,1,1.1091127790409252,1.7005497337214768
04DAB0F2185080,1,0.045003362383197305,1.2869668278261555
04DAB44A216280,0,1.0381771422880879,-3.231028856193622
04DAC0F2185080,3,-1.0930140312199659,0.6241005789400899
04DAD7F2185080,3,-1.1322862992734697,-0.03811780619514257
04DADFF2185080,0,-1.064564577468864,-0.9660671948836292
04DAEDF2185080,1,1.3741470540244645,0.39210633473861173
04DB01F2185084,3,-1.4864380769383116,-0.4092505216080272
04DB08F2185080,0,-0.007912027556462291,0.19049093331747965
04DB0FF2185080,3,-1.8925426124877103,-0.18683978092087963
04DB11F2185084,3,-1.8925426124877103,-0.18683978092087963
04DB18F2185080,5,-0.6556950272679944,-0.8809979129972437
04DB19F2185084,3,-1.4864380769383116,-0.4092505216080272
04DB20F2185084,3,-1.8925426124877103,-0.18683978092087963
04DB21F2185084,3,-2.0670858221118578,-0.15869392330678686
04DB27F2185084,5,-0.9223593418714893,-1.4002813749782919
04DB29F2185084,1,0.045003362383197305,1.2869668278261555
04DB2F121B6784,2,3.6228097796780014,-2.0449373903625796
04DB31F2185084,3,-1.8925426124877103,-0.18683978092087963
04DB3BF2185084,3,-1.8925426124877103,-0.18683978092087963
04DB3FF2185080,3,-1.4431761041365285,0.08524938914585434
04DB48F2185080,5,-0.8302382368921419,-0.8528520553831509
04DB49F2185080,3,-2.0670858221118578,-0.15869392330678686
04DB50F2185080,1,-0.49238240998856553,2.0320233368812772
04DB59F2185080,3,-1.3118948673141642,-0.43739637922212
04DB61F2185080,5,-0.6556950272679944,-0.8809979129972437
04DB76F2185080,3,-1.3351729640580932,0.7265830662664261
04DB78F2185080,3,-1.3351729640580932,0.7265830662664261
04DB81F2185080,0,-0.9143680952343745,-0.6666401986416406
04DB9FF2185080,0,-0.9143680952343745,-0.6666401986416406
04DBA1F2185080,3,-1.0930140312199659,0.6241005789400899
04DBA54A216280,1,1.5328690336500095,0.7849647003072772
04DBA9F2185080,3,-1.8925426124877103,-0.18683978092087963
04DBAFF2185080,3,-1.3118948673141642,-0.43739637922212
04DBB1F2185080,3,-1.4864380769383116,-0.4092505216080272
04DBE8F2185080,0,-0.11377088332090067,0.9807067528517934
04DBFAF2185080,3,-1.4864380769383116,-0.4092505216080272
04DC00F2185084,2,-0.035772762575201,-2.9515717867703986
04DC12121B6784,0,1.685992418354214,0.6768354409161935
04DC15F2185080,6,-1.1616983850796752,-0.1379693829801312
04DC29F2185084,1,0.1951998446176867,1.5863938240681443
04DC2AF2185084,0,-0.9132994645886452,0.16976639299082397
04DC4EF2185080,5,-0.8302382368921419,-0.8528520553831509
04DC54F2185080,2,0.6204270774709689,-3.3951733205455223
04DC5CF2185080,3,-1.2675572408441134,0.6522464365541827
04DC7DF2185080,0,-1.064564577468864,-0.9660671948836292
04DC85F2185080,6,-1.118436412277892,0.3565305277737506
04DC8EF2185080,3,-1.8925426124877103,-0.18683978092087963
04DC96F2185080,0,1.3895957185345515,-0.935666922452327
04DC97F2185080,0,1.1977210892606807,0.7790205524913015
04DCA54A216280,5,1.4320474298374026,0.89223569199178
04DCB9F2185080,2,0.6204270774709689,-3.3951733205455223
04DCBFF2185080,6,-1.3362415947038226,-0.10982352536603844
04DCD1F2185080,3,-2.0670858221118578,-0.15869392330678686
04DCE1F2185080,0,-1.6452123226424098,-0.715510596582389
04DCE8F2185080,0,1.3895957185345515,-0.935666922452327
04DCEEF2185080,1,3.730159107404914,0.25184956895215665
04DCEFF2185080,3,-2.0670858221118578,-0.15869392330678686
04DCF7F2185080,0,-1.6452123226424098,-0.715510596582389
04DD03F2185084,0,-1.6019503498406267,-0.22101068582850739
04DD0AF2185084,6,1.195434565025057,0.47158215227157463
04DD0BF2185084,1,0.08826533518498056,1.7814667385800371
04DD12121B6784,0,1.685992418354214,0.6768354409161935
04DD22F2185084,3,-1.2942431482544787,-1.130570671949172
04DD28F2185084,3,-1.2942431482544787,-1.130570671949172
04DD2A121B6784,0,0.39819250799293626,-0.031919807369667846
04DD2FF2185080,6,-1.2929796219020395,0.3846763853878434
04DD35F2185080,1,-0.4708739972052344,1.6551225416452142
04DD3BF2185084,3,-1.8925426124877103,-0.18683978092087963
04DD41F2185084,0,1.1977210892606807,0.7790205524913015
04DD42F2185084,6,-1.1616983850796752,-0.1379693829801312
04DD6AF2185080,6,1.0385430744605955,-0.19344628284138446
04DD71F2185080,3,-1.4864380769383116,-0.4092505216080272
04DD72F2185080,0,1.2386509050642953,-1.0781331857242966
04DD7BF2185080,0,-0.9132994645886452,0.16976639299082397
04DD82F2185080,1,1.9949631462928015,1.2825225121325445
04DD9AF2185080,0,-1.064564577468864,-0.9660671948836292
04DD9BF2185080,0,-1.064564577468864,-0.9660671948836292
04DDA3F2185080,2,0.6204270774709689,-3.3951733205455223
04DDBAF2185080,3,-1.8925426124877103,-0.18683978092087963
04DDD2F2185080,6,-1.3362415947038226,-0.10982352536603844
04DDD3F2185080,1,3.30640285279583,1.1674346023663562
04DDF1F2185080,2,0.6204270774709689,-3.3951733205455223
04DDF9F2185080,0,1.2386509050642953,-1.0781331857242966
04DE06F2185084,6,-0.7555938495302763,-0.3603801236672788
04DE12F2185080,3,-1.3351729640580932,0.7265830662664261
04DE15F2185084,3,-0.8881386127050799,-1.3529814126363195
04DE17F2185080,3,-1.2242952680423302,1.1467463473080644
04DE1EF2185080,6,0.7908468524427874,-2.7023580405321113
04DE22F2185080,0,-0.14077006711868975,-2.0367413668640886
04DE22F2185084,1,-0.36110117316620116,1.509377568513303
04DE2A121B6784,0,0.39819250799293626,-0.031919807369667846
04DE2EF2185080,3,-0.8881386127050799,-1.3529814126363195
04DE2FF2185080,1,0.21954657200734481,1.2588209702120627
04DE3BF2185084,6,-0.7555938495302763,-0.3603801236672788
04DE40F2185084,1,0.21954657200734481,1.2588209702120627
04DE5BF2185080,0,-1.6452123226424098,-0.715510596582389
04DE7CF2185080,1,0.21954657200734481,1.2588209702120627
04DE7FF2185080,3,-0.44186573006089047,-0.43441937762829397
04DEA3F2185080,6,-1.1616983850796752,-0.1379693829801312
04DEB54A216280,3,-0.6869094956705675,0.40168983825294236
04DEBBF2185080,0,-0.159177140436681,-0.9453426545569735
04DF01F2185084,0,0.035349945245320834,0.6849908440713612
04DF0CF2185080,0,-0.15810850979095162,-0.10893606292450911
04DF14F2185080,0,0.43987767805485606,-2.2872979651653296
04DF19121B6784,2,2.4827892165197882,-3.5721136809102942
04DF1A121B6784,1,0.13504098814903326,0.9177552314745998
04DF28F2185080,3,0.01907280923113747,-0.894074700257262
04DF2C121B6784,1,0.7758475897912327,1.335837225766904
04DF2CF2185084,2,0.8047312672587029,-1.9535699163752736
04DF39121B6784,2,2.4715566697640203,-2.0425932552767034
04DF4BF2185080,1,1.665413796824813,1.777565989276318
04DF58F2185080,3,-0.7135954030809324,-1.3811272702504123
04DF5CF2185080,6,-0.7555938495302763,-0.3603801236672788
04DF6EF2185080,3,-1.3118948673141642,-0.43739637922212
04DF88F2185080,3,-1.4431761041365285,0.08524938914585434
04DF89F2185080,3,-1.4431761041365285,0.08524938914585434
04DF8FF2185080,3,-0.754525218884547,0.4760264679651858
04DFAFF2185080,3,0.01907280923113747,-0.894074700257262
04DFB54A216280,6,1.8613497524722684,-0.546485368468961
04DFB8F2185080,1,0.045003362383197305,1.2869668278261555
04DFDAF2185080,3,0.01907280923113747,-0.894074700257262
04DFDFF2185080,2,0.6950714648328343,-2.9027013888296502
04E005F2185084,0,1.3722642988848281,0.7508746948772087
04E006121B6784,0,2.2163628829860422,-1.4271898316123828
04E006F2185084,3,-0.754525218884547,0.4760264679651858
04E00AF2185080,1,1.3073808916865495,1.7281520249456777
04E013121B6784,0,3.788734138111166,-1.588126220393798
04E013F2185084,5,2.1391346067158374,0.1623794076551249
04E018121B6784,5,2.028464138930998,0.30727316110208497
04E019121B6784,2,2.4827892165197882,-3.5721136809102942
04E01A121B6784,1,0.13504098814903326,0.9177552314745998
04E01AF2185084,3,-1.3118948673141642,-0.43739637922212
04E021F2185080,6,-0.7555938495302763,-0.3603801236672788
04E028F2185080,1,0.9345695694167777,1.7286955913355695
04E02C121B6784,1,0.7758475897912327,1.335837225766904
04E02CF2185080,6,-0.7555938495302763,-0.3603801236672788
04E032F2185080,3,-1.1775196150782776,0.28303484020262726
04E032F2185084,1,0.9345695694167777,1.7286955913355695
04E035F2185080,0,0.9540795603004492,-0.20844154865701944
04E036F2185080,0,1.4155262716866115,1.2453746056310908
04E039121B6784,3,-0.754525218884547,0.4760264679651858
04E039F2185084,3,-1.3351729640580932,0.7265830662664261
04E03EF2185080,0,0.15455097903270512,-1.0193819085179887
04E043F2185084,3,-1.4864380769383116,-0.4092505216080272
04E047F2185084,3,-1.2675572408441134,0.6522464365541827
04E048F2185084,3,-1.29191099125631,1.221082977020308
04E056F2185080,3,-1.4687863578786262,-1.1024248143350792
04E057F2185080,0,-1.4706691130182623,-0.7436564541964819
04E065F2185080,0,1.97056376311806,-0.1928561961510835
04E06DF2185080,1,0.9503907994153802,1.3076913681528113
04E082F2185080,1,-0.06476946165583568,1.4327118009580664
04E08CF2185080,3,-0.6869094956705675,0.40168983825294236
04E09DF2185080,6,-0.0060292724168260516,-0.1682774268211177
04E0AEF2185080,0,-1.4274071402164792,-0.24915654344260016
04E0CCF2185080,0,0.059703695657517514,0.11615430360523614
04E0CDF2185080,1,1.28872134708162,2.099828306748454
04E0D1F2185080,1,0.23846181741946987,2.080893734822026
04E0D6F2185080,0,0.6587585141490545,-1.2258010070031187
04E0DBF2185080,1,2.19694709872013,2.169880788455092
04E0E0F2185080,3,-1.3351729640580932,0.7265830662664261
04E0E9F2185080,6,-0.42978552702591033,0.7473076065930817
04E0F6F2185080,6,-0.42978552702591033,0.7473076065930817
04E0F7F2185080,3,-0.6695780760208441,-1.2848517790765934
04E0FEF2185080,6,-0.5810506399061288,-0.38852598128137156
04E109F2185084,3,-0.4947145669867341,-0.31963031208820236
04E10AF2185084,2,4.264371216713017,-2.49416837063699
04E112F2185080,6,-0.7555938495302763,-0.3603801236672788
04E112F2185084,3,-0.4242140110012048,-1.127593670355346
04E113121B6784,1,0.36974305424183423,1.5582479664540516
04E118121B6784,1,3.30640285279583,1.1674346023663562
04E11FF2185080,1,0.06265508144288308,0.5937925350991035
04E120F2185084,6,0.17723433030508717,0.5758485505960169
04E122F2185084,6,0.06126615138719133,-1.2359813811358449
04E124F2185080,0,-0.0004551608111360249,-0.5524842889883081
04E129F2185084,3,-0.6869094956705675,0.40168983825294236
04E12BF2185084,0,-1.4706691130182623,-0.7436564541964819
04E12CF2185080,0,0.46687686185264526,0.7301501545505531
04E12FF2185084,3,-0.4242140110012048,-1.127593670355346
04E131F2185084,1,0.06265508144288308,0.5937925350991035
04E136F2185084,1,-0.36110117316620116,1.509377568513303
04E138F2185080,0,1.0392457729338171,-2.394622264561157
04E13CF2185084,3,-1.2675572408441134,0.6522464365541827
04E141F2185080,6,-0.7555938495302763,-0.3603801236672788
04E142F2185080,0,-0.3337203500608285,-0.9171967969428807
04E146F2185080,6,-0.023680991476511665,0.5248968659059342
04E148F2185080,6,-0.8653666735693095,-0.21463515053536777
04E15FF2185080,6,-0.8653666735693095,-0.21463515053536777
04E161F2185080,4,5.546568514610327,-4.424901917083381
04E169F2185080,6,-1.3362415947038226,-0.10982352536603844
04E182F2185080,3,-0.754525218884547,0.4760264679651858
04E1A0F2185080,3,-1.3351729640580932,0.7265830662664261
04E1B0F2185080,5,0.7001345717836379,0.006958702418566991
04E1B44A216280,0,0.3073329148800525,-3.2798992541343703
04E1BCF2185080,3,-1.4864380769383116,-0.4092505216080272
04E1C0F2185080,3,-1.3351729640580932,0.7265830662664261
04E1CDF2185080,1,0.08826533518498056,1.7814667385800371
04E1D2F2185080,6,0.04393473173746796,0.4505602361936908
04E1D9F2185080,1,0.06265508144288308,0.5937925350991035
04E1DCF2185080,3,-1.5962109009773449,-0.26350554847611624
04E1E2F2185080,3,-0.3809520381994217,-0.6330937596014642
04E1E7F2185080,1,0.7758475897912327,1.335837225766904
04E1FAF2185080,1,-0.5356443827903486,1.5375234261273958
04E1FDF2185080,6,-0.7123318767284932,0.13411978708660283
04E206F2185084,3,-0.5536098971029482,0.5269781526552685
04E207F2185084,1,-0.317839200364418,2.0038774792671847
04E20CF2185084,3,-1.8925426124877103,-0.18683978092087963
04E210F2185084,6,-1.3362415947038226,-0.10982352536603844
04E213F2185080,1,0.7758475897912327,1.335837225766904
04E214F2185080,1,0.8461894914010527,-0.42146493566370563
04E216F2185084,2,0.5364094049050976,0.046518744994508615
04E21DF2185084,1,2.242293436138102,0.7538516964710348
04E21EF2185084,2,2.379435564784673,-2.5900225748718446
04E22BF2185080,3,-0.6869094956705675,0.40168983825294236
04E22F121B6784,3,-0.5968718699047314,0.03247824190138684
04E233F2185080,0,0.46687686185264526,0.7301501545505531
04E23DF2185080,5,0.8746777814077854,-0.021187155195525782
04E241F2185080,0,-0.15810850979095162,-0.10893606292450911
04E24BF2185080,3,-1.3351729640580932,0.7265830662664261
04E24EF2185080,3,-0.5382968391984798,-1.8074975474445676
04E253F2185080,0,-0.006142343595864501,-0.5965877169350035
04E263F2185080,6,0.06126615138719133,-1.2359813811358449
04E265F2185080,0,-0.15810850979095162,-0.10893606292450911
04E26CF2185080,1,0.9559623154400856,-0.5672099087956167
04E26DF2185080,1,0.06265508144288308,0.5937925350991035
04E27CF2185080,1,0.8191095625930159,1.8303371365207857
04E294F2185080,6,0.17723433030508717,0.5758485505960169
04E29BF2185080,3,-0.4223286602805839,0.004332384287294066
04E29CF2185080,5,0.8746777814077854,-0.021187155195525782
04E2A2121B6780,3,-1.3784057185514142,0.2028485046636728
04E2B44A216280,3,-1.4864380769383116,-0.4092505216080272
04E2BCF2185080,1,0.7758475897912327,1.335837225766904
04E2D3F2185080,0,-0.15810850979095162,-0.10893606292450911
04E2DBF2185080,1,0.8191095625930159,1.8303371365207857
04E2E3F2185080,1,0.7758475897912327,1.335837225766904
04E2E4F2185080,1,0.06265508144288308,0.5937925350991035
04E2ECF2185080,6,1.1061587976745753,-0.2677829125536279
04E308F2185084,1,1.398494171120653,1.954083333616543
04E30FF2185084,5,1.406116876685343,-1.2888058360916372
04E31DF2185080,3,-1.8925426124877103,-0.18683978092087963
04E327F2185080,0,-1.064564577468864,-0.9660671948836292
04E32F121B6784,1,0.20265671136301294,0.8434186017623565
04E333F2185084,2,1.5809817517825189,0.021349888974241886
04E335F2185084,1,2.242293436138102,0.7538516964710348
04E338F2185080,1,0.9503907994153802,1.3076913681528113
04E33BF2185084,3,-1.8925426124877103,-0.18683978092087963
04E343F2185080,3,0.3493840171144801,-2.4976948385777935
04E34DF2185080,3,-1.4864380769383116,-0.4092505216080272
04E355F2185080,6,-0.7555938495302763,-0.3603801236672788
04E35DF2185080,3,-1.2509811754526956,-0.6360707611952903
04E35FF2185080,0,0.4158442270526219,-0.7250941000967199
04E360F2185080,0,0.5505624928498847,1.6698220346783348
04E363F2185080,1,1.1091127790409252,1.7005497337214768
04E368F2185080,3,-0.51236628604642,0.3735439806388496
04E36DF2185080,6,-0.7555938495302763,-0.3603801236672788
04E377F2185080,5,0.8746777814077854,-0.021187155195525782
04E378F2185080,3,-1.1189445843720256,-1.5569409491433273
04E388F2185080,0,-0.14077006711868975,-2.0367413668640886
04E390F2185080,0,1.1977210892606807,0.7790205524913015
04E395F2185080,0,0.06077232630324684,0.9525608952377006
04E397F2185080,1,0.13504098814903326,0.9177552314745998
04E39AF2185080,0,0.059703695657517514,0.11615430360523614
04E3A2121B6780,3,-1.3784057185514142,0.2028485046636728
04E3A54A216280,5,0.7012032024293672,0.8433652940510316
04E3A64A216280,3,-0.8881386127050799,-1.3529814126363195
04E3A6F2185080,3,-1.0497520584181828,1.1186004896939716
04E3A7F2185080,3,-1.2509811754526956,-0.6360707611952903
04E3B8F2185080,3,-1.4864380769383116,-0.4092505216080272
04E3BEF2185080,1,0.21954657200734481,1.2588209702120627
04E3C1F2185080,0,0.04280681199064721,-0.057984378234426565
04E3C6F2185080,3,-1.0497520584181828,1.1186004896939716
04E3E6F2185080,1,0.21954657200734481,1.2588209702120627
04E3E9F2185080,0,0.4158442270526219,-0.7250941000967199
04E3EAF2185080,0,-0.6711405317505179,0.06728390566448768
04E3ECF2185080,3,-1.4864380769383116,-0.4092505216080272
04E3F0F2185080,0,-0.6711405317505179,0.06728390566448768
04E3F2F2185080,0,0.46687686185264526,0.7301501545505531
04E3F8F2185080,0,0.06077232630324684,0.9525608952377006
04E3F9F2185080,0,-0.8900213678447164,-0.9942130524977221
04E3FAF2185080,1,1.398494171120653,1.954083333616543
04E407F2185080,0,1.1977210892606807,0.7790205524913015
04E40FF2185080,1,-0.5356443827903486,1.5375234261273958
04E40FF2185084,5,0.10258994294322174,0.08337661888014469
04E412121B6784,1,0.1530357207700949,1.8990658540978553
04E41EF2185084,1,0.7758475897912327,1.335837225766904
04E41FF2185084,1,1.239772191495108,1.5612249680478776
04E421F2185080,6,-0.7555938495302763,-0.3603801236672788
04E421F2185084,1,1.8399570064489605,1.7494201316622253
04E42AF2185080,6,-0.7123318767284932,0.13411978708660283
04E42CF2185080,6,-1.1616983850796752,-0.1379693829801312
04E42EF2185080,3,-1.2509811754526956,-0.6360707611952903
04E42FF2185080,1,0.1783029609508165,1.4122551422284815
04E436F2185080,3,-0.754525218884547,0.4760264679651858
04E439F2185084,6,0.23612966042130126,-0.27075991414745393
04E43EF2185080,1,0.9503907994153802,1.3076913681528113
04E441F2185080,5,4.006170618043557,-1.8903134493430258
04E446F2185080,6,-0.5610667638482746,1.2699533749610565
04E446F2185084,0,-0.9997941918837494,-0.8484680793658114
04E458F2185080,3,-2.0670858221118578,-0.15869392330678686
04E460F2185080,1,-0.5356443827903486,1.5375234261273958
04E479F2185080,3,-1.2675572408441134,0.6522464365541827
04E486F2185080,3,-0.754525218884547,0.4760264679651858
04E48DF2185080,3,-0.4242140110012048,-1.127593670355346
04E49FF2185080,1,-0.5356443827903486,1.5375234261273958
04E4A4F2185080,6,0.2617399141633987,0.9169142893334797
04E4A54A216280,1,0.045003362383197305,1.2869668278261555
04E4A5F2185080,0,-0.2917219036114846,-1.9379439435260144
04E4ACF2185080,0,-0.2917219036114846,-1.9379439435260144
04E4BFF2185080,1,-0.5356443827903486,1.5375234261273958
04E4E1F2185080,3,-1.2675572408441134,0.6522464365541827
04E4F6F2185080,3,-1.4864380769383116,-0.4092505216080272
04E506F2185084,3,-0.5382968391984798,-1.8074975474445676
04E50BF2185084,1,1.28872134708162,2.099828306748454
04E50CF2185084,6,-1.3362415947038226,-0.10982352536603844
04E511F2185080,0,0.06077232630324684,0.9525608952377006
04E512121B6784,2,3.6062331954210936,-1.2257087475997583
04E512F2185080,3,-1.2675572408441134,0.6522464365541827
04E517F2185084,6,-1.3362415947038226,-0.10982352536603844
04E518F2185084,1,0.5568084890278551,1.2145513171752413
04E51BF2185084,3,-1.8925426124877103,-0.18683978092087963
04E51DF2185084,3,-1.3351729640580932,0.7265830662664261
04E521F2185084,1,0.21954657200734481,1.2588209702120627
04E523F2185080,3,-0.5382968391984798,-1.8074975474445676
04E528F2185084,3,-1.3351729640580932,0.7265830662664261
04E52A121B6784,2,1.0727265466311309,-1.5349443556930775
04E52BF2185080,3,-0.7128400488226273,-1.7793516898304749
04E52CF2185080,1,0.23795364532533597,0.16742225790494786
04E52FF2185084,0,0.615997690418867,0.4344342457701208
04E534F2185080,3,-1.4431761041365285,0.08524938914585434
04E537F2185080,3,-1.4431761041365285,0.08524938914585434
04E538F2185084,1,0.9503907994153802,1.3076913681528113
04E53AF2185084,1,0.21954657200734481,1.2588209702120627
04E53CF2185080,0,-1.5371799642555124,-0.10341157031068912
04E542F2185084,3,-0.7128400488226273,-1.7793516898304749
04E543F2185080,2,1.3383760126668438,-1.0958952180262616
04E544F2185080,0,1.4155262716866115,1.2453746056310908
04E549F2185080,6,-1.1616983850796752,-0.1379693829801312
04E549F2185084,0,-0.8900213678447164,-0.9942130524977221
04E54DF2185080,1,0.23795364532533597,0.16742225790494786
04E55DF2185080,1,0.21954657200734481,1.2588209702120627
04E565F2185080,3,-0.7128400488226273,-1.7793516898304749
04E56EF2185080,3,-1.3351729640580932,0.7265830662664261
04E56FF2185080,1,1.3974185174523854,1.358940428594122
04E57AF2185080,0,-0.9997941918837494,-0.8484680793658114
04E57BF2185080,0,0.7916165537112821,1.001431293178449
04E580F2185080,3,-1.3351729640580932,0.7265830662664261
04E58AF2185080,3,-0.5382968391984798,-1.8074975474445676
04E597F2185080,3,-2.0670858221118578,-0.15869392330678686
04E5AAF2185080,3,-0.6869094956705675,0.40168983825294236
04E5ABF2185080,3,-2.0670858221118578,-0.15869392330678686
04E5B6F2185080,6,0.19254738820955564,-1.758627149503819
04E5B9F2185080,3,-0.5382968391984798,-1.8074975474445676
04E5BBF2185080,3,-0.7112632460827638,0.9705263787190673
04E5CDF2185080,0,-0.17499837043528355,-0.5243384313742153
04E5D1F2185080,3,-1.4431761041365285,0.08524938914585434
04E5D3F2185080,3,-1.4431761041365285,0.08524938914585434
04E5D4F2185080,3,-1.4864380769383116,-0.4092505216080272
04E5EBF2185080,0,0.06077232630324684,0.9525608952377006
04E5EDF2185080,3,-1.2675572408441134,0.6522464365541827
04E5F5F2185080,3,-0.6869094956705675,0.40168983825294236
04E5FFF2185080,1,1.1091127790409252,1.7005497337214768
04E605F2185084,3,-2.0670858221118578,-0.15869392330678686
04E617F2185080,1,0.21954657200734481,1.2588209702120627
04E61CF2185080,6,0.04393473173746796,0.4505602361936908
04E625F2185084,2,0.7371225670672618,-2.120496973273074
04E627F2185084,3,-1.3351729640580932,0.7265830662664261
04E62A121B6784,2,1.0727265466311309,-1.5349443556930775
04E62DF2185084,3,-0.51236628604642,0.3735439806388496
04E632F2185080,2,1.0727265466311309,-1.5349443556930775
04E647F2185080,1,0.9503907994153802,1.3076913681528113
04E653F2185080,5,2.9199131011042145,0.390233564472902
04E659F2185080,3,-1.1189445843720256,-1.5569409491433273
04E65BF2185080,3,-1.0225134752344365,-0.1838627793270536
04E65EF2185080,3,-1.3118948673141642,-0.43739637922212
04E661F2185080,6,1.1061587976745753,-0.2677829125536279
04E669F2185080,0,0.26457911417240326,-1.8609276879711731
04E671F2185080,1,1.8399570064489605,1.7494201316622253
04E681F2185080,1,1.1080441483951957,0.8641431420890121
04E68EF2185080,3,-1.3118948673141642,-0.43739637922212
04E693F2185080,1,0.3576628512068538,0.3765209822326756
04E6A4F2185080,1,0.7758475897912327,1.335837225766904
04E6ACF2185080,1,-0.36110117316620116,1.509377568513303
04E6B54A216280,6,1.8613497524722684,-0.546485368468961
04E6B9F2185080,1,0.21954657200734481,1.2588209702120627
04E6BAF2185080,2,1.5539299121996462,-4.79904979288135
04E6BBF2185080,1,1.8399570064489605,1.7494201316622253
04E6CBF2185080,0,0.8348785265130654,1.4959312039323311
04E6CCF2185080,3,-1.0225134752344365,-0.1838627793270536
04E6D2F2185080,3,-0.6869094956705675,0.40168983825294236
04E6E3F2185080,0,0.6154895183247329,-1.4790372311469575
04E6E4F2185080,2,1.5539299121996462,-4.79904979288135
04E6F4F2185080,2,1.5539299121996462,-4.79904979288135
04E706121B6784,0,2.2163628829860422,-1.4271898316123828
04E709F2185084,6,-0.7555938495302763,-0.3603801236672788
04E70BF2185080,0,0.5727357176170839,-0.06006566498376062
04E70CF2185084,3,-0.754525218884547,0.4760264679651858
04E715F2185084,0,0.059703695657517514,0.11615430360523614
04E719121B6784,0,0.44145448079471944,0.46258010338421357
04E71A121B6784,1,0.13504098814903326,0.9177552314745998
04E71AF2185084,3,-0.95464946394233,-0.7127365287505267
04E71FF2185084,3,-0.7135954030809324,-1.3811272702504123
04E720F2185084,0,-0.15810850979095162,-0.10893606292450911
04E722F2185080,0,-0.8700374917868621,0.6642663037447056
04E724F2185084,1,0.6834711737112202,1.4842087124930363
04E725F2185084,2,1.5539299121996462,-4.79904979288135
04E726F2185084,0,0.15455097903270512,-1.0193819085179887
04E72AF2185084,0,-0.8467593950429332,-0.4997131417438407
04E72C121B6784,1,-0.5356443827903486,1.5375234261273958
04E72CF2185080,1,0.3576628512068538,0.3765209822326756
04E72DF2185080,3,-1.3351729640580932,0.7265830662664261
04E72EF2185084,3,-1.3351729640580932,0.7265830662664261
04E733F2185084,3,-1.3351729640580932,0.7265830662664261
04E736F2185084,3,-2.0670858221118578,-0.15869392330678686
04E739121B6784,5,2.786749109142214,1.2716476929794736
04E73AF2185084,3,-0.7135954030809324,-1.3811272702504123
04E744F2185080,0,0.06077232630324684,0.9525608952377006
04E74AF2185084,3,-1.3118948673141642,-0.43739637922212
04E761F2185080,0,-0.8467593950429332,-0.4997131417438407
04E76DF2185080,3,-1.3118948673141642,-0.43739637922212
04E773F2185080,0,-0.8700374917868621,0.6642663037447056
04E77DF2185080,3,-1.0497520584181828,1.1186004896939716
04E783F2185080,3,-1.4864380769383116,-0.4092505216080272
04E793F2185080,0,-0.7556461156088297,-0.273781833072975
04E79BF2185080,3,-0.7128400488226273,-1.7793516898304749
04E7A1F2185080,5,-0.7869762640903587,-0.35835214462926945
04E7A3F2185080,1,-0.6454172068293819,1.683268399259307
04E7A84A216280,0,1.5726714485722932,-1.1116450973497862
04E7ADF2185080,3,-2.0670858221118578,-0.15869392330678686
04E7B54A216280,6,1.8613497524722684,-0.546485368468961
04E7CEF2185080,3,-1.0756826115702425,-1.0624410383894456
04E7E6F2185080,0,-0.7556461156088297,-0.273781833072975
04E7F3F2185080,5,4.006170618043557,-1.8903134493430258
04E7FCF2185080,0,0.6154895183247329,-1.4790372311469575
04E7FDF2185080,3,-1.0930140312199659,0.6241005789400899
04E804F2185084,0,-0.6965629128084438,-0.20028614550185173
04E80AF2185080,3,-1.4431761041365285,0.08524938914585434
04E812F2185084,0,-0.11642333972903171,-2.3643142207201704
04E813121B6784,1,0.36974305424183423,1.5582479664540516
04E817F2185084,0,-0.18245523718060982,0.21863679093157243
04E818121B6784,1,3.30640285279583,1.1674346023663562
04E819121B6784,0,0.44145448079471944,0.46258010338421357
04E81BF2185084,6,-0.3621698038119305,0.6729709768808383
04E81CF2185084,3,-2.0670858221118578,-0.15869392330678686
04E81DF2185084,1,0.8461894914010527,-0.42146493566370563
04E82AF2185084,3,-1.3118948673141642,-0.43739637922212
04E82BF2185080,3,-0.8642980429235803,0.6217714410970968
04E82BF2185084,3,-1.3766652528992787,-0.5549954947399384
04E82C121B6784,2,3.271085251031765,-1.2316528954157338
04E82CF2185084,3,0.018317454972832246,-0.4958502806771993
04E82FF2185080,6,-0.6043287366500578,0.7754534642071745
04E833F2185080,3,-2.0670858221118578,-0.15869392330678686
04E834F2185084,6,-0.7555938495302763,-0.3603801236672788
04E835F2185080,1,3.1738580896210262,0.17483331339731537
04E836F2185084,3,-1.4687863578786262,-1.1024248143350792
04E837F2185080,6,0.04393473173746796,0.4505602361936908
04E837F2185084,5,-0.8302382368921419,-0.8528520553831509
04E839121B6784,3,-0.754525218884547,0.4760264679651858
04E83BF2185084,3,-1.4864380769383116,-0.4092505216080272
04E84AF2185080,2,0.9158280330441309,-1.9587091041959936
04E84BF2185084,3,-1.25022582119439,-1.0342951807753529
04E84CF2185080,3,-1.8925426124877103,-0.18683978092087963
04E84DF2185080,6,0.15086221814763584,0.49675100829184143
04E84DF2185084,3,-0.754525218884547,0.4760264679651858
04E853F2185080,3,-1.4864380769383116,-0.4092505216080272
04E85AF2185080,5,0.8746777814077854,-0.021187155195525782
04E85DF2185080,3,-1.3351729640580932,0.7265830662664261
04E85FF2185080,5,2.140649864978448,-2.75606835496072
04E86BF2185080,3,-1.4864380769383116,-0.4092505216080272
04E86CF2185080,3,-1.2942431482544787,-1.130570671949172
04E872F2185080,2,1.0903712426682783,-1.9868549618100864
04E873F2185080,6,-0.3621698038119305,0.6729709768808383
04E875F2185080,5,0.3644779364346854,-2.3815454773011377
04E87BF2185080,6,-0.3621698038119305,0.6729709768808383
04E897F2185080,6,1.0885070786148892,0.4253913801734241
04E89AF2185080,0,0.05811986989511582,-2.3924600783342633
04E89BF2185080,6,0.061586450797153754,-0.24261405653336113
04E8B2F2185080,0,0.059703695657517514,0.11615430360523614
04E8B3F2185080,1,2.613555034564645,0.3793189634397772
04E8BCF2185080,5,0.8746777814077854,-0.021187155195525782
04E8C5F2185080,1,1.1091127790409252,1.7005497337214768
04E8CBF2185080,3,-1.8925426124877103,-0.18683978092087963
04E8CDF2185080,1,1.1091127790409252,1.7005497337214768
04E8D0F2185080,1,-0.5356443827903486,1.5375234261273958
04E8D2F2185080,1,2.613555034564645,0.3793189634397772
04E8DAF2185080,1,1.8399570064489605,1.7494201316622253
04E8E4F2185080,1,1.132837682062402,1.7562978825597704
04E8F3F2185080,0,0.8423353932583916,0.7529559816265432
04E8F9F2185080,0,-0.18245523718060982,0.21863679093157243
04E8FCF2185080,3,0.018317454972832246,-0.4958502806771993
04E907F2185084,1,1.863173737376303,-0.10830319641655926
04E909F2185084,3,-1.8925426124877103,-0.18683978092087963
04E90BF2185084,6,-0.6043287366500578,0.7754534642071745
04E90CF2185084,6,-1.3362415947038226,-0.10982352536603844
04E913121B6784,6,-0.5810506399061288,-0.38852598128137156
04E914F2185080,3,-1.3118948673141642,-0.43739637922212
04E917121B6784,3,-1.1588600704733478,-0.08864144160014958
04E918121B6784,0,3.878771763877002,-1.9573378167453537
04E921F2185084,3,-2.0670858221118578,-0.15869392330678686
04E92FF2185084,1,1.1312608793225387,-0.993580185989772
04E931F2185084,1,0.21954657200734481,1.2588209702120627
04E933F2185084,0,-1.6019503498406267,-0.22101068582850739
04E935F2185084,6,-0.6043287366500578,0.7754534642071745
04E937F2185084,3,-0.754525218884547,0.4760264679651858
04E93FF2185084,3,-1.3118948673141642,-0.43739637922212
04E946F2185084,0,-0.007912027556462291,0.19049093331747965
04E947F2185084,0,0.8423353932583916,0.7529559816265432
04E95FF2185080,3,0.061579427774615475,-0.0013503699233177173
04E963F2185080,6,0.4402436102273635,0.7502846081869078
04E966F2185080,0,-1.4706691130182623,-0.7436564541964819
04E984F2185080,2,1.6691432557247263,-2.119906886582773
04E997F2185080,6,-0.7379421304705909,-1.053554416394331
04E999F2185080,0,0.15455097903270512,-1.0193819085179887
04E99BF2185080,0,0.26457911417240326,-1.8609276879711731
04E99EF2185080,0,-0.7154781582205688,-1.022358910111815
04E9A8F2185080,6,-1.118436412277892,0.3565305277737506
04E9AAF2185080,6,1.2630502882390366,0.3972455225593313
04E9ABF2185080,6,0.4402436102273635,0.7502846081869078
04E9B1F2185080,0,-0.8900213678447164,-0.9942130524977221
04E9B2F2185080,6,0.4402436102273635,0.7502846081869078
04E9B44A216280,3,-1.4864380769383116,-0.4092505216080272
04E9BEF2185080,0,-0.8900213678447164,-0.9942130524977221
04E9CDF2185080,6,-0.023680991476511665,0.5248968659059342
04E9CFF2185080,6,-0.023680991476511665,0.5248968659059342
04E9D1F2185080,0,-0.13483041304702278,-1.2729155084130552
04E9D3F2185080,2,1.9341708973922576,-1.2975367462215812
04E9DBF2185080,2,1.9341708973922576,-1.2975367462215812
04E9E4F2185080,6,-0.6043287366500578,0.7754534642071745
04E9E9F2185080,6,-0.7379421304705909,-1.053554416394331
04E9ECF2185080,1,0.1951998446176867,1.5863938240681443
04E9EDF2185080,1,0.1951998446176867,1.5863938240681443
04E9EFF2185080,1,0.40092482400863716,0.8710208929865574
04E9F0F2185080,0,-0.8900213678447164,-0.9942130524977221
04E9F7F2185080,5,0.3644779364346854,-2.3815454773011377
04E9FAF2185080,6,-0.023680991476511665,0.5248968659059342
04E9FBF2185080,6,1.0885070786148892,0.4253913801734241
04E9FCF2185080,6,0.04393473173746796,0.4505602361936908
04EA08F2185084,3,0.23687799165706822,-0.4277206471174733
04EA09F2185084,3,-1.3118948673141642,-0.43739637922212
04EA0CF2185084,1,0.6665813130668882,1.06880634404333
04EA0DF2185084,6,0.6422341959706998,-0.49317065483460154
04EA0EF2185084,3,-2.0670858221118578,-0.15869392330678686
04EA23F2185080,6,0.01958098132527156,1.0193967766598158
04EA24F2185084,3,-0.2906006171806718,0.7014142102461594
04EA26F2185080,0,1.685992418354214,0.6768354409161935
04EA29F2185084,3,-1.3118948673141642,-0.43739637922212
04EA2FF2185084,3,-0.51236628604642,0.3735439806388496
04EA3CF2185080,3,-0.754525218884547,0.4760264679651858
04EA47F2185080,3,-0.754525218884547,0.4760264679651858
04EA49F2185084,3,0.23687799165706822,-0.4277206471174733
04EA5DF2185080,5,-0.8302382368921419,-0.8528520553831509
04EA67F2185080,5,-0.8302382368921419,-0.8528520553831509
04EA84F2185080,0,1.4155262716866115,1.2453746056310908
04EA8CF2185080,3,-0.754525218884547,0.4760264679651858
04EA94F2185080,3,-0.2673225204367429,-0.46256523524238674
04EAA2121B6780,3,-1.4864380769383116,-0.4092505216080272
04EAA4F2185080,3,-1.3118948673141642,-0.43739637922212
04EAB44A216280,3,-1.5962109009773449,-0.26350554847611624
04EABDF2185080,3,-1.0225134752344365,-0.1838627793270536
04EAC1F2185080,6,-0.6043287366500578,0.7754534642071745
04EAD6F2185080,3,-1.0225134752344365,-0.1838627793270536
04EADDF2185080,1,0.8186013904988819,-0.08313434039629251
04EAE7F2185080,0,1.4155262716866115,1.2453746056310908
04EAF0F2185080,3,-1.3118948673141642,-0.43739637922212
04EAF4F2185080,0,-0.46626511323563213,-1.9097980859119217
04EAFAF2185080,3,-1.3118948673141642,-0.43739637922212
04EB04F2185084,0,-1.0213026046670806,-0.4715672841297479
04EB0BF2185084,1,0.23795364532533597,0.16742225790494786
04EB0CF2185080,0,1.24047488996833,-0.6399510136718947
04EB0DF2185084,2,1.090378265690817,-2.2281186484201294
04EB0EF2185084,0,-0.2917219036114846,-1.9379439435260144
04EB0FF2185084,1,0.4822420566767075,-0.2704625383962257
04EB17F2185084,6,-1.3362415947038226,-0.10982352536603844
04EB19F2185080,3,-0.6869094956705675,0.40168983825294236
04EB1BF2185080,3,-2.0670858221118578,-0.15869392330678686
04EB1DF2185080,6,0.9528037014237964,-1.609905174778082
04EB26F2185084,3,-1.4687863578786262,-1.1024248143350792
04EB29F2185080,6,-0.5810506399061288,-0.38852598128137156
04EB2AF2185080,2,-0.4576462620446489,-2.394755113494796
04EB2BF2185084,0,2.744161791233745,-1.5629573643735313
04EB2F121B6784,0,0.710851996816593,-0.9423656529631474
04EB2FF2185080,6,-0.5810506399061288,-0.38852598128137156
04EB36F2185080,3,-2.0670858221118578,-0.15869392330678686
04EB39F2185080,0,2.744161791233745,-1.5629573643735313
04EB39F2185084,0,0.6587514911265162,-0.9845373203930755
04EB3AF2185084,3,-1.3118948673141642,-0.43739637922212
04EB3DF2185080,6,0.09071038470152074,-0.4131512709117464
04EB3EF2185080,6,0.9528037014237964,-1.609905174778082
04EB43F2185080,0,-0.46626511323563213,-1.9097980859119217
04EB44F2185084,3,-2.0670858221118578,-0.15869392330678686
04EB45F2185080,3,-0.44186573006089047,-0.43441937762829397
04EB49F2185084,3,0.23687799165706822,-0.4277206471174733
04EB4BF2185080,0,-0.46626511323563213,-1.9097980859119217
04EB54F2185080,3,-0.44186573006089047,-0.43441937762829397
04EB56F2185080,3,-2.0670858221118578,-0.15869392330678686
04EB57F2185080,3,-1.4687863578786262,-1.1024248143350792
04EB65F2185080,5,-0.4083647374226939,-1.409668728658753
04EB67F2185080,0,2.744161791233745,-1.5629573643735313
04EB6BF2185080,0,1.1739640387310801,0.00029387021389808707
04EB6DF2185080,1,0.36974305424183423,1.5582479664540516
04EB73F2185080,2,1.090378265690817,-2.2281186484201294
04EB75F2185080,3,-2.0670858221118578,-0.15869392330678686
04EB7BF2185080,3,-2.0670858221118578,-0.15869392330678686
04EB8BF2185080,0,0.5727357176170839,-0.06006566498376062
04EB93F2185080,3,-0.6869094956705675,0.40168983825294236
04EB97F2185080,2,3.245154697879705,-3.412694423499151
04EB9DF2185080,3,-0.6951883297629413,-2.472525982557527
04EB9EF2185080,6,-1.3362415947038226,-0.10982352536603844
04EBA2121B6780,3,-1.4864380769383116,-0.4092505216080272
04EBA3F2185080,3,-0.49395921272842874,-0.7178547316682652
04EBA64A216280,1,0.7757953237126797,1.4224355163612077
04EBB2F2185080,0,-1.0213026046670806,-0.4715672841297479
04EBC4F2185080,0,-0.9132994645886452,0.16976639299082397
04EBC5F2185080,3,0.19646135648415058,-1.1141563031014166
04EBC6F2185080,1,0.8186013904988819,-0.08313434039629251
04EBD3F2185080,0,1.1739640387310801,0.00029387021389808707
04EBE4F2185080,2,1.3605241129484569,-3.7900251377375107
04EBEBF2185080,0,-1.064564577468864,-0.9660671948836292
04EBF0F2185080,0,-1.0213026046670806,-0.4715672841297479
04EBF4F2185080,0,1.1977210892606807,0.7790205524913015
04EBFCF2185080,3,-1.4687863578786262,-1.1024248143350792
04EBFDF2185080,0,0.11438263193791393,-2.160354684213162
04EBFEF2185080,3,0.0866885324451174,-0.9684113299695054
04EC0AF2185080,6,-0.7379421304705909,-1.053554416394331
04EC10F2185080,1,-0.06476946165583568,1.4327118009580664
04EC12121B6784,1,0.1530357207700949,1.8990658540978553
04EC12F2185080,3,-2.0670858221118578,-0.15869392330678686
04EC19F2185080,6,-0.5810506399061288,-0.38852598128137156
04EC1AF2185080,3,-1.4687863578786262,-1.1024248143350792
04EC1BF2185084,0,0.5569144876184812,0.3609385581989977
04EC1FF2185080,3,-1.4864380769383116,-0.4092505216080272
04EC20F2185080,0,-0.7387562549644977,0.1416205353767312
04EC23F2185080,5,-0.4083647374226939,-1.409668728658753
04EC27F2185080,2,0.5869260848327723,-2.4199239695150627
04EC29F2185080,3,-1.8925426124877103,-0.18683978092087963
04EC2BF2185080,0,0.48345995026660177,-0.7994307298089633
04EC2F121B6784,0,0.710851996816593,-0.9423656529631474
04EC2FF2185080,3,-1.4864380769383116,-0.4092505216080272
04EC33F2185080,0,-1.0241409192734077,-0.5208952255097296
04EC34F2185080,3,-2.0670858221118578,-0.15869392330678686
04EC35F2185080,0,0.6587514911265162,-0.9845373203930755
04EC39F2185080,1,2.1305492690960444,1.7152492267545976
04EC3BF2185080,0,0.48345995026660177,-0.7994307298089633
04EC3BF2185084,2,1.3605241129484569,-3.7900251377375107
04EC3FF2185080,3,-0.6869094956705675,0.40168983825294236
04EC41F2185084,0,-0.26503599620111934,-0.15512683502265986
04EC42F2185080,0,-1.6452123226424098,-0.715510596582389
04EC44F2185080,0,-1.6452123226424098,-0.715510596582389
04EC44F2185084,1,0.9022870214961212,0.8565375397314892
04EC46F2185080,3,-1.4864380769383116,-0.4092505216080272
04EC49F2185080,0,-1.6452123226424098,-0.715510596582389
04EC4AF2185080,3,-2.0670858221118578,-0.15869392330678686
04EC4DF2185080,0,-0.15810850979095162,-0.10893606292450911
04EC4EF2185080,1,3.30640285279583,1.1674346023663562
04EC54F2185080,3,-2.0670858221118578,-0.15869392330678686
04EC59F2185080,2,-0.7261933317877801,-2.5552702153372473
04EC63F2185080,5,-0.8302382368921419,-0.8528520553831509
04EC69F2185080,3,-1.4864380769383116,-0.4092505216080272
04EC6CF2185080,5,-0.4083647374226939,-1.409668728658753
04EC6EF2185080,6,0.04393473173746796,0.4505602361936908
04EC71F2185080,5,1.0543923480391062,-0.4755213411447917
04EC74F2185080,2,0.3183790150896411,-2.580439071357514
04EC7AF2185080,3,-0.2473386443788887,1.1959141210000412
04EC7BF2185080,3,-1.4431761041365285,0.08524938914585434
04EC80F2185080,1,0.4822420566767075,-0.2704625383962257
04EC82F2185080,0,-0.26503599620111934,-0.15512683502265986
04EC84F2185080,0,-1.6019503498406267,-0.22101068582850739
04EC85F2185080,1,0.7758475897912327,1.335837225766904
04EC93F2185080,0,1.24047488996833,-0.6399510136718947
04EC99F2185080,1,2.1305492690960444,1.7152492267545976
04EC9CF2185080,3,-0.8448766399032968,-0.858481501882438
04EC9DF2185080,0,1.4582800723942608,-0.17359696053210585
04ECA54A216280,1,0.7758475897912327,1.335837225766904
04ECA64A216280,1,0.2628085448091281,1.7533208809659444
04ECA6F2185080,1,1.8399570064489605,1.7494201316622253
04ECABF2185080,0,-1.6019503498406267,-0.22101068582850739
04ECB4F2185080,5,-0.8302382368921419,-0.8528520553831509
04ECBAF2185080,0,-0.0705089105191175,1.4752066636056753
04ECBCF2185080,3,-1.8925426124877103,-0.18683978092087963
04ECC1F2185080,1,2.3275538553892297,0.22760446064178322
04ECD9F2185080,0,-0.9808789464716245,-0.026395314755847863
04ECDBF2185080,3,-2.0670858221118578,-0.15869392330678686
04ECE5F2185080,3,-1.268632894512381,0.05710353153176158
04ECE8F2185080,0,1.0381771422880879,-3.231028856193622
04ECEAF2185080,0,0.8633786215632753,-2.5070821922582556
04ECECF2185080,3,-2.0670858221118578,-0.15869392330678686
04ECFCF2185080,5,1.0543923480391062,-0.4755213411447917
04ED01F2185084,3,-2.0670858221118578,-0.15869392330678686
04ED07F2185084,3,-1.4864380769383116,-0.4092505216080272
04ED09F2185084,2,-0.4576462620446489,-2.394755113494796
04ED0CF2185080,3,-1.268632894512381,0.05710353153176158
04ED0EF2185084,0,-0.2917219036114846,-1.9379439435260144
04ED0FF2185084,0,-1.6452123226424098,-0.715510596582389
04ED11F2185080,3,-1.4864380769383116,-0.4092505216080272
04ED11F2185084,1,0.08542702057865356,1.7321387972000555
04ED12121B6784,1,1.4143154011192556,1.5330791104337849
04ED15F2185080,1,1.661645690964556,1.004408294772275
04ED15F2185084,0,-0.8723696487850305,-1.687387345224774
04ED18F2185084,6,-1.3362415947038226,-0.10982352536603844
04ED19F2185080,3,-1.2675572408441134,0.6522464365541827
04ED1AF2185084,1,1.3741470540244645,0.39210633473861173
04ED20F2185084,5,-1.3676240092639047,-0.107795546328029
04ED22F2185084,6,-0.7555938495302763,-0.3603801236672788
04ED28F2185084,1,0.9308014635565207,0.9555378968315267
04ED2A121B6784,0,-1.064564577468864,-0.9660671948836292
04ED2AF2185080,6,1.2630502882390366,0.3972455225593313
04ED2BF2185084,3,-1.4216676913531974,-0.291651406090209
04ED2EF2185080,0,0.7916165537112821,1.001431293178449
04ED32F2185084,3,-2.0670858221118578,-0.15869392330678686
04ED3AF2185080,5,2.1839118377802307,-2.2615684442068384
04ED3FF2185080,1,0.9308014635565207,0.9555378968315267
04ED41F2185080,3,-1.7827697884486773,-0.3325847540527907
04ED41F2185084,1,1.0895757092606186,1.2617979718058887
04ED43F2185080,1,0.8178460362405766,0.3150900791837704
04ED4AF2185084,1,-0.5356443827903486,1.5375234261273958
04ED4FF2185080,0,1.5280252741214848,-0.5833358992191867
04ED50F2185080,3,-0.8881386127050799,-1.3529814126363195
04ED54F2185080,0,1.1732086844727745,0.39851828979396087
04ED5AF2185080,3,-1.4864380769383116,-0.4092505216080272
04ED5BF2185080,3,-0.5367200364586163,0.9423805211049745
04ED60F2185080,3,-0.2906006171806718,0.7014142102461594
04ED79F2185080,5,-1.4108859820656878,-0.6022954570819107
04ED7AF2185080,0,1.1732086844727745,0.39851828979396087
04ED7EF2185080,6,-0.7555938495302763,-0.3603801236672788
04ED85F2185080,3,0.018317454972832246,-0.4958502806771993
04ED86F2185080,0,-0.17499837043528355,-0.5243384313742153
04ED8AF2185080,6,0.8600393783966305,-0.026816601694812477
04ED8EF2185080,0,0.465808231206916,-0.10625643708191145
04ED95F2185080,1,0.968042518475066,0.6145170754257592
04ED99F2185080,3,-0.8881386127050799,-1.3529814126363195
04EDA0F2185080,1,1.1072274283203045,0.5686236790788367
04EDA54A216280,2,1.1852255490660042,-3.363654860543355
04EDA5F2185080,1,0.968042518475066,0.6145170754257592
04EDA6F2185080,3,-1.4864380769383116,-0.4092505216080272
04EDA9F2185080,3,-1.4864380769383116,-0.4092505216080272
04EDACF2185080,6,0.8600393783966305,-0.026816601694812477
04EDB5F2185080,3,-0.8881386127050799,-1.3529814126363195
04EDB9F2185080,3,-1.4864380769383116,-0.4092505216080272
04EDBEF2185080,2,-0.4576462620446489,-2.394755113494796
04EDC0F2185080,6,-0.6464858374751111,0.8468618076268424
04EDC1F2185080,3,-0.2906006171806718,0.7014142102461594
04EDC3F2185080,3,0.018317454972832246,-0.4958502806771993
04EDCAF2185080,0,0.8619584553211022,-0.7558708682521602
04EDCBF2185080,0,-0.8723696487850305,-1.687387345224774
04EDCEF2185080,0,-1.6019503498406267,-0.22101068582850739
04EDCFF2185080,0,-0.8700374917868621,0.6642663037447056
04EDD4F2185080,0,0.8619584553211022,-0.7558708682521602
04EDD7F2185080,3,-1.4864380769383116,-0.4092505216080272
04EDDAF2185080,1,-0.49238240998856553,2.0320233368812772
04EDDFF2185080,0,-0.8700374917868621,0.6642663037447056
04EDE1F2185080,0,0.465808231206916,-0.10625643708191145
04EDE2F2185080,0,-1.6019503498406267,-0.22101068582850739
04EDE6F2185080,0,-0.2917219036114846,-1.9379439435260144
04EDE8F2185080,0,-1.6019503498406267,-0.22101068582850739
04EDEEF2185080,3,-0.8881386127050799,-1.3529814126363195
04EDF0F2185080,0,0.753605797524242,-2.3613372191263444
04EDF3F2185080,3,-1.4864380769383116,-0.4092505216080272
04EDF8F2185080,1,0.859025048694338,0.36203762897760744
04EE19F2185080,3,-0.7135954030809324,-1.3811272702504123
04EE1EF2185084,5,-0.8302382368921419,-0.8528520553831509
04EE23F2185084,0,-0.019992230591442384,-0.9912360509038959
04EE28F2185084,1,1.3741470540244645,0.39210633473861173
04EE2A121B6784,2,-0.4576462620446489,-2.394755113494796
04EE30F2185084,0,-1.6452123226424098,-0.715510596582389
04EE35F2185084,5,0.11841117294182427,-0.3376276043026138
04EE39F2185080,0,-0.3337203500608285,-0.9171967969428807
04EE3AF2185080,6,0.17723433030508717,0.5758485505960169
04EE41F2185080,0,0.14974132142335328,-0.25305729274631933
04EE42F2185084,2,-0.4576462620446489,-2.394755113494796
04EE50F2185080,3,-1.8925426124877103,-0.18683978092087963
04EE5FF2185080,3,-0.5382968391984798,-1.8074975474445676
04EE61F2185080,1,-0.5356443827903486,1.5375234261273958
04EE67F2185080,6,-0.42978552702591033,0.7473076065930817
04EE88F2185080,3,-1.2675572408441134,0.6522464365541827
04EE90F2185080,5,-0.3679410792272378,-0.964496759284853
04EE9AF2185080,6,0.09071038470152074,-0.4131512709117464
04EEA84A216280,2,2.601463263465956,-3.0971496892365553
04EEB54A216280,1,3.1738580896210262,0.17483331339731537
04EF0FF2185084,0,0.6170733440871347,1.0295771507925418
04EF17F2185084,1,0.21954657200734481,1.2588209702120627
04EF19121B6784,3,-1.3351729640580932,0.7265830662664261
04EF19F2185080,1,0.1951998446176867,1.5863938240681443
04EF21F2185084,3,-2.0670858221118578,-0.15869392330678686
04EF23F2185080,3,-1.4864380769383116,-0.4092505216080272
04EF24F2185080,2,-0.4576462620446489,-2.394755113494796
04EF25F2185084,6,0.8167774055948472,-0.5213165124486944
04EF27F2185084,3,-1.4864380769383116,-0.4092505216080272
04EF28F2185084,5,1.406116876685343,-1.2888058360916372
04EF2C121B6784,2,3.271085251031765,-1.2316528954157338
04EF2EF2185080,3,-2.0670858221118578,-0.15869392330678686
04EF37F2185084,0,-1.6452123226424098,-0.715510596582389
04EF39121B6784,6,1.0385430744605955,-0.19344628284138446
04EF40F2185084,3,-2.0670858221118578,-0.15869392330678686
04EF46F2185080,3,-1.4864380769383116,-0.4092505216080272
04EF4DF2185080,3,-2.0670858221118578,-0.15869392330678686
04EF84F2185080,0,-1.064564577468864,-0.9660671948836292
04EF87F2185080,0,0.6170733440871347,1.0295771507925418
04EF99F2185080,3,-1.4864380769383116,-0.4092505216080272
04EFA84A216280,0,-0.739824885610227,-0.6947860562557334
04EFB54A216280,1,3.1738580896210262,0.17483331339731537
04EFD4F2185080,3,-2.0670858221118578,-0.15869392330678686
04EFE5F2185080,0,-1.064564577468864,-0.9660671948836292
04EFFEF2185080,1,-0.5356443827903486,1.5375234261273958
04F013121B6784,6,0.15086221814763584,0.49675100829184143
04F013F2185084,3,-1.293487793996173,-1.5287950915292345
04F014F2185084,6,0.08719670453925119,0.9450601469475726
04F015F2185080,0,-1.5804419370572955,-0.5979114810645708
04F017121B6784,3,-1.268632894512381,0.05710353153176158
04F018121B6784,0,3.1468589058232377,-2.842614806318567
04F019121B6784,2,3.059138708964297,-2.036999790923281
04F019F2185084,0,-0.6965629128084438,-0.20028614550185173
04F01A121B6784,5,-0.08174229042442072,-1.4971559501694547
04F01CF2185084,6,-0.6043287366500578,0.7754534642071745
04F01EF2185080,1,0.9936527722171634,1.802191278906693
04F026F2185084,3,-0.4223286602805839,0.004332384287294066
04F02C121B6784,0,-0.11377088332090067,0.9807067528517934
04F039121B6784,6,1.0385430744605955,-0.19344628284138446
04F03FF2185080,3,-0.5604700639656788,-0.07760984778247225
04F044F2185080,1,0.3753145702665398,-0.31665331049437634
04F046F2185080,0,-1.064564577468864,-0.9660671948836292
04F047F2185084,6,-0.6043287366500578,0.7754534642071745
04F04BF2185080,6,-0.023680991476511665,0.5248968659059342
04F04CF2185080,0,-0.46626511323563213,-1.9097980859119217
04F054F2185080,0,-1.046912858409178,-1.6592414876106814
04F05DF2185080,3,-1.4687863578786262,-1.1024248143350792
04F05EF2185080,0,-1.5804419370572955,-0.5979114810645708
04F06DF2185080,0,-0.46626511323563213,-1.9097980859119217
04F074F2185080,0,-0.1573466513755979,-1.2175127241012673
04F076F2185080,3,-0.22298489396669197,0.6270775805339159
04F083F2185080,6,-0.023680991476511665,0.5248968659059342
04F084F2185080,3,-1.3773300648831466,0.7979914096860939
04F085F2185080,3,-1.4864380769383116,-0.4092505216080272
04F08CF2185080,0,0.465808231206916,-0.10625643708191145
04F08DF2185080,3,-1.3773300648831466,0.7979914096860939
04F095F2185080,3,-1.4864380769383116,-0.4092505216080272
04F0A3F2185080,3,-0.7135954030809324,-1.3811272702504123
04F0CAF2185080,1,1.5742482513121565,1.6382329711997563
04F0FEF2185080,0,-0.8716142945267251,-2.085611764804837
04F104F2185084,5,-0.6367797818558694,-0.058925148387280524
04F113121B6784,0,3.190434673877934,-0.6443953293655058
04F117121B6784,3,-1.8492806396859274,0.3076601298330021
04F118121B6784,3,-1.4431761041365285,0.08524938914585434
04F120F2185080,3,-1.4864380769383116,-0.4092505216080272
04F122F2185080,6,-1.3362415947038226,-0.10982352536603844
04F133F2185080,3,-2.0670858221118578,-0.15869392330678686
04F13DF2185084,2,-0.4576462620446489,-2.394755113494796
04F13EF2185084,6,-1.3362415947038226,-0.10982352536603844
04F148F2185080,3,-1.3118948673141642,-0.43739637922212
04F159F2185080,3,-0.7135954030809324,-1.3811272702504123
04F161F2185080,0,-0.8900213678447164,-0.9942130524977221
04F170F2185080,1,0.045003362383197305,1.2869668278261555
04F18BF2185080,2,-0.4576462620446489,-2.394755113494796
04F1B44A216280,3,-0.6633827211419814,0.6727231257871796
04F1BAF2185080,5,-0.6800417546576525,-0.5534250591411622
04F1C3F2185080,6,0.08719670453925119,0.9450601469475726
04F1D8F2185080,0,0.43987767805485606,-2.2872979651653296
04F1DBF2185080,3,-1.3118948673141642,-0.43739637922212
04F1E2F2185080,0,-0.8900213678447164,-0.9942130524977221
04F1F5F2185080,0,-1.064564577468864,-0.9660671948836292
04F1FDF2185080,3,-1.8925426124877103,-0.18683978092087963
04F202F2185084,0,-0.46626511323563213,-1.9097980859119217
04F206F2185084,3,-0.8448766399032968,-0.858481501882438
04F209F2185080,5,-0.083625045564057,-1.1383875900308569
04F20EF2185084,3,-1.3118948673141642,-0.43739637922212
04F215F2185084,6,-0.5810506399061288,-0.38852598128137156
04F216F2185084,3,-1.5962109009773449,-0.26350554847611624
04F218F2185084,0,0.48345995026660177,-0.7994307298089633
04F21FF2185084,3,-1.8925426124877103,-0.18683978092087963
04F227F2185084,0,-0.8716142945267251,-2.085611764804837
04F23AF2185084,1,0.24591868416479606,1.3379185125162383
04F23DF2185084,6,-0.7555938495302763,-0.3603801236672788
04F23EF2185080,0,0.14974132142335328,-0.25305729274631933
04F240F2185084,0,0.46687686185264526,0.7301501545505531
04F243F2185084,0,0.465808231206916,-0.10625643708191145
04F266F2185080,0,-0.46626511323563213,-1.9097980859119217
04F268F2185080,5,-0.083625045564057,-1.1383875900308569
04F26EF2185080,0,-0.8900213678447164,-0.9942130524977221
04F279F2185080,3,-1.3118948673141642,-0.43739637922212
04F291F2185080,3,-0.5799820092603996,0.447880610351093
04F298F2185080,3,-0.5799820092603996,0.447880610351093
04F2ADF2185080,0,-1.4706691130182623,-0.7436564541964819
04F2B0F2185080,0,0.46687686185264526,0.7301501545505531
04F2B44A216280,3,-0.6633827211419814,0.6727231257871796
04F2C5F2185080,3,-1.8492806396859274,0.3076601298330021
04F2C6F2185080,0,-0.2909665493531792,-2.336168363106078
04F2C9F2185080,6,-1.2929796219020395,0.3846763853878434
04F2CBF2185080,3,-1.4864380769383116,-0.4092505216080272
04F2D9F2185080,0,1.3463337457327682,-1.430166833206209
04F2E3F2185080,1,0.1951998446176867,1.5863938240681443
04F2E6F2185080,1,-0.49238240998856553,2.0320233368812772
04F2F4F2185080,3,-2.0670858221118578,-0.15869392330678686
04F2F8F2185080,3,-1.4687863578786262,-1.1024248143350792
04F311F2185084,6,-0.7379421304705909,-1.053554416394331
04F31AF2185084,0,-0.11377088332090067,0.9807067528517934
04F327F2185084,0,-0.09877162066934583,-3.057488513447222
04F32DF2185084,3,-0.8466463238638946,-0.07140285162995504
04F32F121B6784,1,0.045003362383197305,1.2869668278261555
04F32FF2185080,0,-0.11377088332090067,0.9807067528517934
04F32FF2185084,1,0.24591868416479606,1.3379185125162383
04F331F2185084,1,-0.37799103381053306,1.0939752000635967
04F332F2185080,0,0.39819250799293626,-0.031919807369667846
04F336F2185084,3,-0.8466463238638946,-0.07140285162995504
04F337F2185080,0,-1.754985146681443,-0.569765623450478
04F339F2185084,3,-2.0670858221118578,-0.15869392330678686
04F33AF2185080,1,1.863681909470437,1.805168280500519
04F33BF2185084,1,2.172600371330472,2.4974536423111733
04F33DF2185084,3,-0.8466463238638946,-0.07140285162995504
04F341F2185080,0,-1.046912858409178,-1.6592414876106814
04F343F2185080,0,0.8348785265130654,1.4959312039323311
04F346F2185080,3,-0.4242140110012048,-1.127593670355346
04F350F2185080,0,1.1977210892606807,0.7790205524913015
04F369F2185080,5,-0.3679410792272378,-0.964496759284853
04F379F2185080,0,-1.754985146681443,-0.569765623450478
04F397F2185080,0,1.3463337457327682,-1.430166833206209
04F398F2185080,3,-0.7135954030809324,-1.3811272702504123
04F3A64A216280,1,0.21954657200734481,1.2588209702120627
04F3A6F2185080,3,-0.4223286602805839,0.004332384287294066
04F3A8F2185080,3,-1.4687863578786262,-1.1024248143350792
04F3B6F2185080,0,-0.019992230591442384,-0.9912360509038959
04F3C3F2185080,3,-1.4687863578786262,-1.1024248143350792
04F3CAF2185080,6,0.018004178585408124,-1.7304812918897263
04F3D3F2185080,3,-1.425524385076843,-0.6079249035811974
04F3DFF2185080,0,0.48345995026660177,-0.7994307298089633
04F3E0F2185080,6,-1.3362415947038226,-0.10982352536603844
04F3FCF2185080,1,0.06265508144288308,0.5937925350991035
04F3FFF2185080,3,-1.4864380769383116,-0.4092505216080272
04F412121B6784,1,1.4143154011192556,1.5330791104337849
04F412F2185084,0,-0.26503599620111934,-0.15512683502265986
04F417F2185080,1,0.3771999209871605,0.8152727441482637
04F426F2185084,1,1.3741470540244645,0.39210633473861173
04F427F2185084,6,-0.5810506399061288,-0.38852598128137156
04F429F2185084,3,-2.0670858221118578,-0.15869392330678686
04F42F121B6784,1,0.045003362383197305,1.2869668278261555
04F42FF2185084,2,1.3762930768685067,-4.124431070325966
04F442F2185080,3,-1.4864380769383116,-0.4092505216080272
04F442F2185084,1,0.06265508144288308,0.5937925350991035
04F448F2185084,6,-1.1616983850796752,-0.1379693829801312
04F44AF2185080,1,1.5309862785103732,1.1437330604458744
04F454F2185080,0,-1.0213026046670806,-0.4715672841297479
04F45CF2185080,0,-1.0213026046670806,-0.4715672841297479
04F477F2185080,3,-1.4687863578786262,-1.1024248143350792
04F478F2185080,1,1.3741470540244645,0.39210633473861173
04F48DF2185080,1,0.13504098814903326,0.9177552314745998
04F490F2185080,1,0.8406179753763472,1.4534363412847222
04F49FF2185080,3,-2.0670858221118578,-0.15869392330678686
04F4A54A216280,5,3.2325725899278717,-0.5202122811205779
04F4C2F2185080,1,0.06265508144288308,0.5937925350991035
04F4C9F2185080,3,-2.0670858221118578,-0.15869392330678686
04F4CCF2185080,0,1.1055999842813333,0.23159123289616088
04F4D5F2185080,6,0.018004178585408124,-1.7304812918897263
04F4D7F2185080,5,0.6899729825516276,-2.5084887582533053
04F4E5F2185080,6,0.017248824327102983,-1.332256872309664
04F4EFF2185080,1,-0.5356443827903486,1.5375234261273958
04F501F2185084,6,-0.5395583510649435,0.8930525797249929
04F50BF2185080,0,-0.46626511323563213,-1.9097980859119217
04F50DF2185084,1,0.6433028266164291,0.3432359367978632
04F510F2185080,1,-0.36110117316620116,1.509377568513303
04F512121B6784,6,0.15086221814763584,0.49675100829184143
04F51DF2185080,6,-0.7555938495302763,-0.3603801236672788
04F523F2185084,3,-1.3351729640580932,0.7265830662664261
04F524F2185080,0,-0.46626511323563213,-1.9097980859119217
04F52A121B6784,0,-1.064564577468864,-0.9660671948836292
04F531F2185084,6,0.017248824327102983,-1.332256872309664
04F542F2185084,3,-1.8925426124877103,-0.18683978092087963
04F553F2185080,0,1.1977210892606807,0.7790205524913015
04F569F2185080,3,-0.754525218884547,0.4760264679651858
04F56AF2185080,3,-1.4864380769383116,-0.4092505216080272
04F570F2185080,2,1.3762930768685067,-4.124431070325966
04F576F2185080,3,-1.4687863578786262,-1.1024248143350792
04F582F2185080,3,-0.5968718699047314,0.03247824190138684
04F596F2185080,3,-1.359013533839593,-1.2481697874669904
04F5A54A216280,5,3.2325725899278717,-0.5202122811205779
04F5A63A9C4C80,0,0.5316472474377598,0.8477492700683713
04F5B5F2185080,6,-0.7555938495302763,-0.3603801236672788
04F5BAF2185080,0,1.4155262716866115,1.2453746056310908
04F5C3F2185080,1,-0.22780157459858222,1.6346658829156293
04F5C7F2185080,6,-0.5395583510649435,0.8930525797249929
04F5CBF2185080,3,-0.5968718699047314,0.03247824190138684
04F5D4F2185080,1,0.7758475897912327,1.335837225766904
04F5DDF2185080,6,0.04393473173746796,0.4505602361936908
04F5E5F2185080,3,-1.0029764054541301,0.2548889825885345
04F602F2185084,2,1.0914468963365462,-1.3917120567876653
04F60AF2185084,6,-0.7123318767284932,0.13411978708660283
04F60FF2185080,2,1.0914468963365462,-1.3917120567876653
04F61AF2185084,0,-0.1317363976335003,-0.029838520620333795
04F62A121B6784,2,-0.4576462620446489,-2.394755113494796
04F62AF2185084,1,0.045003362383197305,1.2869668278261555
04F62CF2185080,5,0.05932797014143849,-0.411123291873737
04F62E121B6784,0,0.4225462584051328,-0.600756347835793
04F631F2185084,1,-0.2710635474003653,1.1401659721617476
04F633F2185084,1,0.2900471279928743,0.45085761194491897
04F63BF2185084,3,-1.4864380769383116,-0.4092505216080272
04F641F2185084,1,1.1091127790409252,1.7005497337214768
04F64CF2185084,6,-0.7123318767284932,0.13411978708660283
04F64FF2185080,3,-0.8881386127050799,-1.3529814126363195
04F650F2185080,3,-1.4864380769383116,-0.4092505216080272
04F653F2185080,1,0.045003362383197305,1.2869668278261555
04F65FF2185080,3,-0.5968718699047314,0.03247824190138684
04F66FF2185080,1,0.13504098814903326,0.9177552314745998
04F688F2185080,1,0.13504098814903326,0.9177552314745998
04F697F2185080,5,-1.4108859820656878,-0.6022954570819107
04F6A1F2185080,1,0.9091471883588518,1.46112554016923
04F6A2F2185080,3,0.15643373417234127,-1.3781502686565863
04F6A84A216280,0,-0.007912027556462291,0.19049093331747965
04F6B2F2185080,1,0.21954657200734481,1.2588209702120627
04F6B54A216280,6,1.7937340292582888,-0.47214873875671765
04F6CDF2185080,6,-0.7555938495302763,-0.3603801236672788
04F6CFF2185080,3,-1.4864380769383116,-0.4092505216080272
04F6D8F2185080,5,-1.4108859820656878,-0.6022954570819107
04F6D9F2185080,3,-1.4864380769383116,-0.4092505216080272
04F6DAF2185080,1,0.9091471883588518,1.46112554016923
04F6E1F2185080,1,0.2900471279928743,0.45085761194491897
04F6E7F2185080,1,0.9345695694167777,1.7286955913355695
04F6E8F2185080,6,-1.3362415947038226,-0.10982352536603844
04F6FFF2185080,1,0.045003362383197305,1.2869668278261555
04F704F2185084,6,-0.023680991476511665,0.5248968659059342
04F719121B6784,2,2.3272258509105326,-2.922276780496494
04F71A121B6784,3,0.08485791422507442,0.7242200373221493
04F71AF2185080,5,0.10258994294322174,0.08337661888014469
04F720F2185084,3,-1.8925426124877103,-0.18683978092087963
04F726F2185080,3,-1.8925426124877103,-0.18683978092087963
04F728F2185084,3,-1.8925426124877103,-0.18683978092087963
04F72C121B6784,0,-0.11377088332090067,0.9807067528517934
04F72CF2185080,2,0.3576512831431451,-1.9182206862222808
04F730F2185084,3,0.0014275943285003187,-0.9112526491269055
04F736F2185084,6,-0.7555938495302763,-0.3603801236672788
04F738F2185084,1,0.6433028266164291,0.3432359367978632
04F73EF2185084,1,0.21954657200734481,1.2588209702120627
04F740F2185084,3,-1.8925426124877103,-0.18683978092087963
04F746F2185084,6,-0.7555938495302763,-0.3603801236672788
04F747F2185084,6,-0.023680991476511665,0.5248968659059342
04F74DF2185080,1,0.8178460362405766,0.3150900791837704
04F74DF2185084,3,0.3317322980547941,-1.8045205458507416
04F75FF2185080,3,-1.4864380769383116,-0.4092505216080272
04F760F2185080,6,-0.7555938495302763,-0.3603801236672788
04F76FF2185080,3,-1.8925426124877103,-0.18683978092087963
04F776F2185080,3,-1.8925426124877103,-0.18683978092087963
04F78DF2185080,3,-1.8925426124877103,-0.18683978092087963
04F78FF2185080,3,0.15643373417234127,-1.3781502686565863
04F794F2185080,3,0.15643373417234127,-1.3781502686565863
04F7A2F2185080,1,0.5989655898529084,1.1431429737555734
04F7A84A216280,5,2.121234080712535,0.8410022651067546
04F7A9F2185080,0,1.1977210892606807,0.7790205524913015
04F7B54A216280,6,-0.6475614911433789,0.25171890260442126
04F7BFF2185080,1,0.8191095625930159,1.8303371365207857
04F7E4F2185080,3,-1.8925426124877103,-0.18683978092087963
04F7E7F2185080,0,1.065176326085877,-0.21358073647773915
04F7F5F2185080,0,1.065176326085877,-0.21358073647773915
04F7F9F2185080,6,2.079910289156505,-0.47835573490923505
04F805F2185084,3,0.018317454972832246,-0.4958502806771993
04F80EF2185080,5,-1.3028536236787904,0.009803569189789384
04F813121B6784,6,0.46352170697129247,-0.4136948373016383
04F817121B6784,5,0.0928009191997268,-1.5253018077835474
04F818121B6784,3,-1.4431761041365285,0.08524938914585434
04F819121B6784,5,3.788059483217852,0.751978926205325
04F81A121B6784,5,-0.08174229042442072,-1.4971559501694547
04F824F2185084,0,-0.9143680952343745,-0.6666401986416406
04F830F2185084,1,0.23846181741946987,2.080893734822026
04F832F2185084,3,-2.0670858221118578,-0.15869392330678686
04F839121B6784,6,0.01958098132527156,1.0193967766598158
04F83EE2185084,1,0.9503907994153802,1.3076913681528113
04F848F2185084,5,0.10258994294322174,0.08337661888014469
04F85EF2185080,0,0.6403514408310635,-0.1344022946960042
04F868F2185080,3,-1.3118948673141642,-0.43739637922212
04F86FF2185080,1,-0.5356443827903486,1.5375234261273958
04F879F2185080,3,-1.3118948673141642,-0.43739637922212
04F87FF2185080,2,0.14065320218858282,-3.3384860045230886
04F885F2185080,0,1.1977210892606807,0.7790205524913015
04F89AF2185080,6,-0.6043287366500578,0.7754534642071745
04F8BBF2185080,6,-1.3362415947038226,-0.10982352536603844
04F8D4F2185080,3,0.018317454972832246,-0.4958502806771993
04F8D7F2185080,0,0.6403514408310635,-0.1344022946960042
04F8D8F2185080,3,-1.4431761041365285,0.08524938914585434
04F8EFF2185080,3,-0.7128400488226273,-1.7793516898304749
04F8FEE2185080,3,-0.6869094956705675,0.40168983825294236
04F905F2185084,1,0.7758475897912327,1.335837225766904
04F909E2185084,0,-0.15810850979095162,-0.10893606292450911
04F909F2185084,1,0.9503907994153802,1.3076913681528113
04F90CF2185080,1,2.8608853244099457,-0.14935185222173217
04F90EF2185080,3,-1.4864380769383116,-0.4092505216080272
04F911F2185080,3,-2.0670858221118578,-0.15869392330678686
04F912E2185080,3,-1.4864380769383116,-0.4092505216080272
04F912F2185080,1,0.7758475897912327,1.335837225766904
04F913121B6784,3,-2.0670858221118578,-0.15869392330678686
04F914F2185084,3,-0.8881386127050799,-1.3529814126363195
04F917121B6784,5,0.0928009191997268,-1.5253018077835474
04F918121B6784,0,1.462301924650664,0.3816630985256534
04F918F2185080,1,1.1091127790409252,1.7005497337214768
04F919F2185080,3,-1.3351729640580932,0.7265830662664261
04F921F2185080,1,0.5089279640870727,1.512354570107129
04F922E2185080,2,3.131078373839479,-4.802950542185068
04F922F2185080,3,-1.4431761041365285,0.08524938914585434
04F923F2185084,3,-1.4431761041365285,0.08524938914585434
04F926E2185084,6,0.6422341959706998,-0.49317065483460154
04F929F2185080,3,-2.0670858221118578,-0.15869392330678686
04F92AE2185084,0,0.50780667765626,-1.127003583665045
04F92AF2185080,5,0.05187110339611218,0.3318519304320508
04F92EE2185080,0,0.059703695657517514,0.11615430360523614
04F92EF2185084,3,-0.6436475228687842,0.8961897490068241
04F930F2185080,3,-2.0670858221118578,-0.15869392330678686
04F932F2185080,1,0.045003362383197305,1.2869668278261555
04F934F2185084,2,-0.6164205077487469,-2.7010151884691584
04F936E2185080,0,-0.9565322190819663,-0.35396816861192953
04F93CF2185084,0,0.46687686185264526,0.7301501545505531
04F93EE2185080,0,-0.047230813775188625,0.3112272181171291
04F943F2185080,3,-0.6869094956705675,0.40168983825294236
04F944F2185084,3,-1.4864380769383116,-0.4092505216080272
04F949F2185080,6,0.6163036428186399,-2.6742121829180188
04F94AF2185084,1,0.045003362383197305,1.2869668278261555
04F94BE2185084,0,-1.6452123226424098,-0.715510596582389
04F94BF2185080,3,-0.6869094956705675,0.40168983825294236
04F94CF2185080,3,-0.7128400488226273,-1.7793516898304749
04F94DF2185080,0,0.9297328329107915,0.1191313051990621
04F951F2185080,2,-0.26311917636264703,-0.7644216148664607
04F959F2185080,3,-1.3351729640580932,0.7265830662664261
04F95AF2185080,3,-1.4864380769383116,-0.4092505216080272
04F95BF2185080,3,-1.3351729640580932,0.7265830662664261
04F963F2185080,3,-1.4431761041365285,0.08524938914585434
04F967E2185080,0,-0.159177140436681,-0.9453426545569735
04F970F2185080,1,0.2900471279928743,0.45085761194491897
04F973F2185080,1,2.1293383985286884,2.002953731557292
04F978F2185080,3,-1.9573129980728248,-0.3044388964386979
04F97BE2185080,0,0.7483545809094989,0.5069313824245675
04F97BF2185080,0,0.46687686185264526,0.7301501545505531
04F97FF2185080,3,-1.4864380769383116,-0.4092505216080272
04F980F2185080,6,0.4402436102273635,0.7502846081869078
04F982F2185080,0,0.46687686185264526,0.7301501545505531
04F987E2185080,5,-1.1930807996397572,-0.13594140394212176
04F98AF2185080,3,-1.3351729640580932,0.7265830662664261
04F98FE2185080,3,-0.6869094956705675,0.40168983825294236
04F993F2185080,0,0.869573976442138,-0.5495072873944821
04F9A3E2185080,5,1.3160269848409538,-0.8329959491457781
04F9A4F2185080,6,0.4402436102273635,0.7502846081869078
04F9AAF2185080,0,0.465808231206916,-0.10625643708191145
04F9B2F2185080,1,0.5089279640870727,1.512354570107129
04F9B3F2185080,2,-0.26311917636264703,-0.7644216148664607
04F9B44A216280,5,0.6325188485696582,0.08129533213081049
04F9B7E2185080,5,2.9180303459645787,0.749001924611499
04F9BFE2185080,6,-0.7555938495302763,-0.3603801236672788
04F9C3F2185080,3,-1.8492806396859274,0.3076601298330021
04F9C4F2185080,2,-0.6164205077487469,-2.7010151884691584
04F9CDF2185080,6,-1.2929796219020395,0.3846763853878434
04F9D9E2185080,3,-1.4864380769383116,-0.4092505216080272
04F9E1F2185080,0,0.9297328329107915,0.1191313051990621
04F9E6F2185080,5,1.6498526122633332,1.358589745131569
04F9E8F2185080,1,0.23846181741946987,2.080893734822026
04F9ECF2185080,6,-1.3362415947038226,-0.10982352536603844
04F9F2F2185080,2,-0.6164205077487469,-2.7010151884691584
04F9FDE2185080,0,0.5558458569727518,-0.4754680334334669
04FA02F2185084,0,1.7453293074758196,-2.271717009606519
04FA03F2185084,1,1.665413796824813,1.777565989276318
04FA05F2185084,3,-2.0670858221118578,-0.15869392330678686
04FA07F2185084,1,0.7758475897912327,1.335837225766904
04FA08F2185084,3,-0.7128400488226273,-1.7793516898304749
04FA0EF2185084,3,-1.3351729640580932,0.7265830662664261
04FA13F2185084,1,1.665413796824813,1.777565989276318
04FA18F2185080,3,-0.9792515024326535,0.31063713142682814
04FA18F2185084,1,0.9936527722171634,1.802191278906693
04FA1CF2185084,6,-0.6043287366500578,0.7754534642071745
04FA1DF2185080,0,0.465808231206916,-0.10625643708191145
04FA1DF2185084,5,-1.3028536236787904,0.009803569189789384
04FA20F2185084,1,2.4187194009018858,0.366937478718345
04FA23F2185080,1,0.08826533518498056,1.7814667385800371
04FA23F2185084,3,0.3317322980547941,-1.8045205458507416
04FA24F2185084,0,-0.9143680952343745,-0.6666401986416406
04FA25F2185084,5,-0.030709655624397415,-0.041911695522181464
04FA2CF2185084,3,-1.4431761041365285,0.08524938914585434
04FA2EF2185084,0,-1.064564577468864,-0.9660671948836292
04FA35F2185084,3,-2.0670858221118578,-0.15869392330678686
04FA3AE2185080,6,1.2386965378268402,0.9660820630254562
04FA3BF2185084,3,-1.4864380769383116,-0.4092505216080272
04FA42E2185080,1,2.0382251190945846,1.7770224228864262
04FA45F2185080,1,1.084766051651267,2.0281225875775584
04FA45F2185084,2,-0.30638114916443016,-1.2589215256203425
04FA46F2185080,3,-0.7128400488226273,-1.7793516898304749
04FA47F2185080,3,-1.4864380769383116,-0.4092505216080272
04FA4AF2185080,3,-0.7128400488226273,-1.7793516898304749
04FA4DF2185080,0,-1.064564577468864,-0.9660671948836292
04FA4EF2185080,3,-0.7128400488226273,-1.7793516898304749
04FA55F2185080,0,1.1977210892606807,0.7790205524913015
04FA5BF2185080,1,0.20265671136301294,0.8434186017623565
04FA62F2185080,3,-1.4431761041365285,0.08524938914585434
04FA63F2185080,3,-0.13294726820085623,0.25786598418236045
04FA6DF2185080,1,1.132837682062402,1.7562978825597704
04FA7CF2185080,3,-1.4431761041365285,0.08524938914585434
04FA8CF2185080,1,1.0895757092606186,1.2617979718058887
04FA93F2185080,5,-0.6800417546576525,-0.5534250591411622
04FA94F2185080,0,-1.064564577468864,-0.9660671948836292
04FA95F2185080,3,-0.7112632460827638,0.9705263787190673
04FA97E2185080,2,0.288966929283436,-2.6802906481425026
04FA97F2185080,3,-0.7128400488226273,-1.7793516898304749
04FA9AF2185080,3,-1.3351729640580932,0.7265830662664261
04FA9CF2185080,0,-1.064564577468864,-0.9660671948836292
04FA9DF2185080,3,-2.0670858221118578,-0.15869392330678686
04FAA2121B6780,3,-1.3118948673141642,-0.43739637922212
04FAA3E2185080,0,0.5727357176170839,-0.06006566498376062
04FAA5F2185080,1,0.2900471279928743,0.45085761194491897
04FAA7F2185080,3,-1.8925426124877103,-0.18683978092087963
04FAACF2185080,3,-1.4864380769383116,-0.4092505216080272
04FAADF2185080,3,-0.754525218884547,0.4760264679651858
04FAB2F2185080,1,1.0895757092606186,1.2617979718058887
04FAB44A216280,5,1.4320474298374026,0.89223569199178
04FAB6F2185080,3,-0.7128400488226273,-1.7793516898304749
04FAB9F2185080,1,3.308285607935466,0.808666242227759
04FABBF2185080,3,-1.4431761041365285,0.08524938914585434
04FABCF2185080,0,-0.11377088332090067,0.9807067528517934
04FABDF2185080,3,-0.5968718699047314,0.03247824190138684
04FABFE2185080,0,1.462301924650664,0.3816630985256534
04FAC5F2185080,0,-0.11377088332090067,0.9807067528517934
04FAD2F2185080,0,-1.064564577468864,-0.9660671948836292
04FAD6F2185080,3,-1.4864380769383116,-0.4092505216080272
04FADAF2185080,1,0.6433028266164291,0.3432359367978632
04FADEF2185080,1,3.0158914642537864,-0.616249471751413
04FAF2F2185080,3,-1.4864380769383116,-0.4092505216080272
04FAFBF2185080,1,0.6433028266164291,0.3432359367978632
04FAFCF2185080,5,-0.030709655624397415,-0.041911695522181464
04FB04F2185084,1,-0.36110117316620116,1.509377568513303
04FB06F2185084,5,0.4326561326862358,0.6828501922085808
04FB08F2185084,3,-0.9792515024326535,0.31063713142682814
04FB0BF2185080,0,-1.046912858409178,-1.6592414876106814
04FB0DF2185084,1,-0.5356443827903486,1.5375234261273958
04FB14E2185080,5,1.3160269848409538,-0.8329959491457781
04FB14F2185080,0,-0.9143680952343745,-0.6666401986416406
04FB1AE2185084,1,1.8399570064489605,1.7494201316622253
04FB1DF2185084,6,0.04393473173746796,0.4505602361936908
04FB1EF2185084,6,-0.6043287366500578,0.7754534642071745
04FB20E2185080,1,2.019512918704572,0.34574714254949324
04FB22F2185080,3,-0.4223286602805839,0.004332384287294066
04FB25F2185084,1,0.045003362383197305,1.2869668278261555
04FB28E2185080,1,2.263713261058045,0.8338350982480257
04FB29E2185084,3,-0.5799820092603996,0.447880610351093
04FB2EF2185084,1,0.045003362383197305,1.2869668278261555
04FB2F121B6784,3,-0.754525218884547,0.4760264679651858
04FB34F2185084,6,-0.023680991476511665,0.5248968659059342
04FB35F2185084,1,0.9559623154400856,-0.5672099087956167
04FB37F2185084,1,0.045003362383197305,1.2869668278261555
04FB3AE2185084,2,3.131078373839479,-4.802950542185068
04FB3CE2185080,6,-0.5626435665881376,-1.479924693588486
04FB3CF2185080,1,0.8178460362405766,0.3150900791837704
04FB40E2185080,6,0.19412419094941907,0.991250919045723
04FB40F2185084,3,-0.9792515024326535,0.31063713142682814
04FB42F2185084,3,-0.7128400488226273,-1.7793516898304749
04FB45F2185080,6,-0.023680991476511665,0.5248968659059342
04FB48E2185080,1,1.8399570064489605,1.7494201316622253
04FB4BF2185080,3,-1.0930140312199659,0.6241005789400899
04FB4CE2185080,0,1.462301924650664,0.3816630985256534
04FB4CF2185084,6,-1.3362415947038226,-0.10982352536603844
04FB54E2185080,3,-1.4864380769383116,-0.4092505216080272
04FB5CE2185080,3,-1.4864380769383116,-0.4092505216080272
04FB60E2185080,5,3.540729193372552,1.2806497418668348
04FB62F2185080,3,-2.0670858221118578,-0.15869392330678686
04FB64E2185080,5,2.3843856005564383,-0.10867277373751325
04FB64F2185080,6,-0.5367130134360779,0.7011168344949311
04FB71F2185080,1,0.9503907994153802,1.3076913681528113
04FB7DE2185080,1,0.13504098814903326,0.9177552314745998
04FB83F2185080,0,0.46687686185264526,0.7301501545505531
04FB86F2185080,3,-0.7128400488226273,-1.7793516898304749
04FB91F2185080,3,-1.8925426124877103,-0.18683978092087963
04FB9BF2185080,1,0.045003362383197305,1.2869668278261555
04FB9CF2185080,3,-1.0930140312199659,0.6241005789400899
04FB9DF2185080,0,-1.046912858409178,-1.6592414876106814
04FBA2121B6780,3,-1.3118948673141642,-0.43739637922212
04FBAAE2185080,6,-0.09019184271376163,1.165141749791727
04FBADE2185080,5,3.540729193372552,1.2806497418668348
04FBB2E2185080,1,3.730159107404914,0.25184956895215665
04FBB3F2185080,6,-1.3362415947038226,-0.10982352536603844
04FBB4F2185080,0,0.13127288228877615,0.14459753697055716
04FBB9E2185080,2,3.0410407480736428,-4.433738945833514
04FBC3E2185080,1,0.13504098814903326,0.9177552314745998
04FBCEF2185080,1,-0.5356443827903486,1.5375234261273958
04FBD4E2185080,1,3.30640285279583,1.1674346023663562
04FBD4F2185080,1,0.5521899368888559,2.0068544808610107
04FBD6F2185080,1,0.045003362383197305,1.2869668278261555
04FBE3F2185080,1,0.7758475897912327,1.335837225766904
04FBE6F2185080,2,-0.30638114916443016,-1.2589215256203425
04FBE9E2185080,0,1.3722642988848281,0.7508746948772087
04FBEDF2185080,0,0.13127288228877615,0.14459753697055716
04FBF4F2185080,1,0.23719829106703058,0.5656466774850106
04FBF5F2185080,6,-1.3362415947038226,-0.10982352536603844
04FBF8F2185080,3,-0.9792515024326535,0.31063713142682814
04FBFAE2185080,1,0.35481751357798863,0.5684567274627372
04FBFCF2185080,2,-0.30638114916443016,-1.2589215256203425
04FBFDF2185080,1,0.045003362383197305,1.2869668278261555
04FC0EF2185084,2,1.6034102876503828,-2.404338617009127
04FC0FF2185080,1,0.3576628512068538,0.3765209822326756
04FC12121B6784,6,0.15086221814763584,0.49675100829184143
04FC14F2185080,6,-1.118436412277892,0.3565305277737506
04FC16F2185080,3,-0.7128400488226273,-1.7793516898304749
04FC17F2185084,3,-1.4431761041365285,0.08524938914585434
04FC19F2185080,1,0.9345695694167777,1.7286955913355695
04FC26F2185080,5,0.11948682661009183,0.25751530071980727
04FC2AE2185080,1,1.8816421765108804,-0.5059580261334359
04FC2F121B6784,1,0.045003362383197305,1.2869668278261555
04FC2FE2185084,3,-2.0670858221118578,-0.15869392330678686
04FC36E2185080,2,3.131078373839479,-4.802950542185068
04FC3BE2185080,3,-1.2675572408441134,0.6522464365541827
04FC3BF2185084,1,-0.36110117316620116,1.509377568513303
04FC3EF2185084,6,-0.023680991476511665,0.5248968659059342
04FC42F2185084,3,-0.5367200364586163,0.9423805211049745
04FC4CE2185084,1,2.5774413805274308,0.7597958442870104
04FC56F2185080,3,-0.7128400488226273,-1.7793516898304749
04FC58F2185080,3,-2.0670858221118578,-0.15869392330678686
04FC68F2185080,0,-0.9143680952343745,-0.6666401986416406
04FC69F2185080,1,0.3539218242432316,1.9792521896368098
04FC71F2185080,0,-1.064564577468864,-0.9660671948836292
04FC78F2185080,3,-1.2675572408441134,0.6522464365541827
04FC7BE2185080,5,3.671335950041651,-0.6616265859464742
04FC7CF2185080,3,-1.8925426124877103,-0.18683978092087963
04FC81F2185080,1,0.9345695694167777,1.7286955913355695
04FC87E2185080,1,2.4600986185640332,1.220205749610824
04FC89F2185080,3,-0.4223286602805839,0.004332384287294066
04FC8AF2185080,1,0.9345695694167777,1.7286955913355695
04FC92F2185080,1,1.132837682062402,1.7562978825597704
04FC93E2185080,1,1.0404284251812161,0.9384797718012554
04FC9AF2185080,3,-2.0670858221118578,-0.15869392330678686
04FC9BF2185080,1,0.23719829106703058,0.5656466774850106
04FC9CF2185080,3,-2.0023154365267435,-0.04109480778896854
04FCA54A216280,3,-1.3118948673141642,-0.43739637922212
04FCBBE2185080,3,-1.4864380769383116,-0.4092505216080272
04FCC2E2185080,5,3.9626026928419997,0.7238330685912322
04FCCCF2185080,1,0.3539218242432316,1.9792521896368098
04FCD8E2185080,6,1.710333317376707,-0.24730622332063093
04FCD8F2185080,3,-2.0670858221118578,-0.15869392330678686
04FCD9F2185080,1,0.3576628512068538,0.3765209822326756
04FCE2F2185080,6,-1.2929796219020395,0.3846763853878434
04FCEBF2185080,6,0.3322404701489281,0.10895093106633601
04FCECE2185080,5,3.9626026928419997,0.7238330685912322
04FCEDF2185080,3,-1.3118948673141642,-0.43739637922212
04FD08F2185084,0,-1.046912858409178,-1.6592414876106814
04FD0CF2185080,6,0.04393473173746796,0.4505602361936908
04FD12121B6784,6,0.3085155671274515,0.05320278222804253
04FD1AF2185080,1,-0.5356443827903486,1.5375234261273958
04FD1CF2185080,1,-0.36110117316620116,1.509377568513303
04FD1EF2185084,2,1.4933821525106847,-1.5627928375559423
04FD29F2185084,3,-2.0023154365267435,-0.04109480778896854
04FD2A121B6784,2,1.9416277641375843,-2.0405119685273694
04FD2FE2185084,0,1.3722642988848281,0.7508746948772087
04FD34F2185080,1,0.045003362383197305,1.2869668278261555
04FD3FF2185080,3,-1.8925426124877103,-0.18683978092087963
04FD46E2185084,3,-1.4864380769383116,-0.4092505216080272
04FD47F2185084,3,-1.3351729640580932,0.7265830662664261
04FD4AF2185080,3,-0.6869094956705675,0.40168983825294236
04FD52F2185080,1,0.045003362383197305,1.2869668278261555
04FD68E2185080,0,0.46687686185264526,0.7301501545505531
04FD6BF2185080,3,-1.4431761041365285,0.08524938914585434
04FD78F2185080,0,-1.6452123226424098,-0.715510596582389
04FD7FF2185080,0,-1.046912858409178,-1.6592414876106814
04FD84F2185080,1,0.045003362383197305,1.2869668278261555
04FD88F2185080,3,-1.8925426124877103,-0.18683978092087963
04FD99F2185080,0,-1.6452123226424098,-0.715510596582389
04FD9BF2185080,6,-0.023680991476511665,0.5248968659059342
04FD9FE2185080,1,-0.4445018850477831,1.7342200839493898
04FDA3E2185080,1,3.730159107404914,0.25184956895215665
04FDA54A216280,3,-1.3118948673141642,-0.43739637922212
04FDA5F2185080,2,0.14065320218858282,-3.3384860045230886
04FDABE2185080,1,-0.5356443827903486,1.5375234261273958
04FDB2F2185080,3,0.17597080395264783,-0.9393985067409983
04FDCBF2185080,3,-1.4864380769383116,-0.4092505216080272
04FDCDF2185080,6,0.04393473173746796,0.4505602361936908
04FDDBF2185080,0,-1.064564577468864,-0.9660671948836292
04FDDEF2185080,6,-0.023680991476511665,0.5248968659059342
04FDE6F2185080,5,1.1220080712530858,-0.5498579708570352
04FDF7F2185080,3,-2.0670858221118578,-0.15869392330678686
04FDF8F2185080,1,0.7758475897912327,1.335837225766904
04FE01E2185084,1,1.9949631462928015,1.2825225121325445
04FE09E2185084,2,4.043927924889144,-2.2035296440581185
04FE0CF2185084,2,-0.4576462620446489,-2.394755113494796
04FE0DF2185084,1,0.8191095625930159,1.8303371365207857
04FE13F2185084,3,-1.4687863578786262,-1.1024248143350792
04FE15F2185080,3,-2.0670858221118578,-0.15869392330678686
04FE1DF2185084,5,-0.8144692729720925,-1.1872579879716054
04FE1FF2185084,3,-1.4431761041365285,0.08524938914585434
04FE21F2185084,6,0.3322404701489281,0.10895093106633601
04FE22F2185084,0,-0.6006399757649885,-0.7406794526026559
04FE26F2185080,3,-1.3351729640580932,0.7265830662664261
04FE28F2185084,3,-1.0930140312199659,0.6241005789400899
04FE2A121B6784,6,-0.7123318767284932,0.13411978708660283
04FE2EF2185080,3,-1.2242952680423302,1.1467463473080644
04FE2FE2185084,1,0.2874109730059817,2.6194970735226026
04FE33F2185080,3,-1.3118948673141642,-0.43739637922212
04FE34E2185084,5,0.7008894071764535,-0.8603542721481476
04FE38E2185084,1,0.2874109730059817,2.6194970735226026
04FE3DF2185084,3,-1.425524385076843,-0.6079249035811974
04FE40E2185084,1,1.9949631462928015,1.2825225121325445
04FE41F2185084,6,-1.118436412277892,0.3565305277737506
04FE48E2185084,0,-0.6954942821627146,0.6361204461306128
04FE48F2185080,3,-0.5367200364586163,0.9423805211049745
04FE48F2185084,6,-0.5367130134360779,0.7011168344949311
04FE49F2185084,3,-2.0670858221118578,-0.15869392330678686
04FE4CE2185084,1,0.1951998446176867,1.5863938240681443
04FE66F2185080,3,-1.2242952680423302,1.1467463473080644
04FE71E2185080,0,-0.9143680952343745,-0.6666401986416406
04FE73F2185080,3,-0.9792515024326535,0.31063713142682814
04FE74F2185080,3,-1.4687863578786262,-1.1024248143350792
04FE80F2185080,2,-0.4576462620446489,-2.394755113494796
04FE88E2185080,3,-1.2675572408441134,0.6522464365541827
04FE8AF2185080,3,-2.0670858221118578,-0.15869392330678686
04FE91E2185080,6,0.04393473173746796,0.4505602361936908
04FE99F2185080,3,-0.4223286602805839,0.004332384287294066
04FE9FF2185080,3,-1.8925426124877103,-0.18683978092087963
04FEA0F2185080,2,-0.30638114916443016,-1.2589215256203425
04FEA84A216280,5,1.9466908710883875,0.8691481227208474
04FEB2E2185080,1,0.08826533518498056,1.7814667385800371
04FEB54A216280,6,1.7937340292582888,-0.47214873875671765
04FEBBF2185080,3,-1.0930140312199659,0.6241005789400899
04FEC0F2185080,3,-0.7128400488226273,-1.7793516898304749
04FEC3F2185080,0,0.6403514408310635,-0.1344022946960042
04FECBF2185080,3,-0.5968718699047314,0.03247824190138684
04FED2F2185080,2,1.4933821525106847,-1.5627928375559423
04FED4F2185080,2,2.379435564784673,-2.5900225748718446
04FED7F2185080,3,0.17597080395264783,-0.9393985067409983
04FEDAF2185080,3,-0.7112632460827638,0.9705263787190673
04FEDBF2185080,1,1.132837682062402,1.7562978825597704
04FEE2F2185080,1,1.6691025577098824,0.2614330724664874
04FEE4F2185080,0,-0.3150000003554134,-0.7739644980374684
04FEE7E2185080,1,0.30497266865671985,1.4406488509362332
04FEE7F2185080,0,-0.26503599620111934,-0.15512683502265986
04FEEAF2185080,1,1.6691025577098824,0.2614330724664874
04FEF3F2185080,3,-1.8925426124877103,-0.18683978092087963
04FEF5E2185080,2,4.043927924889144,-2.2035296440581185
04FEFAE2185080,3,-1.4864380769383116,-0.4092505216080272
04FEFCF2185080,5,-0.8144692729720925,-1.1872579879716054
04FF0CF2185080,3,-0.4223286602805839,0.004332384287294066
04FF15E2185080,5,-1.1930807996397572,-0.13594140394212176
04FF15F2185080,6,0.685496168772483,0.0013292559192802926
04FF18F2185084,0,-0.6006399757649885,-0.7406794526026559
04FF19121B6784,5,3.788059483217852,0.751978926205325
04FF1DF2185084,1,0.8178460362405766,0.3150900791837704
04FF24E2185084,0,-0.6954942821627146,0.6361204461306128
04FF29F2185084,6,0.15086221814763584,0.49675100829184143
04FF37F2185080,6,-0.06583809230156501,0.5963052093256018
04FF3DF2185080,1,0.7758475897912327,1.335837225766904
04FF3FE2185080,0,0.017510353501463603,0.4580609844838191
04FF43F2185080,3,-1.8492806396859274,0.3076601298330021
04FF45F2185080,6,0.018004178585408124,-1.7304812918897263
04FF48F2185080,3,-1.0029764054541301,0.2548889825885345
04FF4BE2185080,1,2.1713368449780326,0.9822065849741579
04FF4FF2185080,3,-0.44186573006089047,-0.43441937762829397
04FF50F2185080,6,-0.4934510406342948,1.195616745248813
04FF70F2185080,3,-1.4431761041365285,0.08524938914585434
04FF75E2185080,3,-1.4431761041365285,0.08524938914585434
04FF76F2185080,3,-0.5968718699047314,0.03247824190138684
04FF77E2185080,3,-1.4864380769383116,-0.4092505216080272
04FF78F2185080,1,-0.49238240998856553,2.0320233368812772
04FF7CE2185080,5,1.984888370876301,-1.8909463158509756
04FF7CF2185080,3,-1.2675572408441134,0.6522464365541827
04FF81F2185080,2,0.3576512831431451,-1.9182206862222808
04FF83F2185080,3,-2.0670858221118578,-0.15869392330678686
04FF85E2185080,6,-0.5626435665881376,-1.479924693588486
04FFA84A216280,1,0.36974305424183423,1.5582479664540516
04FFA8F2185080,6,-1.118436412277892,0.3565305277737506
04FFB54A216280,6,-0.6475614911433789,0.25171890260442126
04FFB5F2185080,3,-0.5799820092603996,0.447880610351093
04FFB6F2185080,3,-1.4864380769383116,-0.4092505216080272
04FFB8F2185080,0,0.548230335851716,-0.681831614291145
04FFBAF2185080,6,-0.4934510406342948,1.195616745248813
04FFE7F2185080,1,0.9503907994153802,1.3076913681528113
04FFE8F2185080,6,-1.2929796219020395,0.3846763853878434
04FFF6E2185080,0,-0.9132994645886452,0.16976639299082397
