card_id,cluster,history,current_poi,prediction,ground_truth,reason,hit,processing_time,status
0400E1121B6781,5,"['Arena', 'Casa Giulietta', 'Torre Lamberti']",Palazzo della Ragione,"['AMO', 'Museo Conte', 'Centro Fotografia', 'Santa Anastasia', 'Duomo']",Castelvecchio,"These are the 5 nearest points of interest to Palazzo della Ragione, all within walking distance and suitable for a morning visit.",False,165.79021787643433,success
040070121B6781,4,"['Arena', 'Castelvecchio']",Torre Lamberti,"['Sighseeing', 'Casa Giulietta', 'Palazzo della Ragione', 'AMO', 'Museo Miniscalchi']",Santa Anastasia,"These POIs are the closest to the current location, Torre Lamberti, and are also popular tourist destinations in Verona. Given the time context of a Saturday afternoon, these places are likely to have",False,166.32752537727356,success
040047121B6781,0,['Casa Giulietta'],Torre Lamberti,"['Sighseeing', 'Centro Fotografia', 'Palazzo della Ragione', 'Museo Miniscalchi', 'San Fermo']",Arena,"These are the nearest points of interest to Torre Lamberti, suitable for a Thursday afternoon visit. They are all within 0.5km and cover various types of attractions, making them popular choices among",False,166.38394117355347,success
04001E4A216285,2,"['Teatro Romano', 'Duomo']",Santa Anastasia,"['AMO', 'Museo Conte', 'Palazzo della Ragione', 'Centro Fotografia', 'Torre Lamberti']",Arena,"These suggestions are based on the proximity of the POIs to Santa Anastasia, where it is currently assumed that the tourist is located. The distances to these POIs range from 0.1km to 0.3km, making th",False,166.4747543334961,success
0400BB121B6781,4,"['Arena', 'Casa Giulietta', 'Torre Lamberti']",Palazzo della Ragione,"['AMO', 'Museo Conte', 'Santa Anastasia', 'Duomo', 'Teatro Romano']",Castelvecchio,"These suggestions are based on the close proximity to the current location (Palazzo della Ragione). The distances range from 0.1km to 0.4km, making them easily reachable within a short time frame. Tou",False,166.68017530441284,success
04001D4A216285,5,"['Arena', 'Casa Giulietta', 'Torre Lamberti', 'Palazzo della Ragione']",Santa Anastasia,"['AMO', 'Duomo', 'Teatro Romano', 'Museo Miniscalchi', 'Giardino Giusti']",Duomo,"These suggestions are based on proximity to current location, with AMO being the closest (0.1km) and Giardino Giusti the furthest (0.6km). Popular tourist patterns and the fact that these POIs are not",True,166.7938277721405,success
040046121B6781,0,['Arena'],Museo Lapidario,"['Verona Tour', 'Castelvecchio', 'Museo Radio', 'San Fermo', 'Casa Giulietta']",Castelvecchio,"These suggestions are based on proximity to the current location, with Verona Tour being the closest at 0.1km. The order also considers typical tourist patterns and the time context of a leisurely Sun",True,167.07615518569946,success
0400214A216285,1,"['Arena', 'Casa Giulietta']",Torre Lamberti,"['Sighseeing', 'Palazzo della Ragione', 'Museo Miniscalchi', 'Santa Anastasia', 'Duomo']",Castelvecchio,"These POIs are the closest to the current location, Torre Lamberti, and are also popular tourist destinations in Verona. Given the time context of a Saturday afternoon, these places are likely to have",False,167.41579413414001,success
0400244A216285,4,"['Arena', 'Casa Giulietta']",Torre Lamberti,"['Sighseeing', 'Centro Fotografia', 'Palazzo della Ragione', 'Museo Miniscalchi', 'San Fermo']",Castelvecchio,"These suggestions are based on the proximity of the POIs to the current location (Torre Lamberti). The nearest POI, 'Sighseeing' is only 0.0km away. The following POIs are within a reasonable walking ",False,167.75381755828857,success
04002C4A216285,0,"['Arena', 'Castelvecchio']",Torre Lamberti,"['Sighseeing', 'Casa Giulietta', 'Palazzo della Ragione', 'Museo Miniscalchi', 'Santa Anastasia']",Santa Anastasia,"These POIs are the closest to the current location, and are also the most popular among tourists during weekend afternoons. They include famous landmarks such as Juliet's House, historical buildings l",True,167.87155103683472,success
040010121B6781,0,['Casa Giulietta'],Torre Lamberti,"['Palazzo della Ragione', 'AMO', 'Museo Miniscalchi', 'Santa Anastasia', 'San Fermo']",Santa Anastasia,"These suggestions are based on the proximity of the POIs to the current location (Torre Lamberti) and typical tourist patterns in Verona. Palazzo della Ragione is the closest notable attraction, while",True,167.98860335350037,success
04003D121B6781,0,['Casa Giulietta'],Arena,"['Verona Tour', 'Museo Lapidario', 'Sighseeing', 'Castelvecchio', 'Torre Lamberti']",Museo Lapidario,"These suggestions are based on proximity to current location, time context and popular tourist patterns. 'Verona Tour' and 'Museo Lapidario' are the closest points of interest. 'Sighseeing' is also ne",True,168.3234932422638,success
0401254A216285,1,['Arena'],Casa Giulietta,"['Centro Fotografia', 'Sighseeing', 'Torre Lamberti', 'Palazzo della Ragione', 'San Fermo']",Palazzo della Ragione,"These POIs are the closest to the current location, considering typical tourist patterns of visiting popular landmarks in a logical sequence.",True,2.069790840148926,success
040110121B6781,0,['Casa Giulietta'],Torre Lamberti,"['Palazzo della Ragione', 'AMO', 'Museo Miniscalchi', 'Santa Anastasia', 'San Fermo']",Santa Anastasia,These suggestions are based on the proximity of the POIs to the current location (Torre Lamberti). Palazzo della Ragione is the closest and a popular tourist destination. AMO and Museo Miniscalchi fol,True,3.3365254402160645,success
04011D4A216285,5,"['Arena', 'Casa Giulietta', 'Torre Lamberti', 'Palazzo della Ragione']",Santa Anastasia,"['AMO', 'Duomo', 'Teatro Romano', 'Museo Miniscalchi', 'Giardino Giusti']",Duomo,"These suggestions are based on proximity to current location, with AMO being the closest and Giardino Giusti slightly further but still within a reasonable walking distance. Additionally, these attrac",True,3.5228052139282227,success
040117121B6781,0,['Arena'],Casa Giulietta,"['Centro Fotografia', 'Sighseeing', 'Torre Lamberti', 'Museo Conte', 'Palazzo della Ragione']",Santa Anastasia,"These suggestions are based on the close proximity of these points of interest to Casa Giulietta, where the tourist is currently located. The distances range from 0.1km to 0.3km, making them easily re",False,3.633251190185547,success
0400E3121B6781,2,"['Arena', 'Casa Giulietta']",Santa Anastasia,"['AMO', 'Museo Conte', 'Palazzo della Ragione', 'Teatro Romano', 'Centro Fotografia']",Torre Lamberti,"These suggestions are based on the proximity of the POIs to the current location (Santa Anastasia). AMO is the closest at 0.1km, followed by Museo Conte and Palazzo della Ragione at 0.2km, Teatro Roma",False,4.455271482467651,success
04012B121B6781,1,"['Casa Giulietta', 'Torre Lamberti']",Palazzo della Ragione,"['AMO', 'Museo Conte', 'Centro Fotografia', 'Sighseeing', 'Santa Anastasia']",Arena,"These suggestions are based on the nearby POIs, all of which are within walking distance. The time context is afternoon and since these are popular tourist spots in Verona, it's likely that tourists w",False,2.4964346885681152,success
040122121B6781,2,"['Arena', 'Torre Lamberti']",Palazzo della Ragione,"['AMO', 'Casa Giulietta', 'Duomo', 'Teatro Romano', 'Museo Miniscalchi']",San Zeno,"These suggestions are based on the proximity of the POIs to the current location (Palazzo della Ragione) and their popularity among tourists. AMO and Casa Giulietta are the closest, while Duomo, Teatr",False,3.7480013370513916,success
04012C4A216285,0,['Arena'],Castelvecchio,"['Museo Lapidario', 'Verona Tour', 'Torre Lamberti', 'Casa Giulietta', 'San Zeno']",Casa Giulietta,"These suggestions are based on proximity to current location (Castelvecchio), with Museo Lapidario and Verona Tour being the closest at 0.3km. Torre Lamberti, Casa Giulietta, and San Zeno follow as po",True,3.741516351699829,success
0401274A216285,1,"['Arena', 'Palazzo della Ragione']",Santa Anastasia,"['Duomo', 'Torre Lamberti', 'Casa Giulietta', 'Giardino Giusti', 'AMO']",Torre Lamberti,"These suggestions are based on proximity to current location, with Duomo and Torre Lamberti being the closest at 0.3km. Casa Giulietta and Giardino Giusti follow as popular tourist attractions within ",True,4.389966249465942,success
040127121B6781,0,['Arena'],Torre Lamberti,"['Sighseeing', 'Casa Giulietta', 'Palazzo della Ragione', 'Museo Miniscalchi', 'San Fermo']",Teatro Romano,"These POIs are the closest to the current location, Torre Lamberti, and are popular tourist destinations. Sightseeing is the nearest and often a common starting point for tourists. Casa Giulietta and ",False,4.937955617904663,success
04012E121B6781,0,['Arena'],Casa Giulietta,"['Centro Fotografia', 'Sighseeing', 'Torre Lamberti', 'Palazzo della Ragione', 'San Fermo']",Santa Anastasia,"These suggestions are based on the proximity of the POIs to Casa Giulietta, where the tourist is currently located. The distances range from 0.1km to 0.3km, which can be covered within a reasonable ti",False,3.8520426750183105,success
040129121B6781,1,"['Casa Giulietta', 'Arena', 'Tomba Giulietta']",Teatro Romano,"['Santa Anastasia', 'Duomo', 'AMO', 'Palazzo della Ragione', 'Museo Conte']",Santa Anastasia,"These suggestions are based on proximity to the current location (Teatro Romano). Santa Anastasia and Duomo are the closest points of interest at 0.3km away, followed by AMO and Palazzo della Ragione ",True,4.58367657661438,success
040152121B6781,1,"['Arena', 'Castelvecchio']",Casa Giulietta,"['Centro Fotografia', 'Sighseeing', 'Torre Lamberti', 'Palazzo della Ragione', 'San Fermo']",Torre Lamberti,"These POIs are the closest to the current location, considering typical tourist patterns and time context.",True,2.3173463344573975,success
0401304A216285,1,"['Arena', 'Torre Lamberti']",Palazzo della Ragione,"['AMO', 'Casa Giulietta', 'Duomo', 'Teatro Romano', 'Museo Miniscalchi']",Santa Anastasia,"These POIs are the closest to the current location, taking into account typical tourist patterns on a weekend afternoon. AMO and Casa Giulietta are cultural centers, Duomo is a popular religious site,",False,3.928384780883789,success
0401314A216285,0,"['Santa Anastasia', 'Castelvecchio']",Arena,"['Verona Tour', 'Casa Giulietta', 'Torre Lamberti', 'Sighseeing', 'Museo Lapidario']",Casa Giulietta,"These suggestions are based on proximity to current location, with Verona Tour being the closest and a must-visit for tourists. Casa Giulietta is a popular destination related to the famous Romeo and ",True,3.930677890777588,success
04014A4A216285,1,"['Arena', 'Casa Giulietta']",Palazzo della Ragione,"['AMO', 'Museo Conte', 'Torre Lamberti', 'Centro Fotografia', 'Sighseeing']",Santa Anastasia,"These suggestions are based on proximity to the current location (Palazzo della Ragione) and popular tourist patterns. AMO and Museo Conte are the closest points of interest. Torre Lamberti, Centro Fo",False,3.3414528369903564,success
0401364A216285,0,['Arena'],Castelvecchio,"['Museo Lapidario', 'Verona Tour', 'Torre Lamberti', 'Casa Giulietta', 'San Zeno']",Casa Giulietta,"These suggestions are based on the close proximity of the POIs to the current location (Castelvecchio). Museo Lapidario and Verona Tour are the closest, while Torre Lamberti, Casa Giulietta, and San Z",True,3.751715898513794,success
040147121B6781,0,['Casa Giulietta'],Torre Lamberti,"['Sighseeing', 'Centro Fotografia', 'Palazzo della Ragione', 'Museo Miniscalchi', 'San Fermo']",Arena,"These suggestions are based on the proximity of the POIs to the current location (Torre Lamberti). The nearest POI, Sighseeing, is considered the most likely next destination. The other suggestions co",False,4.063868761062622,success
04014A121B6781,2,"['Arena', 'Museo Lapidario', 'Palazzo della Ragione']",Torre Lamberti,"['Sighseeing', 'Casa Giulietta', 'AMO', 'Museo Miniscalchi', 'Santa Anastasia']",Casa Giulietta,"These POIs are the closest to the current Torre Lamberti and open during the time context of Saturday afternoon. Sightseeing is the nearest and most likely first choice, followed by other popular tour",True,4.1596174240112305,success
04015D121B6781,1,"['Arena', 'Torre Lamberti']",Palazzo della Ragione,"['AMO', 'Casa Giulietta', 'Duomo', 'Teatro Romano', 'Museo Miniscalchi']",Casa Giulietta,"These POIs are the closest to the current location, within 0.5km, and are among the most popular tourist destinations in Verona.",True,2.602964401245117,success
04018B121B6781,4,"['Arena', 'Torre Lamberti']",Casa Giulietta,"['Centro Fotografia', 'Sighseeing', 'Palazzo della Ragione', 'San Fermo', 'AMO']",Santa Anastasia,"These suggestions are based on proximity to current location, with Centro Fotografia and Sighseeing being the closest. The remaining locations are within walking distance and are popular tourist desti",False,2.5674102306365967,success
040168121B6781,2,"['Arena', 'Santa Anastasia']",Castelvecchio,"['Museo Lapidario', 'Verona Tour', 'Torre Lamberti', 'Casa Giulietta', 'Sighseeing']",San Zeno,"These suggestions are based on proximity to current location (Castelvecchio), with Museo Lapidario and Verona Tour being the closest at 0.3km. Torre Lamberti, Casa Giulietta, and Sighseeing follow as ",False,3.212899684906006,success
04016A121B6781,0,['Arena'],Torre Lamberti,"['Sighseeing', 'Centro Fotografia', 'Museo Conte', 'Casa Giulietta', 'Palazzo della Ragione']",Casa Giulietta,These are the next likely points of interest based on their proximity to the current location (Torre Lamberti). Tourist patterns suggest that visitors often visit nearby attractions in order of distan,True,3.1496214866638184,success
040157121B6781,1,['Arena'],Santa Anastasia,"['Duomo', 'Teatro Romano', 'Palazzo della Ragione', 'AMO', 'Casa Giulietta']",Casa Giulietta,"These suggestions are based on proximity to the current location (Santa Anastasia). The Duomo, Teatro Romano, and Palazzo della Ragione are all within 0.3km. AMO is also nearby at 0.1km and Casa Giuli",True,4.030576705932617,success
04015B121B6781,4,"['Arena', 'Casa Giulietta']",Torre Lamberti,"['Palazzo della Ragione', 'AMO', 'Museo Miniscalchi', 'Santa Anastasia', 'San Fermo']",Santa Anastasia,These suggestions are based on the close proximity to the current location (Torre Lamberti). Palazzo della Ragione is the closest and a significant historical site. AMO and Museo Miniscalchi are also ,True,3.978424549102783,success
040178121B6781,0,['Tomba Giulietta'],Arena,"['Verona Tour', 'Casa Giulietta', 'Sighseeing', 'Castelvecchio', 'Torre Lamberti']",Casa Giulietta,"These are the 5 nearest points of interest to the current location (Arena) and the visited location (Tomba Giulietta), considering the typical tourist pattern on a weekend afternoon. They are all with",True,3.7951929569244385,success
0401AE121B6781,4,"['Arena', 'Castelvecchio', 'Casa Giulietta']",Teatro Romano,"['Duomo', 'Santa Anastasia', 'Palazzo della Ragione', 'Arena', 'Museo Conte']",Duomo,"These suggestions are based on proximity to the current location (Teatro Romano), with Duomo and Santa Anastasia being the closest. Palazzo della Ragione, Arena, and Museo Conte are also nearby and ar",True,3.094900608062744,success
0401BB121B6781,2,['Arena'],Torre Lamberti,"['Sighseeing', 'Centro Fotografia', 'Museo Conte', 'Casa Giulietta', 'Palazzo della Ragione']",Tomba Giulietta,"These are the nearest points of interest to Torre Lamberti, making them the most likely next destinations for a tourist. The time context suggests that as a typical tourist attraction, these places wo",False,3.463240623474121,success
0401C04A216281,1,['Arena'],Palazzo della Ragione,"['Casa Giulietta', 'Duomo', 'Teatro Romano', 'AMO', 'Museo Miniscalchi']",Torre Lamberti,These suggestions are based on the proximity of the POIs to the current location (Palazzo della Ragione). Casa Giulietta and Duomo are popular tourist attractions in Verona. Teatro Romano is also a si,False,3.4671480655670166,success
0401D2121B6781,0,['Arena'],Casa Giulietta,"['Centro Fotografia', 'Sighseeing', 'Torre Lamberti', 'Palazzo della Ragione', 'San Fermo']",Tomba Giulietta,"These suggestions are based on the close proximity of the POIs to Casa Giulietta, with Centro Fotografia and Sighseeing being the closest. Torre Lamberti, Palazzo della Ragione, and San Fermo are also",False,3.6737539768218994,success
0401BE121B6781,2,"['Arena', 'Museo Lapidario', 'Palazzo della Ragione', 'Casa Giulietta']",Santa Anastasia,"['AMO', 'Duomo', 'Teatro Romano', 'Torre Lamberti', 'Museo Miniscalchi']",Duomo,"These suggestions are based on proximity to current location, with AMO being the closest (0.1km). Duomo follows as a popular tourist destination (0.3km). Teatro Romano (0.3km), Torre Lamberti (0.3km) ",True,4.5684974193573,success
0401C14A216281,1,['Palazzo della Ragione'],Santa Anastasia,"['AMO', 'Duomo', 'Teatro Romano', 'Torre Lamberti', 'Museo Miniscalchi']",Arena,"These suggestions are based on proximity to current location, with AMO being the closest and others following in ascending order of distance. Tourist patterns suggest that visitors often visit religio",False,3.8153631687164307,success
04021A4A216285,4,['Arena'],Torre Lamberti,"['Sighseeing', 'Centro Fotografia', 'Museo Conte', 'Casa Giulietta', 'Palazzo della Ragione']",Santa Anastasia,"These are the next likely points of interest to visit, as they are the closest to Torre Lamberti and follow the typical tourist pattern in Verona.",False,2.6243953704833984,success
040217121B6781,0,['Arena'],Casa Giulietta,"['Centro Fotografia', 'Sighseeing', 'Torre Lamberti', 'Museo Conte', 'Palazzo della Ragione']",Santa Anastasia,"These suggestions are based on the close proximity of these points of interest to Casa Giulietta, with Centro Fotografia being the closest at 0.1km and Palazzo della Ragione slightly further at 0.3km.",False,3.2624549865722656,success
040219121B6781,4,"['Torre Lamberti', 'Duomo']",Teatro Romano,"['Santa Anastasia', 'Palazzo della Ragione', 'Casa Giulietta', 'Giardino Giusti', 'Museo Miniscalchi']",Arena,"These suggestions are based on proximity to the current location (Teatro Romano), with Santa Anastasia being the closest at 0.3km. The other locations are within walking distance and are popular touri",False,3.374412775039673,success
0401DB4A216281,1,"['Arena', 'San Fermo', 'Teatro Romano']",Torre Lamberti,"['Sighseeing', 'Casa Giulietta', 'Palazzo della Ragione', 'Duomo', 'Museo Miniscalchi']",Palazzo della Ragione,"These POIs are the closest to the current location, Torre Lamberti, and are also some of the most popular tourist destinations in Verona. Given that it is Saturday afternoon, a typical time for sights",True,4.108489274978638,success
0402214A216285,4,"['Arena', 'Torre Lamberti', 'Santa Anastasia', 'Casa Giulietta']",Teatro Romano,"['Duomo', 'AMO', 'Palazzo della Ragione', 'Museo Conte', 'Centro Fotografia']",Castelvecchio,"These suggestions are based on proximity to the current location (Teatro Romano), with Duomo being the closest at 0.3km. The other choices also have short walking distances and align with typical tour",False,3.0716280937194824,success
0402204A216285,1,['Arena'],Palazzo della Ragione,"['Casa Giulietta', 'Duomo', 'Teatro Romano', 'AMO', 'Museo Miniscalchi']",Duomo,"These suggestions are based on proximity to the current location (Palazzo della Ragione) and popular tourist patterns in Verona. Casa Giulietta and Duomo are top attractions, Teatro Romano is not far,",True,3.30053973197937,success
04021E4A216285,4,"['Arena', 'Teatro Romano']",Santa Anastasia,"['Duomo', 'Torre Lamberti', 'Casa Giulietta', 'Museo Miniscalchi', 'AMO']",Torre Lamberti,"These suggestions are based on proximity to current location, with Duomo and Torre Lamberti being the closest major points of interest. Casa Giulietta is a popular tourist destination, while Museo Min",True,4.442730665206909,success
040222121B6781,2,"['Arena', 'Torre Lamberti']",Casa Giulietta,"['Centro Fotografia', 'Sighseeing', 'Palazzo della Ragione', 'San Fermo', 'AMO']",Castelvecchio,"These suggestions are based on proximity to current location (Casa Giulietta) and popular tourist patterns. Centro Fotografia and Sighseeing are the closest points of interest. Palazzo della Ragione, ",False,3.272277355194092,success
040229121B6781,0,['Arena'],Casa Giulietta,"['Centro Fotografia', 'Sighseeing', 'Torre Lamberti', 'Palazzo della Ragione', 'San Fermo']",Castelvecchio,"These POIs are the closest to the current location, and considering typical tourist patterns of visiting popular and historical sites.",False,2.2769994735717773,success
0402304A216285,1,"['Arena', 'Torre Lamberti']",Palazzo della Ragione,"['AMO', 'Casa Giulietta', 'Duomo', 'Teatro Romano', 'Museo Miniscalchi']",Santa Anastasia,"These POIs are the closest to the current location, within a reasonable walking distance and align with typical tourist patterns on a weekend afternoon.",False,2.7375333309173584,success
04022B121B6781,6,['Palazzo della Ragione'],Santa Anastasia,"['Teatro Romano', 'Duomo', 'Torre Lamberti', 'Casa Giulietta', 'Giardino Giusti']",Torre Lamberti,"These suggestions are based on proximity to current location, with Teatro Romano being the closest. Duomo, Torre Lamberti, Casa Giulietta, and Giardino Giusti follow due to their popularity and releva",True,3.1260344982147217,success
0402314A216285,0,"['Santa Anastasia', 'Castelvecchio']",Arena,"['Verona Tour', 'Casa Giulietta', 'Torre Lamberti', 'Sighseeing', 'Museo Lapidario']",Casa Giulietta,"These POIs are the closest to the current location and are also some of the most popular tourist destinations in Verona, making it likely that tourists would visit them next.",True,2.839073419570923,success
0402254A216285,1,['Arena'],Casa Giulietta,"['Centro Fotografia', 'Sighseeing', 'Torre Lamberti', 'Palazzo della Ragione', 'San Fermo']",Palazzo della Ragione,"These suggestions are based on the proximity of the POIs to the current location (Casa Giulietta). The distances range from 0.1km to 0.3km, making them easily reachable within a short period of time d",True,3.9390151500701904,success
040238121B6781,0,['Arena'],Castelvecchio,"['Museo Lapidario', 'Verona Tour', 'Torre Lamberti', 'Casa Giulietta', 'San Fermo']",Giardino Giusti,"These suggestions are based on proximity to current location, with Museo Lapidario and Verona Tour being the closest points of interest. Torre Lamberti, Casa Giulietta, and San Fermo follow as popular",False,3.035048007965088,success
0402274A216285,1,['Arena'],Palazzo della Ragione,"['Casa Giulietta', 'Duomo', 'Teatro Romano', 'AMO', 'Museo Conte']",Santa Anastasia,"These POIs were chosen based on their proximity to the current location (Palazzo della Ragione), with Casa Giulietta and Duomo being the closest. Teatro Romano is also nearby and could be of interest.",False,3.750504732131958,success
040242121B6781,0,['Arena'],Casa Giulietta,"['Centro Fotografia', 'Sighseeing', 'Torre Lamberti', 'Palazzo della Ragione', 'San Fermo']",Santa Anastasia,"These suggestions are based on the proximity of the POIs to Casa Giulietta, where the tourist is currently located. The distances range from 0.1km to 0.3km, making them easily reachable in a short per",False,3.7839272022247314,success
040244121B6781,6,['San Fermo'],Duomo,"['AMO', 'Teatro Romano', 'Santa Anastasia', 'Palazzo della Ragione', 'Casa Giulietta']",Torre Lamberti,"These suggestions are based on the close proximity to the current location (Duomo). AMO and Teatro Romano are the closest, while the others are still within a comfortable walking distance for a Monday",False,3.5374884605407715,success
04024A4A216285,0,['Arena'],Castelvecchio,"['Museo Lapidario', 'Verona Tour', 'Torre Lamberti', 'Casa Giulietta', 'San Fermo']",Casa Giulietta,These suggestions are based on the close proximity of the POIs to the current location (Castelvecchio). Tourist patterns also suggest that these sites are commonly visited after Castelvecchio. The dis,True,3.523585557937622,success
0402474A216285,2,"['Arena', 'Castelvecchio', 'San Zeno']",Casa Giulietta,"['Torre Lamberti', 'Palazzo della Ragione', 'San Fermo', 'AMO', 'Centro Fotografia']",Torre Lamberti,"These suggestions are based on proximity to the current location (Casa Giulietta) and popular tourist patterns in Verona. Torre Lamberti, Palazzo della Ragione, and San Fermo are all within 0.3km and ",True,4.053095102310181,success
04024E121B6781,0,['Arena'],Casa Giulietta,"['Centro Fotografia', 'Sighseeing', 'Torre Lamberti', 'Museo Conte', 'Palazzo della Ragione']",Santa Anastasia,"These suggestions are based on the close proximity of these points of interest to Casa Giulietta, where the tourist is currently located. The distances range from 0.1km to 0.3km, making them easily re",False,3.6836142539978027,success
04024B4A216285,5,"['Arena', 'Castelvecchio']",Duomo,"['AMO', 'Teatro Romano', 'Palazzo della Ragione', 'Torre Lamberti', 'Casa Giulietta']",Museo Storia,"These suggestions are based on the proximity of the POIs to the current location (Duomo). AMO and Teatro Romano are the closest. The following POIs (Palazzo della Ragione, Torre Lamberti, and Casa Giu",False,4.304211616516113,success
040255121B6781,5,"['Arena', 'Duomo']",Torre Lamberti,"['Sighseeing', 'Casa Giulietta', 'Palazzo della Ragione', 'AMO', 'Museo Miniscalchi']",Palazzo della Ragione,"These POIs are the closest to the current location, Torre Lamberti, and are popular tourist attractions in Verona. Given the time context of a Saturday afternoon, these places are likely to have regul",True,3.3929264545440674,success
04025D121B6781,0,['Arena'],Casa Giulietta,"['Centro Fotografia', 'Sighseeing', 'Torre Lamberti', 'Palazzo della Ragione', 'San Fermo']",Teatro Romano,"These suggestions are based on the close proximity of these points of interest to Casa Giulietta, with distances ranging from 0.1km to 0.3km. Tourist patterns also indicate that visitors often explore",False,3.5015554428100586,success
040253121B6781,4,"['Arena', 'Casa Giulietta', 'Santa Anastasia']",Teatro Romano,"['Duomo', 'AMO', 'Palazzo della Ragione', 'Museo Conte', 'Centro Fotografia']",Torre Lamberti,"These suggestions are based on proximity to the current location (Teatro Romano) and considering typical tourist patterns in Verona. The Duomo is the closest point of interest, followed by AMO and Pal",False,3.9388115406036377,success
040263121B6781,0,['Arena'],Tomba Giulietta,"['San Fermo', 'Museo Storia', 'Casa Giulietta', 'Castelvecchio', 'Torre Lamberti']",Castelvecchio,These suggestions are based on the proximity of the POIs to the current location (Tomba Giulietta) and their popularity among tourists. 'San Fermo' and 'Museo Storia' are the closest points of interes,True,3.964257001876831,success
04028B121B6781,4,"['Arena', 'Torre Lamberti']",Casa Giulietta,"['Centro Fotografia', 'Sighseeing', 'Palazzo della Ragione', 'San Fermo', 'AMO']",Santa Anastasia,These suggestions are based on proximity to current location (Casa Giulietta) and popular tourist patterns in Verona. Centro Fotografia and Sighseeing are the closest points of interest. Palazzo della,False,3.851874351501465,success
0402B6121B6781,6,['Castelvecchio'],Torre Lamberti,"['Sighseeing', 'Centro Fotografia', 'Casa Giulietta', 'Palazzo della Ragione', 'AMO']",San Zeno,"These suggestions are based on the proximity of the POIs to the current location (Torre Lamberti). Sightseeing is the closest and most logical next stop. Centro Fotografia, Casa Giulietta, and Palazzo",False,3.928851842880249,success
0402C24A216281,1,['Arena'],Torre Lamberti,"['Sighseeing', 'Centro Fotografia', 'Museo Conte', 'Casa Giulietta', 'Palazzo della Ragione']",Palazzo della Ragione,"These are the 5 nearest points of interest to Torre Lamberti, all within 500 meters. Recommended for a Sunday afternoon visit and suitable for typical tourist patterns.",True,2.828794240951538,success
0402BE121B6781,2,"['Casa Giulietta', 'Torre Lamberti', 'Santa Anastasia', 'Duomo']",Giardino Giusti,"['Teatro Romano', 'Museo Conte', 'Centro Fotografia', 'Palazzo della Ragione', 'San Fermo']",San Fermo,"These suggestions are based on proximity to current location, with Teatro Romano being the closest at 0.6km. The other POIs are also within a comfortable walking distance. They represent a variety of ",True,3.4787533283233643,success
0402B8121B6781,1,"['Arena', 'Torre Lamberti']",Palazzo della Ragione,"['AMO', 'Casa Giulietta', 'Duomo', 'Teatro Romano', 'Museo Miniscalchi']",Santa Anastasia,"These suggestions are based on proximity to current location, with AMO and Casa Giulietta being the closest. Duomo and Teatro Romano are major attractions and likely to be on many tourists' itinerarie",False,3.9718525409698486,success
0402DC121B6781,4,"['Casa Giulietta', 'Teatro Romano']",Duomo,"['AMO', 'Museo Miniscalchi', 'Santa Anastasia', 'Palazzo della Ragione', 'Museo Conte']",Castelvecchio,"These POIs are the closest to the current location, within 0.5km, and considering typical tourist patterns of visiting nearby attractions.",False,2.653914213180542,success
0402C94A216281,0,['Arena'],Casa Giulietta,"['Centro Fotografia', 'Sighseeing', 'Torre Lamberti', 'Palazzo della Ragione', 'San Fermo']",Duomo,"These suggestions are based on the proximity of the POIs to Casa Giulietta, where the tourist is currently located. The distances range from 0.1km to 0.3km, making them easily reachable within a short",False,3.5839929580688477,success
0402C04A216281,1,['Arena'],Palazzo della Ragione,"['Casa Giulietta', 'Duomo', 'Teatro Romano', 'AMO', 'Museo Miniscalchi']",Torre Lamberti,"These suggestions are based on proximity to the current location (Palazzo della Ragione) and popular tourist patterns in Verona on Sunday afternoons. Casa Giulietta, Duomo, and Teatro Romano are all m",False,4.1178812980651855,success
0402E4121B6781,5,"['Arena', 'Santa Anastasia', 'San Zeno']",Tomba Giulietta,"['San Fermo', 'Museo Storia', 'Casa Giulietta', 'Castelvecchio', 'Torre Lamberti']",Museo Storia,"These suggestions are based on proximity to the current location and popular tourist patterns. San Fermo, Museo Storia, and Casa Giulietta are all within 1km and are among the most visited sites in Ve",True,3.664674758911133,success
040329121B6781,0,['Arena'],Casa Giulietta,"['Centro Fotografia', 'Sighseeing', 'Torre Lamberti', 'Museo Conte', 'Palazzo della Ragione']",Castelvecchio,"These suggestions are based on the close proximity of these points of interest to Casa Giulietta, where the tourist is currently located. The distances range from 0.1km to 0.3km, making them easily re",False,3.026503324508667,success
040319121B6781,4,"['Torre Lamberti', 'Duomo']",Teatro Romano,"['Santa Anastasia', 'Palazzo della Ragione', 'Casa Giulietta', 'Teatro Romano', 'Duomo']",Arena,"These suggestions are based on proximity to current location, time context and popular tourist patterns. Santa Anastasia is the closest point of interest, followed by Palazzo della Ragione and Casa Gi",False,3.6590802669525146,success
04031A4A216285,0,['Arena'],Torre Lamberti,"['Sighseeing', 'Centro Fotografia', 'Casa Giulietta', 'Palazzo della Ragione', 'AMO']",Teatro Romano,These suggestions are based on the close proximity of the POIs to the current location (Torre Lamberti). Tourist patterns also suggest that these sites are commonly visited after the Arena. The time c,False,3.4930007457733154,success
040303121B6785,0,['Casa Giulietta'],Torre Lamberti,"['Palazzo della Ragione', 'AMO', 'Museo Miniscalchi', 'Santa Anastasia', 'San Fermo']",Arena,"These suggestions are based on the proximity of the POIs to the current location (Torre Lamberti). The nearest POI, Palazzo della Ragione, is only 0.2km away. AMO and Museo Miniscalchi are also nearby",False,5.0701234340667725,success
0403474A216285,1,"['Arena', 'Casa Giulietta']",Palazzo della Ragione,"['Teatro Romano', 'Duomo', 'AMO', 'Museo Miniscalchi', 'Torre Lamberti']",Santa Anastasia,"These suggestions are based on proximity to current location, popular tourist patterns and time context. Teatro Romano and Duomo are major attractions nearby. AMO and Museo Miniscalchi offer cultural ",False,2.8018908500671387,success
0402DF121B6781,6,"['Torre Lamberti', 'Santa Anastasia']",Duomo,"['AMO', 'Teatro Romano', 'Palazzo della Ragione', 'Museo Miniscalchi', 'Casa Giulietta']",Teatro Romano,"These POIs are the closest to the current location (Duomo) and are among the most popular tourist destinations in Verona. AMO is only 0.2km away, Teatro Romano and Palazzo della Ragione are 0.3km away",True,5.423608779907227,success
040338121B6781,0,['Arena'],Castelvecchio,"['Museo Lapidario', 'Verona Tour', 'Torre Lamberti', 'Casa Giulietta', 'San Fermo']",Giardino Giusti,"These suggestions are based on proximity to current location, with Museo Lapidario and Verona Tour being the closest at 0.3km, followed by Torre Lamberti and Casa Giulietta at 0.9km, and finally San F",False,3.8687496185302734,success
04034B4A216285,0,"['Arena', 'Casa Giulietta']",Torre Lamberti,"['Sighseeing', 'Centro Fotografia', 'Palazzo della Ragione', 'Museo Miniscalchi', 'San Fermo']",Teatro Romano,"These POIs are the closest to the current location, Torre Lamberti, and considering the usual time context of Tuesday afternoon, these places are likely to be less crowded than others.",False,3.1617321968078613,success
040356121B6781,1,"['Torre Lamberti', 'Palazzo della Ragione']",Arena,"['Verona Tour', 'Museo Lapidario', 'San Fermo', 'Casa Giulietta', 'Castelvecchio']",Casa Giulietta,"These POIs are the closest to the current location and are among the most visited tourist attractions in Verona, making them the most likely next destinations for tourists.",True,2.0583112239837646,success
040344121B6781,6,['San Fermo'],Duomo,"['AMO', 'Teatro Romano', 'Santa Anastasia', 'Palazzo della Ragione', 'Casa Giulietta']",Torre Lamberti,"These suggestions are based on proximity to current location (Duomo). AMO and Teatro Romano are the closest. The remaining POIs follow a pattern of popular historical sites, including churches (Santa ",False,3.900226593017578,success
040359121B6781,6,['Torre Lamberti'],Santa Anastasia,"['AMO', 'Museo Conte', 'Palazzo della Ragione', 'Teatro Romano', 'Duomo']",Duomo,"These are the next five closest points of interest to Santa Anastasia, all within easy walking distance and in line with typical tourist patterns.",True,2.3974838256835938,success
0403334A216285,0,['Arena'],Torre Lamberti,"['Sighseeing', 'Centro Fotografia', 'Casa Giulietta', 'Palazzo della Ragione', 'AMO']",Casa Giulietta,"These suggestions are based on the close proximity to the current location (Torre Lamberti). Tourist patterns indicate that visitors often prioritize nearby points of interest. The first suggestion, S",True,5.171848297119141,success
040355121B6781,6,['Santa Anastasia'],Duomo,"['AMO', 'Teatro Romano', 'Palazzo della Ragione', 'Torre Lamberti', 'Casa Giulietta']",Casa Giulietta,"These suggestions are based on proximity to current location (Duomo). AMO and Teatro Romano are the closest. Palazzo della Ragione, Torre Lamberti, and Casa Giulietta are also nearby and are popular t",True,3.448258876800537,success
040354121B6781,6,['Torre Lamberti'],Santa Anastasia,"['AMO', 'Museo Conte', 'Palazzo della Ragione', 'Teatro Romano', 'Duomo']",Duomo,"These suggestions are based on the proximity of the POIs to the current location (Santa Anastasia). AMO is the closest at 0.1km, followed by Museo Conte and Palazzo della Ragione at 0.2km, Teatro Roma",True,4.369075059890747,success
040358121B6781,0,['Arena'],Casa Giulietta,"['Centro Fotografia', 'Sighseeing', 'Torre Lamberti', 'Museo Conte', 'Palazzo della Ragione']",Torre Lamberti,"These suggestions are based on the close proximity of these points of interest to Casa Giulietta, where it is currently located. Tourist patterns also suggest that visitors often visit multiple nearby",True,3.6597986221313477,success
04035C121B6781,2,['San Zeno'],Casa Giulietta,"['Centro Fotografia', 'Torre Lamberti', 'Palazzo della Ragione', 'San Fermo', 'Museo Miniscalchi']",Arena,"These suggestions are based on the close proximity of these points of interest to Casa Giulietta, with Centro Fotografia and Torre Lamberti being the closest. Palazzo della Ragione, San Fermo, and Mus",False,3.8266797065734863,success
040363121B6781,0,['Arena'],Tomba Giulietta,"['San Fermo', 'Museo Storia', 'Casa Giulietta', 'Castelvecchio', 'Torre Lamberti']",Castelvecchio,"These suggestions are based on the proximity of the POIs to the current location, with San Fermo and Museo Storia being the closest. Casa Giulietta is a popular tourist destination, while Castelvecchi",True,3.8433897495269775,success
04036F121B6781,0,['Arena'],Torre Lamberti,"['Sighseeing', 'Centro Fotografia', 'Casa Giulietta', 'Palazzo della Ragione', 'AMO']",Teatro Romano,These suggestions are based on the close proximity of the POIs to the current location (Torre Lamberti). Tourist patterns suggest that visitors often prioritize nearby attractions during their itinera,False,3.494490146636963,success
04035E121B6781,1,"['Arena', 'Palazzo della Ragione']",Santa Anastasia,"['Duomo', 'Torre Lamberti', 'Casa Giulietta', 'Giardino Giusti', 'AMO']",Teatro Romano,"These suggestions are based on proximity to current location (Santa Anastasia) and popular tourist patterns in Verona. Duomo, Torre Lamberti, and Casa Giulietta are all well-known landmarks within 0.4",False,3.9661476612091064,success
040387121B6781,0,['Arena'],Teatro Romano,"['Duomo', 'Palazzo della Ragione', 'Museo Conte', 'Torre Lamberti', 'Santa Anastasia']",Museo Lapidario,"These suggestions are based on proximity to the current location (Teatro Romano), with Duomo and Santa Anastasia being the closest. Tourist patterns suggest that these sites are commonly visited after",False,3.472189426422119,success
04038A121B6781,0,['Arena'],Santa Anastasia,"['AMO', 'Duomo', 'Teatro Romano', 'Palazzo della Ragione', 'Museo Conte']",Torre Lamberti,"These suggestions are based on a balance of proximity, time context and tourist patterns. AMO is the closest point of interest to Santa Anastasia. Duomo, Teatro Romano, Palazzo della Ragione, and Muse",False,3.436594247817993,success
0403C1121B6781,1,"['Arena', 'Palazzo della Ragione']",Torre Lamberti,"['Sighseeing', 'Casa Giulietta', 'Museo Conte', 'AMO', 'Santa Anastasia']",Tomba Giulietta,"These POIs are the closest to the current location and are popular tourist attractions, making them likely choices for visitors.",False,2.3684403896331787,success
0403A14A216281,4,"['Arena', 'Teatro Romano']",Torre Lamberti,"['Sighseeing', 'Centro Fotografia', 'Palazzo della Ragione', 'AMO', 'Museo Miniscalchi']",Casa Giulietta,"These suggestions are based on proximity to the current location (Torre Lamberti) and popular tourist patterns. Suggested points of interest include nearby attractions such as the Sighseeing area, Cen",False,3.925126791000366,success
0403B6121B6781,6,['Castelvecchio'],Duomo,"['AMO', 'Duomo', 'Teatro Romano', 'Palazzo della Ragione', 'Casa Giulietta']",Casa Giulietta,"These suggestions are based on the provided data. AMO is the closest point of interest to Castelvecchio, followed by Teatro Romano and Palazzo della Ragione which are equally close to the Duomo. Casa ",True,3.477787733078003,success
0403B8121B6781,1,"['Arena', 'Casa Giulietta']",Palazzo della Ragione,"['AMO', 'Museo Conte', 'Torre Lamberti', 'Centro Fotografia', 'Sighseeing']",Torre Lamberti,"These suggestions are based on proximity to current location (Palazzo della Ragione), with AMO and Museo Conte being the closest at 0.1km. The remaining POIs are within 0.2-0.5km, making them reasonab",True,3.7222940921783447,success
0403DD4A216281,1,"['Arena', 'Palazzo della Ragione', 'Torre Lamberti']",Casa Giulietta,"['Centro Fotografia', 'Sighseeing', 'AMO', 'San Fermo', 'Santa Anastasia']",Duomo,"These POIs are the closest to the current location, considering typical tourist patterns of visiting nearby attractions and the remaining time in the afternoon.",False,1.9104313850402832,success
0403BD121B6781,4,"['Arena', 'Casa Giulietta', 'Torre Lamberti']",Santa Anastasia,"['AMO', 'Museo Conte', 'Palazzo della Ragione', 'Teatro Romano', 'Duomo']",Duomo,"These suggestions are based on proximity to current location, Santa Anastasia. AMO is the closest point of interest at 0.1km, followed by Museo Conte at 0.2km, Palazzo della Ragione also at 0.2km, Tea",True,4.586168050765991,success
0403C24A216281,1,['Arena'],Torre Lamberti,"['Sighseeing', 'Centro Fotografia', 'Museo Conte', 'Casa Giulietta', 'Palazzo della Ragione']",Palazzo della Ragione,"These are the 5 nearest points of interest to Torre Lamberti, which is the current location of the tourist. The time context suggests that it is still Sunday afternoon and these places are typically o",True,4.251976728439331,success
0403DC121B6781,4,"['Casa Giulietta', 'Teatro Romano']",Duomo,"['AMO', 'Museo Miniscalchi', 'Santa Anastasia', 'Palazzo della Ragione', 'Museo Conte']",Castelvecchio,"These POIs are the closest to the current location, and considering typical tourist patterns of visiting nearby attractions, they are the most likely next destinations.",False,2.717891216278076,success
0403C94A216281,2,['Arena'],Castelvecchio,"['Museo Lapidario', 'Verona Tour', 'Torre Lamberti', 'Casa Giulietta', 'San Fermo']",San Zeno,"These suggestions are based on a balanced consideration of time context, distances and tourist patterns. Museo Lapidario and Verona Tour are the closest points of interest to Castelvecchio, making the",False,3.387525796890259,success
0403D6121B6781,4,"['Arena', 'Casa Giulietta', 'Santa Anastasia']",San Fermo,"['Museo Storia', 'Torre Lamberti', 'Sighseeing', 'Palazzo della Ragione', 'Museo Lapidario']",Castelvecchio,"These suggestions are based on proximity to the current location (San Fermo), with distances ranging from 0.2km to 0.7km. The time context of a Saturday afternoon and typical tourist patterns of visit",False,3.5452680587768555,success
0403DF121B6781,6,"['Torre Lamberti', 'Santa Anastasia']",Duomo,"['AMO', 'Teatro Romano', 'Palazzo della Ragione', 'Casa Giulietta', 'Museo Radio']",Teatro Romano,"These POIs are the closest to the current location (Duomo) and are popular among tourists, with distances ranging from 0.2km to 0.8km.",True,2.7865688800811768,success
0403C7121B6781,0,['Arena'],Castelvecchio,"['Museo Lapidario', 'Verona Tour', 'Torre Lamberti', 'Casa Giulietta', 'San Zeno']",Casa Giulietta,"These suggestions are based on proximity to current location (Castelvecchio), with Museo Lapidario and Verona Tour being the closest at 0.3km. Torre Lamberti, Casa Giulietta, and San Zeno follow as po",True,3.939544677734375,success
0403DE121B6781,5,"['Arena', 'Museo Lapidario', 'Casa Giulietta']",Torre Lamberti,"['Sighseeing', 'Centro Fotografia', 'Palazzo della Ragione', 'Museo Miniscalchi', 'Duomo']",Museo Storia,"These POIs are the closest to the current location, Torre Lamberti, and considering the usual time for visiting a tourist spot is around 1-2 hours, the suggested POIs can be visited within a Thursday ",False,3.283034324645996,success
0403C34A216281,0,['Arena'],Torre Lamberti,"['Sighseeing', 'Casa Giulietta', 'Palazzo della Ragione', 'Museo Miniscalchi', 'San Fermo']",Casa Giulietta,"These POIs are the closest to the current location, Torre Lamberti, and are popular tourist destinations. Sightseeing is the nearest and often a common starting point for tourists. Casa Giulietta and ",True,4.802402973175049,success
040403121B6785,0,['Casa Giulietta'],Torre Lamberti,"['Sighseeing', 'Centro Fotografia', 'Palazzo della Ragione', 'Museo Miniscalchi', 'San Fermo']",Arena,"These are the nearest points of interest to Torre Lamberti, and considering it's still early in the day and tourists often visit multiple sights in close proximity, these are likely choices.",False,2.4897799491882324,success
0403DD121B6781,2,"['Arena', 'San Zeno', 'Castelvecchio']",Casa Giulietta,"['Centro Fotografia', 'Torre Lamberti', 'Palazzo della Ragione', 'San Fermo', 'Museo Miniscalchi']",Santa Anastasia,"These suggestions are based on proximity to the current location (Casa Giulietta) and popular tourist patterns in Verona. Centro Fotografia, Torre Lamberti, and Palazzo della Ragione are all within 0.",False,4.868301868438721,success
0403E4121B6781,5,"['Arena', 'Santa Anastasia', 'San Zeno']",Tomba Giulietta,"['San Fermo', 'Museo Storia', 'Casa Giulietta', 'Castelvecchio', 'Torre Lamberti']",Museo Storia,"These suggestions are based on proximity to current location, with San Fermo and Museo Storia being the closest at 0.6km. Casa Giulietta, Castelvecchio, and Torre Lamberti are also nearby and are popu",True,3.8764309883117676,success
0404224A216285,1,"['Arena', 'Museo Lapidario', 'Castelvecchio']",Palazzo della Ragione,"['AMO', 'Casa Giulietta', 'Duomo', 'Teatro Romano', 'Museo Miniscalchi']",Torre Lamberti,"These POIs are the closest to the current location, within a reasonable walking distance and align with typical tourist patterns in Verona's cluster 1.",False,2.55553936958313,success
0404334A216285,0,['Arena'],Casa Giulietta,"['Centro Fotografia', 'Sighseeing', 'Torre Lamberti', 'Palazzo della Ragione', 'San Fermo']",Torre Lamberti,"These POIs are the closest to the current location, considering typical tourist patterns of visiting popular landmarks in a logical sequence.",True,2.432903528213501,success
0404054A216285,1,['Casa Giulietta'],Palazzo della Ragione,"['Teatro Romano', 'Duomo', 'Museo Miniscalchi', 'AMO', 'Torre Lamberti']",Castelvecchio,"These suggestions are based on proximity to current location, popular tourist patterns and time context. Teatro Romano and Duomo are major historical sites, Museo Miniscalchi offers art and history ex",False,3.58262300491333,success
040439121B6781,1,"['Arena', 'Castelvecchio']",Palazzo della Ragione,"['AMO', 'Museo Conte', 'Torre Lamberti', 'Casa Giulietta', 'Duomo']",Torre Lamberti,"These POIs are the closest to the current location, following the typical tourist pattern of visiting historical and cultural sites.",True,2.59542179107666,success
0404294A216285,2,['Arena'],San Zeno,"['Castelvecchio', 'San Zeno', 'Torre Lamberti', 'Casa Giulietta', 'Palazzo della Ragione']",Torre Lamberti,"These suggestions are based on proximity to the current location, with Castelvecchio being the closest at 0.7km. San Zeno is also included as it is the current point of interest. The remaining locatio",True,3.23457670211792,success
0404394A216285,4,"['Arena', 'Casa Giulietta', 'Torre Lamberti']",Palazzo della Ragione,"['AMO', 'Museo Conte', 'Centro Fotografia', 'Santa Anastasia', 'Duomo']",Santa Anastasia,"These are the 5 nearest points of interest to Palazzo della Ragione, all within walking distance. Based on typical tourist patterns and time constraints, these sites are likely to be the next stops fo",True,2.8295698165893555,success
040428121B6781,6,['Torre Lamberti'],Teatro Romano,"['Duomo', 'Santa Anastasia', 'Palazzo della Ragione', 'AMO', 'Casa Giulietta']",Casa Giulietta,"These suggestions are based on proximity to current location, with Duomo and Santa Anastasia being the closest points of interest. Palazzo della Ragione and AMO follow dueing to their cultural signifi",True,4.0379838943481445,success
040445121B6781,1,['Arena'],Casa Giulietta,"['Centro Fotografia', 'Sighseeing', 'Torre Lamberti', 'Palazzo della Ragione', 'San Fermo']",Torre Lamberti,"These POIs are the closest to the current location, within 0.1-0.3km, and are popular among tourists during weekend afternoons.",True,2.647141218185425,success
040438121B6781,1,['Castelvecchio'],Casa Giulietta,"['Torre Lamberti', 'Palazzo della Ragione', 'San Fermo', 'AMO', 'Centro Fotografia']",Palazzo della Ragione,"These suggestions are based on the close proximity to the current location Casa Giulietta. Torre Lamberti and Palazzo della Ragione are popular tourist attractions, while San Fermo is a beautiful chur",True,3.926910400390625,success
04044E121B6781,4,"['Castelvecchio', 'Arena']",Duomo,"['AMO', 'Museo Miniscalchi', 'Santa Anastasia', 'Teatro Romano', 'Palazzo della Ragione']",Casa Giulietta,"These POIs are the closest to the current location, AMO being the nearest (0.2km). Tourist patterns suggest that visitors often visit multiple nearby attractions in a single outing.",False,3.0194547176361084,success
040452121B6781,0,['Arena'],Torre Lamberti,"['Sighseeing', 'Centro Fotografia', 'Casa Giulietta', 'Palazzo della Ragione', 'AMO']",Santa Anastasia,These suggestions are based on the close proximity to the current location (Torre Lamberti). Tourist patterns indicate that visitors often visit nearby points of interest. The time context suggests th,False,3.1233980655670166,success
04044C121B6781,1,['Arena'],San Fermo,"['Casa Giulietta', 'Torre Lamberti', 'Sighseeing', 'Palazzo della Ragione', 'Museo Conte']",Palazzo della Ragione,"These places are popular among tourists and located near the current location, considering the time context and distances. Casa Giulietta is a famous attraction, Torre Lamberti offers panoramic views,",True,4.093661069869995,success
040456121B6781,1,"['Torre Lamberti', 'Palazzo della Ragione']",Arena,"['Verona Tour', 'Museo Lapidario', 'San Fermo', 'Casa Giulietta', 'Castelvecchio']",Casa Giulietta,"These suggestions are based on proximity to current location (Arena), with Verona Tour as the closest point of interest. The remaining suggestions follow an order of increasing distance, while still b",True,3.18947172164917,success
040451121B6781,1,['Arena'],Castelvecchio,"['Museo Lapidario', 'Verona Tour', 'Torre Lamberti', 'Casa Giulietta', 'San Fermo']",Casa Giulietta,"These suggestions are based on proximity to current location (Castelvecchio), with Museo Lapidario and Verona Tour being the closest at 0.3km. Torre Lamberti, Casa Giulietta, and San Fermo follow, all",True,4.017636775970459,success
040455121B6781,0,['Arena'],Casa Giulietta,"['Centro Fotografia', 'Sighseeing', 'Torre Lamberti', 'Palazzo della Ragione', 'San Fermo']",Torre Lamberti,"These suggestions are based on the close proximity of these points of interest to Casa Giulietta, with distances ranging from 0.1km to 0.3km. Tourist patterns also indicate that visitors often explore",True,3.607182025909424,success
040458121B6781,5,['Arena'],Casa Giulietta,"['Centro Fotografia', 'Sighseeing', 'Torre Lamberti', 'Palazzo della Ragione', 'San Fermo']",Museo Storia,"These suggestions are based on the proximity of the POIs to Casa Giulietta, where the tourist is currently located. The nearest points of interest have been given priority. They also consider typical ",False,3.2054336071014404,success
04045C121B6781,2,['San Zeno'],Casa Giulietta,"['Centro Fotografia', 'Sighseeing', 'Torre Lamberti', 'Palazzo della Ragione', 'San Fermo']",Arena,"These suggestions are based on the close proximity of the POIs to Casa Giulietta, where the tourist is currently located. The distances range from 0.1km to 0.3km, making them easily reachable within a",False,3.7570371627807617,success
04046F121B6781,0,['Casa Giulietta'],Arena,"['Verona Tour', 'Museo Lapidario', 'Castelvecchio', 'Torre Lamberti', 'Sighseeing']",Teatro Romano,"These POIs are the closest to the current location, within 0.6km, and are popular among tourists during weekend afternoons.",False,2.4113407135009766,success
040469121B6781,4,"['Castelvecchio', 'Casa Giulietta']",Duomo,"['AMO', 'Teatro Romano', 'Palazzo della Ragione', 'Torre Lamberti', 'Museo Conte']",Teatro Romano,"These suggestions are based on the proximity of the POIs to the current location (Duomo). AMO and Teatro Romano are the closest, followed by Palazzo della Ragione, Torre Lamberti, and Museo Conte. Thi",True,3.45150089263916,success
040460121B6781,0,['Arena'],Casa Giulietta,"['Centro Fotografia', 'Torre Lamberti', 'Palazzo della Ragione', 'San Fermo', 'Museo Miniscalchi']",Santa Anastasia,"These suggestions are based on the proximity of the POIs to Casa Giulietta, where the tourist is currently located. The distances range from 0.1km to 0.4km, making them easily reachable within a short",False,4.446075916290283,success
040467121B6781,4,"['Arena', 'Casa Giulietta', 'Torre Lamberti']",Santa Anastasia,"['AMO', 'Museo Conte', 'Palazzo della Ragione', 'Teatro Romano', 'Duomo']",Teatro Romano,"These suggestions are based on the proximity of the POIs to the current location (Santa Anastasia). AMO is the closest at 0.1km, followed by Museo Conte and Palazzo della Ragione at 0.2km, Teatro Roma",True,4.3909947872161865,success
04045E121B6781,1,"['Arena', 'Casa Giulietta']",Palazzo della Ragione,"['AMO', 'Museo Conte', 'Torre Lamberti', 'Santa Anastasia', 'Duomo']",Torre Lamberti,"These are the next most likely points of interest to visit, as they are the closest in distance to the current location (Palazzo della Ragione) and follow the typical tourist pattern. AMO and Museo Co",True,4.772874116897583,success
04046C121B6781,4,"['Arena', 'Casa Giulietta', 'Torre Lamberti']",Palazzo della Ragione,"['AMO', 'Museo Conte', 'Centro Fotografia', 'Santa Anastasia', 'Duomo']",Teatro Romano,"These POIs are ranked by proximity to the current location (Palazzo della Ragione) and follow tourist patterns, with AMO being the closest at 0.1km, followed by Museo Conte, Centro Fotografia, Santa A",False,4.1669158935546875,success
0404BD121B6781,0,"['Arena', 'Casa Giulietta']",Torre Lamberti,"['Sighseeing', 'Centro Fotografia', 'Palazzo della Ragione', 'Museo Miniscalchi', 'San Fermo']",Santa Anastasia,"These POIs are the closest to the current location, Torre Lamberti, and considering the usual time context of Friday afternoons, they are likely choices for tourists to visit given their popularity an",False,3.0418128967285156,success
040491121B6781,5,"['Casa Giulietta', 'Museo Storia']",San Fermo,"['Arena', 'Torre Lamberti', 'Sighseeing', 'Museo Conte', 'Palazzo della Ragione']",Tomba Giulietta,"These suggestions are based on proximity to current location, with Arena being the closest and a major tourist attraction. Torre Lamberti offers panoramic views and is also nearby. Sightseeing opportu",False,3.5672554969787598,success
04048A121B6781,5,"['Arena', 'San Fermo']",Museo Storia,"['Museo Radio', 'Casa Giulietta', 'Torre Lamberti', 'Sighseeing', 'Palazzo della Ragione']",Casa Giulietta,"These suggestions are based on proximity to the current location, with Museo Radio being the closest and a popular tourist destination. Casa Giulietta is a well-known attraction, followed by Torre Lam",True,3.9622652530670166,success
0404BC121B6781,2,"['Arena', 'Santa Anastasia', 'Palazzo della Ragione']",Casa Giulietta,"['Centro Fotografia', 'Sighseeing', 'Torre Lamberti', 'San Fermo', 'AMO']",San Zeno,"These suggestions are based on the proximity of the POIs to Casa Giulietta, where the tourist is currently located. The distances range from 0.1km to 0.4km, making them easily reachable within a short",False,3.7605793476104736,success
0404AE4A216281,1,"['Castelvecchio', 'Torre Lamberti']",Palazzo della Ragione,"['AMO', 'Museo Conte', 'Casa Giulietta', 'Duomo', 'Teatro Romano']",Arena,"These POIs are the closest to the current location, AMO and Museo Conte being only 0.1km away, followed by Casa Giulietta and Duomo at 0.3km, and Teatro Romano at 0.4km. This selection also considers ",False,4.026169776916504,success
0404C34A216281,0,"['Arena', 'Casa Giulietta']",Torre Lamberti,"['Sighseeing', 'Palazzo della Ragione', 'Museo Miniscalchi', 'Santa Anastasia', 'San Fermo']",Santa Anastasia,These suggestions are based on the close proximity to the current location (Torre Lamberti). Tourist patterns suggest that visitors often visit nearby points of interest. The time context of a Saturda,True,3.1656785011291504,success
0404C1121B6781,4,"['Arena', 'Torre Lamberti']",Santa Anastasia,"['AMO', 'Museo Conte', 'Duomo', 'Teatro Romano', 'Casa Giulietta']",Castelvecchio,"These POIs are ranked by proximity to the current location (Santa Anastasia). AMO and Museo Conte are the closest, followed by Duomo, Teatro Romano, and Casa Giulietta. This ranking takes into account",False,3.6908979415893555,success
0404DD121B6781,2,"['Arena', 'San Zeno', 'Castelvecchio']",Casa Giulietta,"['Torre Lamberti', 'Palazzo della Ragione', 'San Fermo', 'AMO', 'Santa Anastasia']",Santa Anastasia,"These POIs are nearby, less than 0.5km from the current location, and follow the pattern of historical and cultural sites typically visited by tourists.",True,2.4112439155578613,success
0404C4121B6781,4,"['Arena', 'Duomo']",Santa Anastasia,"['AMO', 'Teatro Romano', 'Torre Lamberti', 'Casa Giulietta', 'Museo Miniscalchi']",Casa Giulietta,"These suggestions are based on proximity to current location, with AMO being the closest at 0.1km. Teatro Romano and Torre Lamberti are also nearby and could be of interest. Casa Giulietta and Museo M",True,3.6964075565338135,success
0404CE121B6781,1,"['Arena', 'Casa Giulietta', 'Teatro Romano']",Castelvecchio,"['Museo Lapidario', 'Verona Tour', 'Torre Lamberti', 'San Zeno', 'Palazzo della Ragione']",Torre Lamberti,"These suggestions are based on proximity to the current location (Castelvecchio), with Museo Lapidario and Verona Tour being the closest at 0.3km. Torre Lamberti, San Zeno, and Palazzo della Ragione o",True,3.832746744155884,success
0404D6121B6781,4,"['Arena', 'Casa Giulietta', 'Santa Anastasia']",San Fermo,"['Museo Storia', 'Torre Lamberti', 'Sighseeing', 'Palazzo della Ragione', 'Centro Fotografia']",Castelvecchio,"These suggestions are based on proximity to current location, with Museo Storia and Torre Lamberti being the closest. Suggesting popular attractions like Sighseeing and Palazzo della Ragione for their",False,3.8771440982818604,success
0404BF121B6781,2,"['Arena', 'Santa Anastasia', 'Duomo', 'Casa Giulietta']",Torre Lamberti,"['Sighseeing', 'Centro Fotografia', 'Palazzo della Ragione', 'Museo Miniscalchi', 'San Fermo']",Palazzo della Ragione,"These suggestions are based on proximity to the current location (Torre Lamberti). The nearest POIs have been chosen, considering a typical tourist's interest in historical and cultural sites. 'Sighse",True,5.644888401031494,success
0404DE121B6781,5,"['Arena', 'Museo Lapidario', 'Casa Giulietta']",Torre Lamberti,"['Sighseeing', 'Centro Fotografia', 'Palazzo della Ragione', 'Museo Miniscalchi', 'Duomo']",Museo Storia,"These suggestions are based on proximity to the current location (Torre Lamberti) and popular tourist patterns. Suggested points of interest include nearby attractions such as the Sighseeing area, Cen",False,4.195716142654419,success
0404E74A216281,0,['Arena'],Casa Giulietta,"['Centro Fotografia', 'Sighseeing', 'Torre Lamberti', 'Palazzo della Ragione', 'San Fermo']",Torre Lamberti,"These suggestions are based on the proximity of the POIs to Casa Giulietta, where the tourist is currently located. The distances range from 0.1km to 0.3km, making them easily reachable within a short",True,4.273778200149536,success
0404E84A216281,0,['Arena'],Casa Giulietta,"['Centro Fotografia', 'Sighseeing', 'Torre Lamberti', 'Palazzo della Ragione', 'San Fermo']",Santa Anastasia,"These suggestions are based on the close proximity of the POIs to Casa Giulietta, with Centro Fotografia and Sighseeing being the closest at 0.1km. Torre Lamberti, Palazzo della Ragione, and San Fermo",False,4.351329565048218,success
0405054A216285,1,['Casa Giulietta'],Palazzo della Ragione,"['Torre Lamberti', 'Duomo', 'Teatro Romano', 'AMO', 'Museo Miniscalchi']",Castelvecchio,"These suggestions are based on the proximity of the POIs to the current location (Palazzo della Ragione). Torre Lamberti is the closest at 0.2km, followed by Duomo at 0.3km, Teatro Romano at 0.4km, AM",False,4.169030666351318,success
0405244A216285,1,"['Arena', 'Castelvecchio']",Torre Lamberti,"['Sighseeing', 'Casa Giulietta', 'Palazzo della Ragione', 'AMO', 'Museo Miniscalchi']",Palazzo della Ragione,"These POIs are not only the closest to the current location (Torre Lamberti), but also popular among tourists. Given the usual time context of a Friday afternoon, these places are perfect for sightsee",True,2.8351950645446777,success
040516121B6781,1,"['Arena', 'Casa Giulietta']",Torre Lamberti,"['Palazzo della Ragione', 'AMO', 'Museo Miniscalchi', 'Santa Anastasia', 'San Fermo']",Palazzo della Ragione,"These POIs are the next most likely destinations based on their proximity to the current location (Torre Lamberti) and typical tourist patterns in Verona. Palazzo della Ragione is the closest, followe",True,4.3895251750946045,success
0405224A216285,5,"['Arena', 'Duomo', 'Casa Giulietta', 'Torre Lamberti']",Palazzo della Ragione,"['AMO', 'Museo Conte', 'Sighseeing', 'Santa Anastasia', 'Teatro Romano']",Tomba Giulietta,"These suggestions are based on proximity to current location (Palazzo della Ragione), with AMO and Museo Conte being the closest at 0.1km. The remaining POIs are within 0.7km, which is still a reasona",False,3.807023286819458,success
0405184A216285,1,"['Arena', 'Casa Giulietta']",Torre Lamberti,"['Sighseeing', 'Centro Fotografia', 'Palazzo della Ragione', 'Museo Miniscalchi', 'San Fermo']",Palazzo della Ragione,"These suggestions are based on proximity to current location, with Sighseeing being the closest and San Fermo slightly further but still within a reasonable walking distance. Tourist patterns suggest ",True,4.2108473777771,success
040539121B6781,1,"['Arena', 'Castelvecchio']",Palazzo della Ragione,"['AMO', 'Museo Conte', 'Torre Lamberti', 'Casa Giulietta', 'Duomo']",Torre Lamberti,"These POIs are the closest to the current location, following the typical tourist pattern of visiting historical and cultural sites.",True,2.3299384117126465,success
040528121B6781,0,['Arena'],Castelvecchio,"['Museo Lapidario', 'Verona Tour', 'Torre Lamberti', 'Casa Giulietta', 'San Fermo']",Casa Giulietta,"These suggestions are based on proximity to current location (Castelvecchio), with Museo Lapidario and Verona Tour being the closest at 0.3km. Torre Lamberti, Casa Giulietta, and San Fermo follow, all",True,4.035937786102295,success
0405264A216285,4,['Arena'],Casa Giulietta,"['Centro Fotografia', 'Torre Lamberti', 'Palazzo della Ragione', 'San Fermo', 'Museo Miniscalchi']",Santa Anastasia,"These suggestions are based on the proximity of the POIs to Casa Giulietta, where it is assumed the tourist is currently located. The distances range from 0.1km to 0.4km, which should be manageable wi",False,4.710940361022949,success
040538121B6781,0,"['Castelvecchio', 'Torre Lamberti']",Teatro Romano,"['Duomo', 'Santa Anastasia', 'Palazzo della Ragione', 'Casa Giulietta', 'AMO']",Casa Giulietta,"These suggestions are based on proximity to the current location (Teatro Romano) and popular tourist patterns. The Duomo, Santa Anastasia, and Palazzo della Ragione are all within 0.4km and are major ",True,4.328364372253418,success
040545121B6781,1,"['Arena', 'Castelvecchio']",Casa Giulietta,"['Torre Lamberti', 'Palazzo della Ragione', 'San Fermo', 'AMO', 'Santa Anastasia']",Palazzo della Ragione,"These POIs are nearby, less than 0.4km from Casa Giulietta, and are common tourist destinations in Verona. They are also open during weekend afternoons and can be visited within a reasonable amount of",True,3.2960221767425537,success
04054C121B6781,0,['Arena'],Torre Lamberti,"['Sighseeing', 'Centro Fotografia', 'Museo Conte', 'Casa Giulietta', 'Palazzo della Ragione']",Castelvecchio,"These are the nearest points of interest to Torre Lamberti, and on a Saturday afternoon, these attractions are likely to be popular with tourists.",False,2.7605578899383545,success
0405464A216285,4,"['Arena', 'Casa Giulietta', 'Torre Lamberti']",San Fermo,"['Museo Storia', 'Sighseeing', 'Palazzo della Ragione', 'Verona Tour', 'Centro Fotografia']",Santa Anastasia,"These suggestions are based on proximity to current location, with Museo Storia and Centro Fotografia being the closest. Suggestions also consider popular tourist patterns for this cluster, including ",False,3.2783539295196533,success
04053F4A216285,4,"['Arena', 'Casa Giulietta', 'Santa Anastasia']",Duomo,"['AMO', 'Museo Miniscalchi', 'Teatro Romano', 'Palazzo della Ragione', 'Museo Conte']",Palazzo della Ragione,"These suggestions are based on proximity to the current location (Duomo). AMO is the closest at 0.2km, followed by Museo Miniscalchi, Teatro Romano, Palazzo della Ragione, and Museo Conte. All are wit",True,3.9347646236419678,success
040549121B6781,1,['Arena'],Castelvecchio,"['Museo Lapidario', 'Verona Tour', 'Torre Lamberti', 'Casa Giulietta', 'San Fermo']",Casa Giulietta,"These suggestions are based on proximity to current location (Castelvecchio), with Museo Lapidario and Verona Tour being the closest at 0.3km. Torre Lamberti, Casa Giulietta, and San Fermo follow as p",True,3.458277463912964,success
04054E121B6781,4,"['Castelvecchio', 'Arena']",Duomo,"['AMO', 'Museo Miniscalchi', 'Santa Anastasia', 'Teatro Romano', 'Palazzo della Ragione']",Casa Giulietta,"These POIs are the closest to the current location, AMO being the nearest (0.2km), and they are all popular tourist destinations in Verona.",False,2.938704252243042,success
04052B4A216285,0,['Castelvecchio'],Torre Lamberti,"['Sighseeing', 'Centro Fotografia', 'Casa Giulietta', 'Palazzo della Ragione', 'AMO']",Museo Lapidario,"These suggestions are based on the proximity of the POIs to the current location (Torre Lamberti). The distances to these POIs are very close, within 500 meters, making them easily accessible in the g",False,5.853495836257935,success
040551121B6781,1,['Arena'],Castelvecchio,"['Museo Lapidario', 'Verona Tour', 'Torre Lamberti', 'Casa Giulietta', 'San Fermo']",Casa Giulietta,"These suggestions are based on proximity to current location (Castelvecchio), with Museo Lapidario and Verona Tour being the closest at 0.3km. Torre Lamberti, Casa Giulietta, and San Fermo follow as p",True,3.497534990310669,success
040560121B6781,0,['Arena'],Casa Giulietta,"['Centro Fotografia', 'Sighseeing', 'Torre Lamberti', 'Palazzo della Ragione', 'San Fermo']",Santa Anastasia,"These suggestions are based on the close proximity of these points of interest to Casa Giulietta, with Centro Fotografia and Sighseeing being the closest. Tourist patterns suggest that visitors often ",False,3.2889511585235596,success
04056B121B6781,1,"['Casa Giulietta', 'Palazzo della Ragione']",Torre Lamberti,"['Sighseeing', 'Centro Fotografia', 'Museo Conte', 'AMO', 'Santa Anastasia']",Duomo,"These POIs are the closest to the current location, within 500 meters, and are popular tourist destinations in Verona.",False,2.374260663986206,success
040550121B6781,1,['Arena'],Torre Lamberti,"['Sighseeing', 'Casa Giulietta', 'Palazzo della Ragione', 'Museo Miniscalchi', 'San Fermo']",Palazzo della Ragione,"These POIs are the closest to the current location, Torre Lamberti, and are popular tourist destinations in Verona. Sightseeing is the nearest and often a common starting point for tourists. Casa Giul",True,4.59690523147583,success
040565121B6781,2,['Torre Lamberti'],San Zeno,"['Castelvecchio', 'Arena', 'Casa Giulietta', 'Museo Miniscalchi', 'Verona Tour']",Casa Giulietta,"These suggestions are based on proximity to current location, with Castelvecchio being the closest. Arena and Casa Giulietta are popular tourist attractions. Museo Miniscalchi and Verona Tour are also",True,3.5432136058807373,success
040569121B6781,6,['Casa Giulietta'],Torre Lamberti,"['Sighseeing', 'Palazzo della Ragione', 'Museo Miniscalchi', 'San Fermo', 'Duomo']",Castelvecchio,These suggestions are based on the proximity of the POIs to the current location (Torre Lamberti) and popular tourist patterns in Verona. 'Sighseeing' is the closest point of interest and a common sto,False,4.008547306060791,success
0405BF121B6781,2,"['Arena', 'Santa Anastasia', 'Duomo', 'Casa Giulietta']",Torre Lamberti,"['Sighseeing', 'Centro Fotografia', 'Palazzo della Ragione', 'Museo Miniscalchi', 'San Fermo']",Palazzo della Ragione,"These suggestions are based on proximity to current location, with Sighseeing being the closest and San Fermo the furthest but still within a reasonable walking distance. Tourist patterns suggest that",True,3.282439947128296,success
0405BC121B6781,2,"['Arena', 'Palazzo della Ragione', 'Casa Giulietta']",San Zeno,"['Castelvecchio', 'Torre Lamberti', 'Duomo', 'AMO', 'Sighseeing']",Castelvecchio,"These POIs are selected based on proximity to the current location (San Zeno), with Castelvecchio being the closest. The remaining choices consider a mix of popular tourist attractions and variety in ",True,3.793140172958374,success
0405C1121B6781,4,"['Casa Giulietta', 'Torre Lamberti', 'Santa Anastasia']",Duomo,"['AMO', 'Museo Miniscalchi', 'Teatro Romano', 'Palazzo della Ragione', 'Centro Fotografia']",Arena,"These suggestions are based on proximity to the current location (Duomo). AMO and Museo Miniscalchi are the closest, followed by Teatro Romano, Palazzo della Ragione, and Centro Fotografia. All are wi",False,3.5423636436462402,success
040591121B6781,0,['Casa Giulietta'],Arena,"['Verona Tour', 'Castelvecchio', 'Sighseeing', 'Torre Lamberti', 'Museo Storia']",Castelvecchio,"These suggestions are based on proximity to current location, time context and typical tourist patterns. 'Verona Tour' is closest and can provide a comprehensive overview of the city. 'Castelvecchio' ",True,4.650720596313477,success
0405AE4A216281,0,['Castelvecchio'],Arena,"['Verona Tour', 'Casa Giulietta', 'Sighseeing', 'Torre Lamberti', 'Museo Storia']",Santa Anastasia,"These suggestions are based on the proximity to current location, popular tourist patterns and time context. 'Verona Tour' is closest and can provide further information for sightseeing. 'Casa Giuliet",False,4.421955823898315,success
0405D7121B6781,0,['Arena'],Museo Lapidario,"['Verona Tour', 'Castelvecchio', 'Museo Radio', 'San Fermo', 'Casa Giulietta']",Teatro Romano,"These suggestions are based on proximity to current location, with Verona Tour being the closest (0.1km) and Casa Julietta having a strong tourist appeal as a famous literary landmark.",False,2.518691062927246,success
0405BD121B6781,4,"['Arena', 'San Fermo', 'Santa Anastasia']",Duomo,"['AMO', 'Museo Miniscalchi', 'Teatro Romano', 'Palazzo della Ragione', 'Casa Giulietta']",Casa Giulietta,"These suggestions are based on proximity to the current location (Duomo). AMO is the closest at 0.2km, followed by Museo Miniscalchi, Teatro Romano, and Palazzo della Ragione, all at 0.3km. Casa Giuli",True,4.64203953742981,success
0405C4121B6781,0,"['Museo Lapidario', 'Arena']",Castelvecchio,"['Verona Tour', 'Museo Radio', 'San Zeno', 'Sighseeing', 'Museo Miniscalchi']",Torre Lamberti,"These suggestions are based on proximity to current location, with Verona Tour being the closest at 0.3km. The other choices are within 1km and take into account typical tourist patterns during weeken",False,3.129373788833618,success
0405E3121B6781,0,['Arena'],Castelvecchio,"['Museo Lapidario', 'Verona Tour', 'Torre Lamberti', 'Casa Giulietta', 'San Fermo']",Teatro Romano,"These suggestions are based on proximity to current location (Castelvecchio), with Museo Lapidario and Verona Tour being the closest at 0.3km. Torre Lamberti, Casa Giulietta, and San Fermo follow as p",False,3.658971071243286,success
0405E94A216281,4,"['Arena', 'Duomo']",Torre Lamberti,"['Sighseeing', 'Casa Giulietta', 'Palazzo della Ragione', 'Museo Miniscalchi', 'San Fermo']",Santa Anastasia,"These POIs are the closest to the current location, Torre Lamberti, and are also popular among tourists. Suggesting these places allows for a time-efficient and interesting itinerary.",False,3.1347596645355225,success
0405E84A216281,0,['Arena'],Casa Giulietta,"['Centro Fotografia', 'Sighseeing', 'Torre Lamberti', 'Palazzo della Ragione', 'San Fermo']",Santa Anastasia,"These suggestions are based on the close proximity of the POIs to Casa Giulietta, with Centro Fotografia and Sighseeing being the closest. Torre Lamberti, Palazzo della Ragione, and San Fermo follow a",False,3.553541421890259,success
0406224A216285,0,['Arena'],Arena,"['Verona Tour', 'Casa Giulietta', 'Castelvecchio', 'Torre Lamberti', 'Museo Storia']",Casa Giulietta,"These POIs are nearby, popular among tourists and open at this time (Thursday morning).}",True,2.2728312015533447,success
040605121B6785,0,['Arena'],Casa Giulietta,"['Centro Fotografia', 'Sighseeing', 'Torre Lamberti', 'Palazzo della Ragione', 'San Fermo']",Torre Lamberti,"These suggestions are based on the close proximity to the current location Casa Giulietta, with Centro Fotografia and Sighseeing being the closest. The other options are also nearby and are popular to",True,3.165421962738037,success
040612121B6781,4,"['Casa Giulietta', 'Arena']",San Fermo,"['Museo Storia', 'Torre Lamberti', 'Sighseeing', 'Palazzo della Ragione', 'Centro Fotografia']",Teatro Romano,"These POIs are the closest to the current location, San Fermo, and are popular among tourists. Based on typical tourist patterns, they are likely to visit these sites next.",False,2.875908851623535,success
040616121B6781,1,['Arena'],Casa Giulietta,"['Centro Fotografia', 'Sighseeing', 'Torre Lamberti', 'Palazzo della Ragione', 'San Fermo']",Torre Lamberti,"These POIs are the closest to the current location, within 0.1-0.3km, and are popular among tourists during weekend afternoons.",True,2.7426657676696777,success
0406314A216285,0,['Arena'],Casa Giulietta,"['Centro Fotografia', 'Sighseeing', 'Torre Lamberti', 'Palazzo della Ragione', 'San Fermo']",Santa Anastasia,"These suggestions are based on the close proximity of these points of interest to the current location, Casa Giulietta. Tourist patterns suggest that visitors often visit multiple nearby attractions i",False,3.080548048019409,success
0406484A216285,1,"['Arena', 'Torre Lamberti']",Palazzo della Ragione,"['AMO', 'Museo Conte', 'Santa Anastasia', 'Casa Giulietta', 'Duomo']",San Fermo,"These POIs are the closest to the current location, following the typical tourist pattern of visiting historical and cultural sites.",False,2.1784679889678955,success
0406464A216285,4,"['Arena', 'Casa Giulietta', 'Torre Lamberti']",San Fermo,"['Museo Storia', 'Sighseeing', 'Palazzo della Ragione', 'Verona Tour', 'Centro Fotografia']",Santa Anastasia,"These suggestions are based on proximity to current location, with Museo Storia and Centro Fotografia being the closest. Sighseeing, Palazzo della Ragione, and Verona Tour are also nearby and are popu",False,2.9835875034332275,success
0406264A216285,4,['Arena'],Casa Giulietta,"['Centro Fotografia', 'Torre Lamberti', 'Palazzo della Ragione', 'San Fermo', 'AMO']",Torre Lamberti,"These suggestions are based on the proximity of the POIs to Casa Giulietta, where the tourist is currently located. The distances range from 0.1km to 0.4km, making them easily reachable within a short",True,3.7242050170898438,success
0406074A216285,0,['Torre Lamberti'],Arena,"['Verona Tour', 'Museo Lapidario', 'San Fermo', 'Casa Giulietta', 'Castelvecchio']",Casa Giulietta,"These suggestions are based on proximity to current location, with Verona Tour being the closest (0.2km) and offering a comprehensive overview of the city. Museo Lapidario (0.3km), San Fermo (0.4km), ",True,4.738728761672974,success
04063F4A216285,4,"['Arena', 'Casa Giulietta', 'Santa Anastasia']",Duomo,"['AMO', 'Museo Miniscalchi', 'Teatro Romano', 'Palazzo della Ragione', 'Museo Conte']",Palazzo della Ragione,"These suggestions are based on proximity to the current location (Duomo). AMO is the closest at 0.2km, followed by Museo Miniscalchi, Teatro Romano, Palazzo della Ragione, and Museo Conte. All are wit",True,3.900564432144165,success
04064B121B6781,4,"['Arena', 'Casa Giulietta']",Duomo,"['AMO', 'Museo Miniscalchi', 'Teatro Romano', 'Palazzo della Ragione', 'Torre Lamberti']",Santa Anastasia,"These suggestions are based on proximity to the current location (Duomo), with AMO being the closest at 0.2km. The list also considers popular tourist patterns and includes a variety of points of inte",False,3.0605578422546387,success
040649121B6781,1,['Arena'],Castelvecchio,"['Museo Lapidario', 'Verona Tour', 'Torre Lamberti', 'Casa Giulietta', 'San Zeno']",Casa Giulietta,"These suggestions are based on the proximity of the POIs to the current location (Castelvecchio). Museo Lapidario and Verona Tour are the closest, followed by Torre Lamberti, Casa Giulietta, and San Z",True,4.22586989402771,success
04064F121B6781,4,"['Duomo', 'Santa Anastasia']",Casa Giulietta,"['Torre Lamberti', 'Palazzo della Ragione', 'Arena', 'Casa di Giulietta', 'Duomo']",Arena,"These are the five most likely next POIs based on their proximity to the current location, considering time context and typical tourist patterns. Torre Lamberti offers panoramic views of the city, Pal",True,3.6010091304779053,success
040653121B6781,0,['Arena'],Castelvecchio,"['Museo Lapidario', 'Verona Tour', 'Torre Lamberti', 'Casa Giulietta', 'San Zeno']",Casa Giulietta,"These suggestions are based on the proximity of the POIs to Castelvecchio, with Museo Lapidario and Verona Tour being the closest. Torre Lamberti, Casa Giulietta, and San Zeno are also popular tourist",True,3.7831969261169434,success
040665121B6781,1,['Arena'],Casa Giulietta,"['Centro Fotografia', 'Sighseeing', 'Torre Lamberti', 'Palazzo della Ragione', 'San Fermo']",Palazzo della Ragione,"These suggestions are based on the close proximity of these points of interest to Casa Giulietta, with distances ranging from 0.1km to 0.3km. This falls within the average walking distance for tourist",True,2.8487792015075684,success
040648121B6781,1,['Arena'],Tomba Giulietta,"['San Fermo', 'Museo Storia', 'Casa Giulietta', 'Castelvecchio', 'Torre Lamberti']",Torre Lamberti,"These suggestions are based on the proximity of the POIs to the current location (Tomba Giulietta). All of them are within 1km. The closest ones, San Fermo and Museo Storia, are only 0.6km away. Casa ",True,5.6595611572265625,success
040666121B6781,1,['Arena'],Torre Lamberti,"['Sighseeing', 'Centro Fotografia', 'Museo Conte', 'Casa Giulietta', 'Palazzo della Ragione']",Palazzo della Ragione,"These are the nearest points of interest to Torre Lamberti, and are also some of the most popular tourist destinations in Verona. Given the typical tourist pattern of visiting well-known sites, it is ",True,3.31451678276062,success
040655121B6781,0,['Torre Lamberti'],Casa Giulietta,"['Centro Fotografia', 'Sighseeing', 'Palazzo della Ragione', 'San Fermo', 'Arena']",Arena,"These suggestions are based on the proximity of the POIs to Casa Giulietta, where the tourist is currently located. The nearest points of interest, Centro Fotografia and Sighseeing, are prioritized al",True,4.046503782272339,success
04064C121B6781,1,['Arena'],Palazzo della Ragione,"['AMO', 'Museo Conte', 'Torre Lamberti', 'Centro Fotografia', 'Sighseeing']",Castelvecchio,"These suggestions are based on the proximity of the POIs to the current location (Palazzo della Ragione). AMO and Museo Conte are the closest at 0.1km, followed by Torre Lamberti and Centro Fotografia",False,5.240088224411011,success
0406A74A216281,4,['Arena'],Castelvecchio,"['Museo Lapidario', 'Verona Tour', 'San Zeno', 'Torre Lamberti', 'Casa Giulietta']",Teatro Romano,"These suggestions are based on proximity to current location (Castelvecchio) and popular tourist patterns. Museo Lapidario and Verona Tour are the closest points of interest. San Zeno, Torre Lamberti,",False,3.416661500930786,success
0406B9121B6781,2,"['Arena', 'Torre Lamberti', 'Castelvecchio']",Casa Giulietta,"['Centro Fotografia', 'Sighseeing', 'Palazzo della Ragione', 'San Fermo', 'AMO']",Palazzo della Ragione,"These suggestions are based on proximity to current location, with Centro Fotografia and Sighseeing being the closest. The remaining points of interest are within walking distance and are popular tour",True,2.465517044067383,success
0406BA121B6781,2,"['Arena', 'San Fermo', 'Palazzo della Ragione']",Torre Lamberti,"['Sighseeing', 'Casa Giulietta', 'Duomo', 'Teatro Romano', 'Museo Miniscalchi']",Teatro Romano,"These POIs are the closest to the current Torre Lamberti and past visited points of interest. Also, they are popular tourist attractions in Verona.",True,2.667703628540039,success
0406B14A216281,0,"['Castelvecchio', 'Arena']",Casa Giulietta,"['Centro Fotografia', 'Torre Lamberti', 'Palazzo della Ragione', 'San Fermo', 'Museo Miniscalchi']",Santa Anastasia,"These suggestions are based on the proximity of the POIs to Casa Giulietta, where it is assumed the tourist is currently. The distances to these attractions range from 0.1km to 0.4km, making them easi",False,4.44976019859314,success
040662121B6781,2,"['Arena', 'Santa Anastasia']",Casa Giulietta,"['Torre Lamberti', 'Palazzo della Ragione', 'San Fermo', 'AMO', 'Museo Miniscalchi']",Castelvecchio,"These suggestions are based on the close proximity to Casa Giulietta, time context of a Saturday afternoon during a weekend visit, and common tourist patterns. Torre Lamberti offers panoramic views of",False,5.391383409500122,success
0406B8121B6781,0,['Teatro Romano'],Arena,"['Verona Tour', 'Museo Lapidario', 'San Fermo', 'Casa Giulietta', 'Castelvecchio']",Torre Lamberti,"These suggestions are based on proximity to current location, with Verona Tour being the closest (0.2km) and offering a comprehensive overview of the city. Museo Lapidario (0.3km), San Fermo (0.4km), ",False,3.948456048965454,success
0406BF4A216281,0,['Tomba Giulietta'],Arena,"['Verona Tour', 'Casa Giulietta', 'Sighseeing', 'Castelvecchio', 'Torre Lamberti']",Casa Giulietta,"These POIs are the closest to the current location, within 0.6km, and are among the most popular tourist destinations in Verona.",True,2.2886149883270264,success
0406BF121B6781,0,"['Casa Giulietta', 'San Fermo']",Torre Lamberti,"['Sighseeing', 'Centro Fotografia', 'Palazzo della Ragione', 'AMO', 'Duomo']",Teatro Romano,"These POIs are the closest to the current location, Torre Lamberti, and are popular tourist attractions. Given the time context of a Saturday afternoon, these places are likely to have regular opening",False,3.0819787979125977,success
0406DF121B6781,2,"['Museo Lapidario', 'Arena', 'Castelvecchio']",San Zeno,"['Duomo', 'Casa Giulietta', 'Torre Lamberti', 'Palazzo della Ragione', 'Verona Tour']",Casa Giulietta,"These suggestions are based on proximity to the current location (San Zeno), with Duomo being the closest at 1.5km, followed by Casa Giulietta and Torre Lamberti. Palazzo della Ragione and Verona Tour",True,2.994189977645874,success
0406C4121B6781,2,"['Arena', 'Tomba Giulietta']",Casa Giulietta,"['Torre Lamberti', 'Palazzo della Ragione', 'San Fermo', 'AMO', 'Santa Anastasia']",Castelvecchio,"These suggestions are based on proximity to the current location Casa Giulietta, with Torre Lamberti being the closest at 0.1km. The other POIs are within 0.4km and considered popular tourist destinat",False,3.961074113845825,success
0406D4121B6781,2,"['Arena', 'Casa Giulietta']",Torre Lamberti,"['Sighseeing', 'Centro Fotografia', 'Palazzo della Ragione', 'Museo Miniscalchi', 'Arena']",Palazzo della Ragione,"These POIs are the closest to the current location, Torre Lamberti, and considering the usual time context of Friday afternoons, they are likely to be open for visitors. Tourist patterns also suggest ",True,3.6687159538269043,success
0406E3121B6781,0,['Arena'],Castelvecchio,"['Museo Lapidario', 'Verona Tour', 'Torre Lamberti', 'Casa Giulietta', 'San Fermo']",Teatro Romano,"These suggestions are based on proximity to current location (Castelvecchio), with Museo Lapidario being the closest at 0.3km and others following in ascending order of distance. Also considered is th",False,3.1625571250915527,success
0406BD121B6781,2,"['Torre Lamberti', 'Palazzo della Ragione', 'Duomo', 'San Zeno']",Castelvecchio,"['Museo Lapidario', 'Arena', 'Casa Giulietta', 'San Fermo', 'Museo Miniscalchi']",Teatro Romano,"These suggestions are based on proximity to current location, with Museo Lapidario being the closest and within normal touring hours. Arena is a popular tourist destination and is open at this time. C",False,5.344331502914429,success
0406E94A216281,4,"['Arena', 'Duomo']",Torre Lamberti,"['Sighseeing', 'Casa Giulietta', 'Palazzo della Ragione', 'Museo Miniscalchi', 'San Fermo']",Santa Anastasia,"These POIs are the closest to the current location, Torre Lamberti, and are also popular tourist destinations in Verona. Given the usual visiting time of 11h on weekends, tourists tend to visit multip",False,2.7760980129241943,success
0406C1121B6781,5,"['Duomo', 'Castelvecchio']",Teatro Romano,"['Santa Anastasia', 'Palazzo della Ragione', 'Torre Lamberti', 'Casa Giulietta', 'Giardino Giusti']",Museo Storia,"These suggestions are based on proximity to the current location (Teatro Romano) and popular tourist patterns. Santa Anastasia is the closest point of interest at 0.3km, followed by Palazzo della Ragi",False,5.123035907745361,success
040710121B6781,0,['Arena'],Casa Giulietta,"['Centro Fotografia', 'Sighseeing', 'Torre Lamberti', 'Palazzo della Ragione', 'San Fermo']",Tomba Giulietta,"These POIs are nearby, less than 0.5km from the current location, and are popular among tourists. They are also open during weekend afternoons.",False,2.7004332542419434,success
0407074A216285,1,"['Arena', 'Museo Lapidario']",Castelvecchio,"['Verona Tour', 'Museo Radio', 'San Zeno', 'Sighseeing', 'Museo Miniscalchi']",Casa Giulietta,"These suggestions are based on proximity to current location (Castelvecchio), with Verona Tour being the closest at 0.3km. The other choices are within 1km and take into account typical tourist patter",False,3.382042646408081,success
0407014A216285,4,"['Arena', 'Torre Lamberti']",Casa Giulietta,"['Centro Fotografia', 'Sighseeing', 'Palazzo della Ragione', 'San Fermo', 'AMO']",Santa Anastasia,These suggestions are based on proximity to current location (Casa Giulietta) and popular tourist patterns in Verona. Centro Fotografia and Sighseeing are the closest points of interest. Palazzo della,False,3.8232343196868896,success
0406E74A216281,1,"['Arena', 'Castelvecchio']",Casa Giulietta,"['Torre Lamberti', 'Palazzo della Ragione', 'San Fermo', 'AMO', 'Centro Fotografia']",Palazzo della Ragione,"These suggestions are based on proximity to the current location (Casa Giulietta) and popular tourist patterns in Verona. Torre Lamberti, Palazzo della Ragione, and San Fermo are all within 0.3km and ",True,4.366718769073486,success
0407224A216285,1,['Arena'],Torre Lamberti,"['Sighseeing', 'Centro Fotografia', 'Museo Conte', 'Casa Giulietta', 'Palazzo della Ragione']",Palazzo della Ragione,"These are the next 5 closest points of interest from the current location (Torre Lamberti) and taking into account the visited point (Arena). This order also considers typical tourist patterns, visiti",True,2.9331412315368652,success
040711121B6781,0,['Arena'],Torre Lamberti,"['Sighseeing', 'Centro Fotografia', 'Museo Conte', 'Casa Giulietta', 'Palazzo della Ragione']",Santa Anastasia,"These are the 5 closest points of interest to Torre Lamberti, which is the current tourist location. The distances range from 0.0km to 0.2km, making them highly accessible within the given time contex",False,3.6009132862091064,success
0406E6121B6781,0,"['Arena', 'Casa Giulietta']",Tomba Giulietta,"['San Fermo', 'Museo Storia', 'Castelvecchio', 'Torre Lamberti', 'Sighseeing']",Castelvecchio,"These suggestions are based on the proximity of the POIs to the current location (Tomba Giulietta). San Fermo and Museo Storia are the closest at 0.6km, followed by Castelvecchio at 1.0km, Torre Lambe",True,5.445641994476318,success
04073A4A216285,0,['Torre Lamberti'],Museo Lapidario,"['Verona Tour', 'Arena', 'Castelvecchio', 'Museo Radio', 'San Fermo']",Castelvecchio,"These suggestions are based on proximity to current location, time context and popular tourist patterns. All points of interest are within 0.8km from the current location.",True,2.0279526710510254,success
040729F2185085,0,['Tomba Giulietta'],Arena,"['Verona Tour', 'Casa Giulietta', 'Sighseeing', 'Castelvecchio', 'Torre Lamberti']",Torre Lamberti,"These POIs are the closest to the current location inside the tourist cluster and are among the most popular attractions in Verona, making them the most likely next destinations for tourists.",True,2.943326950073242,success
040748121B6781,0,['Arena'],Casa Giulietta,"['Centro Fotografia', 'Sighseeing', 'Torre Lamberti', 'Palazzo della Ragione', 'San Fermo']",Torre Lamberti,"These POIs are the closest to the current location, within 0.1-0.3km, and are popular among tourists during weekend afternoons.",True,2.669651746749878,success
0407244A216285,1,"['Tomba Giulietta', 'Arena', 'Casa Giulietta']",Castelvecchio,"['Museo Lapidario', 'Verona Tour', 'Torre Lamberti', 'San Zeno', 'Centro Fotografia']",Duomo,"These suggestions are based on proximity to current location (Castelvecchio), with Museo Lapidario and Verona Tour being the closest at 0.3km. Torre Lamberti, San Zeno, and Centro Fotografia follow, a",False,3.718247652053833,success
0407194A216285,2,['Arena'],Teatro Romano,"['Duomo', 'Palazzo della Ragione', 'Museo Conte', 'Torre Lamberti', 'Sighseeing']",San Zeno,"These suggestions are based on a balance of proximity, with all POIs being within 0.6km, and popular tourist patterns. The Duomo is a significant cultural site, Palazzo della Ragione offers historical",False,4.29303765296936,success
04074B121B6781,4,"['Arena', 'Casa Giulietta']",Duomo,"['AMO', 'Museo Miniscalchi', 'Santa Anastasia', 'Teatro Romano', 'Palazzo della Ragione']",Santa Anastasia,"These suggestions are based on proximity to the current location (Duomo), with AMO being the closest at 0.2km, and the others all within 0.5km. This takes into account typical tourist patterns of visi",True,3.445862293243408,success
04074F121B6781,0,['Arena'],Castelvecchio,"['Museo Lapidario', 'Verona Tour', 'San Zeno', 'Torre Lamberti', 'Casa Giulietta']",Torre Lamberti,"These suggestions are based on proximity to current location (Castelvecchio), with Museo Lapidario and Verona Tour being the closest at 0.3km. San Zeno, Torre Lamberti, and Casa Giulietta follow as po",True,2.4905083179473877,success
040755121B6781,1,['Arena'],Torre Lamberti,"['Sighseeing', 'Casa Giulietta', 'Palazzo della Ragione', 'AMO', 'Museo Miniscalchi']",Palazzo della Ragione,"These are the closest points of interest to the current location (Torre Lamberti) and include a mix of outdoor sightseeing, historical sites, and museums which are popular with tourists on weekend aft",True,2.5093541145324707,success
04072B4A216285,4,['Arena'],Santa Anastasia,"['Duomo', 'Teatro Romano', 'Torre Lamberti', 'Casa Giulietta', 'AMO']",Duomo,"These suggestions are based on proximity to current location, with Duomo being the closest at 0.3km. Teatro Romano and Torre Lamberti also have the same distance of 0.3km. Casa Giulietta is a bit furt",True,5.2022035121917725,success
040752121B6781,0,['Arena'],Castelvecchio,"['Museo Lapidario', 'Verona Tour', 'Torre Lamberti', 'Casa Giulietta', 'San Fermo']",Duomo,"These suggestions are based on a 0.3km or less distance from the current location, Castelvecchio. Museo Lapidario and Verona Tour are the closest points of interest. Torre Lamberti, Casa Giulietta, an",False,3.3110713958740234,success
04071E4A216285,2,"['Arena', 'Casa Giulietta']",Torre Lamberti,"['Sighseeing', 'Centro Fotografia', 'Palazzo della Ragione', 'Museo Miniscalchi', 'San Fermo']",San Zeno,"These suggestions are based on the proximity of the POIs to the current location (Torre Lamberti). The nearest POI, Sighseeing, is only 0.0km away, followed by Centro Fotografia at 0.1km. Palazzo dell",False,6.388861179351807,success
040753121B6781,0,['Arena'],Castelvecchio,"['Museo Lapidario', 'Verona Tour', 'Torre Lamberti', 'Casa Giulietta', 'San Zeno']",Casa Giulietta,"These suggestions are based on the proximity of the POIs to Castelvecchio, with Museo Lapidario and Verona Tour being the closest. Torre Lamberti, Casa Giulietta, and San Zeno are also popular tourist",True,3.5462372303009033,success
04074D121B6781,0,['Arena'],Casa Giulietta,"['Centro Fotografia', 'Sighseeing', 'Torre Lamberti', 'Museo Conte', 'Palazzo della Ragione']",Torre Lamberti,"These suggestions are based on the close proximity of these points of interest to Casa Giulietta, where it is currently estimated that the tourist is located. The distances range from 0.1km to 0.3km, ",True,4.808178186416626,success
040754121B6781,0,"['Arena', 'Torre Lamberti']",Casa Giulietta,"['Centro Fotografia', 'Sighseeing', 'Palazzo della Ragione', 'San Fermo', 'AMO']",Santa Anastasia,"These suggestions are based on proximity to current location, with Centro Fotografia and Sighseeing being the closest. The remaining three - Palazzo della Ragione, San Fermo, and AMO - are popular tou",False,3.8697028160095215,success
040761121B6781,0,['Arena'],Castelvecchio,"['Museo Lapidario', 'Verona Tour', 'Torre Lamberti', 'Casa Giulietta', 'San Zeno']",Casa Giulietta,"These suggestions are based on the proximity of the POIs to the current location (Castelvecchio). Museo Lapidario and Verona Tour are closest, while Torre Lamberti, Casa Giulietta, and San Zeno are al",True,2.7374706268310547,success
040759121B6781,1,['Arena'],Palazzo della Ragione,"['Casa Giulietta', 'Duomo', 'Teatro Romano', 'AMO', 'Museo Miniscalchi']",Casa Giulietta,These suggestions are based on proximity to the current location (Palazzo della Ragione) and popular tourist patterns in Verona. Casa Giulietta and Duomo are both major attractions and within walking ,True,4.147878170013428,success
040758121B6781,2,"['San Fermo', 'Duomo']",Teatro Romano,"['Santa Anastasia', 'Palazzo della Ragione', 'Torre Lamberti', 'Casa Giulietta', 'Museo Miniscalchi']",San Zeno,"These suggestions are based on proximity to the current location (Teatro Romano) and popular tourist patterns. Santa Anastasia is the closest point of interest, followed by Palazzo della Ragione and T",False,4.315817356109619,success
040762121B6781,1,"['Arena', 'Casa Giulietta']",Palazzo della Ragione,"['AMO', 'Museo Conte', 'Torre Lamberti', 'Centro Fotografia', 'Sighseeing']",Torre Lamberti,"These suggestions are based on proximity to current location (Palazzo della Ragione) and popular tourist patterns. AMO and Museo Conte are the closest points of interest. Torre Lamberti, Centro Fotogr",True,3.4822981357574463,success
0407BF121B6781,0,"['Casa Giulietta', 'San Fermo']",Torre Lamberti,"['Sighseeing', 'Duomo', 'Arena', 'Palazzo della Ragione', 'Museo Miniscalchi']",Teatro Romano,These POIs are the closest to the current location and are also some of the most popular tourist destinations in Verona.,False,2.0395615100860596,success
0407B14A216281,0,"['Castelvecchio', 'Arena']",Casa Giulietta,"['Torre Lamberti', 'Palazzo della Ragione', 'San Fermo', 'AMO', 'Centro Fotografia']",Teatro Romano,These suggestions are based on the close proximity to the current location Casa Giulietta. Torre Lamberti and Palazzo della Ragione are popular tourist destinations and within 0.3km distance. San Ferm,False,3.3279221057891846,success
04075F121B6781,4,"['Casa Giulietta', 'Santa Anastasia', 'Palazzo della Ragione', 'Duomo']",Teatro Romano,"['AMO', 'Museo Conte', 'Centro Fotografia', 'Museo Miniscalchi', 'Torre Lamberti']",San Fermo,"These POIs are the closest to the current location, Teatro Romano, and are among the most popular tourist destinations in Verona. Given the time context of a Saturday afternoon and the usual visiting ",False,5.486360311508179,success
0407B8121B6781,6,"['Teatro Romano', 'Casa Giulietta']",Castelvecchio,"['Arena', 'Museo Lapidario', 'Verona Tour', 'San Zeno', 'Torre Lamberti']",Museo Storia,"These suggestions are based on proximity to current location (Castelvecchio) and popularity among tourists. Arena, Museo Lapidario, and Verona Tour are all within 0.5km. San Zeno and Torre Lamberti ar",False,3.5242958068847656,success
0407BA121B6781,2,"['Arena', 'San Zeno']",Casa Giulietta,"['Centro Fotografia', 'Sighseeing', 'Torre Lamberti', 'Palazzo della Ragione', 'San Fermo']",Torre Lamberti,These suggestions are based on the proximity of the POIs to the current location (Casa Giulietta). The five chosen POIs are all within 0.3km and are commonly visited tourist attractions in Verona.,True,3.387453079223633,success
0407B9121B6781,2,"['Arena', 'Torre Lamberti', 'Castelvecchio']",Casa Giulietta,"['Centro Fotografia', 'Sighseeing', 'Palazzo della Ragione', 'San Fermo', 'AMO']",Palazzo della Ragione,"These suggestions are based on the proximity of the POIs to Casa Giulietta, where the tourist is currently located. Centro Fotografia and Sighseeing are the closest points of interest, while Palazzo d",True,3.835946559906006,success
040766121B6781,0,['Tomba Giulietta'],Arena,"['Casa Giulietta', 'Sighseeing', 'Castelvecchio', 'Torre Lamberti', 'Verona Tour']",Torre Lamberti,"These suggestions are based on proximity to current location, with Casa Giulietta being the closest at 0.5km and a popular tourist attraction. Sighseeing is also at 0.5km, followed by Castelvecchio an",True,4.428333282470703,success
04076E121B6781,4,"['Arena', 'Casa Giulietta']",Teatro Romano,"['Duomo', 'Palazzo della Ragione', 'Torre Lamberti', 'Museo Miniscalchi', 'Sighseeing']",Duomo,"These suggestions are based on the proximity of the POIs to the current location (Teatro Romano) and their popularity among tourists. The Duomo, Palazzo della Ragione, Torre Lamberti, and Museo Minisc",True,4.76876163482666,success
0407BF4A216281,0,['Tomba Giulietta'],Arena,"['Verona Tour', 'Casa Giulietta', 'Sighseeing', 'Castelvecchio', 'Torre Lamberti']",Casa Giulietta,These suggestions are based on the close proximity to the current location (Arena). Tourist patterns indicate a high interest in historical sites and landmarks. The selected POIs are all within 0.6 km,True,3.2224161624908447,success
0407C5121B6781,4,['Arena'],Torre Lamberti,"['Sighseeing', 'Casa Giulietta', 'Palazzo della Ragione', 'AMO', 'Museo Miniscalchi']",Santa Anastasia,"These suggestions are based on proximity to current location, with Sighseeing being the closest and most obvious choice. Casa Giulietta is a popular tourist destination, while Palazzo della Ragione, A",False,2.7248175144195557,success
0407C4121B6781,2,"['Torre Lamberti', 'Santa Anastasia']",Arena,"['Verona Tour', 'Museo Lapidario', 'San Fermo', 'Casa Giulietta', 'Castelvecchio']",Castelvecchio,"These suggestions are based on proximity to the current location (Arena). Verona Tour and Museo Lapidario are closest, while San Fermo, Casa Giulietta, and Castelvecchio are popular tourist destinatio",True,3.6063389778137207,success
0407E1121B6781,0,['Arena'],Casa Giulietta,"['Centro Fotografia', 'Sighseeing', 'Torre Lamberti', 'Palazzo della Ragione', 'San Fermo']",Torre Lamberti,"These suggestions are based on the proximity of the POIs to Casa Giulietta, where the tourist is currently located. The nearest points of interest have been given priority. They also take into account",True,3.444685459136963,success
0408004A216285,5,['Arena'],Museo Storia,"['San Fermo', 'Casa Giulietta', 'Torre Lamberti', 'Centro Fotografia', 'Palazzo della Ragione']",Torre Lamberti,"These suggestions are based on proximity to current location, with San Fermo being the closest at 0.2km. The other four POIs are within 0.8km and are popular tourist destinations.",True,2.881553888320923,success
0407C1121B6781,5,"['Arena', 'Casa Giulietta', 'Torre Lamberti', 'Santa Anastasia', 'Duomo']",Castelvecchio,"['Museo Lapidario', 'Verona Tour', 'San Zeno', 'Sighseeing', 'Museo Miniscalchi']",Museo Lapidario,"These suggestions are based on proximity to current location, with Museo Lapidario and Verona Tour being the closest at 0.3km. San Zeno and Sighseeing follow at 0.7km and 0.8km respectively. Museo Min",True,5.054133415222168,success
0407E4121B6781,5,"['Arena', 'Castelvecchio']",San Fermo,"['Museo Storia', 'Casa Giulietta', 'Torre Lamberti', 'Sighseeing', 'Palazzo della Ragione']",Museo Storia,"These suggestions are based on proximity to current location, with Museo Storia and Casa Giulietta being the closest. Torre Lamberti, Sighseeing, and Palazzo della Ragione offer panoramic views, histo",True,3.8980607986450195,success
04081D4A216285,0,['Arena'],Castelvecchio,"['Museo Lapidario', 'Verona Tour', 'Torre Lamberti', 'Casa Giulietta', 'San Fermo']",Torre Lamberti,"These suggestions are based on proximity to current location, with Museo Lapidario and Verona Tour being the closest points of interest. Torre Lamberti, Casa Giulietta, and San Fermo follow as popular",True,3.3003556728363037,success
04081F4A216285,5,"['Arena', 'Casa Giulietta']",San Fermo,"['Museo Storia', 'Torre Lamberti', 'Sighseeing', 'Palazzo della Ragione', 'Museo Lapidario']",Museo Storia,"These POIs are among the nearest to the current location, within 0.7km, and are commonly visited by tourists. They should be easy to reach in the remaining time.",True,2.440364122390747,success
040811121B6781,0,['Arena'],Torre Lamberti,"['Sighseeing', 'Centro Fotografia', 'Museo Conte', 'Casa Giulietta', 'Palazzo della Ragione']",Santa Anastasia,"These are the 5 nearest points of interest to the current location (Torre Lamberti). Sightseeing is the closest and most popular destination. The others follow in order of proximity, and are all withi",False,3.5658116340637207,success
04081E4A216285,2,"['Arena', 'Casa Giulietta']",Torre Lamberti,"['Sighseeing', 'Centro Fotografia', 'Palazzo della Ragione', 'Museo Miniscalchi', 'San Fermo']",Duomo,"These suggestions are based on proximity to current location, with Sighseeing being the closest and San Fermo slightly further but still within a reasonable walking distance. Tourist patterns suggest ",False,3.1715404987335205,success
0407E3121B6781,2,"['Arena', 'Casa Giulietta']",Santa Anastasia,"['AMO', 'Museo Conte', 'Palazzo della Ragione', 'Teatro Romano', 'Centro Fotografia']",Torre Lamberti,"These suggestions are based on the proximity of the POIs to the current location (Santa Anastasia). AMO is the closest point of interest, followed by Museo Conte, Palazzo della Ragione, Teatro Romano,",False,4.475986003875732,success
0407E6121B6781,4,"['Arena', 'Casa Giulietta']",Torre Lamberti,"['Palazzo della Ragione', 'AMO', 'Museo Miniscalchi', 'Santa Anastasia', 'San Fermo']",Teatro Romano,These POIs are the next most likely destinations based on their proximity to the current location (Torre Lamberti) and typical tourist patterns in Verona. Palazzo della Ragione is the closest at 0.2km,False,4.20941948890686,success
040836121B6781,2,"['Casa Giulietta', 'Palazzo della Ragione', 'Torre Lamberti']",Arena,"['Verona Tour', 'Museo Lapidario', 'San Fermo', 'Sighseeing', 'Castelvecchio']",Duomo,"These suggestions are based on proximity to the current location (Arena), with Verona Tour being the closest at 0.2km. The other POIs are within 0.6km and considered popular among tourists.",False,2.695589303970337,success
040847121B6781,0,['Casa Giulietta'],Castelvecchio,"['Museo Lapidario', 'Arena', 'Torre Lamberti', 'Sighseeing', 'San Zeno']",Arena,"These suggestions are based on proximity to current location, with Museo Lapidario being the closest and within the usual time context. The other suggestions also consider typical tourist patterns and",True,3.0663721561431885,success
04084D121B6781,0,['Arena'],Casa Giulietta,"['Centro Fotografia', 'Sighseeing', 'Torre Lamberti', 'Museo Conte', 'Palazzo della Ragione']",Torre Lamberti,"These suggestions are based on the close proximity of these points of interest to Casa Giulietta, where the tourist is currently located. All of them are within 0.3km and are popular among tourists.",True,2.797907829284668,success
04082B4A216285,4,['Arena'],Santa Anastasia,"['Duomo', 'Teatro Romano', 'Torre Lamberti', 'Casa Giulietta', 'Museo Miniscalchi']",Duomo,"These suggestions are based on the proximity of the POIs to Santa Anastasia, time context (suggesting popular and easily accessible places during a weekend morning). Duomo is a must-visit in Verona, T",True,4.476425409317017,success
040822121B6781,0,['Arena'],Museo Lapidario,"['Verona Tour', 'Castelvecchio', 'Museo Radio', 'San Fermo', 'Casa Giulietta']",Torre Lamberti,"These suggestions are based on proximity to current location, time context and popular tourist patterns. 'Verona Tour' is the closest at 0.1km and offers a comprehensive overview of the city. 'Castelv",False,4.97355318069458,success
040854121B6781,0,"['Arena', 'Torre Lamberti']",Casa Giulietta,"['Centro Fotografia', 'Sighseeing', 'Palazzo della Ragione', 'San Fermo', 'AMO']",Santa Anastasia,"These suggestions are based on proximity to current location, with Centro Fotografia and Sighseeing being the closest. The remaining POIs are within reasonable walking distance and are popular tourist",False,2.893477439880371,success
0408494A216285,0,['Arena'],Castelvecchio,"['Museo Lapidario', 'Verona Tour', 'Torre Lamberti', 'Casa Giulietta', 'San Zeno']",Museo Lapidario,"These suggestions are based on the close proximity of the POIs to the current location (Castelvecchio). Museo Lapidario and Verona Tour are the closest, while Torre Lamberti, Casa Giulietta, and San Z",True,3.580138921737671,success
04084A121B6781,1,"['Arena', 'Museo Lapidario']",Palazzo della Ragione,"['AMO', 'Casa Giulietta', 'Duomo', 'Teatro Romano', 'Museo Miniscalchi']",Torre Lamberti,"These POIs are the closest to the current location, with AMO and Casa Giulietta being the nearest. Duomo and Teatro Romano are also popular tourist destinations in Verona. Museo Miniscalchi is slightl",False,3.514448642730713,success
04082E121B6781,0,['Arena'],Casa Giulietta,"['Centro Fotografia', 'Sighseeing', 'Torre Lamberti', 'Palazzo della Ragione', 'San Fermo']",Santa Anastasia,"These suggestions are based on the proximity of the POIs to Casa Giulietta, where the tourist is currently located. The distances range from 0.1km to 0.3km, which is considered a reasonable walking di",False,4.8040595054626465,success
040856121B6781,2,"['Arena', 'Palazzo della Ragione']",Casa Giulietta,"['Centro Fotografia', 'Torre Lamberti', 'Sighseeing', 'San Fermo', 'AMO']",Santa Anastasia,"These suggestions are based on the proximity of the POIs to Casa Giulietta, with Centro Fotografia and Torre Lamberti being the closest. Sighseeing is also a likely choice as it is nearby and may offe",False,3.4674079418182373,success
04084F121B6781,0,['Arena'],Castelvecchio,"['Museo Lapidario', 'Verona Tour', 'San Zeno', 'Torre Lamberti', 'Casa Giulietta']",Torre Lamberti,"These suggestions are based on proximity to current location, with Museo Lapidario and Verona Tour being the closest. San Zeno, Torre Lamberti, and Casa Giulietta are popular tourist destinations in V",True,3.6532323360443115,success
040852121B6781,1,['Arena'],Torre Lamberti,"['Sighseeing', 'Centro Fotografia', 'Casa Giulietta', 'Palazzo della Ragione', 'AMO']",Palazzo della Ragione,"These suggestions are based on proximity to the current location (Torre Lamberti) and popular tourist patterns. Sightseeing is the closest point of interest, followed by Centro Fotografia, Casa Giulie",True,3.9132909774780273,success
040868121B6781,0,['Arena'],Casa Giulietta,"['Centro Fotografia', 'Sighseeing', 'Torre Lamberti', 'Palazzo della Ragione', 'San Fermo']",Torre Lamberti,"These POIs are the closest to the current location, considering typical tourist patterns of visiting popular landmarks in a logical order.",True,2.4840593338012695,success
040859121B6781,0,"['Arena', 'Casa Giulietta']",Torre Lamberti,"['Sighseeing', 'Centro Fotografia', 'Palazzo della Ragione', 'Museo Miniscalchi', 'San Fermo']",Santa Anastasia,These suggestions are based on the close proximity to the current location (Torre Lamberti). Tourist patterns suggest that visitors often visit nearby points of interest. The time context is considere,False,3.194420576095581,success
040864121B6781,6,"['Casa Giulietta', 'Torre Lamberti']",Palazzo della Ragione,"['AMO', 'Museo Conte', 'Centro Fotografia', 'Sighseeing', 'Santa Anastasia']",Castelvecchio,"These are the 5 nearest points of interest to Palazzo della Ragione, all within 600 meters. Considering time context (it's still morning) and typical tourist patterns (visitors often prioritize nearby",False,3.497948169708252,success
04086A121B6781,0,['Arena'],Torre Lamberti,"['Sighseeing', 'Centro Fotografia', 'Museo Conte', 'Casa Giulietta', 'Palazzo della Ragione']",Castelvecchio,"These are the nearest points of interest to the current location (Torre Lamberti) and follow the visited point (Arena). Considering the time context, these places can be comfortably visited in the rem",False,3.058802366256714,success
040886121B6781,0,['Casa Giulietta'],Arena,"['Verona Tour', 'Museo Lapidario', 'Sighseeing', 'Castelvecchio', 'Torre Lamberti']",Tomba Giulietta,"These are the 5 nearest points of interest to Casa Giulietta, where the tourist is currently located. The distances to these attractions are within 0.2km to 0.6km, and they are commonly visited by tou",False,3.1413233280181885,success
04085F121B6781,1,"['Arena', 'San Fermo']",Palazzo della Ragione,"['AMO', 'Museo Conte', 'Torre Lamberti', 'Casa Giulietta', 'Duomo']",Casa Giulietta,These suggestions are based on proximity to current location (Palazzo della Ragione) and popularity among tourists. AMO and Museo Conte are the closest points of interest. Torre Lamberti offers a pano,True,3.8921291828155518,success
040857121B6781,1,['Arena'],Casa Giulietta,"['Centro Fotografia', 'Sighseeing', 'Torre Lamberti', 'Palazzo della Ragione', 'San Fermo']",Palazzo della Ragione,"These suggestions are based on proximity to the current location (Casa Giulietta) and typical tourist patterns in Verona. The nearest points of interest are Centro Fotografia, Sighseeing, and Torre La",True,5.298107147216797,success
0408BB121B6781,5,"['Torre Lamberti', 'Palazzo della Ragione', 'Casa Giulietta', 'Arena']",Castelvecchio,"['Museo Lapidario', 'Verona Tour', 'San Zeno', 'Sighseeing', 'Museo Miniscalchi']",Museo Lapidario,"These suggestions are based on proximity to current location, with Museo Lapidario and Verona Tour being the closest at 0.3km. San Zeno, Sighseeing, and Museo Miniscalchi follow as popular tourist des",True,3.149393081665039,success
040858121B6781,5,"['Arena', 'Torre Lamberti']",Casa Giulietta,"['Centro Fotografia', 'Sighseeing', 'Palazzo della Ragione', 'San Fermo', 'AMO']",Palazzo della Ragione,"These suggestions are based on the proximity of the POIs to Casa Giulietta, where it is currently located. Centro Fotografia and Sighseeing are the closest at 0.1km, followed by Palazzo della Ragione ",True,4.905930995941162,success
040896121B6781,0,['Arena'],Castelvecchio,"['Museo Lapidario', 'Verona Tour', 'San Zeno', 'Sighseeing', 'Museo Miniscalchi']",Torre Lamberti,"These suggestions are based on proximity to current location (Castelvecchio), with Museo Lapidario and Verona Tour being the closest at 0.3km. The remaining POIs are within 1km. This selection conside",False,3.8951234817504883,success
0408CF121B6781,4,"['Torre Lamberti', 'Santa Anastasia']",Duomo,"['AMO', 'Museo Miniscalchi', 'Teatro Romano', 'Palazzo della Ragione', 'Casa Giulietta']",Arena,"These POIs are the closest to the current location, and considering typical tourist patterns, they are the most likely next destinations.",False,1.969557285308838,success
0408AE121B6781,4,"['Arena', 'Castelvecchio']",Casa Giulietta,"['Torre Lamberti', 'Palazzo della Ragione', 'San Fermo', 'AMO', 'Centro Fotografia']",Teatro Romano,"These suggestions are based on the close proximity to Casa Giulietta, with Torre Lamberti being the closest at 0.1km. Palazzo della Ragione and San Fermo follow, both at 0.3km. AMO is a bit further at",False,4.739954710006714,success
04088C121B6781,0,['Arena'],Torre Lamberti,"['Sighseeing', 'Centro Fotografia', 'Casa Giulietta', 'Palazzo della Ragione', 'AMO']",Casa Giulietta,These suggestions are based on the close proximity of the POIs to the current location (Torre Lamberti). Tourist patterns suggest that visitors often prioritize nearby attractions during their itinera,True,5.436100006103516,success
0408C5121B6781,2,"['Arena', 'Palazzo della Ragione']",Torre Lamberti,"['Sighseeing', 'Casa Giulietta', 'Museo Conte', 'AMO', 'Santa Anastasia']",Museo Lapidario,"These POIs are the closest to the current location, Torre Lamberti, and are also popular tourist destinations in Verona. Given the time context of a Saturday afternoon, these places are likely to have",False,3.5702271461486816,success
0408E1121B6781,5,"['Arena', 'Museo Lapidario', 'Castelvecchio']",Casa Giulietta,"['Centro Fotografia', 'Sighseeing', 'Torre Lamberti', 'Palazzo della Ragione', 'San Fermo']",Torre Lamberti,"These POIs are the closest to the current location, with distances ranging from 0.1km to 0.3km. Based on typical tourist patterns, visitors often visit nearby attractions in close proximity.",True,2.1928324699401855,success
0408CB4A216281,0,['Arena'],Casa Giulietta,"['Centro Fotografia', 'Torre Lamberti', 'Palazzo della Ragione', 'San Fermo', 'Museo Miniscalchi']",Torre Lamberti,"These suggestions are based on the proximity of the POIs to the current location (Casa Giulietta). Centro Fotografia and Torre Lamberti are the closest, followed by Palazzo della Ragione, San Fermo, a",True,4.1006693840026855,success
04091E4A216285,4,['Arena'],Castelvecchio,"['Museo Lapidario', 'Verona Tour', 'Torre Lamberti', 'Casa Giulietta', 'San Fermo']",Duomo,"These suggestions are based on proximity to current location (Castelvecchio), with Museo Lapidario and Verona Tour being the closest at 0.3km. Torre Lamberti, Casa Giulietta, and San Fermo follow as p",False,1.9581656455993652,success
0408DD121B6781,4,"['Duomo', 'Teatro Romano', 'Casa Giulietta']",Arena,"['Verona Tour', 'Museo Lapidario', 'Castelvecchio', 'Torre Lamberti', 'Sighseeing']",Museo Lapidario,"These suggestions are based on proximity to current location, with Verona Tour being the closest (0.2km) and others also within a reasonable walking distance. Popular tourist patterns suggest that the",True,3.2565441131591797,success
0408DB4A216281,1,"['Arena', 'San Fermo', 'Teatro Romano']",Torre Lamberti,"['Sighseeing', 'Casa Giulietta', 'Palazzo della Ragione', 'Duomo', 'Museo Miniscalchi']",Palazzo della Ragione,"These POIs are the closest to the current Torre Lamberti and popular among tourists. Sightseeing is the nearest and a must-visit in Verona. Casa Giulietta, Palazzo della Ragione, and Duomo are also fa",True,4.113156318664551,success
0408E3121B6781,4,"['Arena', 'Torre Lamberti']",Santa Anastasia,"['AMO', 'Museo Conte', 'Palazzo della Ragione', 'Teatro Romano', 'Duomo']",Tomba Giulietta,"These suggestions are based on proximity to current location, with AMO being the closest at 0.1km. The other recommendations are within 0.3km and align with typical tourist patterns.",False,3.248029947280884,success
0408C14A216281,1,"['Palazzo della Ragione', 'Torre Lamberti', 'Casa Giulietta']",Arena,"['Verona Tour', 'Museo Lapidario', 'San Fermo', 'Sighseeing', 'Castelvecchio']",San Fermo,"These suggestions are based on proximity to the current location (Arena), time context, and typical tourist patterns. 'Verona Tour' is only 0.2km away and can be visited in a short amount of time. 'Mu",True,5.383676528930664,success
040917121B6781,4,"['Arena', 'Casa Giulietta']",Castelvecchio,"['Museo Lapidario', 'Verona Tour', 'Torre Lamberti', 'San Zeno', 'Museo Miniscalchi']",Torre Lamberti,"These suggestions are based on the proximity of the POIs to Castelvecchio, with Museo Lapidario and Verona Tour being the closest. Torre Lamberti, San Zeno, and Museo Miniscalchi are also nearby and a",True,3.5485267639160156,success
0408D2121B6781,0,['Arena'],Casa Giulietta,"['Centro Fotografia', 'Sighseeing', 'Torre Lamberti', 'Palazzo della Ragione', 'San Fermo']",Santa Anastasia,"These suggestions are based on the close proximity of these points of interest to Casa Giulietta, with Centro Fotografia and Sighseeing being the closest at 0.1km. Torre Lamberti, Palazzo della Ragion",False,5.467416524887085,success
04091D4A216285,0,['Arena'],Castelvecchio,"['Museo Lapidario', 'Verona Tour', 'Torre Lamberti', 'Casa Giulietta', 'San Fermo']",Torre Lamberti,"These suggestions are based on proximity to current location (Castelvecchio), with Museo Lapidario and Verona Tour being the closest at 0.3km. Torre Lamberti, Casa Giulietta, and San Fermo follow as p",True,3.7101497650146484,success
04092C4A216285,0,"['Arena', 'Castelvecchio']",Torre Lamberti,"['Sighseeing', 'Casa Giulietta', 'Palazzo della Ragione', 'AMO', 'Museo Miniscalchi']",Santa Anastasia,These POIs are the closest to the current location and are also the most popular among tourists during weekend afternoons.,False,1.8298077583312988,success
0409254A216285,1,['Arena'],Casa Giulietta,"['Centro Fotografia', 'Sighseeing', 'Torre Lamberti', 'Palazzo della Ragione', 'San Fermo']",Palazzo della Ragione,"These POIs are the closest to the current location, Casa Giulietta, and are all within a short walking distance. Given the typical tourist pattern of visiting popular attractions in close proximity, t",True,3.4092938899993896,success
0409314A216285,0,['Castelvecchio'],Arena,"['Verona Tour', 'Casa Giulietta', 'Torre Lamberti', 'Sighseeing', 'Museo Lapidario']",Casa Giulietta,"These POIs are nearby, popular among tourists and open during weekend afternoons.",True,2.708568811416626,success
040952121B6781,1,['Arena'],Torre Lamberti,"['Sighseeing', 'Centro Fotografia', 'Casa Giulietta', 'Palazzo della Ragione', 'AMO']",Palazzo della Ragione,"These are the 5 nearest points of interest to Torre Lamberti, where the tourist is currently located. The time context suggests that as a typical weekend activity, the tourist is likely to visit these",True,2.526780605316162,success
0409214A216285,6,['Castelvecchio'],Casa Giulietta,"['Torre Lamberti', 'Palazzo della Ragione', 'San Fermo', 'AMO', 'Centro Fotografia']",Torre Lamberti,"These suggestions are based on the proximity of the POIs to Casa Giulietta, where it is currently located. Torre Lamberti and Palazzo della Ragione are the closest major attractions. San Fermo and AMO",True,4.86205530166626,success
04095D121B6781,0,"['Arena', 'Casa Giulietta']",Torre Lamberti,"['Sighseeing', 'Centro Fotografia', 'Palazzo della Ragione', 'Museo Miniscalchi', 'San Fermo']",Santa Anastasia,"These POIs are the closest to the current location, Torre Lamberti, and are common tourist destinations during a weekend afternoon visit in Verona.",False,2.0943095684051514,success
040957121B6781,6,['Santa Anastasia'],Casa Giulietta,"['Centro Fotografia', 'Sighseeing', 'Torre Lamberti', 'Palazzo della Ragione', 'Arena']",Palazzo della Ragione,"These POIs are the closest to the current location, Casa Giulietta, and are popular among tourists. Given the time context of a Saturday afternoon, these places are likely to be open and have high foo",True,3.046039342880249,success
040953121B6781,5,"['Santa Anastasia', 'Torre Lamberti', 'Duomo']",Casa Giulietta,"['Centro Fotografia', 'Sighseeing', 'Palazzo della Ragione', 'San Fermo', 'Arena']",Arena,"These suggestions are based on proximity to current location, with Centro Fotografia and Sighseeing being the closest. Palazzo della Ragione, San Fermo, and Arena are also nearby and are popular touri",True,3.3278260231018066,success
04094A121B6781,1,['Arena'],Torre Lamberti,"['Sighseeing', 'Centro Fotografia', 'Casa Giulietta', 'Palazzo della Ragione', 'AMO']",Palazzo della Ragione,"These are the 5 nearest points of interest to Torre Lamberti, all within 500 meters. They include popular tourist attractions such as Juliet's House and Palazzo della Ragione. On a weekend morning, th",True,3.7452783584594727,success
0409274A216285,1,"['Arena', 'Palazzo della Ragione']",Santa Anastasia,"['AMO', 'Duomo', 'Teatro Romano', 'Torre Lamberti', 'Casa Giulietta']",Torre Lamberti,"These POIs are the closest to the current location, Santa Anastasia, and are also some of the most popular tourist destinations in Verona. AMO is only 0.1km away, while Duomo, Teatro Romano, Torre Lam",True,5.28333306312561,success
040936121B6781,0,['Torre Lamberti'],Arena,"['Verona Tour', 'Castelvecchio', 'Casa Giulietta', 'Sighseeing', 'San Fermo']",Casa Giulietta,"These suggestions are based on proximity to current location, with Verona Tour being the closest (0.2km) and offering a comprehensive overview of the city. Castelvecchio (0.5km) is an historic castle ",True,5.510946989059448,success
04095B121B6781,4,"['Arena', 'Casa Giulietta']",Torre Lamberti,"['Palazzo della Ragione', 'AMO', 'Museo Miniscalchi', 'Santa Anastasia', 'San Fermo']",Santa Anastasia,These suggestions are based on the close proximity to the current location (Torre Lamberti). Palazzo della Ragione is the closest and a popular tourist destination. AMO and Museo Miniscalchi follow du,True,4.188791275024414,success
0409B6121B6780,4,"['Castelvecchio', 'Casa Giulietta']",Arena,"['Verona Tour', 'Museo Lapidario', 'Torre Lamberti', 'Sighseeing', 'San Fermo']",Santa Anastasia,"These suggestions are based on proximity to current location (Arena), distances, and typical tourist patterns. The Verona Tour is the closest notable point of interest. Museo Lapidario and Torre Lambe",False,2.99463152885437,success
040975121B6781,0,['Arena'],Castelvecchio,"['Museo Lapidario', 'Verona Tour', 'San Zeno', 'Sighseeing', 'Torre Lamberti']",Duomo,"These suggestions are based on the close proximity of the POIs to Castelvecchio, with Museo Lapidario and Verona Tour being the closest. San Zeno, Sighseeing, and Torre Lamberti are also nearby and ar",False,3.6197242736816406,success
04098B121B6781,4,"['Arena', 'Torre Lamberti']",Casa Giulietta,"['Centro Fotografia', 'Sighseeing', 'Palazzo della Ragione', 'San Fermo', 'AMO']",Santa Anastasia,"These suggestions are based on proximity to current location, with Centro Fotografia and Sighseeing being the closest points of interest. The remaining locations, Palazzo della Ragione, San Fermo, and",False,3.769989252090454,success
0409BB121B6781,5,"['Torre Lamberti', 'Palazzo della Ragione', 'Casa Giulietta', 'Arena']",Castelvecchio,"['Museo Lapidario', 'Verona Tour', 'San Zeno', 'Sighseeing', 'Museo Miniscalchi']",Museo Lapidario,"These suggestions are based on proximity to current location, with Museo Lapidario and Verona Tour being the closest at 0.3km. San Zeno, Sighseeing, and Museo Miniscalchi follow as popular tourist des",True,2.7283148765563965,success
040961121B6781,0,['Arena'],Museo Lapidario,"['Verona Tour', 'Castelvecchio', 'Museo Radio', 'San Fermo', 'Casa Giulietta']",Torre Lamberti,"These suggestions are based on proximity to current location, time context and popular tourist patterns. 'Verona Tour' is the closest at 0.1km and a great way to see more of the city. 'Castelvecchio' ",False,5.703362464904785,success
0409BE121B6781,2,"['Casa Giulietta', 'Torre Lamberti', 'Duomo', 'Santa Anastasia']",San Fermo,"['Museo Storia', 'Arena', 'Sighseeing', 'Palazzo della Ragione', 'Verona Tour']",Tomba Giulietta,"These suggestions are based on proximity to current location, with Museo Storia and Arena being the closest. Suggested POIs also consider typical tourist patterns in Verona, including historical and c",False,3.397066593170166,success
0409B8121B6780,5,"['Arena', 'Castelvecchio', 'Casa Giulietta', 'Torre Lamberti', 'Santa Anastasia']",Duomo,"['AMO', 'Museo Miniscalchi', 'Teatro Romano', 'Palazzo della Ragione', 'Centro Fotografia']",Teatro Romano,"These suggestions are based on proximity to the current location (Duomo). AMO and Museo Miniscalchi are the closest points of interest. The other three, Teatro Romano, Palazzo della Ragione, and Centr",True,4.006386756896973,success
0409BC121B6780,1,['Palazzo della Ragione'],Arena,"['Verona Tour', 'Museo Lapidario', 'San Fermo', 'Casa Giulietta', 'Castelvecchio']",Duomo,"These are the 5 nearest points of interest to the current location (Arena) and the previously visited location (Palazzo della Ragione). The distances to these POIs range from 0.2km to 0.6km, which is ",False,4.6764304637908936,success
0409B7121B6780,2,"['San Zeno', 'Santa Anastasia']",Palazzo della Ragione,"['AMO', 'Casa Giulietta', 'Duomo', 'Teatro Romano', 'Museo Miniscalchi']",Torre Lamberti,"These POIs are the closest to the current location at Palazzo della Ragione, and are also among the most popular tourist destinations in Verona. AMO (0.1km) and Casa Giulietta (0.3km) are within walki",False,5.546041011810303,success
0409BA121B6780,0,"['Casa Giulietta', 'Arena']",Castelvecchio,"['Museo Lapidario', 'Verona Tour', 'Torre Lamberti', 'San Zeno', 'Museo Miniscalchi']",Torre Lamberti,"These suggestions are based on the proximity of the POIs to the current location (Castelvecchio). Museo Lapidario and Verona Tour are the closest at 0.3km, followed by Torre Lamberti at 0.9km. San Zen",True,5.063746452331543,success
0409DB4A216281,1,"['Arena', 'Teatro Romano']",Torre Lamberti,"['Sighseeing', 'Centro Fotografia', 'Palazzo della Ragione', 'Casa Giulietta', 'Museo Miniscalchi']",Palazzo della Ragione,"These POIs are the closest to the current location, Torre Lamberti, and are popular tourist attractions. Given the time context of a Saturday afternoon, these places are likely to have regular hours a",True,2.829688549041748,success
0409E0121B6781,4,"['Teatro Romano', 'Santa Anastasia', 'Arena', 'Torre Lamberti']",Castelvecchio,"['Museo Lapidario', 'Verona Tour', 'San Zeno', 'Casa Giulietta', 'Palazzo della Ragione']",San Fermo,"These suggestions are based on proximity to current location, with Museo Lapidario and Verona Tour being the closest. San Zeno and Casa Giulietta are popular tourist destinations, while Palazzo della ",False,2.860862970352173,success
0409C14A216281,1,"['Palazzo della Ragione', 'Torre Lamberti', 'Casa Giulietta']",Arena,"['Verona Tour', 'Museo Lapidario', 'San Fermo', 'Sighseeing', 'Castelvecchio']",San Fermo,"These suggestions are based on proximity to the current location (Arena), time context, and typical tourist patterns. 'Verona Tour' is only 0.2km away and can be visited in a short period of time. 'Mu",True,3.9468939304351807,success
0409C04A216281,1,['Arena'],Palazzo della Ragione,"['Casa Giulietta', 'Duomo', 'Teatro Romano', 'AMO', 'Museo Miniscalchi']",Torre Lamberti,"These suggestions are based on proximity to current location, popularity among tourists and relevance to Verona's history. Casa Giulietta is a must-visit for Romeo and Juliet fans. Duomo is one of the",False,4.773324012756348,success
0409D2121B6781,0,['Arena'],Casa Giulietta,"['Centro Fotografia', 'Sighseeing', 'Torre Lamberti', 'Palazzo della Ragione', 'San Fermo']",Santa Anastasia,"These suggestions are based on proximity to the current location (Casa Giulietta) and popular tourist patterns. Centro Fotografia, Sighseeing, and Torre Lamberti are all within 0.1km. Palazzo della Ra",False,4.507938385009766,success
0409DD121B6781,0,['Arena'],Casa Giulietta,"['Centro Fotografia', 'Sighseeing', 'Torre Lamberti', 'Palazzo della Ragione', 'San Fermo']",Tomba Giulietta,"These suggestions are based on the proximity of the POIs to Casa Giulietta, where the tourist is currently located. The distances range from 0.1km to 0.3km, making them easily reachable in the afterno",False,4.227560758590698,success
040A17121B6781,0,['Arena'],Casa Giulietta,"['Centro Fotografia', 'Sighseeing', 'Torre Lamberti', 'Museo Conte', 'Palazzo della Ragione']",Santa Anastasia,"These suggestions are based on the proximity of the POIs to Casa Giulietta, where the tourist is currently located. The nearest points of interest, Centro Fotografia, Sighseeing, and Torre Lamberti, a",False,4.072742700576782,success
040A19121B6781,2,['Casa Giulietta'],Torre Lamberti,"['Torre Lamberti', 'Palazzo della Ragione', 'Arena di Verona', 'Museo Miniscalchi', 'Duomo']",Arena,Torre Lamberti is the next likely destination as it's the current location. Palazzo della Ragione and Museo Miniscalchi are nearby and popular among tourists. Arena di Verona is a must-visit for any t,False,4.097145080566406,success
0409E84A216281,2,"['Casa Giulietta', 'Palazzo della Ragione']",Arena,"['Verona Tour', 'Museo Lapidario', 'Castelvecchio', 'Torre Lamberti', 'Sighseeing']",Torre Lamberti,"These suggestions are based on proximity to current location (Arena), distances, and typical tourist patterns. 'Verona Tour' is the closest notable point of interest. 'Museo Lapidario' and 'Castelvecc",True,4.859782695770264,success
040A38121B6781,4,"['Arena', 'Casa Giulietta']",Santa Anastasia,"['AMO', 'Museo Conte', 'Palazzo della Ragione', 'Teatro Romano', 'Duomo']",Torre Lamberti,"These POIs are the closest to the current location, Santa Anastasia, and considering the usual time context of Friday afternoons, they are popular tourist destinations in Verona.",False,2.552229642868042,success
040A1A4A216285,4,['Arena'],Torre Lamberti,"['Sighseeing', 'Centro Fotografia', 'Museo Conte', 'Casa Giulietta', 'Palazzo della Ragione']",Duomo,These are the next likely points of interest to visit based on their proximity to the current location (Torre Lamberti). Tourist patterns suggest that visitors often visit nearby attractions in order ,False,4.246502637863159,success
040A274A216285,1,"['Arena', 'Palazzo della Ragione']",Santa Anastasia,"['Duomo', 'Torre Lamberti', 'Casa Giulietta', 'Teatro Romano', 'AMO']",Torre Lamberti,"These suggestions are based on proximity to current location, with Duomo being the closest and a major tourist attraction. Torre Lamberti offers panoramic views of Verona and Casa Giulietta is a popul",True,3.488084077835083,success
040A214A216285,4,"['Arena', 'Torre Lamberti', 'Casa Giulietta']",Teatro Romano,"['Duomo', 'Palazzo della Ragione', 'Santa Anastasia', 'Museo Conte', 'Giardino Giusti']",Castelvecchio,"These suggestions are based on proximity to the current location (Teatro Romano) and popular tourist patterns. The Duomo, Palazzo della Ragione, and Santa Anastasia are all within 0.4km and are major ",False,4.287154912948608,success
040A224A216285,4,"['Arena', 'Torre Lamberti']",Santa Anastasia,"['AMO', 'Museo Conte', 'Duomo', 'Teatro Romano', 'Casa Giulietta']",Duomo,"These POIs are ranked by proximity to the current location (Santa Anastasia). AMO is the closest at 0.1km, followed by Museo Conte and Duomo which are both 0.2km away. Teatro Romano is 0.3km away and ",True,4.414122819900513,success
040A314A216285,0,['Castelvecchio'],Arena,"['Verona Tour', 'Museo Lapidario', 'San Fermo', 'Casa Giulietta', 'Torre Lamberti']",Casa Giulietta,"These suggestions are based on proximity to current location, with Verona Tour being the closest (0.2km) and others following in ascending order of distance. Considering it's a weekend afternoon, thes",True,3.2583935260772705,success
040A29121B6781,0,['Arena'],Casa Giulietta,"['Centro Fotografia', 'Sighseeing', 'Torre Lamberti', 'Palazzo della Ragione', 'San Fermo']",Castelvecchio,"These suggestions are based on the proximity of the POIs to Casa Giulietta, where the tourist is currently located. The distances range from 0.1km to 0.3km, making them easily reachable in a short per",False,4.166042804718018,success
040A474A216285,1,"['Arena', 'Casa Giulietta']",Palazzo della Ragione,"['AMO', 'Museo Conte', 'Torre Lamberti', 'Santa Anastasia', 'Duomo']",Torre Lamberti,"These suggestions are based on the proximity of the POIs to the current location (Palazzo della Ragione). AMO and Museo Conte are the closest, followed by Torre Lamberti, Santa Anastasia, and Duomo. T",True,3.3807921409606934,success
040A1E4A216285,0,['Arena'],Museo Lapidario,"['Verona Tour', 'Castelvecchio', 'Museo Radio', 'San Fermo', 'Casa Giulietta']",Casa Giulietta,"These suggestions are based on proximity to current location, time context and popular tourist patterns. 'Verona Tour' is the closest point of interest at 0.1km; 'Castelvecchio' is slightly further bu",True,5.441299915313721,success
040A4B4A216285,5,"['Arena', 'Castelvecchio']",Duomo,"['AMO', 'Teatro Romano', 'Palazzo della Ragione', 'Torre Lamberti', 'Casa Giulietta']",Museo Storia,"These suggestions are based on proximity to the current location (Duomo). AMO and Teatro Romano are the closest. Palazzo della Ragione, Torre Lamberti, and Casa Giulietta are popular tourist destinati",False,3.3258068561553955,success
040A4E121B6781,1,['Arena'],Casa Giulietta,"['Centro Fotografia', 'Sighseeing', 'Torre Lamberti', 'Palazzo della Ragione', 'San Fermo']",Santa Anastasia,"These suggestions are based on the proximity of the POIs to Casa Giulietta, where the tourist is currently located. The nearest points of interest have been given higher priority. They also consider t",False,2.93345308303833,success
040A4A4A216285,4,"['Arena', 'Casa Giulietta', 'Palazzo della Ragione']",San Fermo,"['Museo Storia', 'Torre Lamberti', 'Sighseeing', 'Centro Fotografia', 'Verona Tour']",Teatro Romano,"These suggestions are based on proximity to current location, with Museo Storia and Torre Lamberti being the closest. Suggestions also consider popular tourist patterns and time context, aiming to bal",False,4.478256464004517,success
040A5D121B6781,0,['Arena'],Casa Giulietta,"['Centro Fotografia', 'Sighseeing', 'Torre Lamberti', 'Palazzo della Ragione', 'San Fermo']",Torre Lamberti,"These suggestions are based on the proximity of the POIs to the current location (Casa Giulietta). The distances range from 0.1km to 0.3km, which is considered a reasonable walking distance for touris",True,3.8834450244903564,success
040A63121B6781,1,['Arena'],Palazzo della Ragione,"['Casa Giulietta', 'Duomo', 'Teatro Romano', 'AMO', 'Museo Miniscalchi']",Torre Lamberti,These suggestions are based on proximity to the current location (Palazzo della Ragione) and popular tourist patterns in Verona. Casa Giulietta and Duomo are both major attractions and within walking ,False,3.8188765048980713,success
040A55121B6781,6,['Santa Anastasia'],Casa Giulietta,"['Centro Fotografia', 'Torre Lamberti', 'Sighseeing', 'Palazzo della Ragione', 'Arena']",Torre Lamberti,"These suggestions are based on the close proximity of the POIs to Casa Giulietta, where the tourist is currently located. The distances range from 0.1km to 0.5km, which can be covered within a reasona",True,4.218145370483398,success
040AB6121B6780,6,['Castelvecchio'],Casa Giulietta,"['Torre Lamberti', 'Palazzo della Ragione', 'San Fermo', 'AMO', 'Santa Anastasia']",Teatro Romano,"These POIs are nearby, within 0.1-0.4 km from the current location, and are popular tourist attractions in Verona. Given the time context of a Sunday afternoon, these places are likely to be open and ",False,3.2957074642181396,success
040A75121B6781,0,['Arena'],Castelvecchio,"['Museo Lapidario', 'Verona Tour', 'Torre Lamberti', 'Casa Giulietta', 'San Zeno']",Duomo,"These suggestions are based on proximity to current location (Castelvecchio), with Museo Lapidario and Verona Tour being the closest at 0.3km. Torre Lamberti, Casa Giulietta, and San Zeno follow as po",False,3.9700827598571777,success
040A53121B6781,4,"['Arena', 'Casa Giulietta', 'Santa Anastasia']",Teatro Romano,"['Duomo', 'AMO', 'Palazzo della Ragione', 'Museo Conte', 'Centro Fotografia']",Torre Lamberti,"These suggestions are based on proximity to the current location (Teatro Romano) and popular tourist patterns. The Duomo is the closest point of interest at 0.3km, followed by AMO and Palazzo della Ra",False,5.018002510070801,success
040AA14A216281,4,"['Arena', 'Teatro Romano']",Torre Lamberti,"['Sighseeing', 'Centro Fotografia', 'Palazzo della Ragione', 'AMO', 'Museo Miniscalchi']",Casa Giulietta,These suggestions are based on proximity to the current location (Torre Lamberti) and popular tourist patterns. 'Sighseeing' is the closest point of interest. 'Centro Fotografia' and 'Palazzo della Ra,False,3.9122657775878906,success
040A8B121B6781,6,"['Torre Lamberti', 'Casa Giulietta']",Santa Anastasia,"['AMO', 'Museo Conte', 'Palazzo della Ragione', 'Teatro Romano', 'Duomo']",Teatro Romano,"These suggestions are based on the proximity of the POIs to the current location (Santa Anastasia). AMO is the closest at 0.1km, followed by Museo Conte and Palazzo della Ragione at 0.2km, Teatro Roma",True,4.267115831375122,success
040A71121B6781,0,['Casa Giulietta'],Arena,"['Verona Tour', 'Museo Lapidario', 'Castelvecchio', 'Torre Lamberti', 'Sighseeing']",Tomba Giulietta,"These suggestions are based on proximity to current location, time context and tourist patterns. 'Verona Tour' is the closest point of interest at 0.2km and can be a good place to start for more infor",False,5.01321816444397,success
040AB8121B6781,1,"['Arena', 'Palazzo della Ragione']",Teatro Romano,"['Duomo', 'Santa Anastasia', 'Torre Lamberti', 'Casa Giulietta', 'Museo Miniscalchi']",Duomo,"These suggestions are based on proximity to current location (Teatro Romano) and popularity among tourists. Duomo and Santa Anastasia are the closest points of interest. Torre Lamberti, Casa Giulietta",True,3.6046535968780518,success
040ABE121B6781,2,"['Casa Giulietta', 'Torre Lamberti', 'Duomo', 'Santa Anastasia']",San Fermo,"['Museo Storia', 'Arena', 'Sighseeing', 'Palazzo della Ragione', 'Verona Tour']",San Zeno,"These suggestions are based on proximity to current location, with Museo Storia and Arena being the closest. Suggested POIs also consider popular tourist patterns in Verona.",False,2.516730546951294,success
040AB6121B6781,6,['Castelvecchio'],Duomo,"['AMO', 'Duomo', 'Teatro Romano', 'Palazzo della Ragione', 'Casa Giulietta']",Casa Giulietta,"These suggestions are based on the proximity of the POIs to the current location (Duomo). AMO is the closest and a popular cultural center. Duomo, being the current location, is included for completen",True,4.723011016845703,success
040AC04A216281,1,['Arena'],Casa Giulietta,"['Centro Fotografia', 'Sighseeing', 'Torre Lamberti', 'Palazzo della Ragione', 'San Fermo']",Santa Anastasia,"These POIs are the closest to the current location, considering typical tourist patterns of visiting nearby attractions during a short stay.",False,2.432284116744995,success
040ABA121B6780,0,"['Casa Giulietta', 'Arena']",Castelvecchio,"['Museo Lapidario', 'Verona Tour', 'Torre Lamberti', 'San Zeno', 'Museo Miniscalchi']",Torre Lamberti,"These suggestions are based on proximity to current location, with Museo Lapidario and Verona Tour being the closest at 0.3km. Torre Lamberti follows at 0.9km, then San Zeno and Museo Miniscalchi at 0",True,4.280983924865723,success
040ABC121B6780,1,['Palazzo della Ragione'],Arena,"['Verona Tour', 'Museo Lapidario', 'San Fermo', 'Casa Giulietta', 'Castelvecchio']",Duomo,"These are the 5 nearest points of interest to the current location (Arena) and the next visited point of interest (Palazzo della Ragione). The distances to these POIs are less than 0.6km, making them ",False,4.2473366260528564,success
040ABD121B6780,0,['Arena'],Castelvecchio,"['Museo Lapidario', 'Verona Tour', 'Torre Lamberti', 'Casa Giulietta', 'San Fermo']",Torre Lamberti,"These suggestions are based on proximity to current location (Castelvecchio), with Museo Lapidario and Verona Tour being the closest at 0.3km. Torre Lamberti, Casa Giulietta, and San Fermo follow, all",True,4.193844556808472,success
040AC24A216281,0,['Arena'],Casa Giulietta,"['Centro Fotografia', 'Sighseeing', 'Torre Lamberti', 'Palazzo della Ragione', 'San Fermo']",Torre Lamberti,These suggestions are based on the close proximity to the current location (Casa Giulietta). Tourist patterns suggest that visitors often visit multiple nearby points of interest. The distances to the,True,3.3909695148468018,success
040AC1121B6781,1,"['Arena', 'Palazzo della Ragione']",Torre Lamberti,"['Sighseeing', 'Casa Giulietta', 'Museo Conte', 'AMO', 'Santa Anastasia']",Tomba Giulietta,"These POIs are the closest to the current location, Torre Lamberti, and are all within a reasonable walking distance for a Tuesday afternoon itinerary. They also include a mix of popular attractions (",False,3.555846929550171,success
040AC4121B6780,0,['Teatro Romano'],Arena,"['Verona Tour', 'Casa Giulietta', 'Castelvecchio', 'Torre Lamberti', 'Sighseeing']",Castelvecchio,"These POIs are selected based on proximity to the current location (Arena). Verona Tour and Casa Giulietta are popular tourist destinations. Castelvecchio, Torre Lamberti, and Sighseeing are also near",True,3.3106329441070557,success
040ABF121B6781,5,"['Arena', 'Casa Giulietta']",Museo Storia,"['San Fermo', 'Museo Radio', 'Torre Lamberti', 'Sighseeing', 'Palazzo della Ragione']",Duomo,"These suggestions are based on proximity to the current location and popular tourist patterns. San Fermo is closest at 0.2km, followed by Museo Radio at 0.4km, Torre Lamberti and Sighseeing both at 0.",False,4.114368915557861,success
040AC1121B6780,2,"['Arena', 'Casa Giulietta', 'Santa Anastasia']",Torre Lamberti,"['Sighseeing', 'Centro Fotografia', 'Palazzo della Ragione', 'Museo Miniscalchi', 'San Fermo']",Giardino Giusti,"These suggestions are based on the close proximity to the current location (Torre Lamberti). The distances to these points of interest are within 500 meters, making them easily reachable in a short am",False,4.252020835876465,success
040AD4121B6781,2,['Torre Lamberti'],Casa Giulietta,"['Centro Fotografia', 'Sighseeing', 'Palazzo della Ragione', 'San Fermo', 'Arena']",Arena,"These POIs are the closest to the current location, Casa Giulietta, and are popular among tourists. Given the time context of a Saturday afternoon, these places are likely to be open and have high foo",True,2.7518253326416016,success
040AC94A216281,0,['Arena'],Castelvecchio,"['Museo Lapidario', 'Verona Tour', 'Torre Lamberti', 'Casa Giulietta', 'San Fermo']",Casa Giulietta,"These suggestions are based on the close proximity of the POIs to the current location (Castelvecchio). Museo Lapidario and Verona Tour are the closest, while Torre Lamberti, Casa Giulietta, and San F",True,4.0952308177948,success
040AE0121B6781,4,"['Teatro Romano', 'Santa Anastasia', 'Tomba Giulietta']",Torre Lamberti,"['Sighseeing', 'Centro Fotografia', 'Museo Conte', 'Casa Giulietta', 'Palazzo della Ragione']",Arena,"These are the nearest points of interest to Torre Lamberti, making them the most likely next destinations for a tourist.",False,2.8298027515411377,success
040ADD4A216281,4,"['Arena', 'Casa Giulietta', 'Torre Lamberti']",Palazzo della Ragione,"['AMO', 'Museo Conte', 'Santa Anastasia', 'Duomo', 'Teatro Romano']",Santa Anastasia,"These suggestions are based on the proximity of the POIs to the current location (Palazzo della Ragione) and considering typical tourist patterns in Verona. AMO and Museo Conte are the closest, follow",True,3.528938055038452,success
040ADC121B6781,1,"['Casa Giulietta', 'Arena', 'Museo Lapidario']",Tomba Giulietta,"['San Fermo', 'Museo Storia', 'Castelvecchio', 'Sighseeing', 'Torre Lamberti']",Torre Lamberti,"These suggestions are based on the proximity of the POIs to the current location (Tomba Giulietta). All of them are within 1.2km and can be easily reached in the afternoon time frame of 13h-17h, which",True,4.510041952133179,success
040B29121B6781,0,['Arena'],Casa Giulietta,"['Centro Fotografia', 'Sighseeing', 'Torre Lamberti', 'Museo Conte', 'Palazzo della Ragione']",Castelvecchio,"These suggestions are based on the close proximity of these points of interest to Casa Giulietta, where the tourist is currently located. The distances range from 0.1km to 0.3km, making them easily re",False,3.305048704147339,success
040B03121B6785,0,['Arena'],Casa Giulietta,"['Centro Fotografia', 'Sighseeing', 'Torre Lamberti', 'Museo Conte', 'Palazzo della Ragione']",Tomba Giulietta,"These suggestions are based on the close proximity of these points of interest to Casa Giulietta, where the tourist is currently located. The distances are all within 0.1km to 0.3km, which is a reason",False,3.77115535736084,success
040B19121B6781,2,"['Casa Giulietta', 'Torre Lamberti']",Arena,"['Verona Tour', 'Museo Lapidario', 'San Fermo', 'Sighseeing', 'Castelvecchio']",San Zeno,"These suggestions are based on proximity to current location, time context and popular tourist patterns. 'Verona Tour' and 'Museo Lapidario' are the closest points of interest. 'San Fermo', 'Sighseein",False,3.496751546859741,success
040B204A216285,1,['Arena'],Palazzo della Ragione,"['Casa Giulietta', 'Duomo', 'Teatro Romano', 'AMO', 'Museo Miniscalchi']",Duomo,"These suggestions are based on proximity to the current location (Palazzo della Ragione) and popular tourist patterns in Verona. Casa Giulietta, Duomo, and Teatro Romano are all major attractions with",True,3.6557812690734863,success
040B294A216285,0,['Arena'],Casa Giulietta,"['Centro Fotografia', 'Sighseeing', 'Torre Lamberti', 'Palazzo della Ragione', 'San Fermo']",Torre Lamberti,"These suggestions are based on the proximity of the POIs to Casa Giulietta, where the tourist is currently located. The distances range from 0.1km to 0.3km, making them easily reachable within a short",True,3.67356276512146,success
040B324A216285,5,"['Arena', 'Casa Giulietta']",Castelvecchio,"['Museo Lapidario', 'Verona Tour', 'Torre Lamberti', 'San Zeno', 'Museo Miniscalchi']",Museo Storia,"These suggestions are based on the proximity of the POIs to Castelvecchio, with Museo Lapidario and Verona Tour being the closest. Torre Lamberti, San Zeno, and Museo Miniscalchi are also nearby and a",False,3.483318567276001,success
040B334A216285,0,['Arena'],Casa Giulietta,"['Centro Fotografia', 'Sighseeing', 'Torre Lamberti', 'Palazzo della Ragione', 'San Fermo']",Torre Lamberti,"These suggestions are based on the proximity of the POIs to the current location (Casa Giulietta). The distances range from 0.1km to 0.3km, which is considered a reasonable walking distance for touris",True,3.499446153640747,success
040B3C4A216285,4,"['Casa Giulietta', 'Palazzo della Ragione']",Torre Lamberti,"['Sighseeing', 'Centro Fotografia', 'Museo Conte', 'AMO', 'Santa Anastasia']",Duomo,"These are the nearest points of interest to Torre Lamberti, all within 500 meters, and are likely to be of interest to tourists based on typical tourist patterns in Verona.",False,2.9061577320098877,success
040AE4121B6781,5,"['Castelvecchio', 'Museo Lapidario', 'Arena', 'Casa Giulietta']",Torre Lamberti,"['Sighseeing', 'Centro Fotografia', 'Palazzo della Ragione', 'Museo Miniscalchi', 'San Fermo']",Santa Anastasia,"These suggestions are based on proximity to the current location (Torre Lamberti). The nearest POI, Sighseeing, is only 0.0km away. Centro Fotografia and Palazzo della Ragione are also very close at 0",False,5.777248859405518,success
040B44121B6781,2,"['Casa Giulietta', 'Tomba Giulietta']",Castelvecchio,"['Museo Lapidario', 'Arena', 'Torre Lamberti', 'Sighseeing', 'San Zeno']",San Zeno,"These suggestions are based on proximity to current location (Castelvecchio), with Museo Lapidario being the closest at 0.3km. The other four POIs - Arena, Torre Lamberti, Sighseeing, and San Zeno - a",True,3.6052193641662598,success
040B38121B6781,4,"['Arena', 'Casa Giulietta']",Santa Anastasia,"['AMO', 'Museo Conte', 'Palazzo della Ragione', 'Teatro Romano', 'Duomo']",Torre Lamberti,"These suggestions are based on proximity to current location, Santa Anastasia. AMO is the closest point of interest at 0.1km, followed by Museo Conte and Palazzo della Ragione at 0.2km, Teatro Romano ",False,4.569344520568848,success
040B54121B6781,6,['Casa Giulietta'],Torre Lamberti,"['Sighseeing', 'Palazzo della Ragione', 'Museo Miniscalchi', 'San Fermo', 'Duomo']",Santa Anastasia,"These are the 5 nearest points of interest to Torre Lamberti, where the tourist is currently located. Tourist patterns suggest that visitors often visit nearby attractions in order of proximity.",False,2.608982801437378,success
040B5E121B6781,0,['Museo Lapidario'],Castelvecchio,"['Verona Tour', 'Arena', 'Museo Miniscalchi', 'Torre Lamberti', 'Casa Giulietta']",Arena,"These suggestions are based on proximity to current location, with Verona Tour and Arena being the closest. The remaining POIs are within 1km and are popular tourist destinations.",True,2.359908103942871,success
040B4B4A216285,5,"['Arena', 'Castelvecchio']",Duomo,"['AMO', 'Teatro Romano', 'Palazzo della Ragione', 'Torre Lamberti', 'Casa Giulietta']",Museo Storia,"These suggestions are based on proximity to the current location (Duomo). AMO and Teatro Romano are the closest, followed by Palazzo della Ragione. Torre Lamberti and Casa Giulietta are also popular t",False,3.7726266384124756,success
040B55121B6781,6,['Santa Anastasia'],Duomo,"['AMO', 'Teatro Romano', 'Palazzo della Ragione', 'Torre Lamberti', 'Casa Giulietta']",Casa Giulietta,"These suggestions are based on the close proximity to the current location (Duomo). AMO and Teatro Romano are the closest, followed by Palazzo della Ragione. Torre Lamberti and Casa Giulietta are also",True,3.5653016567230225,success
040B53121B6781,4,"['Santa Anastasia', 'Casa Giulietta', 'Torre Lamberti']",Palazzo della Ragione,"['AMO', 'Museo Conte', 'Centro Fotografia', 'Sighseeing', 'Duomo']",Duomo,"These suggestions are based on the proximity of the POIs to the current location (Palazzo della Ragione) and their popularity among tourists. AMO, Museo Conte, and Centro Fotografia are the closest an",True,3.907550573348999,success
040B59121B6781,0,['Casa Giulietta'],Tomba Giulietta,"['San Fermo', 'Arena', 'Castelvecchio', 'Torre Lamberti', 'Sighseeing']",Torre Lamberti,"These suggestions are based on proximity to current location, with San Fermo and Arena being the closest at 0.6km. Castelvecchio, Torre Lamberti, and Sighseeing follow as popular tourist destinations ",True,3.5294253826141357,success
040B474A216285,2,"['Arena', 'Castelvecchio', 'San Zeno']",Casa Giulietta,"['Torre Lamberti', 'Palazzo della Ragione', 'San Fermo', 'AMO', 'Centro Fotografia']",Torre Lamberti,"These suggestions are based on the proximity of the POIs to Casa Giulietta, where the tourist is currently located. Torre Lamberti and Palazzo della Ragione are the closest major points of interest. S",True,4.450315952301025,success
040B5C121B6781,4,"['Casa Giulietta', 'Arena']",Santa Anastasia,"['AMO', 'Museo Conte', 'Duomo', 'Torre Lamberti', 'Giardino Giusti']",Castelvecchio,"These suggestions are based on proximity to current location, with AMO being the closest (0.1km) and Giardino Giusti a bit further but still within walking distance (0.6km). Tourist patterns suggest t",False,4.342482566833496,success
040B63121B6781,1,['Arena'],Palazzo della Ragione,"['Casa Giulietta', 'Duomo', 'Teatro Romano', 'AMO', 'Museo Miniscalchi']",Torre Lamberti,These suggestions are based on proximity to the current location (Palazzo della Ragione) and popular tourist patterns in Verona. Casa Giulietta and Duomo are both major attractions and within walking ,False,4.423117160797119,success
040B90121B6780,2,"['Arena', 'San Fermo']",Santa Anastasia,"['AMO', 'Duomo', 'Teatro Romano', 'Torre Lamberti', 'Casa Giulietta']",Casa Giulietta,"These POIs are the closest to the current location, Santa Anastasia, and take into account the typical tourist pattern of visiting popular sites. AMO is the nearest at 0.1km, followed by Duomo (0.3km)",True,3.3073017597198486,success
040BB6121B6781,6,['San Fermo'],Casa Giulietta,"['Centro Fotografia', 'Sighseeing', 'Torre Lamberti', 'Palazzo della Ragione', 'Arena']",Palazzo della Ragione,"These are the 5 nearest points of interest to Casa Giulietta, all within 500 meters. Considering the time context and tourist patterns, these sites are most likely to be visited next due to their prox",True,3.3207530975341797,success
040B67121B6781,4,"['Arena', 'Casa Giulietta', 'Torre Lamberti']",Santa Anastasia,"['AMO', 'Museo Conte', 'Palazzo della Ragione', 'Teatro Romano', 'Duomo']",Teatro Romano,"These suggestions are based on proximity to current location, Santa Anastasia. AMO is the closest point of interest at 0.1km, followed by Museo Conte and Palazzo della Ragione at 0.2km, Teatro Romano ",True,4.1582863330841064,success
040BBC121B6780,6,['Palazzo della Ragione'],Torre Lamberti,"['Sighseeing', 'Casa Giulietta', 'AMO', 'Museo Miniscalchi', 'San Fermo']",Santa Anastasia,"These POIs are the closest to the current location, Torre Lamberti, and are also the most popular among tourists in Verona.",False,2.7924234867095947,success
040B6F121B6781,0,['Arena'],Museo Lapidario,"['Verona Tour', 'Castelvecchio', 'Museo Radio', 'San Fermo', 'Casa Giulietta']",Torre Lamberti,"These suggestions are based on proximity to current location, time context and tourist patterns. 'Verona Tour' is the closest point of interest at 0.1km. 'Castelvecchio' and 'Museo Radio' follow, both",False,4.355406045913696,success
040BBD121B6781,0,"['Arena', 'Casa Giulietta']",Torre Lamberti,"['Sighseeing', 'Centro Fotografia', 'Palazzo della Ragione', 'Museo Miniscalchi', 'San Fermo']",Santa Anastasia,"These POIs are the closest to the current location, Torre Lamberti, and considering the usual time for visiting each POI is around 1 hour, it is possible to visit 3-5 of these places within the typica",False,3.3731935024261475,success
040BBF121B6781,5,"['Teatro Romano', 'San Fermo', 'Museo Storia', 'Castelvecchio']",San Zeno,"['Arena', 'Torre Lamberti', 'Casa Giulietta', 'Palazzo della Ragione', 'AMO']",Santa Anastasia,"These POIs are popular among tourists and are in close proximity to the current location of San Zeno. The time context allows for visiting at least 5 more POIs, considering the usual opening times on ",False,3.4190053939819336,success
040BBF121B6780,1,"['Arena', 'Casa Giulietta']",Tomba Giulietta,"['Castelvecchio', 'San Fermo', 'Museo Lapidario', 'Torre Lamberti', 'Centro Fotografia']",Torre Lamberti,"These suggestions are based on proximity to the current location and popularity among tourists. Castelvecchio is a top nearby attraction, while San Fermo, Museo Lapidario, Torre Lamberti, and Centro F",True,3.623033046722412,success
040BB8121B6781,4,['Torre Lamberti'],Duomo,"['AMO', 'Duomo', 'Santa Anastasia', 'Teatro Romano', 'Palazzo della Ragione']",Arena,"These suggestions are based on proximity to current location, time context and popular tourist patterns. AMO is the closest point of interest at 0.2km. Duomo is the current location, so it's included ",False,4.448745012283325,success
040BBD121B6780,5,"['Arena', 'Torre Lamberti', 'Santa Anastasia']",Duomo,"['AMO', 'Teatro Romano', 'Museo Miniscalchi', 'Palazzo della Ragione', 'Casa Giulietta']",Casa Giulietta,"These suggestions are based on proximity to the current location (Duomo). AMO is the closest at 0.2km, followed by Teatro Romano and Museo Miniscalchi at 0.3km. Palazzo della Ragione and Casa Giuliett",True,4.188689231872559,success
040BC1121B6780,2,"['Arena', 'Museo Lapidario', 'Castelvecchio']",San Zeno,"['Verona Tour', 'Museo Miniscalchi', 'Torre Lamberti', 'Duomo', 'Casa Giulietta']",Santa Anastasia,"These POIs are the closest to the current location (San Zeno) and are also among the most popular tourist destinations in Verona. Given that it is Saturday morning, these places are likely to have a l",False,3.7980573177337646,success
040BC24A216281,0,['Arena'],Casa Giulietta,"['Centro Fotografia', 'Sighseeing', 'Torre Lamberti', 'Palazzo della Ragione', 'San Fermo']",Torre Lamberti,"These suggestions are based on the close proximity of these points of interest to the current location, Casa Giulietta. Tourist patterns typically involve visiting nearby attractions in a logical sequ",True,3.226271629333496,success
040BC1121B6781,2,"['Arena', 'Torre Lamberti']",Casa Giulietta,"['Centro Fotografia', 'Sighseeing', 'Palazzo della Ragione', 'San Fermo', 'AMO']",Castelvecchio,"These suggestions are based on proximity to current location (Casa Giulietta) and popular tourist patterns. Centro Fotografia and Sighseeing are the closest points of interest. Palazzo della Ragione, ",False,3.4595963954925537,success
040BC34A216281,0,['Arena'],Casa Giulietta,"['Centro Fotografia', 'Sighseeing', 'Torre Lamberti', 'Palazzo della Ragione', 'San Fermo']",Torre Lamberti,"These suggestions are based on the close proximity of the POIs to Casa Giulietta, with Centro Fotografia and Sighseeing being the closest. Torre Lamberti, Palazzo della Ragione, and San Fermo offer hi",True,3.2955451011657715,success
040BDC121B6781,6,['Torre Lamberti'],Santa Anastasia,"['AMO', 'Museo Conte', 'Palazzo della Ragione', 'Teatro Romano', 'Duomo']",Duomo,"These are the five nearest Points of Interest to Santa Anastasia, where the tourist is currently located. The distances range from 0.1km to 0.3km, making them easily accessible within the remaining ti",True,3.1591720581054688,success
040BE4121B6781,5,"['Castelvecchio', 'Museo Lapidario', 'Arena', 'Casa Giulietta']",Torre Lamberti,"['Museo Conte', 'Palazzo della Ragione', 'AMO', 'Museo Miniscalchi', 'Santa Anastasia']",Santa Anastasia,"These POIs are nearby, open during afternoon hours, and are among the most visited tourist attractions in Verona.",True,2.4822473526000977,success
040BC4121B6780,0,['Teatro Romano'],Arena,"['Verona Tour', 'Casa Giulietta', 'Castelvecchio', 'Torre Lamberti', 'Sighseeing']",Castelvecchio,"These are popular tourist attractions near the current location, Teatro Romano and Arena. Verona Tour is the closest and a must-visit for first-timers. Casa Giulietta, Castelvecchio, and Torre Lambert",True,4.146613359451294,success
040BC94A216281,4,"['Arena', 'Museo Lapidario']",Casa Giulietta,"['Torre Lamberti', 'Palazzo della Ragione', 'San Fermo', 'AMO', 'Santa Anastasia']",Duomo,"These suggestions are based on the proximity of the POIs to Casa Giulietta, where the tourist is currently located. Torre Lamberti and Palazzo della Ragione are the closest, followed by San Fermo, AMO",False,4.160964727401733,success
040C03121B6785,5,"['Castelvecchio', 'Duomo']",Santa Anastasia,"['AMO', 'Teatro Romano', 'Torre Lamberti', 'Casa Giulietta', 'Palazzo della Ragione']",Museo Storia,"These suggestions are based on the proximity of the POIs to the current location (Santa Anastasia). AMO and Teatro Romano are the closest, while Torre Lamberti, Casa Giulietta, and Palazzo della Ragio",False,3.478729248046875,success
040BDE121B6781,6,"['Castelvecchio', 'Torre Lamberti']",Santa Anastasia,"['AMO', 'Museo Conte', 'Palazzo della Ragione', 'Teatro Romano', 'Duomo']",Casa Giulietta,"These suggestions are based on proximity to current location, with AMO being the closest at 0.1km, followed by Museo Conte and Palazzo della Ragione at 0.2km, Teatro Romano at 0.3km, and Duomo at 0.3k",False,4.086277484893799,success
040C054A216285,1,"['Arena', 'Casa Giulietta']",Torre Lamberti,"['Palazzo della Ragione', 'AMO', 'Museo Miniscalchi', 'Santa Anastasia', 'San Fermo']",Palazzo della Ragione,"These POIs are ranked by proximity to the current location and popularity among tourists. Palazzo della Ragione is the closest, followed by AMO and Museo Miniscalchi. Santa Anastasia and San Fermo are",True,3.4363811016082764,success
040C224A216285,5,"['Arena', 'Museo Storia']",Casa Giulietta,"['Torre Lamberti', 'Palazzo della Ragione', 'San Fermo', 'AMO', 'Santa Anastasia']",Torre Lamberti,"These POIs are the closest to the current location, Casa Giulietta, and are popular tourist destinations in Verona. Given it's still Saturday morning, there is enough time to visit these places before",True,2.961888074874878,success
040C1A121B6781,0,['Arena'],Tomba Giulietta,"['San Fermo', 'Museo Storia', 'Casa Giulietta', 'Castelvecchio', 'Torre Lamberti']",Castelvecchio,"These suggestions are based on the close proximity of the POIs to the current location, with San Fermo and Museo Storia being the closest. Casa Giulietta is a popular tourist attraction, while Castelv",True,3.682682752609253,success
040C28121B6781,6,['Torre Lamberti'],Teatro Romano,"['Duomo', 'Santa Anastasia', 'Palazzo della Ragione', 'AMO', 'Casa Giulietta']",Casa Giulietta,"These suggestions are based on proximity to current location, with Duomo and Santa Anastasia being the closest points of interest. Palazzo della Ragione and AMO are also nearby and popular choices amo",True,3.406931161880493,success
040C294A216285,2,['Arena'],San Zeno,"['Castelvecchio', 'Verona Tour', 'Torre Lamberti', 'Casa Giulietta', 'Palazzo della Ragione']",Torre Lamberti,"These suggestions are based on proximity to the current location (San Zeno), with distances ranging from 0.7km to 1.5km. Popular tourist patterns and the time context of a weekend afternoon have also ",True,3.408609390258789,success
040C394A216285,1,['Arena'],Palazzo della Ragione,"['Casa Giulietta', 'Duomo', 'Teatro Romano', 'AMO', 'Museo Miniscalchi']",Castelvecchio,"These suggestions are based on proximity to current location, with Casa Giulietta being the closest at 0.3km. Duomo and Teatro Romano follow as popular tourist destinations. The remaining two, AMO and",False,3.1855952739715576,success
040BDD4A216281,1,"['Arena', 'Casa Giulietta']",Torre Lamberti,"['Sighseeing', 'Centro Fotografia', 'Palazzo della Ragione', 'Museo Miniscalchi', 'San Fermo']",Palazzo della Ragione,"These suggestions are based on the proximity of the POIs to the current location (Torre Lamberti). The nearest POI, Sighseeing, is only 0.0km away and is likely a popular tourist destination. Centro F",True,5.976256370544434,success
040C39121B6781,1,"['Arena', 'Castelvecchio']",Palazzo della Ragione,"['AMO', 'Museo Conte', 'Torre Lamberti', 'Casa Giulietta', 'Duomo']",Torre Lamberti,"These POIs are ranked by proximity to the current location (Palazzo della Ragione) and popularity among tourists. AMO and Museo Conte are the closest, followed by Torre Lamberti. Casa Giulietta and Du",True,3.6307995319366455,success
040C54121B6781,4,"['Castelvecchio', 'Arena']",Museo Lapidario,"['Verona Tour', 'San Fermo', 'Casa Giulietta', 'Torre Lamberti', 'Museo Miniscalchi']",Santa Anastasia,"These POIs are the closest to the current location, open on weekends, and are popular among tourists.",False,2.1330742835998535,success
040C4E121B6781,4,"['Castelvecchio', 'Arena']",Duomo,"['AMO', 'Museo Miniscalchi', 'Santa Anastasia', 'Teatro Romano', 'Palazzo della Ragione']",Casa Giulietta,"These POIs are the closest to the current location, AMO being the nearest (0.2km). Tourist patterns suggest that visitors often visit multiple nearby attractions in a single outing.",False,3.1394290924072266,success
040C4C121B6781,0,['Arena'],Castelvecchio,"['Museo Lapidario', 'Verona Tour', 'Torre Lamberti', 'Casa Giulietta', 'San Fermo']",Casa Giulietta,"These suggestions are based on the close proximity of the POIs to the current location (Castelvecchio). Museo Lapidario and Verona Tour are the closest, while Torre Lamberti, Casa Giulietta, and San F",True,3.642385482788086,success
040C5E121B6781,4,"['Arena', 'Castelvecchio', 'Casa Giulietta']",Torre Lamberti,"['Sighseeing', 'Palazzo della Ragione', 'Museo Miniscalchi', 'San Fermo', 'Duomo']",Museo Lapidario,"These POIs are the closest to the current location, Torre Lamberti, and considering the time context of a Friday afternoon and tourist patterns, these attractions are likely to be open and have availa",False,2.5542850494384766,success
040C51121B6781,1,['Arena'],Castelvecchio,"['Museo Lapidario', 'Verona Tour', 'Torre Lamberti', 'Casa Giulietta', 'Sighseeing']",Casa Giulietta,"These suggestions are based on proximity to current location (Castelvecchio), with Museo Lapidario and Verona Tour being the closest at 0.3km. Torre Lamberti, Casa Giulietta, and Sighseeing follow as ",True,3.9651150703430176,success
040C58121B6781,0,['Arena'],Casa Giulietta,"['Centro Fotografia', 'Sighseeing', 'Torre Lamberti', 'Palazzo della Ragione', 'San Fermo']",Torre Lamberti,"These suggestions are based on the close proximity of these points of interest to Casa Giulietta, where the tourist is currently located. The distances are all less than 0.4km, making them easily reac",True,3.356534719467163,success
040C86121B6781,5,"['Arena', 'Museo Lapidario', 'Castelvecchio']",Torre Lamberti,"['Sighseeing', 'Casa Giulietta', 'Palazzo della Ragione', 'AMO', 'Museo Miniscalchi']",Santa Anastasia,"These POIs are the closest to the current location, Torre Lamberti, and are all popular tourist attractions. Considering the time context of a Wednesday afternoon, these places are likely to be open a",False,2.486257791519165,success
040C5C121B6781,5,"['Arena', 'Castelvecchio', 'San Zeno', 'Casa Giulietta']",Santa Anastasia,"['AMO', 'Duomo', 'Teatro Romano', 'Torre Lamberti', 'Museo Miniscalchi']",Teatro Romano,"These suggestions are based on proximity to current location, with AMO being the closest. Duomo and Torre Lamberti are popular tourist destinations, while Teatro Romano and Museo Miniscalchi offer his",True,3.3354387283325195,success
040C57121B6781,6,['Casa Giulietta'],Santa Anastasia,"['AMO', 'Museo Conte', 'Palazzo della Ragione', 'Teatro Romano', 'Duomo']",Tomba Giulietta,"These suggestions are based on the proximity of the POIs to Santa Anastasia and the time context. AMO is the closest point of interest at 0.1km, followed by Museo Conte at 0.2km. Palazzo della Ragione",False,4.660309553146362,success
040C60121B6781,0,['Arena'],Casa Giulietta,"['Centro Fotografia', 'Sighseeing', 'Torre Lamberti', 'Palazzo della Ragione', 'San Fermo']",Santa Anastasia,"These suggestions are based on the proximity of the POIs to Casa Giulietta, where the tourist is currently located. The distances range from 0.1km to 0.3km, making them easily reachable within a short",False,4.350699186325073,success
040C93121B6781,4,"['Arena', 'Torre Lamberti']",Casa Giulietta,"['Centro Fotografia', 'Sighseeing', 'Palazzo della Ragione', 'San Fermo', 'AMO']",Duomo,"These suggestions are based on proximity to current location, with Centro Fotografia and Sighseeing being the closest. The remaining three - Palazzo della Ragione, San Fermo, and AMO - are popular tou",False,3.40817928314209,success
040CA14A216281,1,['Arena'],Casa Giulietta,"['Centro Fotografia', 'Sighseeing', 'Torre Lamberti', 'Palazzo della Ragione', 'San Fermo']",Palazzo della Ragione,"These POIs are the closest to the current location, Casa Giulietta, and are all within a short walking distance. This suggestion aligns with typical tourist patterns of visiting nearby attractions in ",True,2.346461534500122,success
040C8A121B6781,0,['Arena'],Santa Anastasia,"['AMO', 'Duomo', 'Teatro Romano', 'Palazzo della Ragione', 'Museo Conte']",Castelvecchio,"These suggestions are based on proximity to current location, with AMO being the closest and having a cultural influence. Duomo follows due to its popularity and religious significance. Teatro Romano ",False,4.069003582000732,success
040C6F121B6781,0,['Arena'],Museo Lapidario,"['Verona Tour', 'Castelvecchio', 'Museo Radio', 'San Fermo', 'Casa Giulietta']",Torre Lamberti,"These suggestions are based on proximity to current location, time context (saturday afternoon) and typical tourist patterns. 'Verona Tour' is the closest point of interest and a common starting point",False,4.5778279304504395,success
040C90121B6780,2,"['Arena', 'San Fermo']",Santa Anastasia,"['AMO', 'Duomo', 'Teatro Romano', 'Torre Lamberti', 'Casa Giulietta']",Casa Giulietta,"These POIs are selected based on proximity to the current location (Santa Anastasia). AMO is the closest at 0.1km. Duomo, Teatro Romano, and Torre Lamberti follow, all within 0.3km. Casa Giulietta is ",True,4.062193393707275,success
040C67121B6781,4,['Arena'],Duomo,"['Teatro Romano', 'Palazzo della Ragione', 'Museo Conte', 'Torre Lamberti', 'Casa Giulietta']",Teatro Romano,"These are the next five points of interest (POIs) based on their proximity to your current location, the Duomo, and the pattern of tourist attractions in Verona. Teatro Romano is a popular historical ",True,5.370852708816528,success
040CBC121B6781,4,"['Torre Lamberti', 'Arena', 'Castelvecchio']",Casa Giulietta,"['Centro Fotografia', 'Sighseeing', 'Palazzo della Ragione', 'San Fermo', 'AMO']",San Fermo,"These POIs are the closest to the current location, Casa Giulietta, and align with the visiting pattern of the previous sites. They are all within walking distance and are popular tourist attractions.",True,2.8412463665008545,success
040CBD121B6780,2,"['Arena', 'Torre Lamberti', 'Santa Anastasia', 'Duomo']",Teatro Romano,"['AMO', 'Palazzo della Ragione', 'Giardino Giusti', 'Casa Giulietta', 'Museo Radio']",Castelvecchio,"These POIs are selected based on proximity to the current location (Teatro Romano). AMO and Palazzo della Ragione are only 0.4km away, while Giardino Giusti, Casa Giulietta, and Museo Radio are within",False,3.5138285160064697,success
040CBC121B6780,4,"['Palazzo della Ragione', 'Torre Lamberti', 'Arena', 'Teatro Romano']",Duomo,"['AMO', 'Museo Miniscalchi', 'Santa Anastasia', 'Sighseeing', 'Casa Giulietta']",Santa Anastasia,"These POIs are selected based on their proximity to the current location (Duomo). AMO and Museo Miniscalchi are the closest, followed by Santa Anastasia, Sighseeing, and Casa Giulietta. This order als",True,3.917982816696167,success
040CAE4A216281,6,['Castelvecchio'],Torre Lamberti,"['Sighseeing', 'Casa Giulietta', 'Palazzo della Ragione', 'AMO', 'Museo Miniscalchi']",Santa Anastasia,"These suggestions are based on the close proximity to your current location (Torre Lamberti). Sightseeing is the closest point of interest, while Casa Giulietta and Palazzo della Ragione are iconic at",False,4.251907110214233,success
040CBD121B6781,0,"['Arena', 'Casa Giulietta']",Torre Lamberti,"['Sighseeing', 'Centro Fotografia', 'Palazzo della Ragione', 'Museo Miniscalchi', 'San Fermo']",Santa Anastasia,"These POIs are the closest to the current location, Torre Lamberti, and considering the usual time for visiting a POI is around 1 hour, they can be visited within a typical Friday afternoon tourist cl",False,3.377260684967041,success
040CBF121B6780,1,"['Arena', 'Casa Giulietta']",Tomba Giulietta,"['Castelvecchio', 'San Fermo', 'Museo Lapidario', 'Torre Lamberti', 'Centro Fotografia']",Torre Lamberti,"These suggestions are based on proximity to current location, with Castelvecchio being the closest and a major tourist attraction. San Fermo, Museo Lapidario, Torre Lamberti, and Centro Fotografia fol",True,3.138305902481079,success
040CBF121B6781,6,['Teatro Romano'],Duomo,"['AMO', 'Duomo', 'Torre Lamberti', 'Casa Giulietta', 'Museo Miniscalchi']",Castelvecchio,"These suggestions are based on the proximity of the POIs to the current location (Duomo) and the previous visited POI (Teatro Romano). AMO and Duomo are closest in distance. Torre Lamberti, Casa Giuli",False,3.519080400466919,success
040CBE121B6780,2,"['Arena', 'Torre Lamberti', 'Santa Anastasia', 'Duomo']",Teatro Romano,"['AMO', 'Palazzo della Ragione', 'Giardino Giusti', 'Casa Giulietta', 'Museo Radio']",Castelvecchio,"These suggestions are based on proximity to the current location (Teatro Romano) and popular tourist patterns. AMO and Palazzo della Ragione are closest at 0.4km. Giardino Giusti, Casa Giulietta, and ",False,4.226938724517822,success
040CC34A216281,0,['Arena'],Casa Giulietta,"['Centro Fotografia', 'Sighseeing', 'Torre Lamberti', 'Palazzo della Ragione', 'San Fermo']",Torre Lamberti,"These suggestions are based on the proximity of the POIs to Casa Giulietta, where the tourist is currently located. The distances range from 0.1km to 0.3km, making them easily reachable within a short",True,3.3787879943847656,success
040CC1121B6781,4,"['Casa Giulietta', 'Torre Lamberti', 'Santa Anastasia']",Duomo,"['AMO', 'Museo Miniscalchi', 'Teatro Romano', 'Palazzo della Ragione', 'Centro Fotografia']",Arena,"These suggestions are based on proximity to the current location (Duomo). AMO is the closest at 0.2km, followed by Museo Miniscalchi, Teatro Romano, Palazzo della Ragione, and Centro Fotografia. All a",False,3.98008131980896,success
040CC4121B6781,0,"['Museo Lapidario', 'Arena']",Castelvecchio,"['Verona Tour', 'Museo Radio', 'San Zeno', 'Sighseeing', 'Museo Miniscalchi']",Torre Lamberti,"These suggestions are based on proximity to current location (Castelvecchio), with Verona Tour being the closest at 0.3km. The other choices are within 1km and take into account typical tourist patter",False,3.110264539718628,success
040CD0121B6781,4,"['Museo Lapidario', 'Castelvecchio']",Arena,"['Verona Tour', 'Museo Radio', 'San Fermo', 'Casa Giulietta', 'Sighseeing']",Duomo,"These suggestions are based on proximity to current location, with Verona Tour being the closest at 0.2km, followed by Museo Radio, San Fermo, Casa Giulietta, and Sighseeing. All are within a reasonab",False,3.6335644721984863,success
040CD5121B6781,2,"['Arena', 'Casa Giulietta', 'San Fermo']",Santa Anastasia,"['AMO', 'Museo Conte', 'Palazzo della Ragione', 'Teatro Romano', 'Duomo']",Duomo,"These suggestions are based on proximity to current location, with AMO being the closest (0.1km). The other recommendations are within 0.3km and are popular tourist attractions.",True,3.061929225921631,success
040CD7121B6781,0,['Arena'],Museo Lapidario,"['Verona Tour', 'Castelvecchio', 'Museo Radio', 'San Fermo', 'Casa Giulietta']",Teatro Romano,"These suggestions are based on proximity to current location, with Verona Tour being the closest (0.1km) and Casa Giulietta slightly further but still popular among tourists (0.7km). The other suggest",False,3.047260284423828,success
040CD6121B6781,4,"['Casa Giulietta', 'Arena', 'Tomba Giulietta', 'Teatro Romano']",Palazzo della Ragione,"['AMO', 'Museo Conte', 'Torre Lamberti', 'Centro Fotografia', 'Sighseeing']",Castelvecchio,"These suggestions are based on proximity to current location (Palazzo della Ragione) and popular tourist pattern. AMO and Museo Conte are the closest at 0.1km. Torre Lamberti, Centro Fotografia, and S",False,3.583449602127075,success
040CDE121B6781,6,"['Castelvecchio', 'Torre Lamberti']",Santa Anastasia,"['AMO', 'Museo Conte', 'Palazzo della Ragione', 'Teatro Romano', 'Duomo']",Casa Giulietta,"These suggestions are based on the proximity of the POIs to the current location (Santa Anastasia). AMO is the closest point of interest, followed by Museo Conte and Palazzo della Ragione. Teatro Roma",False,3.524904489517212,success
040CC3121B6780,1,"['Arena', 'Casa Giulietta', 'Castelvecchio']",Torre Lamberti,"['Sighseeing', 'Centro Fotografia', 'Palazzo della Ragione', 'Museo Miniscalchi', 'San Fermo']",Palazzo della Ragione,"These suggestions are based on the proximity of the POIs to the current location (Torre Lamberti). The nearest POI, Sighseeing, is only 0.0km away and is likely a popular tourist destination. Centro F",True,5.7344584465026855,success
040D18121B6781,0,['Castelvecchio'],Arena,"['Verona Tour', 'Museo Lapidario', 'San Fermo', 'Casa Giulietta', 'Sighseeing']",Santa Anastasia,"These suggestions are based on proximity to current location, with Verona Tour being the closest (0.2km) and others following in ascending order of distance. Also considered are typical tourist patter",False,2.9231648445129395,success
040CE84A216281,0,"['Casa Giulietta', 'Arena']",Tomba Giulietta,"['San Fermo', 'Museo Storia', 'Castelvecchio', 'Torre Lamberti', 'Centro Fotografia']",Museo Lapidario,"These suggestions are based on proximity to the current location and popular tourist patterns. San Fermo, Museo Storia, and Castelvecchio are all within 1km and have been frequently visited by other t",False,3.5062224864959717,success
040D16121B6781,0,['Arena'],Santa Anastasia,"['Duomo', 'Teatro Romano', 'Palazzo della Ragione', 'AMO', 'Casa Giulietta']",Castelvecchio,"These suggestions are based on proximity to current location, with Duomo being the closest and a major tourist attraction. Teatro Romano and Palazzo della Ragione offer historical and cultural value. ",False,3.457000970840454,success
040CDF121B6781,6,['Torre Lamberti'],Santa Anastasia,"['AMO', 'Duomo', 'Palazzo della Ragione', 'Museo Conte', 'Casa Giulietta']",Duomo,"These suggestions are based on proximity to current location, with AMO being the closest and a popular cultural center. Duomo is also close and a must-visit landmark in Verona. Palazzo della Ragione a",True,4.404524564743042,success
040D1F4A216285,0,['Casa Giulietta'],Torre Lamberti,"['Palazzo della Ragione', 'AMO', 'Museo Miniscalchi', 'Santa Anastasia', 'San Fermo']",Arena,"These suggestions are based on the close proximity to the current location (Torre Lamberti). Palazzo della Ragione and AMO are the closest, while Museo Miniscalchi, Santa Anastasia, and San Fermo foll",False,3.680643320083618,success
040D1A121B6781,0,['Arena'],Tomba Giulietta,"['San Fermo', 'Museo Storia', 'Casa Giulietta', 'Castelvecchio', 'Torre Lamberti']",Castelvecchio,"These suggestions are based on the proximity of the POIs to the current location, with San Fermo and Museo Storia being the closest. Casa Giulietta is a popular tourist destination, while Castelvecchi",True,3.945880651473999,success
040D38121B6781,0,['Castelvecchio'],Torre Lamberti,"['Sighseeing', 'Centro Fotografia', 'Casa Giulietta', 'Palazzo della Ragione', 'AMO']",Casa Giulietta,"These are the nearest points of interest to the current location, Torre Lamberti. Considering it's a weekend afternoon and based on typical tourist patterns, these attractions are likely to be open an",True,3.0484812259674072,success
040D394A216285,4,"['Arena', 'Castelvecchio', 'Casa Giulietta']",Giardino Giusti,"['Teatro Romano', 'Santa Anastasia', 'Museo Conte', 'Centro Fotografia', 'Palazzo della Ragione']",Torre Lamberti,"These suggestions are based on proximity to current location, with Teatro Romano being the closest and most notable point of interest. The remaining suggestions follow a similar pattern, prioritizing ",False,2.9771013259887695,success
040D264A216285,4,['Arena'],Casa Giulietta,"['Torre Lamberti', 'Palazzo della Ragione', 'San Fermo', 'AMO', 'Centro Fotografia']",Santa Anastasia,"These suggestions are based on the proximity of the POIs to Casa Giulietta, where it is assumed the tourist is currently located. Torre Lamberti and Palazzo della Ragione are popular historical sites,",False,3.7734808921813965,success
040D224A216285,2,"['Arena', 'San Zeno']",Casa Giulietta,"['Torre Lamberti', 'Palazzo della Ragione', 'San Fermo', 'AMO', 'Centro Fotografia']",Torre Lamberti,"These suggestions are based on the close proximity to the current location Casa Giulietta. Torre Lamberti, Palazzo della Ragione and San Fermo are all within 0.3km and AMO is slightly further at 0.4km",True,4.653132915496826,success
040D45121B6781,1,['Arena'],Casa Giulietta,"['Centro Fotografia', 'Sighseeing', 'Torre Lamberti', 'Palazzo della Ragione', 'San Fermo']",Torre Lamberti,"These POIs are the closest to the current location, within 0.1-0.3km, and are popular among tourists during weekend afternoons.",True,2.9468438625335693,success
040D3F4A216285,0,['Arena'],Casa Giulietta,"['Centro Fotografia', 'Torre Lamberti', 'Palazzo della Ragione', 'San Fermo', 'Museo Miniscalchi']",Torre Lamberti,"These suggestions are based on the proximity of the POIs to Casa Giulietta, where the tourist is currently located. The distances range from 0.1km to 0.4km, making them easily reachable during a morni",True,3.9009878635406494,success
040D52121B6781,0,['Arena'],Santa Anastasia,"['Duomo', 'Teatro Romano', 'Palazzo della Ragione', 'AMO', 'Casa Giulietta']",Teatro Romano,"These suggestions are based on a balance of proximity, with all being within 0.4km of Santa Anastasia, and popular tourist patterns in Verona.",True,2.6324386596679688,success
040D2B4A216285,0,['Arena'],Teatro Romano,"['Duomo', 'Palazzo della Ragione', 'Museo Conte', 'Torre Lamberti', 'Santa Anastasia']",Castelvecchio,"These suggestions are based on the close proximity of these POIs to the current location (Teatro Romano). The Duomo, Palazzo della Ragione, and Museo Conte are all within 0.5km, making them easily rea",False,5.143481254577637,success
040D464A216285,4,['Arena'],Casa Giulietta,"['Torre Lamberti', 'Palazzo della Ragione', 'San Fermo', 'AMO', 'Centro Fotografia']",Duomo,"These suggestions are based on the proximity to the current location (Casa Giulietta). Torre Lamberti and Palazzo della Ragione are the closest major points of interest. San Fermo, AMO, and Centro Fot",False,3.249042272567749,success
040D4F121B6781,0,['Santa Anastasia'],Casa Giulietta,"['Centro Fotografia', 'Torre Lamberti', 'Sighseeing', 'Palazzo della Ragione', 'Arena']",Arena,"These suggestions are based on the close proximity to Casa Giulietta, with Centro Fotografia and Sighseeing being the closest at 0.1km, followed by Torre Lamberti, Palazzo della Ragione, and Arena whi",True,3.8705062866210938,success
040D65121B6781,1,['Arena'],Casa Giulietta,"['Centro Fotografia', 'Sighseeing', 'Torre Lamberti', 'Palazzo della Ragione', 'San Fermo']",Torre Lamberti,"These suggestions are based on the proximity of the POIs to Casa Giulietta, where the tourist is currently located. The nearest points of interest have been given priority. They also consider typical ",True,2.7484006881713867,success
040D57121B6781,0,['Arena'],Casa Giulietta,"['Centro Fotografia', 'Sighseeing', 'Torre Lamberti', 'Museo Conte', 'Palazzo della Ragione']",Santa Anastasia,"These suggestions are based on the close proximity of these points of interest to Casa Giulietta, where the tourist is currently located. The distances range from 0.1km to 0.3km, making them easily re",False,3.3584370613098145,success
040D88121B6780,1,"['Arena', 'Castelvecchio']",Casa Giulietta,"['Torre Lamberti', 'Palazzo della Ragione', 'San Fermo', 'AMO', 'Centro Fotografia']",Torre Lamberti,"These suggestions are based on proximity to the current location, with Torre Lamberti being the closest. The other choices provide a mix of historical, cultural, and photographic opportunities that al",True,3.24924898147583,success
040D60121B6781,0,['Arena'],Casa Giulietta,"['Centro Fotografia', 'Sighseeing', 'Torre Lamberti', 'Palazzo della Ragione', 'San Fermo']",Santa Anastasia,"These suggestions are based on the close proximity of these points of interest to Casa Giulietta, with distances ranging from 0.1km to 0.3km. Tourist patterns also indicate a tendency to visit multipl",False,3.4906582832336426,success
040DAE4A216281,6,['Castelvecchio'],Torre Lamberti,"['Sighseeing', 'Casa Giulietta', 'Palazzo della Ragione', 'AMO', 'Museo Miniscalchi']",Santa Anastasia,"These are the nearest points of interest to Torre Lamberti, following a logical tourist pattern from Castelvecchio.",False,2.0802505016326904,success
040D55121B6781,0,['Arena'],San Fermo,"['Casa Giulietta', 'Torre Lamberti', 'Sighseeing', 'Palazzo della Ragione', 'Museo Conte']",Torre Lamberti,"These places are popular among tourists and located near the current location, considering the time context and distances. Casa Giulietta is a famous attraction, Torre Lamberti offers panoramic views,",True,4.681420087814331,success
040DBC121B6781,4,"['Torre Lamberti', 'Arena', 'Castelvecchio']",Casa Giulietta,"['Centro Fotografia', 'Sighseeing', 'Palazzo della Ragione', 'San Fermo', 'AMO']",San Fermo,"These POIs are the closest to the current location, considering typical tourist patterns of visiting nearby attractions and the time context of a 14h Saturday afternoon schedule.",True,2.5672202110290527,success
040D91121B6781,5,"['Casa Giulietta', 'Museo Storia']",San Fermo,"['Arena', 'Torre Lamberti', 'Sighseeing', 'Museo Conte', 'Palazzo della Ragione']",Tomba Giulietta,"These suggestions are based on proximity to current location, with Arena being the closest and a major tourist attraction. Torre Lamberti offers panoramic views and is also nearby. Sightseeing, Museo ",False,3.872345447540283,success
040DBD121B6780,0,['Arena'],Casa Giulietta,"['Centro Fotografia', 'Sighseeing', 'Torre Lamberti', 'Palazzo della Ragione', 'San Fermo']",Castelvecchio,"These suggestions are based on the proximity of the POIs to Casa Giulietta, where the tourist is currently located. The nearest POIs have been given priority. They also consider typical tourist patter",False,3.394315242767334,success
040DBF121B6781,2,"['Santa Anastasia', 'San Fermo', 'Teatro Romano']",Arena,"['Verona Tour', 'Museo Lapidario', 'Casa Giulietta', 'Castelvecchio', 'Sighseeing']",Castelvecchio,"These POIs are the closest to the current location and are among the most popular tourist destinations in Verona, making them likely choices for visitors.",True,2.4477179050445557,success
040DBB121B6780,6,"['Palazzo della Ragione', 'Casa Giulietta', 'San Zeno']",Castelvecchio,"['Museo Lapidario', 'Arena', 'Torre Lamberti', 'Sighseeing', 'San Fermo']",Tomba Giulietta,"These suggestions are based on proximity to current location (Castelvecchio), with Museo Lapidario being the closest at 0.3km. The other four POIs - Arena, Torre Lamberti, Sighseeing, and San Fermo - ",False,4.248719215393066,success
040D93121B6781,4,"['Arena', 'Castelvecchio']",Santa Anastasia,"['AMO', 'Duomo', 'Teatro Romano', 'Torre Lamberti', 'Casa Giulietta']",Duomo,"These POIs were selected based on proximity to the current location (Santa Anastasia). AMO is the closest at 0.1km, followed by Duomo and Teatro Romano at 0.3km, Torre Lamberti at 0.3km, and Casa Giul",True,4.633017301559448,success
040DBD121B6781,2,"['Torre Lamberti', 'Palazzo della Ragione', 'Santa Anastasia', 'Duomo', 'San Zeno']",Castelvecchio,"['Museo Lapidario', 'Arena', 'Casa Giulietta', 'San Fermo', 'Museo Miniscalchi']",Teatro Romano,"These suggestions are based on proximity to current location (Castelvecchio), with Museo Lapidario being the closest at 0.3km. The Arena and Casa Giulietta are also popular tourist attractions. The re",False,3.567913770675659,success
040DBE121B6780,0,['Arena'],Casa Giulietta,"['Centro Fotografia', 'Sighseeing', 'Torre Lamberti', 'Palazzo della Ragione', 'San Fermo']",Castelvecchio,"These suggestions are based on the proximity of the POIs to Casa Giulietta, where the tourist is currently located. The nearest points of interest have been given higher priority. Tourist patterns sug",False,3.7701618671417236,success
040DC1121B6781,4,"['Tomba Giulietta', 'Casa Giulietta', 'Palazzo della Ragione', 'Torre Lamberti']",Arena,"['Verona Tour', 'Museo Lapidario', 'San Fermo', 'Sighseeing', 'Castelvecchio']",Teatro Romano,"These suggestions are based on proximity to the current location (Arena), with Verona Tour being the closest at 0.2km. The other POIs are within 0.7km and take into account typical tourist patterns du",False,3.0387346744537354,success
040DC0121B6780,1,"['Arena', 'Casa Giulietta']",Tomba Giulietta,"['Castelvecchio', 'San Fermo', 'Museo Lapidario', 'Torre Lamberti', 'Centro Fotografia']",Torre Lamberti,"These suggestions are based on proximity to the current location and popularity among tourists. Castelvecchio is a top attraction and within reasonable distance. San Fermo, Museo Lapidario, Torre Lamb",True,3.8239245414733887,success
040DC64A216281,1,['Arena'],Casa Giulietta,"['Centro Fotografia', 'Sighseeing', 'Torre Lamberti', 'Palazzo della Ragione', 'San Fermo']",Palazzo della Ragione,"These POIs are the closest to the current location, with distances ranging from 0.1km to 0.3km, and should be a natural part of tourist patterns in Verona.",True,3.1262497901916504,success
040DC34A216281,1,['Palazzo della Ragione'],Duomo,"['Teatro Romano', 'Casa Giulietta', 'Torre Lamberti', 'Museo Conte', 'AMO']",Arena,"These suggestions are based on a balance of proximity, popularity, and relevance to typical tourist interests. Teatro Romano is a historic site and close by. Casa Giulietta is a famous literary landma",False,3.9131999015808105,success
040DD7121B6781,2,['Arena'],Casa Giulietta,"['Centro Fotografia', 'Sighseeing', 'Torre Lamberti', 'Palazzo della Ragione', 'San Fermo']",San Zeno,"These POIs are the closest to the current location, within 0.1-0.3km, and are popular among tourists during weekend mornings.",False,2.5086209774017334,success
040DD6121B6780,0,"['Arena', 'Torre Lamberti']",Castelvecchio,"['Museo Lapidario', 'Verona Tour', 'San Zeno', 'Sighseeing', 'Museo Miniscalchi']",Casa Giulietta,"These suggestions are based on proximity to current location (Castelvecchio), with Museo Lapidario being the closest at 0.3km and others following in ascending order of distance. Popular tourist patte",False,3.070981740951538,success
040E10121B6781,0,['Arena'],Casa Giulietta,"['Centro Fotografia', 'Sighseeing', 'Torre Lamberti', 'Palazzo della Ragione', 'San Fermo']",Tomba Giulietta,"These POIs are the closest to the current location, within 0.1-0.3km, and are popular among tourists during weekend afternoons.",False,2.234312057495117,success
040DC3121B6780,2,"['Arena', 'Torre Lamberti', 'Duomo', 'Teatro Romano']",Santa Anastasia,"['AMO', 'Museo Conte', 'Palazzo della Ragione', 'Centro Fotografia', 'Sighseeing']",Castelvecchio,"These suggestions are based on the proximity of the POIs to the current location (Santa Anastasia). AMO is the closest at 0.1km, followed by Museo Conte at 0.2km, Palazzo della Ragione also at 0.2km, ",False,5.388943433761597,success
040E1F4A216285,0,['Casa Giulietta'],Torre Lamberti,"['Palazzo della Ragione', 'AMO', 'Museo Miniscalchi', 'Santa Anastasia', 'San Fermo']",Arena,"These POIs are nearby, popular among tourists and open during weekend afternoons.",False,1.175138235092163,success
040E074A216285,0,['Arena'],Torre Lamberti,"['Sighseeing', 'Centro Fotografia', 'Casa Giulietta', 'Palazzo della Ragione', 'AMO']",Casa Giulietta,"These suggestions are based on the close proximity to the current location (Torre Lamberti). Tourist patterns indicate that these POIs are commonly visited after Torre Lamberti, and they are all withi",True,3.011150360107422,success
040DCE121B6781,0,['Casa Giulietta'],Santa Anastasia,"['AMO', 'Duomo', 'Teatro Romano', 'Palazzo della Ragione', 'Museo Conte']",Castelvecchio,"These are the next likely points of interest based on their proximity to Santa Anastasia, considering a tourist would likely visit the closest and most famous landmarks first. AMO (Arena MuseOpera) is",False,4.811378240585327,success
040DE84A216281,0,"['Casa Giulietta', 'Arena']",Tomba Giulietta,"['San Fermo', 'Museo Storia', 'Castelvecchio', 'Torre Lamberti', 'Sighseeing']",Museo Lapidario,"These suggestions are based on proximity to current location, with San Fermo and Museo Storia being the closest points of interest. Castelvecchio, Torre Lamberti, and Sighseeing are also nearby and ar",False,3.6617507934570312,success
040DE3121B6781,6,"['Casa Giulietta', 'Torre Lamberti', 'Santa Anastasia']",Teatro Romano,"['Duomo', 'AMO', 'Palazzo della Ragione', 'Museo Conte', 'Centro Fotografia']",Castelvecchio,"These suggestions are based on proximity to the current location (Teatro Romano). The Duomo is the closest at 0.3km, followed by AMO and Palazzo della Ragione which are both 0.4km away. Museo Conte an",False,4.403130769729614,success
040E1B4A216285,0,['Arena'],Casa Giulietta,"['Centro Fotografia', 'Sighseeing', 'Torre Lamberti', 'Palazzo della Ragione', 'San Fermo']",Torre Lamberti,"These POIs are the closest to the current location, with distances ranging from 0.1km to 0.3km, making them the most likely next destinations for tourists.",True,2.6427807807922363,success
040DD5121B6781,2,"['Arena', 'Casa Giulietta', 'San Fermo']",Santa Anastasia,"['AMO', 'Museo Conte', 'Palazzo della Ragione', 'Teatro Romano', 'Duomo']",Duomo,"These suggestions are based on the proximity of the POIs to the current location (Santa Anastasia). AMO is the closest at 0.1km, followed by Museo Conte and Palazzo della Ragione at 0.2km, Teatro Roma",True,5.473630428314209,success
040E16121B6781,1,"['Arena', 'Casa Giulietta']",Torre Lamberti,"['Sighseeing', 'Palazzo della Ragione', 'Museo Miniscalchi', 'Santa Anastasia', 'San Fermo']",Palazzo della Ragione,"These POIs are the closest to the current location, Torre Lamberti, and are popular tourist destinations. Given the time context of a Saturday afternoon, these places are likely to have regular openin",True,3.825706958770752,success
040E224A216285,5,"['Arena', 'Torre Lamberti', 'Teatro Romano']",Duomo,"['AMO', 'Museo Miniscalchi', 'Santa Anastasia', 'Palazzo della Ragione', 'Casa Giulietta']",San Fermo,"These POIs are the closest to the current location, within 0.6km, and are popular among tourists, making them likely next destinations.",False,3.0581443309783936,success
040E18121B6781,4,"['Arena', 'Casa Giulietta', 'Santa Anastasia']",Duomo,"['AMO', 'Museo Miniscalchi', 'Teatro Romano', 'Palazzo della Ragione', 'Museo Conte']",Torre Lamberti,"These suggestions are based on proximity to the current location (Duomo). AMO is the closest at 0.2km, followed by Museo Miniscalchi, Teatro Romano, Palazzo della Ragione, and Museo Conte. All are wit",False,4.506345272064209,success
040E28121B6781,4,['Arena'],Santa Anastasia,"['AMO', 'Duomo', 'Teatro Romano', 'Palazzo della Ragione', 'Museo Miniscalchi']",Duomo,"These suggestions are based on proximity to current location, with AMO being the closest at 0.1km. Duomo, Teatro Romano, and Palazzo della Ragione follow, all within 0.3km. Museo Miniscalchi is slight",True,2.618743896484375,success
040E4F121B6781,4,"['Duomo', 'Palazzo della Ragione']",Torre Lamberti,"['Sighseeing', 'Casa Giulietta', 'AMO', 'Museo Miniscalchi', 'Santa Anastasia']",Teatro Romano,"These POIs are the closest to the current location and are also some of the most popular tourist destinations in Verona, making it likely that tourists would visit them next.",False,2.329113006591797,success
040E264A216285,4,['Arena'],Casa Giulietta,"['Centro Fotografia', 'Torre Lamberti', 'Palazzo della Ragione', 'San Fermo', 'Museo Miniscalchi']",Santa Anastasia,"These suggestions are based on the proximity of the POIs to the current location (Casa Giulietta). Centro Fotografia and Torre Lamberti are the closest, followed by Palazzo della Ragione, San Fermo, a",False,3.7837424278259277,success
040E244A216285,1,"['Arena', 'Castelvecchio']",Torre Lamberti,"['Sighseeing', 'Casa Giulietta', 'Palazzo della Ragione', 'AMO', 'Museo Miniscalchi']",Palazzo della Ragione,"These POIs are the closest to the current location, Torre Lamberti, and considering the typical tourist pattern of visiting popular sights like Juliet's House and historical buildings like Palazzo del",True,4.004931449890137,success
040E464A216285,4,"['Arena', 'Casa Giulietta', 'Torre Lamberti']",San Fermo,"['Museo Storia', 'Sighseeing', 'Palazzo della Ragione', 'Centro Fotografia', 'Museo Conte']",Santa Anastasia,"These suggestions are based on proximity to current location, with Museo Storia and Centro Fotografia being the closest. Sighseeing and Palazzo della Ragione are also popular tourist destinations. All",False,3.8008615970611572,success
040E49121B6781,1,"['Palazzo della Ragione', 'Torre Lamberti']",Arena,"['Verona Tour', 'Museo Lapidario', 'San Fermo', 'Casa Giulietta', 'Castelvecchio']",Teatro Romano,"These are the 5 nearest points of interest to the current location (Arena). The distances to these places range from 0.2km to 0.5km, which is within a reasonable walking distance for tourists. This re",False,3.87441349029541,success
040E4C121B6781,0,['Arena'],Casa Giulietta,"['Centro Fotografia', 'Sighseeing', 'Torre Lamberti', 'Palazzo della Ragione', 'San Fermo']",Santa Anastasia,"These suggestions are based on the proximity of the POIs to Casa Giulietta, where the tourist is currently located. The distances range from 0.1km to 0.3km, making them easily reachable within a short",False,3.8967015743255615,success
040E52121B6781,4,"['Arena', 'Torre Lamberti']",Santa Anastasia,"['AMO', 'Museo Conte', 'Duomo', 'Teatro Romano', 'Casa Giulietta']",Casa Giulietta,"These are the next 5 closest points of interest to Santa Anastasia, all within 400 meters. This is a reasonable distance for tourists to walk and matches typical tourist patterns of visiting multiple ",True,3.160900354385376,success
040EB14A216281,0,['Castelvecchio'],Arena,"['Verona Tour', 'San Fermo', 'Casa Giulietta', 'Torre Lamberti', 'Museo Storia']",Torre Lamberti,"These POIs are nearby, popular among tourists and open during weekend afternoons.",True,2.28551983833313,success
040E66121B6781,5,['Arena'],Torre Lamberti,"['Sighseeing', 'Casa Giulietta', 'Palazzo della Ragione', 'AMO', 'Museo Miniscalchi']",Santa Anastasia,"These are the nearest and most popular points of interest in Verona, located in close proximity to the current location (Torre Lamberti) and previously visited site (Arena). Considering typical touris",False,2.9196183681488037,success
040E53121B6781,0,['Arena'],Castelvecchio,"['Museo Lapidario', 'Verona Tour', 'Torre Lamberti', 'Casa Giulietta', 'San Zeno']",Casa Giulietta,"These suggestions are based on proximity to current location (Castelvecchio), with Museo Lapidario and Verona Tour being the closest at 0.3km. Torre Lamberti, Casa Giulietta, and San Zeno follow as po",True,3.992478847503662,success
040E88121B6780,1,"['Arena', 'Castelvecchio']",Casa Giulietta,"['Centro Fotografia', 'Sighseeing', 'Torre Lamberti', 'Palazzo della Ragione', 'San Fermo']",Torre Lamberti,"These POIs are the closest to the current location, Casa Giulietta, and are all within a short walking distance. Given that it is still Sunday afternoon, these places of interest are likely to be open",True,3.2991273403167725,success
040E65121B6781,5,"['Arena', 'Museo Lapidario', 'Castelvecchio', 'San Zeno']",San Fermo,"['Museo Storia', 'Casa Giulietta', 'Torre Lamberti', 'Sighseeing', 'Palazzo della Ragione']",Museo Storia,"These suggestions are based on proximity to current location, with Museo Storia and Casa Giulietta being the closest. Torre Lamberti, Sighseeing, and Palazzo della Ragione offer panoramic views, histo",True,4.056649684906006,success
040EBA121B6781,2,"['Arena', 'Castelvecchio', 'Casa Giulietta']",Santa Anastasia,"['AMO', 'Museo Conte', 'Palazzo della Ragione', 'Teatro Romano', 'Centro Fotografia']",Duomo,"These suggestions are based on proximity to current location (Santa Anastasia), with AMO being the closest (0.1km) and Centro Fotografia slightly further (0.3km). Tourist patterns indicate a preferenc",False,3.3101203441619873,success
040EB8121B6781,6,"['Teatro Romano', 'Casa Giulietta']",Castelvecchio,"['Arena', 'Museo Lapidario', 'Verona Tour', 'San Zeno', 'Sighseeing']",Museo Storia,"These suggestions are based on proximity to current location (Castelvecchio), with Arena being a popular and notable landmark, Museo Lapidario and Verona Tour for further historical context, San Zeno ",False,3.653522491455078,success
040EC1121B6781,0,['Arena'],Torre Lamberti,"['Sighseeing', 'Centro Fotografia', 'Museo Conte', 'Casa Giulietta', 'Palazzo della Ragione']",Casa Giulietta,"These are the nearest points of interest to Torre Lamberti, and are consistent with typical tourist patterns on a weekend morning.",True,2.37099027633667,success
040EBD121B6781,5,"['Casa Giulietta', 'Torre Lamberti']",Duomo,"['AMO', 'Museo Miniscalchi', 'Santa Anastasia', 'Teatro Romano', 'Palazzo della Ragione']",Arena,"These suggestions are based on proximity to the current location (Duomo). AMO is the closest at 0.2km, followed by Museo Miniscalchi, Santa Anastasia, and Teatro Romano, all at 0.3km. Palazzo della Ra",False,3.808497190475464,success
040EC4121B6781,2,"['Torre Lamberti', 'Santa Anastasia']",Arena,"['Verona Tour', 'Museo Lapidario', 'San Fermo', 'Casa Giulietta', 'Castelvecchio']",Castelvecchio,"These POIs are the closest to the current location, taking into account typical tourist patterns and time context.",True,2.0476157665252686,success
040EBB121B6780,4,"['Palazzo della Ragione', 'Santa Anastasia']",Teatro Romano,"['Duomo', 'AMO', 'Museo Conte', 'Centro Fotografia', 'Museo Miniscalchi']",Arena,"These suggestions are based on proximity to the current location (Teatro Romano) and popular tourist patterns. The Duomo is the closest point of interest at 0.3km, followed by AMO at 0.4km, Museo Cont",False,4.512657642364502,success
040EBF121B6781,4,"['Casa Giulietta', 'Arena', 'Castelvecchio']",Tomba Giulietta,"['San Fermo', 'Museo Storia', 'Torre Lamberti', 'Sighseeing', 'Palazzo della Ragione']",Santa Anastasia,These suggestions are based on proximity to the current location (Tomba Giulietta) and popular tourist patterns in Verona. San Fermo and Museo Storia are the closest points of interest. Torre Lamberti,False,3.7686057090759277,success
040EC3121B6780,2,"['Arena', 'Palazzo della Ragione', 'Santa Anastasia', 'Duomo']",San Fermo,"['Museo Storia', 'Casa Giulietta', 'Torre Lamberti', 'Sighseeing', 'Verona Tour']",Torre Lamberti,"These POIs are nearby, less than 0.6km from the current location, and are among the most popular tourist destinations in Verona. They are also open during weekend afternoons.",True,3.010807991027832,success
040EBE121B6780,0,['Arena'],Castelvecchio,"['Museo Lapidario', 'Verona Tour', 'Torre Lamberti', 'Casa Giulietta', 'San Fermo']",Torre Lamberti,"These suggestions are based on proximity to current location (Castelvecchio), with Museo Lapidario and Verona Tour being the closest at 0.3km. Torre Lamberti, Casa Giulietta, and San Fermo follow, all",True,4.214543104171753,success
040EC2121B6780,2,"['Arena', 'Casa Giulietta', 'Santa Anastasia']",Torre Lamberti,"['Sighseeing', 'Palazzo della Ragione', 'Duomo', 'San Fermo', 'Teatro Romano']",Giardino Giusti,"These POIs are the closest to the current location, Torre Lamberti, and are also some of the most popular tourist destinations in Verona. Given the time context of a Saturday afternoon, these places a",False,3.331554889678955,success
040ED4121B6780,0,['Arena'],Casa Giulietta,"['Centro Fotografia', 'Sighseeing', 'Torre Lamberti', 'Palazzo della Ragione', 'San Fermo']",Castelvecchio,"These POIs are the closest to the current location, considering typical tourist patterns of visiting popular and historical sites in the morning.",False,2.531423330307007,success
040EC64A216281,1,['Arena'],Casa Giulietta,"['Centro Fotografia', 'Sighseeing', 'Torre Lamberti', 'Palazzo della Ragione', 'San Fermo']",Palazzo della Ragione,"These POIs are the closest to the current location, with distances ranging from 0.1km to 0.3km, and should be popular among tourists during a Saturday morning visit in Verona.",True,3.0602874755859375,success
040EBF4A216281,4,"['Tomba Giulietta', 'Arena']",Casa Giulietta,"['Centro Fotografia', 'Torre Lamberti', 'Palazzo della Ragione', 'San Fermo', 'AMO']",Duomo,"These suggestions are based on the proximity of the POIs to Casa Giulietta, where the tourist is currently located. The nearest points of interest are Centro Fotografia and Torre Lamberti, which are o",False,5.328770637512207,success
040EE64A216281,4,"['Arena', 'Casa Giulietta', 'Duomo']",Torre Lamberti,"['Palazzo della Ragione', 'AMO', 'Museo Miniscalchi', 'Santa Anastasia', 'San Fermo']",Palazzo della Ragione,"These POIs are popular among tourists and are nearby, considering time context and distances. The order takes into account increasing distance from the current location.",True,2.1599509716033936,success
040EC34A216281,1,['Palazzo della Ragione'],Duomo,"['Teatro Romano', 'Casa Giulietta', 'Torre Lamberti', 'Museo Conte', 'AMO']",Arena,"These suggestions are based on a balance of proximity, popularity, and relevance to typical tourist interests. Teatro Romano is a historic site and close by. Casa Giulietta is a famous literary landma",False,5.048265695571899,success
040ED4121B6781,0,['Arena'],Torre Lamberti,"['Sighseeing', 'Centro Fotografia', 'Casa Giulietta', 'Palazzo della Ragione', 'AMO']",Casa Giulietta,"These suggestions are based on the close proximity of the POIs to the current location (Torre Lamberti). Tourist patterns also suggest that these sites are commonly visited after Torre Lamberti, and t",True,3.7190604209899902,success
040EE6121B6781,4,"['Arena', 'Casa Giulietta']",Torre Lamberti,"['Sighseeing', 'Palazzo della Ragione', 'Museo Miniscalchi', 'San Fermo', 'Duomo']",Teatro Romano,"These POIs are the closest to the current location, Torre Lamberti, and considering the time context of a Saturday afternoon, these places are popular among tourists and within reasonable walking dist",False,2.7925808429718018,success
040ED6121B6780,2,"['Arena', 'Casa Giulietta', 'Castelvecchio', 'San Zeno']",Duomo,"['AMO', 'Museo Miniscalchi', 'Teatro Romano', 'Palazzo della Ragione', 'Torre Lamberti']",Teatro Romano,"These suggestions are based on proximity to the current location (Duomo). AMO and Museo Miniscalchi are the closest points of interest. Teatro Romano, Palazzo della Ragione, and Torre Lamberti follow ",True,3.577388286590576,success
040EDD121B6781,2,"['Duomo', 'Teatro Romano', 'San Fermo']",Tomba Giulietta,"['Arena', 'Museo Storia', 'Casa Giulietta', 'Castelvecchio', 'Torre Lamberti']",Arena,"These suggestions are based on proximity to the current location (Tomba Giulietta) and popular tourist patterns in Verona. The Arena, Museo Storia, and Casa Giulietta are all within 1km and are among ",True,3.5734729766845703,success
040EDD121B6780,1,"['Arena', 'Casa Giulietta', 'Torre Lamberti']",Palazzo della Ragione,"['AMO', 'Museo Conte', 'Centro Fotografia', 'Santa Anastasia', 'Duomo']",Castelvecchio,"These suggestions are based on the proximity of the POIs to the current location (Palazzo della Ragione). AMO and Museo Conte are the closest at 0.1km, followed by Centro Fotografia at 0.2km. Santa An",False,4.725153923034668,success
040F074A216285,0,['Torre Lamberti'],Arena,"['Verona Tour', 'Museo Lapidario', 'San Fermo', 'Casa Giulietta', 'Castelvecchio']",Casa Giulietta,"These suggestions are based on proximity to current location, with Verona Tour being the closest at 0.2km. The list also considers popular tourist patterns and includes some of the nearest major attra",True,2.88334321975708,success
040EE3121B6781,6,"['Casa Giulietta', 'Torre Lamberti', 'Santa Anastasia']",Teatro Romano,"['Duomo', 'AMO', 'Palazzo della Ragione', 'Museo Conte', 'Centro Fotografia']",Castelvecchio,"These suggestions are based on the proximity of the POIs to the current location (Teatro Romano). The Duomo is the closest at 0.3km, followed by AMO and Palazzo della Ragione which are both 0.4km away",False,5.169528245925903,success
040F1B4A216285,0,['Arena'],Casa Giulietta,"['Centro Fotografia', 'Sighseeing', 'Torre Lamberti', 'Palazzo della Ragione', 'San Fermo']",Torre Lamberti,"These POIs are the closest to the current location, within 0.1-0.3km, and are popular among tourists, making them likely next destinations.",True,2.343010187149048,success
040EE4121B6781,1,['Arena'],Torre Lamberti,"['Sighseeing', 'Centro Fotografia', 'Casa Giulietta', 'Palazzo della Ragione', 'AMO']",Palazzo della Ragione,"These suggestions are based on the proximity of the POIs to the current location (Torre Lamberti). The nearest POI, Sighseeing, is only 0.0km away, followed by Centro Fotografia and Casa Giulietta whi",True,5.213156223297119,success
040F004A216285,5,['Arena'],Museo Storia,"['San Fermo', 'Casa Giulietta', 'Torre Lamberti', 'Centro Fotografia', 'Palazzo della Ragione']",Torre Lamberti,"These suggestions are based on proximity to current location, with San Fermo being the closest at 0.2km. Casa Giulietta and Torre Lamberti are popular tourist attractions. Centro Fotografia and Palazz",True,4.025807619094849,success
040F1E4A216285,5,"['Arena', 'Museo Lapidario', 'Castelvecchio', 'Palazzo della Ragione', 'Torre Lamberti', 'Casa Giulietta']",San Fermo,"['Museo Storia', 'Sighseeing', 'Centro Fotografia', 'Verona Tour', 'Santa Anastasia']",Museo Storia,"These suggestions are based on proximity to current location, with Museo Storia being the closest and Santa Anastasia slightly further but still within a reasonable walking distance. The order also co",True,2.657144069671631,success
040F10121B6781,1,['Arena'],Palazzo della Ragione,"['Casa Giulietta', 'Duomo', 'Teatro Romano', 'AMO', 'Museo Miniscalchi']",Casa Giulietta,These suggestions are based on the proximity of the POIs to the current location (Palazzo della Ragione). Casa Giulietta and Duomo are popular tourist attractions in Verona. Teatro Romano is also a si,True,3.7008466720581055,success
040F11121B6781,0,['Arena'],Casa Giulietta,"['Centro Fotografia', 'Sighseeing', 'Torre Lamberti', 'Palazzo della Ragione', 'San Fermo']",Tomba Giulietta,These suggestions are based on the close proximity to the current location (Casa Giulietta). Tourist patterns typically follow a path of short distances and high interest points. The nearest points of,False,3.4839375019073486,success
040EE74A216281,1,"['Arena', 'Castelvecchio']",Casa Giulietta,"['Torre Lamberti', 'Palazzo della Ragione', 'San Fermo', 'AMO', 'Santa Anastasia']",Palazzo della Ragione,"These suggestions are based on proximity to the current location, with Torre Lamberti being the closest at 0.1km. The other locations are within 0.4km and are a mix of historical sites (Palazzo della ",True,5.127376556396484,success
040F184A216285,0,['Arena'],Museo Lapidario,"['Verona Tour', 'Castelvecchio', 'Museo Radio', 'San Fermo', 'Casa Giulietta']",Castelvecchio,"These suggestions are based on proximity to current location, with Verona Tour being the closest (0.1km) and Casa Giulietta slightly further but still popular among tourists (0.7km). The other suggest",True,3.732168197631836,success
040F22121B6781,2,"['Arena', 'Museo Lapidario']",Torre Lamberti,"['Sighseeing', 'Centro Fotografia', 'Museo Conte', 'Casa Giulietta', 'Palazzo della Ragione']",Casa Giulietta,"These suggestions are based on the proximity of the POIs to the current location (Torre Lamberti). The distances range from 0.0km to 0.2km, making them easily reachable within a short period of time d",True,4.397055387496948,success
040F254A216285,0,['Arena'],Teatro Romano,"['Duomo', 'Palazzo della Ragione', 'Museo Conte', 'Torre Lamberti', 'Santa Anastasia']",Torre Lamberti,"These suggestions are based on the close proximity of these POIs to the current location (Teatro Romano). The Duomo, Palazzo della Ragione, and Museo Conte are all within 0.5km, making them easily rea",True,3.739173412322998,success
040F484A216285,1,['Arena'],Torre Lamberti,"['Sighseeing', 'Centro Fotografia', 'Casa Giulietta', 'Palazzo della Ragione', 'AMO']",Palazzo della Ragione,"These suggestions are based on the close proximity of these points of interest to the current location (Torre Lamberti). Also, they are among the most popular tourist attractions in Verona.",True,2.6607258319854736,success
040F5A121B6781,0,['Arena'],Casa Giulietta,"['Centro Fotografia', 'Sighseeing', 'Torre Lamberti', 'Palazzo della Ragione', 'San Fermo']",Castelvecchio,"These suggestions are based on the proximity of the POIs to Casa Giulietta, where the tourist is currently located. The nearest points of interest have been given priority.",False,2.4657928943634033,success
040F2B4A216285,6,['Casa Giulietta'],Torre Lamberti,"['Palazzo della Ragione', 'AMO', 'Museo Miniscalchi', 'Santa Anastasia', 'San Fermo']",Duomo,"These suggestions are based on the proximity of the POIs to the current location (Torre Lamberti) and typical tourist patterns in Verona. Palazzo della Ragione is the closest notable attraction, follo",False,3.818655014038086,success
040F3D121B6781,1,['Palazzo della Ragione'],Arena,"['Verona Tour', 'Museo Lapidario', 'San Fermo', 'Casa Giulietta', 'Castelvecchio']",Santa Anastasia,"These are the next most likely points of interest to visit based on their proximity to your current location at the Arena. The Verona Tour and Museo Lapidario are closest in distance, while San Fermo,",False,3.7597296237945557,success
040F52121B6781,0,['Arena'],Castelvecchio,"['Museo Lapidario', 'Verona Tour', 'Torre Lamberti', 'Casa Giulietta', 'San Zeno']",Duomo,"These suggestions are based on proximity to current location (Castelvecchio), with Museo Lapidario and Verona Tour being the closest at 0.3km. Torre Lamberti, Casa Giulietta, and San Zeno follow as po",False,3.5836567878723145,success
040F46121B6781,0,"['Arena', 'Castelvecchio']",Torre Lamberti,"['Sighseeing', 'Centro Fotografia', 'Palazzo della Ragione', 'Casa Giulietta', 'Museo Miniscalchi']",Santa Anastasia,"These POIs are the closest to the current location, Torre Lamberti, and are also among the most popular tourist destinations in Verona. Given that it is a weekend afternoon and the time is around 14:0",False,4.086168527603149,success
040F244A216285,1,"['Tomba Giulietta', 'Casa Giulietta', 'Arena', 'Duomo']",Teatro Romano,"['Santa Anastasia', 'Palazzo della Ragione', 'Torre Lamberti', 'Museo Miniscalchi', 'Giardino Giusti']",Palazzo della Ragione,"These suggestions are based on proximity to the current location (Teatro Romano) and popular tourist patterns. Santa Anastasia is closest at 0.3km, followed by Palazzo della Ragione and Torre Lamberti",True,5.239232301712036,success
040F64121B6781,6,"['Casa Giulietta', 'Torre Lamberti']",Palazzo della Ragione,"['AMO', 'Museo Conte', 'Centro Fotografia', 'Sighseeing', 'Santa Anastasia']",Castelvecchio,"These POIs are the closest to the current location, within 0.1-0.2km, and are popular among tourists in Verona.",False,2.71431827545166,success
040FB14A216281,0,['Castelvecchio'],Arena,"['Verona Tour', 'Casa Giulietta', 'Sighseeing', 'Torre Lamberti', 'Museo Storia']",Torre Lamberti,"These suggestions are based on proximity to current location, with Verona Tour being the closest and most popular tourist destination. Casa Giulietta is a well-known attraction, followed by Sighseeing",True,2.265380859375,success
040F62121B6781,1,"['Arena', 'Casa Giulietta']",Palazzo della Ragione,"['AMO', 'Museo Conte', 'Torre Lamberti', 'Centro Fotografia', 'Sighseeing']",Torre Lamberti,These suggestions are based on proximity to current location (Palazzo della Ragione) and popular tourist pattern in Verona's cluster 1 on Sunday afternoons. AMO and Museo Conte are the closest points ,True,3.987283706665039,success
040F53121B6781,0,['Arena'],Torre Lamberti,"['Sighseeing', 'Centro Fotografia', 'Casa Giulietta', 'Palazzo della Ragione', 'AMO']",Castelvecchio,"These suggestions are based on the close proximity to the current location (Torre Lamberti). Tourist patterns indicate that visitors often prioritize nearby points of interest. The first suggestion, S",False,4.906394720077515,success
040F92121B6780,4,"['Castelvecchio', 'Arena']",Casa Giulietta,"['Torre Lamberti', 'Palazzo della Ragione', 'San Fermo', 'AMO', 'Santa Anastasia']",Torre Lamberti,"These POIs are nearby, less than 0.4km from Casa Giulietta and open during weekend afternoons. Ordered by increasing distance.",True,3.019153118133545,success
040F59121B6781,0,"['Arena', 'Casa Giulietta']",Torre Lamberti,"['Palazzo della Ragione', 'AMO', 'Museo Miniscalchi', 'Santa Anastasia', 'San Fermo']",Santa Anastasia,"These suggestions are based on the close proximity to the current location (Torre Lamberti). Palazzo della Ragione is only 0.2km away, AMO and Museo Miniscalchi are 0.3km away, Santa Anastasia is also",True,5.039348125457764,success
040FBA121B6780,0,"['Arena', 'Torre Lamberti']",Casa Giulietta,"['Centro Fotografia', 'Sighseeing', 'Palazzo della Ragione', 'San Fermo', 'AMO']",Castelvecchio,"These suggestions are based on proximity to current location, with Centro Fotografia and Sighseeing being the closest. The remaining points of interest are within walking distance and are popular tour",False,3.2555758953094482,success
040FBA121B6781,2,"['Arena', 'Castelvecchio', 'Casa Giulietta']",Santa Anastasia,"['AMO', 'Museo Conte', 'Palazzo della Ragione', 'Teatro Romano', 'Duomo']",Teatro Romano,"These suggestions are based on proximity to current location, Santa Anastasia. AMO and Museo Conte are the closest at 0.1km and 0.2km respectively. The others are within 0.3km. This selection also con",True,3.0338633060455322,success
040FBB121B6780,4,"['Castelvecchio', 'Arena']",Torre Lamberti,"['Sighseeing', 'Centro Fotografia', 'Casa Giulietta', 'Palazzo della Ragione', 'AMO']",Duomo,"These POIs are the closest to the current location, Torre Lamberti, and are all within a reasonable walking distance for a Sunday morning tourist visit. They also include a variety of attractions such",False,3.287386894226074,success
040FBF4A216281,4,"['Tomba Giulietta', 'Arena']",Casa Giulietta,"['Centro Fotografia', 'Sighseeing', 'Torre Lamberti', 'Palazzo della Ragione', 'San Fermo']",Duomo,"These POIs are the closest to the current location, with distances ranging from 0.1km to 0.3km. Tourists often visit multiple nearby attractions in a short period of time.",False,2.615474224090576,success
040FB9121B6781,0,['Castelvecchio'],Torre Lamberti,"['Sighseeing', 'Centro Fotografia', 'Casa Giulietta', 'Palazzo della Ragione', 'AMO']",Arena,"These suggestions are based on the proximity of the POIs to the current location (Torre Lamberti). Sighseeing and Centro Fotografia are the closest, followed by Casa Giulietta. Palazzo della Ragione a",False,4.417174577713013,success
040FC4121B6781,4,"['San Fermo', 'Torre Lamberti', 'Giardino Giusti']",Teatro Romano,"['Santa Anastasia', 'Duomo', 'AMO', 'Palazzo della Ragione', 'Casa Giulietta']",Duomo,"These are the 5 nearest points of interest to Teatro Romano, all within 0.7km. Considering time context and tourist patterns, these sites are most likely to be visited next due to their proximity.",True,2.550391674041748,success
040FBE121B6780,0,['Arena'],Castelvecchio,"['Museo Lapidario', 'Verona Tour', 'Torre Lamberti', 'Casa Giulietta', 'San Fermo']",Torre Lamberti,"These suggestions are based on proximity to current location (Castelvecchio), with Museo Lapidario and Verona Tour being the closest at 0.3km. Torre Lamberti, Casa Giulietta, and San Fermo follow, all",True,4.146979570388794,success
040FC1121B6781,0,['Arena'],Torre Lamberti,"['Sighseeing', 'Centro Fotografia', 'Museo Conte', 'Casa Giulietta', 'Palazzo della Ragione']",Casa Giulietta,"These are the nearest points of interest to Torre Lamberti, and since it is still morning on a weekend, these sights which are typically open at this time would be suitable next visits for a tourist.",True,3.216271162033081,success
040FC2121B6780,2,"['Arena', 'Santa Anastasia', 'San Zeno', 'Castelvecchio']",Duomo,"['AMO', 'Teatro Romano', 'Palazzo della Ragione', 'Torre Lamberti', 'Casa Giulietta']",Palazzo della Ragione,"These POIs are the closest to the current location (Duomo), within a reasonable walking distance and align with typical tourist patterns for cluster 2 in Verona on a Saturday afternoon.",True,2.9042704105377197,success
040FC3121B6780,4,"['Arena', 'Palazzo della Ragione', 'Santa Anastasia']",Duomo,"['AMO', 'Teatro Romano', 'Torre Lamberti', 'Casa Giulietta', 'Museo Radio']",San Fermo,"These suggestions are based on proximity to the current location (Duomo), with AMO being the closest at 0.2km. The other choices consider a mix of popular tourist attractions and variety in type of po",False,3.0801734924316406,success
040FB5121B6780,1,"['Castelvecchio', 'Arena']",Torre Lamberti,"['Sighseeing', 'Centro Fotografia', 'Casa Giulietta', 'Palazzo della Ragione', 'AMO']",Palazzo della Ragione,"These suggestions are based on the proximity of the POIs to the current location (Torre Lamberti). The nearest POI, Sighseeing, is only 0.0km away, followed by Centro Fotografia and Casa Giulietta whi",True,5.595798015594482,success
040FBF121B6781,0,"['Casa Giulietta', 'Arena']",Castelvecchio,"['Museo Lapidario', 'Verona Tour', 'Torre Lamberti', 'San Zeno', 'Centro Fotografia']",Tomba Giulietta,"These suggestions are based on proximity to current location, with Museo Lapidario and Verona Tour being the closest (0.3km), followed by Torre Lamberti (0.9km). San Zeno and Centro Fotografia are als",False,4.060072183609009,success
040FDE121B6780,1,"['Arena', 'Casa Giulietta', 'Torre Lamberti']",Palazzo della Ragione,"['AMO', 'Museo Conte', 'Centro Fotografia', 'Sighseeing', 'Santa Anastasia']",Castelvecchio,"These are the 5 nearest points of interest to Palazzo della Ragione, all within 0.6 km. Given the typical Monday afternoon schedule and tourist patterns in Verona, these sites are likely to be the nex",False,2.760535478591919,success
040FC5121B6781,2,"['Arena', 'Palazzo della Ragione']",Torre Lamberti,"['Casa Giulietta', 'Museo Conte', 'AMO', 'Santa Anastasia', 'Duomo']",Museo Lapidario,"These POIs are the closest to the current location, Torre Lamberti, and are also some of the most popular tourist destinations in Verona. Considering it's a Saturday afternoon, these places will likel",False,3.683698892593384,success
040FCF121B6781,0,"['Arena', 'Castelvecchio']",Casa Giulietta,"['Centro Fotografia', 'Sighseeing', 'Torre Lamberti', 'Palazzo della Ragione', 'San Fermo']",Torre Lamberti,"These POIs are the closest to the current location, with distances ranging from 0.1km to 0.3km, and should be open during Sunday mornings. They align with typical tourist patterns of visiting cultural",True,3.351433753967285,success
040FE1121B6781,5,"['Arena', 'Museo Lapidario', 'Castelvecchio']",Casa Giulietta,"['Centro Fotografia', 'Sighseeing', 'Torre Lamberti', 'Palazzo della Ragione', 'San Fermo']",Torre Lamberti,"These POIs are the closest to the current location, within 0.1-0.3km, and considering typical tourist patterns of visiting nearby points of interest.",True,2.926828622817993,success
040FCB4A216281,4,['Arena'],Santa Anastasia,"['AMO', 'Duomo', 'Teatro Romano', 'Palazzo della Ragione', 'Museo Miniscalchi']",Duomo,"These suggestions are based on the proximity of the POIs to the current location (Santa Anastasia). AMO is the closest and a popular cultural site. Duomo, Teatro Romano, and Palazzo della Ragione are ",True,4.0657877922058105,success
040FE4121B6781,1,['Arena'],Torre Lamberti,"['Sighseeing', 'Centro Fotografia', 'Museo Conte', 'Casa Giulietta', 'Palazzo della Ragione']",Palazzo della Ragione,"These are the nearest points of interest to Torre Lamberti, within 500 meters, and are popular tourist destinations in Verona.",True,2.848184585571289,success
0410004A216285,5,['Arena'],Museo Storia,"['San Fermo', 'Casa Giulietta', 'Torre Lamberti', 'Centro Fotografia', 'Palazzo della Ragione']",Torre Lamberti,"These POIs are ranked by proximity to the current location, starting with the closest. Considering typical tourist patterns and time context, these suggestions allow for a manageable visit within the ",True,3.0268630981445312,success
040FE6121B6781,2,"['Arena', 'Museo Lapidario', 'Castelvecchio']",San Zeno,"['Verona Tour', 'Museo Miniscalchi', 'Torre Lamberti', 'Duomo', 'Casa Giulietta']",San Fermo,"These POIs are among the nearest to the current location, within 1.5km radius, and are popular tourist destinations in Verona. Given the Monday morning time context and typical tourist patterns, these",False,3.129415988922119,success
0410184A216285,4,"['Arena', 'Torre Lamberti']",Torre Lamberti,"['Sighseeing', 'Casa Giulietta', 'Palazzo della Ragione', 'Museo Miniscalchi', 'San Fermo']",Santa Anastasia,"These POIs are the closest to the current location, Torre Lamberti, and considering the time context of a Tuesday afternoon, these attractions are typically popular with tourists.",False,2.749819040298462,success
04101D4A216285,4,"['Arena', 'Museo Lapidario', 'Castelvecchio']",Santa Anastasia,"['AMO', 'Duomo', 'Teatro Romano', 'Torre Lamberti', 'Casa Giulietta']",Duomo,"These POIs are the closest to the current location, AMO being the nearest (0.1km). Tourist patterns suggest that visitors often visit nearby attractions in close proximity. The time context is also co",True,3.0842018127441406,success
040FE3121B6781,1,"['Arena', 'Casa Giulietta', 'Torre Lamberti']",Palazzo della Ragione,"['AMO', 'Museo Conte', 'Centro Fotografia', 'Santa Anastasia', 'Duomo']",Castelvecchio,"These suggestions are based on the proximity of the POIs to the current location (Palazzo della Ragione) and their popularity among tourists. AMO, Museo Conte, and Centro Fotografia are the closest po",False,3.977797269821167,success
041011121B6781,0,['Arena'],Casa Giulietta,"['Centro Fotografia', 'Sighseeing', 'Torre Lamberti', 'Palazzo della Ragione', 'San Fermo']",Tomba Giulietta,"These suggestions are based on the proximity of the POIs to Casa Giulietta, where the tourist is currently located. The nearest points of interest have been given priority. They also consider typical ",False,3.4792327880859375,success
041029121B6781,1,"['Casa Giulietta', 'Arena', 'Tomba Giulietta']",Teatro Romano,"['Santa Anastasia', 'Duomo', 'AMO', 'Palazzo della Ragione', 'Museo Conte']",Santa Anastasia,"These POIs are the closest to the current location, Teatro Romano, and are among the most popular tourist destinations in Verona. Given the time context of a weekend afternoon, these places are likely",True,3.093153476715088,success
041022121B6781,0,"['Arena', 'Casa Giulietta']",Santa Anastasia,"['AMO', 'Duomo', 'Teatro Romano', 'Torre Lamberti', 'Museo Miniscalchi']",Castelvecchio,"These suggestions are based on proximity to current location, with AMO being the closest. Duomo and Torre Lamberti are popular tourist destinations, while Teatro Romano and Museo Miniscalchi offer his",False,3.3384926319122314,success
041036121B6781,0,['Torre Lamberti'],Arena,"['Verona Tour', 'Museo Lapidario', 'San Fermo', 'Casa Giulietta', 'Castelvecchio']",Casa Giulietta,"These POIs are the closest to the current location inside the tourist cluster 0 in Verona, and considering weekend tourist patterns, these places are most likely to be visited next.",True,2.561174154281616,success
04102B4A216285,6,['Casa Giulietta'],Torre Lamberti,"['Palazzo della Ragione', 'AMO', 'Museo Miniscalchi', 'Santa Anastasia', 'San Fermo']",Duomo,"These POIs are the closest to the current location, Torre Lamberti, and are popular tourist destinations in Verona. Given the time context of a Saturday afternoon and typical tourist patterns, it is l",False,3.3740053176879883,success
0410254A216285,1,"['Arena', 'Castelvecchio']",Tomba Giulietta,"['San Fermo', 'Museo Storia', 'Casa Giulietta', 'Torre Lamberti', 'Sighseeing']",Teatro Romano,"These suggestions are based on proximity to current location, with San Fermo and Museo Storia being the closest at 0.6km. Casa Giulietta is a popular tourist attraction and is only 0.9km away. Torre L",False,3.907780885696411,success
0410494A216285,2,"['Casa Giulietta', 'Santa Anastasia', 'Duomo']",Torre Lamberti,"['Sighseeing', 'Centro Fotografia', 'Palazzo della Ragione', 'AMO', 'Museo Miniscalchi']",San Zeno,"These POIs are the closest to the current location and are popular among tourists, taking into consideration the usual time context.",False,2.4445621967315674,success
04101E4A216285,5,"['Arena', 'Museo Lapidario', 'Castelvecchio', 'Palazzo della Ragione', 'Torre Lamberti', 'Casa Giulietta']",San Fermo,"['Museo Storia', 'Sighseeing', 'Centro Fotografia', 'Verona Tour', 'Santa Anastasia']",Museo Storia,"These suggestions are based on the proximity of the POIs to the current location (San Fermo), with distances ranging from 0.2km to 0.7km. The closest POI, Museo Storia, is given first, followed by Sig",True,4.33487868309021,success
041047121B6781,0,['Casa Giulietta'],Castelvecchio,"['Museo Lapidario', 'Arena', 'Torre Lamberti', 'Sighseeing', 'San Zeno']",Arena,"These suggestions are based on proximity to current location, with Museo Lapidario being the closest (0.3km) and San Zeno a bit further (0.7km). Popular tourist patterns also favor historical sites an",True,3.4213998317718506,success
04104B121B6781,1,['Museo Lapidario'],Castelvecchio,"['Verona Tour', 'Arena', 'Museo Miniscalchi', 'Torre Lamberti', 'Casa Giulietta']",Arena,"These suggestions are based on proximity to current location, with Verona Tour and Arena being the closest. Museo Miniscalchi, Torre Lamberti, and Casa Giulietta are also popular tourist destinations ",True,3.2079930305480957,success
04102C4A216285,0,['Arena'],Tomba Giulietta,"['Casa Giulietta', 'Castelvecchio', 'Torre Lamberti', 'Sighseeing', 'San Fermo']",Casa Giulietta,"These suggestions are based on the proximity of the POIs to the current location (Tomba Giulietta) and their popularity among tourists. Casa Giulietta, Castelvecchio, Torre Lamberti, and Sighseeing ar",True,4.454298973083496,success
04104F121B6781,0,['Arena'],Castelvecchio,"['Museo Lapidario', 'Verona Tour', 'Torre Lamberti', 'Casa Giulietta', 'San Zeno']",Torre Lamberti,"These suggestions are based on proximity to current location, with Museo Lapidario and Verona Tour being the closest at 0.3km. Torre Lamberti, Casa Giulietta, and San Zeno follow as popular tourist de",True,3.4468307495117188,success
041057121B6781,1,['Arena'],Casa Giulietta,"['Centro Fotografia', 'Sighseeing', 'Torre Lamberti', 'Palazzo della Ragione', 'San Fermo']",Palazzo della Ragione,"These POIs are the closest to the current location, within 0.1-0.3km, and are popular among tourists, making them likely next destinations.",True,2.6342997550964355,success
041054121B6781,0,"['Arena', 'Torre Lamberti']",Casa Giulietta,"['Centro Fotografia', 'Sighseeing', 'Palazzo della Ragione', 'San Fermo', 'AMO']",Santa Anastasia,"These suggestions are based on proximity to current location, with Centro Fotografia and Sighseeing being the closest. The remaining three - Palazzo della Ragione, San Fermo, and AMO - are popular tou",False,3.2240800857543945,success
04103D121B6781,1,['Palazzo della Ragione'],Arena,"['Verona Tour', 'Museo Lapidario', 'San Fermo', 'Casa Giulietta', 'Castelvecchio']",Santa Anastasia,These are the next five most likely points of interest to visit based on their proximity to your current location at the Arena in Verona. The 'Verona Tour' is only 0.2km away and offers a comprehensiv,False,5.754026651382446,success
041059121B6781,4,['Arena'],Santa Anastasia,"['AMO', 'Duomo', 'Teatro Romano', 'Palazzo della Ragione', 'Museo Conte']",Duomo,"These suggestions are based on proximity to current location, with AMO being the closest. Tourist patterns suggest that visitors often visit multiple sites in a cluster, and these five are among the m",True,2.8056423664093018,success
041052121B6781,0,['Arena'],Castelvecchio,"['Museo Lapidario', 'Verona Tour', 'Torre Lamberti', 'Casa Giulietta', 'San Zeno']",Casa Giulietta,"These suggestions are based on the close proximity of the POIs to the current location (Castelvecchio). Museo Lapidario and Verona Tour are the closest, while Torre Lamberti, Casa Giulietta, and San Z",True,3.67684268951416,success
041053121B6781,4,"['Teatro Romano', 'Castelvecchio', 'Duomo', 'Torre Lamberti']",Palazzo della Ragione,"['AMO', 'Museo Conte', 'Centro Fotografia', 'Sighseeing', 'Santa Anastasia']",Casa Giulietta,"These suggestions are based on proximity to current location (Palazzo della Ragione) and popular tourist patterns. AMO, Museo Conte, Centro Fotografia, Sighseeing are all within 0.2km, while Santa Ana",False,3.84647274017334,success
04105A121B6781,0,['Arena'],Casa Giulietta,"['Centro Fotografia', 'Sighseeing', 'Torre Lamberti', 'Palazzo della Ragione', 'San Fermo']",Castelvecchio,"These suggestions are based on the proximity of the POIs to Casa Giulietta, where the tourist is currently located. The nearest POIs have been given priority. They also consider typical tourist patter",False,3.3643081188201904,success
041055121B6781,4,['Arena'],Casa Giulietta,"['Centro Fotografia', 'Torre Lamberti', 'Palazzo della Ragione', 'San Fermo', 'Museo Miniscalchi']",Torre Lamberti,"These suggestions are based on the proximity of the POIs to Casa Giulietta, with Centro Fotografia and Torre Lamberti being the closest. Palazzo della Ragione, San Fermo, and Museo Miniscalchi are als",True,3.9727132320404053,success
04105F121B6781,1,['Arena'],San Fermo,"['Museo Storia', 'Casa Giulietta', 'Torre Lamberti', 'Sighseeing', 'Palazzo della Ragione']",Palazzo della Ragione,"These suggestions are based on proximity to current location, with Museo Storia and Casa Giulietta being the closest. Torre Lamberti, Sighseeing, and Palazzo della Ragione offer panoramic views, histo",True,3.5078516006469727,success
041062121B6781,0,['Torre Lamberti'],Teatro Romano,"['Duomo', 'Santa Anastasia', 'Palazzo della Ragione', 'Casa Giulietta', 'AMO']",Arena,"These suggestions are based on proximity to the current location (Teatro Romano) and popular tourist patterns. The Duomo and Santa Anastasia are closest in distance. Palazzo della Ragione, Casa Giulie",False,3.6664845943450928,success
04106A121B6781,4,"['Arena', 'San Fermo']",Torre Lamberti,"['Sighseeing', 'Palazzo della Ragione', 'Casa Giulietta', 'Museo Miniscalchi', 'Duomo']",Duomo,These POIs are the closest to your current location and are some of the most popular tourist destinations in Verona.,True,2.229243040084839,success
041064121B6781,6,"['Casa Giulietta', 'Torre Lamberti']",Palazzo della Ragione,"['AMO', 'Museo Conte', 'Centro Fotografia', 'Sighseeing', 'Santa Anastasia']",Castelvecchio,"These suggestions are based on the proximity of the POIs to Palazzo della Ragione, the current location. AMO and Museo Conte are the closest at 0.1km, followed by Centro Fotografia at the same distanc",False,3.9144697189331055,success
041058121B6781,5,"['Arena', 'Torre Lamberti']",Casa Giulietta,"['Centro Fotografia', 'Sighseeing', 'Palazzo della Ragione', 'San Fermo', 'AMO']",Palazzo della Ragione,"These suggestions are based on the proximity of the POIs to Casa Giulietta, where it is currently located. The nearest points of interest, Centro Fotografia and Sighseeing, are only 0.1km away. Palazz",True,5.255850791931152,success
041068121B6781,1,['Arena'],Palazzo della Ragione,"['Casa Giulietta', 'Duomo', 'Teatro Romano', 'AMO', 'Museo Miniscalchi']",Casa Giulietta,"These suggestions are based on proximity to current location, popularity among tourists and time context. Casa Giulietta and Duomo are well-known landmarks in Verona, Teatro Romano is an archaeologica",True,4.049335718154907,success
041080121B6780,0,['Arena'],Casa Giulietta,"['Centro Fotografia', 'Torre Lamberti', 'Palazzo della Ragione', 'San Fermo', 'Museo Miniscalchi']",Castelvecchio,"These suggestions are based on the proximity of the POIs to the current location (Casa Giulietta). Centro Fotografia and Torre Lamberti are the closest, followed by Palazzo della Ragione, San Fermo, a",False,3.9007105827331543,success
04108F121B6780,4,['Arena'],Santa Anastasia,"['AMO', 'Duomo', 'Teatro Romano', 'Palazzo della Ragione', 'Museo Miniscalchi']",Duomo,"These suggestions are based on the proximity of the POIs to the current location (Santa Anastasia). AMO is the closest and a popular cultural center. Duomo, Teatro Romano, and Palazzo della Ragione ar",True,4.2197747230529785,success
0410B9121B6780,5,"['Arena', 'Museo Lapidario', 'Castelvecchio']",Casa Giulietta,"['Centro Fotografia', 'Sighseeing', 'Torre Lamberti', 'Palazzo della Ragione', 'San Fermo']",Palazzo della Ragione,"These POIs are the closest to the current location, within 0.1-0.3km, and are popular among tourists, making them likely next destinations.",True,2.8947081565856934,success
0410B8121B6780,5,"['Arena', 'Castelvecchio', 'Casa Giulietta', 'Torre Lamberti', 'Santa Anastasia']",Duomo,"['AMO', 'Museo Miniscalchi', 'Teatro Romano', 'Palazzo della Ragione', 'Museo Conte']",Teatro Romano,"These suggestions are based on proximity to the current location (Duomo). AMO and Museo Miniscalchi are the closest points of interest. The remaining suggestions, Teatro Romano, Palazzo della Ragione,",True,3.510394811630249,success
04106E121B6781,4,"['Arena', 'Casa Giulietta']",Teatro Romano,"['Duomo', 'Palazzo della Ragione', 'Torre Lamberti', 'Museo Miniscalchi', 'Sighseeing']",Duomo,"These suggestions are based on proximity to the current location (Teatro Romano) and popular tourist patterns for a Sunday afternoon. The Duomo, Palazzo della Ragione, Torre Lamberti, and Museo Minisc",True,4.790467023849487,success
0410BA121B6780,2,"['Arena', 'Torre Lamberti']",Casa Giulietta,"['Centro Fotografia', 'Sighseeing', 'Palazzo della Ragione', 'San Fermo', 'AMO']",Castelvecchio,"These suggestions are based on proximity to current location, with Centro Fotografia and Sighseeing being the closest. The remaining three - Palazzo della Ragione, San Fermo, and AMO - are moderately ",False,2.7943029403686523,success
0410B5121B6780,1,"['Castelvecchio', 'Arena']",Torre Lamberti,"['Sighseeing', 'Centro Fotografia', 'Casa Giulietta', 'Palazzo della Ragione', 'AMO']",Palazzo della Ragione,"These suggestions are based on the proximity of the POIs to the current location (Torre Lamberti). The nearest POI, Sighseeing, is only 0.0km away, followed by Centro Fotografia and Casa Giulietta whi",True,5.1285436153411865,success
0410BB121B6780,2,"['Castelvecchio', 'Arena']",Torre Lamberti,"['Sighseeing', 'Centro Fotografia', 'Casa Giulietta', 'Palazzo della Ragione', 'AMO']",San Zeno,"These suggestions are based on proximity to the current location (Torre Lamberti) and popular tourist patterns. Sightseeing is the closest point of interest, followed by Centro Fotografia, Casa Giulie",False,4.093967437744141,success
0410C5121B6781,1,"['Castelvecchio', 'Arena', 'Casa Giulietta']",Palazzo della Ragione,"['AMO', 'Museo Conte', 'Torre Lamberti', 'Centro Fotografia', 'Sighseeing']",Torre Lamberti,"These suggestions are based on the proximity of the POIs to the current location (Palazzo della Ragione). AMO and Museo Conte are the closest at 0.1km, followed by Torre Lamberti and Centro Fotografia",True,4.064830780029297,success
0410BB121B6781,1,"['Arena', 'Castelvecchio']",Torre Lamberti,"['Sighseeing', 'Centro Fotografia', 'Casa Giulietta', 'Palazzo della Ragione', 'AMO']",Palazzo della Ragione,These suggestions are based on proximity to the current location (Torre Lamberti) and popular tourist patterns in Verona. 'Sighseeing' is the closest point of interest. 'Centro Fotografia' and 'Casa G,True,4.38452935218811,success
0410CB4A216281,0,['Arena'],Casa Giulietta,"['Centro Fotografia', 'Sighseeing', 'Torre Lamberti', 'Palazzo della Ragione', 'San Fermo']",Torre Lamberti,"These suggestions are based on the close proximity of these points of interest to the current location, Casa Giulietta. Tourist patterns typically involve visiting nearby attractions in a logical sequ",True,2.9648401737213135,success
0410B7121B6780,2,"['San Zeno', 'Santa Anastasia']",Palazzo della Ragione,"['AMO', 'Casa Giulietta', 'Duomo', 'Teatro Romano', 'Museo Miniscalchi']",Torre Lamberti,"These POIs are the closest to the current location at Palazzo della Ragione, and are also among the most popular tourist destinations in Verona. AMO (0.1km) is a modern art museum and the nearest poin",False,6.059345245361328,success
0410D5121B6780,0,['Arena'],Casa Giulietta,"['Centro Fotografia', 'Sighseeing', 'Torre Lamberti', 'Palazzo della Ragione', 'San Fermo']",Castelvecchio,"These POIs are the closest to the current location, have a high level of interest for tourists and can be visited within the remaining time considering typical tourist patterns on weekends.",False,3.1147990226745605,success
0410D6121B6780,0,['Arena'],Casa Giulietta,"['Centro Fotografia', 'Sighseeing', 'Torre Lamberti', 'Palazzo della Ragione', 'San Fermo']",Castelvecchio,"These POIs are the closest to the current location, with distances ranging from 0.1km to 0.3km. This suggestion aligns with typical tourist patterns of visiting nearby attractions and making the most ",False,3.2178611755371094,success
0410E3121B6781,1,"['Casa Giulietta', 'Palazzo della Ragione']",Torre Lamberti,"['Sighseeing', 'Centro Fotografia', 'Arena', 'Duomo', 'San Fermo']",Arena,"These are the 5 nearest points of interest to Torre Lamberti, where the tourist cluster currently is, and are all within a reasonable walking distance. Suggesting popular attractions like the Arena an",True,3.263413906097412,success
041117121B6781,0,['Arena'],Torre Lamberti,"['Sighseeing', 'Centro Fotografia', 'Museo Conte', 'Casa Giulietta', 'Palazzo della Ragione']",Casa Giulietta,"These are the nearest points of interest to the current location (Torre Lamberti), and considering the usual time context and tourist patterns, these places are most likely to be visited next.",True,3.2025132179260254,success
0411214A216285,2,"['Arena', 'Duomo', 'Teatro Romano', 'Santa Anastasia', 'Palazzo della Ragione']",Torre Lamberti,"['Sighseeing', 'Casa Giulietta', 'AMO', 'Museo Miniscalchi', 'San Fermo']",Casa Giulietta,"These POIs are the closest to the current Torre Lamberti and are also popular tourist destinations in Verona, making them likely choices for visitors on a Saturday afternoon.",True,2.734753131866455,success
0410E1121B6781,4,"['Arena', 'Palazzo della Ragione', 'Torre Lamberti']",Santa Anastasia,"['AMO', 'Duomo', 'Teatro Romano', 'Casa Giulietta', 'Museo Miniscalchi']",Duomo,"These suggestions are based on proximity to current location, with AMO being the closest at 0.1km. Duomo and Teatro Romano follow due to their popularity and close distance (0.3km). Casa Giulietta and",True,3.932321071624756,success
04111D4A216285,4,"['Arena', 'Museo Lapidario', 'Castelvecchio']",Santa Anastasia,"['AMO', 'Duomo', 'Teatro Romano', 'Torre Lamberti', 'Casa Giulietta']",Duomo,"These POIs are ranked by proximity to the current location, Santa Anastasia. AMO is the closest at 0.1km, followed by Duomo and Teatro Romano at 0.3km, Torre Lamberti also at 0.3km, and Casa Giulietta",True,4.64949107170105,success
0411244A216285,1,"['Tomba Giulietta', 'Arena', 'Casa Giulietta']",Castelvecchio,"['Museo Lapidario', 'Verona Tour', 'Torre Lamberti', 'San Zeno', 'Sighseeing']",Duomo,"These suggestions are based on proximity to current location (Castelvecchio), with Museo Lapidario and Verona Tour being the closest at 0.3km. Torre Lamberti, San Zeno, and Sighseeing follow, all with",False,3.4016401767730713,success
041147121B6781,1,['Arena'],Torre Lamberti,"['Sighseeing', 'Centro Fotografia', 'Casa Giulietta', 'Palazzo della Ragione', 'AMO']",Palazzo della Ragione,These suggestions are based on the close proximity of the POIs to the current location (Torre Lamberti). Tourist patterns also suggest that these sites are commonly visited after the Arena. The time c,True,3.359157085418701,success
0411274A216285,2,"['Arena', 'San Zeno']",Castelvecchio,"['Museo Lapidario', 'Verona Tour', 'Torre Lamberti', 'Casa Giulietta', 'Palazzo della Ragione']",Torre Lamberti,"These suggestions are based on proximity to current location (Castelvecchio), with Museo Lapidario and Verona Tour being the closest at 0.3km. Torre Lamberti, Casa Giulietta, and Palazzo della Ragione",True,3.701847553253174,success
04114A4A216285,0,['Arena'],Museo Lapidario,"['Verona Tour', 'Castelvecchio', 'Museo Radio', 'San Fermo', 'Casa Giulietta']",Castelvecchio,"These suggestions are based on proximity to current location, with Verona Tour being the closest (0.1km) and Casa Giulietta slightly further but still popular among tourists (0.7km). The other suggest",True,3.1739742755889893,success
041154121B6781,0,"['Arena', 'Torre Lamberti']",Casa Giulietta,"['Centro Fotografia', 'Sighseeing', 'Palazzo della Ragione', 'San Fermo', 'AMO']",Santa Anastasia,"These suggestions are based on proximity to current location, with Centro Fotografia and Sighseeing being the closest. The remaining POIs are within reasonable walking distance and are popular tourist",False,2.863781690597534,success
041157121B6781,0,['Arena'],Casa Giulietta,"['Centro Fotografia', 'Sighseeing', 'Torre Lamberti', 'Palazzo della Ragione', 'San Fermo']",Torre Lamberti,"These POIs are the closest to the current location, within 0.1-0.3km, and are popular among tourists during weekend afternoons.",True,2.5561647415161133,success
0411494A216285,0,['Arena'],Castelvecchio,"['Museo Lapidario', 'Verona Tour', 'Torre Lamberti', 'Casa Giulietta', 'San Fermo']",Museo Lapidario,"These suggestions are based on the close proximity of the POIs to the current location (Castelvecchio). Considering it's Wednesday afternoon and factoring in typical tourist patterns, these sites are ",True,4.134865999221802,success
041136121B6781,1,['Palazzo della Ragione'],Arena,"['Casa Giulietta', 'Sighseeing', 'Castelvecchio', 'Torre Lamberti', 'Centro Fotografia']",Castelvecchio,"These suggestions are based on the proximity of the POIs to the current location (Arena), their popularity among tourists, and the fact that they are open during weekend afternoons. Casa Giulietta and",True,4.739934921264648,success
041153121B6781,4,"['Duomo', 'Torre Lamberti']",Arena,"['Verona Tour', 'Museo Lapidario', 'San Fermo', 'Casa Giulietta', 'Castelvecchio']",Castelvecchio,"These suggestions are based on proximity to the current location (Arena). Verona Tour is the closest and a popular choice for tourists. Museo Lapidario and San Fermo follow in distance order, with Cas",True,3.6040329933166504,success
04115D121B6781,0,['Arena'],Casa Giulietta,"['Centro Fotografia', 'Sighseeing', 'Torre Lamberti', 'Palazzo della Ragione', 'San Fermo']",Castelvecchio,"These suggestions are based on the close proximity of these points of interest to Casa Giulietta, with distances ranging from 0.1km to 0.3km. Tourist patterns also indicate a tendency to visit multipl",False,3.9174513816833496,success
041152121B6781,0,"['Arena', 'Tomba Giulietta']",Casa Giulietta,"['Centro Fotografia', 'Torre Lamberti', 'Palazzo della Ragione', 'San Fermo', 'Museo Miniscalchi']",Castelvecchio,"These suggestions are based on the proximity of the POIs to Casa Giulietta, where the tourist is currently located. The distances range from 0.1km to 0.4km, making them easily reachable during a morni",False,4.856018304824829,success
04115F121B6781,1,['Arena'],Palazzo della Ragione,"['Casa Giulietta', 'Duomo', 'Teatro Romano', 'AMO', 'Museo Miniscalchi']",Torre Lamberti,"These suggestions are based on proximity to the current location (Palazzo della Ragione) and popular tourist patterns. Casa Giulietta and Duomo are both major attractions in Verona, Teatro Romano is a",False,3.7166292667388916,success
041168121B6781,1,['Arena'],Palazzo della Ragione,"['Casa Giulietta', 'Duomo', 'Teatro Romano', 'AMO', 'Museo Miniscalchi']",Casa Giulietta,"These suggestions are based on proximity to the current location (Palazzo della Ragione) and popular tourist patterns in Verona. Casa Giulietta, Duomo, and Teatro Romano are all major attractions with",True,3.3961269855499268,success
04116A121B6781,0,['Arena'],Torre Lamberti,"['Sighseeing', 'Centro Fotografia', 'Museo Conte', 'Casa Giulietta', 'Palazzo della Ragione']",Castelvecchio,"These are the next 5 closest points of interest to the current location (Torre Lamberti) and include a mix of outdoor sightseeing, photography, museums, and historical sites which align with typical t",False,3.51523494720459,success
04118B121B6781,5,"['Arena', 'Torre Lamberti']",Castelvecchio,"['Museo Lapidario', 'Verona Tour', 'San Zeno', 'Sighseeing', 'Museo Miniscalchi']",Santa Anastasia,"These suggestions are based on proximity to current location (Castelvecchio), with Museo Lapidario and Verona Tour being the closest at 0.3km. San Zeno, Sighseeing, and Museo Miniscalchi follow, all w",False,3.1121938228607178,success
041175121B6781,4,"['Arena', 'Santa Anastasia']",Duomo,"['AMO', 'Teatro Romano', 'Torre Lamberti', 'Casa Giulietta', 'Museo Radio']",Torre Lamberti,"These suggestions are based on the proximity of the POIs to the current location (Duomo). AMO and Teatro Romano are the closest, followed by Torre Lamberti, Casa Giulietta, and Museo Radio. The time c",True,3.8442914485931396,success
041186121B6781,0,['Arena'],Casa Giulietta,"['Centro Fotografia', 'Sighseeing', 'Torre Lamberti', 'Palazzo della Ragione', 'San Fermo']",Torre Lamberti,"These suggestions are based on the proximity of the POIs to Casa Giulietta, where the tourist is currently located. The distances range from 0.1km to 0.3km, which are all within a reasonable walking d",True,3.7041730880737305,success
041161121B6781,0,['Arena'],Museo Lapidario,"['Verona Tour', 'Castelvecchio', 'Museo Radio', 'San Fermo', 'Casa Giulietta']",Torre Lamberti,"These suggestions are based on proximity to current location, time context and popular tourist patterns. 'Verona Tour' is the closest at 0.1km and a great way to see more of the city. 'Castelvecchio' ",False,5.3271472454071045,success
0411B8121B6780,4,"['Casa Giulietta', 'Torre Lamberti']",Santa Anastasia,"['AMO', 'Museo Conte', 'Palazzo della Ragione', 'Teatro Romano', 'Duomo']",Duomo,"These POIs are the closest to the current location, Santa Anastasia, and are popular tourist attractions. Given the time context of a Saturday afternoon, these places are likely to be open and have hi",True,2.645193099975586,success
0411B6121B6780,4,"['Castelvecchio', 'Casa Giulietta']",Arena,"['Verona Tour', 'Museo Lapidario', 'Torre Lamberti', 'Sighseeing', 'San Fermo']",Santa Anastasia,"These suggestions are based on the proximity of the POIs to the current location (Arena). Verona Tour and Museo Lapidario are closest, followed by Torre Lamberti, Sighseeing, and San Fermo. Tourist pa",False,3.6686513423919678,success
0411B7121B6780,4,"['Arena', 'Duomo', 'Santa Anastasia']",Casa Giulietta,"['Centro Fotografia', 'Torre Lamberti', 'Palazzo della Ragione', 'San Fermo', 'AMO']",Palazzo della Ragione,These suggestions are based on proximity to current location (Casa Giulietta) and popular tourist pattern of visiting nearby attractions. Centro Fotografia and Torre Lamberti are the closest points of,True,4.322689533233643,success
0411B9121B6780,5,"['Arena', 'Museo Lapidario', 'Castelvecchio']",Casa Giulietta,"['Centro Fotografia', 'Sighseeing', 'Torre Lamberti', 'San Fermo', 'Palazzo della Ragione']",Palazzo della Ragione,"These POIs are the closest to the current location, Casa Giulietta, and are all within a short walking distance. Given the typical tourist pattern of visiting popular sites in close proximity, these l",True,3.3537051677703857,success
04118F121B6780,2,"['Arena', 'Santa Anastasia']",Casa Giulietta,"['Centro Fotografia', 'Torre Lamberti', 'Palazzo della Ragione', 'San Fermo', 'Museo Miniscalchi']",Torre Lamberti,"These suggestions are based on the close proximity of the POIs to Casa Giulietta, with Centro Fotografia and Torre Lamberti being the closest. Palazzo della Ragione, San Fermo, and Museo Miniscalchi f",True,4.711734294891357,success
0411BA121B6780,5,"['Arena', 'Casa Giulietta', 'Torre Lamberti', 'Teatro Romano']",Duomo,"['AMO', 'Museo Miniscalchi', 'Santa Anastasia', 'Palazzo della Ragione', 'Centro Fotografia']",Castelvecchio,"These suggestions are based on proximity to the current location (Duomo), with AMO being the closest at 0.2km. The other POIs are within 0.5km and are popular tourist destinations.",False,3.1427345275878906,success
0411BE121B6781,2,"['Casa Giulietta', 'Torre Lamberti', 'Duomo', 'Santa Anastasia']",San Fermo,"['Museo Storia', 'Arena', 'Sighseeing', 'Palazzo della Ragione', 'Verona Tour']",San Zeno,"These suggestions are based on proximity to current location, with Museo Storia and Arena being the closest. Suggested POIs also consider typical tourist patterns in Verona, including historical and c",False,2.8255317211151123,success
0411BB121B6781,1,"['Arena', 'Castelvecchio']",Torre Lamberti,"['Sighseeing', 'Centro Fotografia', 'Palazzo della Ragione', 'Arena', 'Casa Giulietta']",Palazzo della Ragione,"These POIs are the closest to the current location, Torre Lamberti, and are also popular tourist destinations in Verona. Given it's Sunday afternoon, these places are likely to be open and have high f",True,3.4464476108551025,success
0411E0121B6781,4,"['Teatro Romano', 'Santa Anastasia', 'Tomba Giulietta']",Torre Lamberti,"['Sighseeing', 'Centro Fotografia', 'Museo Conte', 'Casa Giulietta', 'Palazzo della Ragione']",Arena,"These are the nearest points of interest to Torre Lamberti, making them the most likely next destinations for a tourist.",False,2.2041335105895996,success
0411DD121B6781,4,"['Casa Giulietta', 'Torre Lamberti', 'Duomo']",Santa Anastasia,"['AMO', 'Museo Conte', 'Palazzo della Ragione', 'Teatro Romano', 'Centro Fotografia']",Arena,"These suggestions are based on proximity to current location, with AMO being the closest (0.1km) and others also in close range. Considering usual tour timings, these should be comfortably visitable w",False,3.347747325897217,success
0411DD121B6780,1,"['Casa Giulietta', 'Museo Lapidario', 'Arena']",Tomba Giulietta,"['San Fermo', 'Museo Storia', 'Castelvecchio', 'Sighseeing', 'Torre Lamberti']",Castelvecchio,"These suggestions are based on proximity to the current location (Tomba Giulietta) and popular tourist patterns. San Fermo, Museo Storia, and Castelvecchio are all within 1km and have been highly visi",True,3.7468369007110596,success
04121E4A216285,4,['Arena'],Castelvecchio,"['Museo Lapidario', 'Verona Tour', 'Torre Lamberti', 'Casa Giulietta', 'Sighseeing']",Duomo,"These suggestions are based on the close proximity to the current location (Castelvecchio), with distances ranging from 0.3km to 0.9km. Popular tourist patterns also indicate that these attractions ar",False,2.7256014347076416,success
0411D2121B6781,2,['San Zeno'],Teatro Romano,"['Duomo', 'Santa Anastasia', 'Palazzo della Ragione', 'AMO', 'Museo Conte']",Arena,"These suggestions are based on the close proximity of these POIs to the current location (Teatro Romano). The Duomo and Santa Anastasia are within 0.3km, while Palazzo della Ragione, AMO, and Museo Co",False,4.67509651184082,success
041219121B6781,0,['Arena'],San Fermo,"['Museo Storia', 'Casa Giulietta', 'Torre Lamberti', 'Sighseeing', 'Palazzo della Ragione']",Santa Anastasia,"These suggestions are based on a balance of proximity, with Museo Storia and Casa Giulietta being the closest, and popular tourist patterns. Torre Lamberti, Sighseeing, and Palazzo della Ragione offer",False,3.7900853157043457,success
041217121B6781,4,"['Arena', 'Casa Giulietta']",Castelvecchio,"['Museo Lapidario', 'Verona Tour', 'Torre Lamberti', 'San Zeno', 'Museo Miniscalchi']",Torre Lamberti,"These suggestions are based on the proximity of the POIs to Castelvecchio, with Museo Lapidario and Verona Tour being the closest. Torre Lamberti, San Zeno, and Museo Miniscalchi are also nearby and a",True,3.9550182819366455,success
0412214A216285,2,"['Arena', 'Duomo', 'Teatro Romano', 'Santa Anastasia', 'Palazzo della Ragione']",Torre Lamberti,"['Sighseeing', 'Casa Giulietta', 'AMO', 'Museo Miniscalchi', 'San Fermo']",Casa Giulietta,"These POIs are the closest to the current Torre Lamberti and are also popular tourist destinations in Verona, making them likely next visits based on time context, distances and typical tourist patter",True,3.1831674575805664,success
0412224A216285,4,"['Arena', 'Torre Lamberti']",Casa Giulietta,"['Centro Fotografia', 'Sighseeing', 'Palazzo della Ragione', 'San Fermo', 'AMO']",Duomo,"These suggestions are based on proximity to current location, with Centro Fotografia and Sighseeing being the closest. The remaining three - Palazzo della Ragione, San Fermo, and AMO - are popular tou",False,3.3410186767578125,success
0412274A216285,2,"['Arena', 'San Zeno']",Castelvecchio,"['Museo Lapidario', 'Verona Tour', 'Torre Lamberti', 'Casa Giulietta', 'Palazzo della Ragione']",Torre Lamberti,"These suggestions are based on proximity to current location (Castelvecchio), with Museo Lapidario and Verona Tour being the closest at 0.3km. Torre Lamberti, Casa Giulietta, and Palazzo della Ragione",True,3.2644076347351074,success
04124A121B6781,1,['Arena'],Torre Lamberti,"['Sighseeing', 'Centro Fotografia', 'Casa Giulietta', 'Palazzo della Ragione', 'AMO']",Palazzo della Ragione,"These are the 5 nearest points of interest to Torre Lamberti, where the tourist is currently located. On a weekend morning, these sites are likely to be popular among tourists.",True,2.5888872146606445,success
0412234A216285,5,"['Arena', 'Museo Lapidario']",Museo Storia,"['Casa Giulietta', 'Torre Lamberti', 'Palazzo della Ragione', 'San Fermo', 'Museo Radio']",Castelvecchio,"These suggestions are based on proximity to current location, with Casa Giulietta being the closest at 0.5km. Torre Lamberti and Palazzo della Ragione offer panoramic views and historical significance",False,4.1868627071380615,success
04121A4A216285,4,"['Arena', 'Torre Lamberti', 'Casa Giulietta']",San Fermo,"['Museo Storia', 'Sighseeing', 'Palazzo della Ragione', 'Verona Tour', 'Santa Anastasia']",Tomba Giulietta,"These suggestions are based on the close proximity to the current location (San Fermo). The distances range from 0.2km to 0.7km, making them reachable within a reasonable time frame for a typical tour",False,4.998764276504517,success
041252121B6781,0,"['Casa Giulietta', 'Arena']",Tomba Giulietta,"['San Fermo', 'Museo Storia', 'Castelvecchio', 'Torre Lamberti', 'Sighseeing']",Torre Lamberti,"These are popular nearby points of interest, located within 1km from the current location. Recommendation is based on typical tourist patterns and time availability.",True,2.584623098373413,success
041261121B6781,0,['Arena'],Museo Lapidario,"['Verona Tour', 'Castelvecchio', 'Museo Radio', 'San Fermo', 'Casa Giulietta']",Torre Lamberti,"These suggestions are based on proximity to current location, with Verona Tour being the closest at 0.1km. The list also considers common tourist patterns and includes some of the most popular attract",False,2.443222999572754,success
041244121B6781,2,"['Casa Giulietta', 'Tomba Giulietta']",Castelvecchio,"['Museo Lapidario', 'Arena', 'Torre Lamberti', 'Sighseeing', 'San Zeno']",San Zeno,"These suggestions are based on proximity to current location, with Museo Lapidario being the closest and having historical value. Arena is a famous landmark and within comfortable walking distance. To",True,4.314161062240601,success
04124E121B6781,1,['Arena'],Casa Giulietta,"['Centro Fotografia', 'Sighseeing', 'Torre Lamberti', 'Palazzo della Ragione', 'San Fermo']",Palazzo della Ragione,"These suggestions are based on the proximity of the POIs to Casa Giulietta, where the tourist is currently located. The nearest points of interest have been given priority. They also consider typical ",True,2.9818081855773926,success
04124B4A216285,1,"['Arena', 'Torre Lamberti']",Palazzo della Ragione,"['AMO', 'Casa Giulietta', 'Duomo', 'Teatro Romano', 'Museo Miniscalchi']",San Fermo,"These suggestions are based on proximity to current location (Palazzo della Ragione) and popular tourist patterns in Verona. AMO and Casa Giulietta are the closest, followed by Duomo, Teatro Romano, a",False,3.8085718154907227,success
041287121B6780,0,"['Arena', 'Casa Giulietta']",Santa Anastasia,"['AMO', 'Duomo', 'Teatro Romano', 'Torre Lamberti', 'Museo Miniscalchi']",Castelvecchio,"These suggestions are based on proximity to current location, with AMO being the closest. Duomo and Torre Lamberti are popular tourist destinations, while Teatro Romano and Museo Miniscalchi offer his",False,3.007601261138916,success
04128B121B6781,6,['Torre Lamberti'],Castelvecchio,"['Arena', 'Museo Lapidario', 'Verona Tour', 'San Zeno', 'Casa Giulietta']",Casa Giulietta,"These suggestions are based on proximity to current location (Castelvecchio) and popularity among tourists. Arena, Museo Lapidario, and Verona Tour are all within 0.5km. San Zeno and Casa Giulietta ar",True,3.698207378387451,success
041263121B6781,1,"['Arena', 'Tomba Giulietta']",Teatro Romano,"['Duomo', 'Palazzo della Ragione', 'Museo Conte', 'Torre Lamberti', 'Sighseeing']",Torre Lamberti,"These suggestions are based on the close proximity of these points of interest to the current location (Teatro Romano). The Duomo and Palazzo della Ragione are both within 0.4km, while Museo Conte, To",True,4.805942535400391,success
041290121B6780,2,"['Casa Giulietta', 'Palazzo della Ragione', 'Torre Lamberti']",Arena,"['Verona Tour', 'Museo Lapidario', 'San Fermo', 'Sighseeing', 'Castelvecchio']",Duomo,"These are the 5 nearest Points of Interest to the current location 'Arena'. The distances to these places are respectively: 0.2km, 0.3km, 0.4km, 0.5km and 0.5km. Considering the time context (it's sti",False,3.859461545944214,success
0412B8121B6781,4,"['Tomba Giulietta', 'Casa Giulietta', 'Duomo']",Torre Lamberti,"['Sighseeing', 'Centro Fotografia', 'Museo Conte', 'Palazzo della Ragione', 'AMO']",Arena,"These are the next 5 closest points of interest to Torre Lamberti, which is the current location. Considering typical tourist patterns and time context, these sites are logical choices for visitors wh",False,3.500593900680542,success
0412B9121B6780,5,"['Arena', 'Palazzo della Ragione', 'Casa Giulietta']",Castelvecchio,"['Museo Lapidario', 'Verona Tour', 'Torre Lamberti', 'Sighseeing', 'San Zeno']",Torre Lamberti,"These suggestions are based on proximity to current location, with Museo Lapidario and Verona Tour being the closest at 0.3km. Torre Lamberti and Sighseeing follow, both within 1km. San Zeno is slight",True,3.6306018829345703,success
0412BF121B6781,5,"['Teatro Romano', 'San Fermo', 'Museo Storia', 'Castelvecchio']",San Zeno,"['Arena', 'Torre Lamberti', 'Casa Giulietta', 'Palazzo della Ragione', 'AMO']",Santa Anastasia,"These POIs are popular among tourists and are in close proximity to the current location of San Zeno. The time context allows for visiting at least one of these places before 17h, which is a typical c",False,3.0969693660736084,success
0412BE121B6781,0,['Casa Giulietta'],Castelvecchio,"['Museo Lapidario', 'Arena', 'Torre Lamberti', 'Sighseeing', 'San Zeno']",Arena,"These suggestions are based on proximity to current location, with Museo Lapidario being the closest and having historical value; Arena is a popular tourist attraction and within walking distance; Tor",True,3.4601666927337646,success
0412B6121B6780,6,"['Castelvecchio', 'Casa Giulietta']",Tomba Giulietta,"['San Fermo', 'Arena', 'Museo Lapidario', 'Torre Lamberti', 'Centro Fotografia']",Torre Lamberti,"These suggestions are based on proximity to the current location (Tomba Giulietta) and popular tourist patterns in Verona. San Fermo, Arena, Museo Lapidario, Torre Lamberti, and Centro Fotografia are ",True,4.824196815490723,success
0412C04A216281,1,['Arena'],Casa Giulietta,"['Centro Fotografia', 'Sighseeing', 'Torre Lamberti', 'Palazzo della Ragione', 'San Fermo']",Santa Anastasia,"These POIs are the closest to the current location, Casa Giulietta, and are all within a short walking distance. Given that it is still Sunday afternoon, these places of interest are likely to be open",False,3.5700736045837402,success
0412BD121B6780,5,"['Arena', 'Torre Lamberti', 'Santa Anastasia']",Duomo,"['AMO', 'Teatro Romano', 'Museo Miniscalchi', 'Palazzo della Ragione', 'Casa Giulietta']",Casa Giulietta,"These suggestions are based on proximity to the current location (Duomo). AMO and Teatro Romano are the closest at 0.2km and 0.3km respectively, followed by Museo Miniscalchi, Palazzo della Ragione, a",True,4.342055559158325,success
0412B6121B6781,6,['San Fermo'],Casa Giulietta,"['Centro Fotografia', 'Sighseeing', 'Torre Lamberti', 'Palazzo della Ragione', 'Arena']",Palazzo della Ragione,"These suggestions are based on the proximity of the POIs to Casa Giulietta, where the tourist is currently located. The nearest POIs have been given higher priority. Centro Fotografia, Sighseeing, and",True,5.12155818939209,success
0412C24A216281,5,['Arena'],Castelvecchio,"['Museo Lapidario', 'Verona Tour', 'Torre Lamberti', 'Casa Giulietta', 'Sighseeing']",Museo Storia,"These suggestions are based on the proximity of the POIs to Castelvecchio, with Museo Lapidario and Verona Tour being the closest. Torre Lamberti, Casa Giulietta, and Sighseeing are also nearby and ar",False,3.214026689529419,success
0412C4121B6780,0,['Arena'],Castelvecchio,"['Museo Lapidario', 'Verona Tour', 'Torre Lamberti', 'Casa Giulietta', 'San Zeno']",Torre Lamberti,"These suggestions are based on proximity to current location (Castelvecchio), with Museo Lapidario and Verona Tour being the closest at 0.3km. Torre Lamberti, Casa Giulietta, and San Zeno follow as po",True,3.1019206047058105,success
0412C1121B6781,1,"['Arena', 'Palazzo della Ragione']",Torre Lamberti,"['Sighseeing', 'Centro Fotografia', 'Casa Giulietta', 'AMO', 'Museo Miniscalchi']",Tomba Giulietta,"These suggestions are based on the proximity of the POIs to the current location (Torre Lamberti). Suggested POIs are all within 500 meters, and include both popular tourist destinations and cultural ",False,3.9882657527923584,success
0412BA121B6780,2,"['Casa Giulietta', 'Arena']",Torre Lamberti,"['Sighseeing', 'Centro Fotografia', 'Palazzo della Ragione', 'Museo Miniscalchi', 'San Fermo']",San Fermo,"These suggestions are based on the proximity of the POIs to the current location (Torre Lamberti). The nearest POI, Sighseeing, is only 0.0km away and is likely a popular tourist destination. Centro F",True,6.609521389007568,success
0412D5121B6780,0,"['Arena', 'Torre Lamberti']",Castelvecchio,"['Museo Lapidario', 'Verona Tour', 'San Zeno', 'Sighseeing', 'Museo Miniscalchi']",Casa Giulietta,"These suggestions are based on proximity to current location (Castelvecchio), with Museo Lapidario and Verona Tour being the closest at 0.3km. San Zeno, Sighseeing, and Museo Miniscalchi follow as pop",False,3.3933887481689453,success
0412C7121B6781,2,"['Castelvecchio', 'Arena', 'Casa Giulietta']",Torre Lamberti,"['Museo Miniscalchi', 'Palazzo della Ragione', 'AMO', 'Centro Fotografia', 'Santa Anastasia']",San Zeno,"These suggestions are based on the proximity of the POIs to the current location (Torre Lamberti). The distances to these places of interest are within 0.1km to 0.5km, making them easily reachable in ",False,4.536181449890137,success
0412D8121B6781,4,"['Arena', 'Castelvecchio', 'San Fermo']",Tomba Giulietta,"['Museo Storia', 'Casa Giulietta', 'Torre Lamberti', 'Sighseeing', 'Palazzo della Ragione']",Casa Giulietta,"These suggestions are based on proximity to the current location and popularity among tourists. Museo Storia is closest at 0.6km, followed by Casa Giulietta at 0.9km, Torre Lamberti at 1.0km, Sighseei",True,3.8984718322753906,success
0412DD121B6781,1,"['Casa Giulietta', 'Torre Lamberti']",Santa Anastasia,"['AMO', 'Museo Conte', 'Palazzo della Ragione', 'Teatro Romano', 'Duomo']",Arena,"These suggestions are based on proximity to current location, with AMO being the closest (0.1km) and Duomo slightly further but still within 0.3km. Tourist patterns indicate a preference for cultural ",False,3.3117363452911377,success
0412C94A216281,4,"['Arena', 'Museo Lapidario']",Casa Giulietta,"['Torre Lamberti', 'Palazzo della Ragione', 'San Fermo', 'AMO', 'Santa Anastasia']",Santa Anastasia,"These suggestions are based on the proximity of the POIs to Casa Giulietta, where it is currently assumed the tourist is visiting. The distances to each POI are 0.1km, 0.3km, 0.3km, 0.4km, and 0.4km r",True,4.530815601348877,success
0412E0121B6781,1,"['Teatro Romano', 'Tomba Giulietta']",Palazzo della Ragione,"['Casa Giulietta', 'Duomo', 'Torre Lamberti', 'Museo Miniscalchi', 'AMO']",Arena,"These suggestions are based on proximity to current location, with Casa Giulietta and Duomo being the closest and most popular tourist attractions. Torre Lamberti offers panoramic views of the city, M",False,3.608593225479126,success
0412DD4A216281,2,['Castelvecchio'],Torre Lamberti,"['Sighseeing', 'Centro Fotografia', 'Casa Giulietta', 'Palazzo della Ragione', 'AMO']",San Zeno,"These suggestions are based on the proximity of the POIs to the current location (Torre Lamberti). Sighseeing is the closest point of interest, followed by Centro Fotografia and Casa Giulietta which a",False,4.067964553833008,success
0412DB121B6780,1,['Arena'],Torre Lamberti,"['Sighseeing', 'Centro Fotografia', 'Casa Giulietta', 'Palazzo della Ragione', 'AMO']",Palazzo della Ragione,"These suggestions are based on the proximity of the POIs to the current location (Torre Lamberti). The nearest POI, Sighseeing, is only 0.0km away, followed by Centro Fotografia and Casa Giulietta whi",True,5.53127908706665,success
041303121B6785,5,"['Castelvecchio', 'Santa Anastasia']",Museo Storia,"['San Fermo', 'Arena', 'Casa Giulietta', 'Torre Lamberti', 'Museo Conte']",Teatro Romano,"These suggestions are based on proximity to current location, with San Fermo being the closest (0.2km) and Museo Conte a bit further (0.7km). The list also includes popular attractions like Arena, Cas",False,3.549412250518799,success
041319121B6781,0,['Arena'],San Fermo,"['Museo Storia', 'Casa Giulietta', 'Torre Lamberti', 'Sighseeing', 'Palazzo della Ragione']",Santa Anastasia,"These suggestions are based on a balance of proximity, with Museo Storia and Casa Giulietta being the closest, and popular tourist patterns. Torre Lamberti, Sighseeing, and Palazzo della Ragione offer",False,3.578611135482788,success
0412E4121B6781,2,"['Duomo', 'Tomba Giulietta', 'Casa Giulietta']",Castelvecchio,"['Museo Lapidario', 'Arena', 'Torre Lamberti', 'Sighseeing', 'San Zeno']",San Zeno,"These suggestions are based on proximity to current location, with Museo Lapidario being the closest at 0.3km and still having plenty of time left to visit other points of interest such as the Arena, ",True,4.191709518432617,success
04131A4A216285,4,['Arena'],Torre Lamberti,"['Sighseeing', 'Centro Fotografia', 'Casa Giulietta', 'Palazzo della Ragione', 'AMO']",Duomo,These suggestions are based on the proximity of the POIs to the current location (Torre Lamberti). Sighseeing is the closest and most obvious next stop. Centro Fotografia and Casa Giulietta are also v,False,3.8022680282592773,success
04132D4A216285,0,['Arena'],Casa Giulietta,"['Centro Fotografia', 'Sighseeing', 'Torre Lamberti', 'Palazzo della Ragione', 'San Fermo']",Torre Lamberti,"These suggestions are based on the close proximity of these points of interest to the current location, Casa Giulietta. Tourist patterns typically involve visiting nearby attractions to optimize time ",True,2.8759357929229736,success
04134B4A216285,1,"['Arena', 'Torre Lamberti']",Palazzo della Ragione,"['AMO', 'Casa Giulietta', 'Duomo', 'Teatro Romano', 'Museo Miniscalchi']",San Fermo,"These POIs are the closest to the current location, taking into account typical tourist patterns and time context.",False,2.0865423679351807,success
04133C4A216285,4,"['Casa Giulietta', 'Palazzo della Ragione']",Torre Lamberti,"['Sighseeing', 'Centro Fotografia', 'Arena', 'Duomo', 'San Fermo']",Duomo,"These are the 5 nearest points of interest to Torre Lamberti, where the tourist cluster is currently located. Tourist patterns suggest that visitors often visit nearby attractions in close proximity t",True,3.551475763320923,success
0413234A216285,5,"['Arena', 'Casa Giulietta', 'Museo Storia']",Teatro Romano,"['Duomo', 'Palazzo della Ragione', 'Santa Anastasia', 'Torre Lamberti', 'Museo Miniscalchi']",Torre Lamberti,"These suggestions are based on proximity to the current location (Teatro Romano) and popular tourist patterns. The Duomo, Palazzo della Ragione, and Santa Anastasia are all within 0.4km and are major ",True,4.24989914894104,success
041359121B6781,0,['Arena'],Castelvecchio,"['Museo Lapidario', 'Verona Tour', 'Torre Lamberti', 'Casa Giulietta', 'San Fermo']",Casa Giulietta,"These suggestions are based on the close proximity of the POIs to the current location (Castelvecchio). Museo Lapidario and Verona Tour are the closest, while Torre Lamberti, Casa Giulietta, and San F",True,2.0420403480529785,success
041356121B6781,1,['Arena'],Casa Giulietta,"['Centro Fotografia', 'Sighseeing', 'Torre Lamberti', 'Palazzo della Ragione', 'San Fermo']",Palazzo della Ragione,"These POIs are the closest to the current location, considering typical tourist patterns of visiting popular landmarks.",True,2.4424142837524414,success
0413314A216285,4,['Teatro Romano'],Duomo,"['AMO', 'Duomo', 'Torre Lamberti', 'Casa Giulietta', 'Museo Miniscalchi']",Arena,"These suggestions are based on the proximity of the POIs to the current location (Duomo) and the tourist pattern of visiting popular attractions. AMO is the closest point of interest, followed by Duom",False,4.419466495513916,success
0413224A216285,2,"['Arena', 'Torre Lamberti']",Santa Anastasia,"['AMO', 'Museo Conte', 'Duomo', 'Teatro Romano', 'Casa Giulietta']",Duomo,"These POIs are the closest to the current location, Santa Anastasia, and are also some of the most popular tourist destinations in Verona. AMO is only 0.1km away, followed by Museo Conte at 0.2km, Duo",True,5.996042490005493,success
04134E121B6781,1,['Arena'],Casa Giulietta,"['Centro Fotografia', 'Sighseeing', 'Torre Lamberti', 'Palazzo della Ragione', 'San Fermo']",Palazzo della Ragione,"These suggestions are based on the proximity of the POIs to Casa Giulietta, where the tourist is currently located. The distances range from 0.1km to 0.3km, making them easily reachable within a short",True,3.550618886947632,success
04135C121B6781,5,"['Arena', 'Castelvecchio', 'San Zeno', 'Casa Giulietta']",Santa Anastasia,"['AMO', 'Museo Conte', 'Palazzo della Ragione', 'Teatro Romano', 'Duomo']",Teatro Romano,"These suggestions are based on proximity to current location, with AMO being the closest at 0.1km. The other choices are within 0.3km and are popular tourist destinations.",True,2.8806793689727783,success
0413454A216285,0,"['Arena', 'Castelvecchio']",Teatro Romano,"['Duomo', 'Palazzo della Ragione', 'Museo Conte', 'Centro Fotografia', 'Torre Lamberti']",Museo Lapidario,"These suggestions are based on the proximity of the POIs to the current location (Teatro Romano). The Duomo, Palazzo della Ragione, and Museo Conte are all within 0.5km, making them easily reachable o",False,5.145822048187256,success
04135E121B6781,4,"['Arena', 'Castelvecchio', 'Casa Giulietta']",Torre Lamberti,"['Palazzo della Ragione', 'AMO', 'Museo Miniscalchi', 'Santa Anastasia', 'San Fermo']",Museo Lapidario,These POIs are the closest to the current Torre Lamberti and are also popular among tourists. The time context is considered as these places can be easily visited in the remaining Friday afternoon hou,False,3.1068813800811768,success
041355121B6781,6,['Teatro Romano'],Torre Lamberti,"['Sighseeing', 'Centro Fotografia', 'Palazzo della Ragione', 'AMO', 'Museo Miniscalchi']",Castelvecchio,"These suggestions are based on the proximity to the current location (Torre Lamberti) and popular tourist patterns in Verona. Sightseeing is the closest point of interest, followed by Centro Fotografi",False,4.657810211181641,success
04135D121B6781,0,['Arena'],Casa Giulietta,"['Centro Fotografia', 'Sighseeing', 'Torre Lamberti', 'Palazzo della Ragione', 'San Fermo']",Castelvecchio,"These suggestions are based on the close proximity of these points of interest to Casa Giulietta, with distances ranging from 0.1km to 0.3km. Tourist patterns also indicate that visitors often explore",False,3.879436492919922,success
04136F121B6781,0,['Casa Giulietta'],Arena,"['Verona Tour', 'Museo Lapidario', 'Castelvecchio', 'Torre Lamberti', 'Sighseeing']",Teatro Romano,"These POIs are the closest to the current location, within a reasonable walking distance and align with typical tourist patterns during weekend afternoons.",False,2.8516693115234375,success
041363121B6781,1,"['Arena', 'Tomba Giulietta']",Teatro Romano,"['Duomo', 'Palazzo della Ragione', 'Santa Anastasia', 'Museo Miniscalchi', 'Torre Lamberti']",Duomo,"These suggestions are based on proximity to current location, with Duomo and Palazzo della Ragione being the closest points of interest. The remaining three - Santa Anastasia, Museo Miniscalchi, and T",True,3.293152332305908,success
041367121B6781,4,['Arena'],Duomo,"['AMO', 'Teatro Romano', 'Palazzo della Ragione', 'Torre Lamberti', 'Casa Giulietta']",Teatro Romano,"These suggestions are based on the proximity to the current location (Duomo). AMO and Teatro Romano are the closest, followed by Palazzo della Ragione. Torre Lamberti and Casa Giulietta are also popul",True,3.350520610809326,success
041387121B6780,0,"['Arena', 'Casa Giulietta']",Santa Anastasia,"['AMO', 'Duomo', 'Teatro Romano', 'Torre Lamberti', 'Museo Miniscalchi']",Castelvecchio,"These suggestions are based on the proximity of the POIs to the current location (Santa Anastasia). AMO and Duomo are the closest, while Teatro Romano, Torre Lamberti, and Museo Miniscalchi are also n",False,3.505340337753296,success
0413B6121B6781,6,"['Casa Giulietta', 'Palazzo della Ragione']",Torre Lamberti,"['Sighseeing', 'Centro Fotografia', 'Museo Conte', 'AMO', 'Santa Anastasia']",Museo Lapidario,"These are the 5 nearest points of interest to Torre Lamberti, all within 0.5km. Considering typical tourist patterns and available time, it is likely that visitors would choose to explore these attrac",False,2.9621071815490723,success
0413BD121B6780,5,"['Arena', 'Casa Giulietta', 'Palazzo della Ragione']",Museo Storia,"['San Fermo', 'Museo Radio', 'Torre Lamberti', 'Sighseeing', 'Santa Anastasia']",Teatro Romano,"These suggestions are based on proximity to current location, with San Fermo being the closest at 0.2km. The list also considers popular tourist patterns.",False,2.5457041263580322,success
0413B8121B6781,0,['Arena'],Castelvecchio,"['Museo Lapidario', 'Verona Tour', 'Torre Lamberti', 'Casa Giulietta', 'San Zeno']",Casa Giulietta,"These suggestions are based on the proximity of the POIs to Castelvecchio, with Museo Lapidario and Verona Tour being the closest. Torre Lamberti, Casa Giulietta, and San Zeno are also popular tourist",True,3.5954842567443848,success
04138A121B6781,1,"['Arena', 'Museo Lapidario', 'Duomo']",Torre Lamberti,"['Sighseeing', 'Centro Fotografia', 'Casa Giulietta', 'Palazzo della Ragione', 'AMO']",Palazzo della Ragione,These suggestions are based on proximity to the current location (Torre Lamberti) and popular tourist patterns in Verona. 'Sighseeing' is the closest point of interest. 'Centro Fotografia' and 'Casa G,True,4.5803632736206055,success
0413B9121B6780,5,"['Arena', 'Palazzo della Ragione', 'Casa Giulietta']",Castelvecchio,"['Museo Lapidario', 'Verona Tour', 'Torre Lamberti', 'Sighseeing', 'San Zeno']",Torre Lamberti,"These suggestions are based on proximity to current location (Castelvecchio), with Museo Lapidario and Verona Tour being the closest at 0.3km. Torre Lamberti, Sighseeing, and San Zeno follow, all with",True,3.8053619861602783,success
0413C1121B6781,1,"['Arena', 'Palazzo della Ragione']",Torre Lamberti,"['Sighseeing', 'Casa Giulietta', 'AMO', 'Museo Miniscalchi', 'Santa Anastasia']",Tomba Giulietta,"These POIs are the closest to the current location and are popular tourist attractions, fitting typical tourist patterns for this time of day.",False,2.5178592205047607,success
0413BD121B6781,0,['Casa Giulietta'],Arena,"['Verona Tour', 'Museo Lapidario', 'Sighseeing', 'Castelvecchio', 'Torre Lamberti']",Torre Lamberti,"These suggestions are based on the proximity of the POIs to the current location (Arena). Verona Tour and Museo Lapidario are closest, followed by Sighseeing, Castelvecchio, and Torre Lamberti. These ",True,3.5603187084198,success
0413C04A216281,0,['Arena'],Santa Anastasia,"['Duomo', 'Teatro Romano', 'Palazzo della Ragione', 'AMO', 'Casa Giulietta']",Casa Giulietta,"These suggestions are based on proximity to current location, with Duomo being the closest and a major tourist attraction. Teatro Romano and Palazzo della Ragione offer historical and cultural value. ",True,2.9120054244995117,success
0413BC121B6780,4,"['Palazzo della Ragione', 'Santa Anastasia']",Teatro Romano,"['Duomo', 'AMO', 'Museo Conte', 'Centro Fotografia', 'Museo Miniscalchi']",Arena,"These suggestions are based on proximity to the current location (Teatro Romano) and popular tourist patterns. The Duomo is the closest point of interest at 0.3km, followed by AMO at 0.4km, Museo Cont",False,4.757471799850464,success
0413BF121B6780,1,"['Arena', 'Casa Giulietta']",Tomba Giulietta,"['Castelvecchio', 'Torre Lamberti', 'Sighseeing', 'Centro Fotografia', 'Museo Conte']",Torre Lamberti,"These suggestions are based on proximity to current location, with Castelvecchio being the closest and a popular historical site. The remaining suggestions are within 1km and cover a variety of touris",True,3.7557995319366455,success
0413BF121B6781,4,"['Casa Giulietta', 'Duomo']",Torre Lamberti,"['Sighseeing', 'Centro Fotografia', 'Museo Conte', 'Palazzo della Ragione', 'AMO']",Palazzo della Ragione,"These are the 5 nearest points of interest to Torre Lamberti, where the tourist cluster is currently located. Given that it is already 15:00 on a weekend afternoon, these places are typically open dur",True,3.8686327934265137,success
0413C24A216281,5,['Arena'],Castelvecchio,"['Museo Lapidario', 'Verona Tour', 'Torre Lamberti', 'Casa Giulietta', 'Sighseeing']",Museo Storia,"These suggestions are based on the close proximity of the POIs to the current location (Castelvecchio). Considering it's a weekend afternoon and tourist patterns, these sites are typically popular and",False,3.2191991806030273,success
0413C4121B6780,0,['Arena'],Castelvecchio,"['Museo Lapidario', 'Verona Tour', 'Torre Lamberti', 'Casa Giulietta', 'San Fermo']",Torre Lamberti,"These suggestions are based on proximity to current location (Castelvecchio), with Museo Lapidario and Verona Tour being the closest at 0.3km. Torre Lamberti, Casa Giulietta, and San Fermo follow, all",True,4.255094289779663,success
0413DD4A216281,1,"['Arena', 'Casa Giulietta']",Torre Lamberti,"['Sighseeing', 'Centro Fotografia', 'Palazzo della Ragione', 'Museo Miniscalchi', 'San Fermo']",Palazzo della Ragione,"These suggestions are based on the proximity to the current location (Torre Lamberti) and popular tourist patterns in Verona. Sighseeing is the closest point of interest, while others are within 500 m",True,2.9949777126312256,success
0413DC121B6781,6,['Torre Lamberti'],Santa Anastasia,"['AMO', 'Museo Conte', 'Palazzo della Ragione', 'Teatro Romano', 'Duomo']",Duomo,"These are the next five closest points of interest from the current location, Santa Anastasia. AMO is only 100 meters away and Museo Conte is 200 meters away. The rest of the suggested POIs are within",True,3.3097102642059326,success
0413C7121B6781,2,"['Castelvecchio', 'Arena']",Torre Lamberti,"['Sighseeing', 'Centro Fotografia', 'Casa Giulietta', 'Palazzo della Ragione', 'AMO']",San Zeno,"These suggestions are based on the proximity of the POIs to the current location (Torre Lamberti). The nearest POI, Sighseeing, is only 0.0km away. Centro Fotografia and Casa Giulietta are also very c",False,4.853318214416504,success
0413C94A216281,4,"['Arena', 'Torre Lamberti']",Santa Anastasia,"['AMO', 'Museo Conte', 'Duomo', 'Teatro Romano', 'Casa Giulietta']",Duomo,"These POIs are the closest to the current location, Santa Anastasia, and are also some of the most popular tourist destinations in Verona. AMO is only 0.1km away, followed by Museo Conte at 0.2km, Duo",True,5.0597968101501465,success
0413E4121B6780,5,['Arena'],Museo Storia,"['San Fermo', 'Casa Giulietta', 'Torre Lamberti', 'Centro Fotografia', 'Palazzo della Ragione']",Torre Lamberti,"These suggestions are based on proximity to current location, with San Fermo being the closest at 0.2km. Casa Giulietta and Torre Lamberti are popular tourist attractions. Centro Fotografia and Palazz",True,3.7177863121032715,success
0413DE121B6781,0,['Arena'],Castelvecchio,"['Museo Lapidario', 'Verona Tour', 'San Zeno', 'Torre Lamberti', 'Casa Giulietta']",Casa Giulietta,"These suggestions are based on proximity to current location, with Museo Lapidario and Verona Tour being the closest at 0.3km, followed by San Zeno, Torre Lamberti, and Casa Giulietta which are all wi",True,4.059336423873901,success
041403121B6785,1,"['Arena', 'Casa Giulietta']",Duomo,"['AMO', 'Teatro Romano', 'Palazzo della Ragione', 'Torre Lamberti', 'Sighseeing']",Torre Lamberti,"These suggestions are based on the close proximity to the current location (Duomo). AMO and Teatro Romano are the closest, while Palazzo della Ragione, Torre Lamberti, and Sighseeing are all popular t",True,3.2674343585968018,success
0413D8121B6781,4,"['Arena', 'San Fermo']",Torre Lamberti,"['Sighseeing', 'Centro Fotografia', 'Palazzo della Ragione', 'Arena', 'Casa Giulietta']",Teatro Romano,"These suggestions are based on the proximity of the POIs to the current location (Torre Lamberti). The nearest POI, Sighseeing, is only 0.0km away. Centro Fotografia and Casa Giulietta are also very c",False,5.19584846496582,success
0413DB121B6780,4,"['Arena', 'Museo Lapidario', 'Castelvecchio', 'Santa Anastasia']",Duomo,"['AMO', 'Teatro Romano', 'Palazzo della Ragione', 'Torre Lamberti', 'Casa Giulietta']",Casa Giulietta,"These POIs are the closest to the current location (Duomo) and are popular among tourists. AMO is only 0.2km away, Teatro Romano and Palazzo della Ragione are 0.3km away, Torre Lamberti is 0.5km away,",True,4.990621328353882,success
04141A121B6781,0,['Arena'],Tomba Giulietta,"['San Fermo', 'Museo Storia', 'Casa Giulietta', 'Castelvecchio', 'Torre Lamberti']",Castelvecchio,"These suggestions are based on the close proximity of the POIs to the current location, with San Fermo and Museo Storia being the closest. Casa Giulietta is a popular tourist attraction, while Castelv",True,3.6909360885620117,success
0413E4121B6781,2,"['Duomo', 'Tomba Giulietta', 'Casa Giulietta']",Castelvecchio,"['Museo Lapidario', 'Arena', 'Torre Lamberti', 'Sighseeing', 'San Zeno']",San Zeno,"These suggestions are based on proximity to current location, with Museo Lapidario being the closest at 0.3km and still within the usual tour time. The Arena is a significant historical site and also ",True,4.820598125457764,success
041438121B6781,0,['Castelvecchio'],Arena,"['Verona Tour', 'Casa Giulietta', 'Sighseeing', 'Torre Lamberti', 'Museo Storia']",Santa Anastasia,"These POIs are nearby, popular among tourists and open during weekend afternoons.",False,2.2520971298217773,success
0414314A216285,4,['Teatro Romano'],Duomo,"['AMO', 'Duomo', 'Santa Anastasia', 'Palazzo della Ragione', 'Torre Lamberti']",Arena,"These suggestions are based on the close proximity to the current location (Duomo). AMO and Duomo are already included in the itinerary, but AMO is listed as it's a cultural institution that tourists ",False,3.3468027114868164,success
0414294A216285,0,['Arena'],Castelvecchio,"['Museo Lapidario', 'Verona Tour', 'Torre Lamberti', 'Casa Giulietta', 'San Zeno']",Casa Giulietta,"These suggestions are based on proximity to current location (Castelvecchio), with Museo Lapidario and Verona Tour being the closest at 0.3km. Torre Lamberti, Casa Giulietta, and San Zeno follow, all ",True,3.7712812423706055,success
0414224A216285,0,['Arena'],Casa Giulietta,"['Centro Fotografia', 'Sighseeing', 'Torre Lamberti', 'Palazzo della Ragione', 'San Fermo']",Castelvecchio,"These suggestions are based on the proximity of the POIs to Casa Giulietta, where the tourist is currently located. The distances range from 0.1km to 0.3km, making them easily reachable in a short per",False,4.527574062347412,success
0414334A216285,0,['Arena'],Casa Giulietta,"['Centro Fotografia', 'Sighseeing', 'Torre Lamberti', 'Palazzo della Ragione', 'San Fermo']",Castelvecchio,"These suggestions are based on the proximity of the POIs to the current location (Casa Giulietta). Centro Fotografia, Sighseeing, and Torre Lamberti are the closest and most likely to be visited next.",False,4.057698726654053,success
0414474A216285,1,"['Arena', 'Casa Giulietta']",Palazzo della Ragione,"['AMO', 'Museo Conte', 'Torre Lamberti', 'Santa Anastasia', 'Duomo']",Torre Lamberti,"These suggestions are based on the proximity of the POIs to the current location (Palazzo della Ragione). AMO and Museo Conte are the closest, followed by Torre Lamberti, Santa Anastasia, and Duomo. T",True,3.5618135929107666,success
041451121B6781,1,['Arena'],Castelvecchio,"['Museo Lapidario', 'Verona Tour', 'Torre Lamberti', 'Casa Giulietta', 'Sighseeing']",Casa Giulietta,"These suggestions are based on proximity to current location (Castelvecchio), with Museo Lapidario and Verona Tour being the closest at 0.3km. Torre Lamberti, Casa Giulietta, and Sighseeing follow as ",True,3.5911035537719727,success
0414394A216285,1,"['Arena', 'Castelvecchio']",Museo Lapidario,"['Verona Tour', 'San Fermo', 'Casa Giulietta', 'Torre Lamberti', 'Museo Miniscalchi']",Teatro Romano,"These suggestions are based on proximity to current location, with Verona Tour being the closest and offering a comprehensive overview of the city. San Fermo and Casa Giulietta are popular historical ",False,3.979579448699951,success
041454121B6781,6,['Casa Giulietta'],Torre Lamberti,"['Palazzo della Ragione', 'AMO', 'Museo Miniscalchi', 'Santa Anastasia', 'San Fermo']",Santa Anastasia,"These suggestions are based on the close proximity to the current location (Torre Lamberti). Palazzo della Ragione is the closest and a major tourist attraction. AMO, Museo Miniscalchi, Santa Anastasi",True,4.097222566604614,success
041445121B6781,1,['Arena'],Casa Giulietta,"['Centro Fotografia', 'Torre Lamberti', 'Palazzo della Ragione', 'San Fermo', 'AMO']",Torre Lamberti,"These suggestions are based on proximity to the current location (Casa Giulietta) and popular tourist patterns. Centro Fotografia, Torre Lamberti, and Palazzo della Ragione are all within 0.3km. San F",True,4.633326768875122,success
041456121B6781,1,['Arena'],Casa Giulietta,"['Centro Fotografia', 'Sighseeing', 'Torre Lamberti', 'Palazzo della Ragione', 'San Fermo']",Palazzo della Ragione,"These suggestions are based on the proximity of the POIs to the current location (Casa Giulietta). The distances range from 0.1km to 0.3km, making them easily reachable within a short period of time. ",True,3.826629161834717,success
041455121B6781,6,['Teatro Romano'],Torre Lamberti,"['Sighseeing', 'Centro Fotografia', 'Palazzo della Ragione', 'AMO', 'Museo Miniscalchi']",Castelvecchio,These suggestions are based on the proximity of the POIs to the current location (Torre Lamberti). The 'Sighseeing' is the closest point of interest and a must-visit in Verona. 'Centro Fotografia' and,False,4.816240549087524,success
04145E121B6781,0,['Museo Lapidario'],Castelvecchio,"['Verona Tour', 'Arena', 'Museo Miniscalchi', 'Torre Lamberti', 'Casa Giulietta']",Arena,"These suggestions are based on proximity to current location, popular tourist patterns and time context. 'Verona Tour' and 'Arena' are closest and fit the time frame. The remaining three are also near",True,3.1026926040649414,success
04145C121B6781,0,['Arena'],Torre Lamberti,"['Sighseeing', 'Centro Fotografia', 'Casa Giulietta', 'Palazzo della Ragione', 'AMO']",Casa Giulietta,"These suggestions are based on the close proximity of the POIs to the current location (Torre Lamberti). Tourist patterns also suggest that these sites are commonly visited after Torre Lamberti, given",True,3.3672733306884766,success
041457121B6781,4,['Arena'],Tomba Giulietta,"['San Fermo', 'Museo Storia', 'Casa Giulietta', 'Castelvecchio', 'Torre Lamberti']",Torre Lamberti,"These suggestions are based on the proximity of the POIs to the current location (Tomba Giulietta). The nearest attractions, San Fermo and Museo Storia, are only 0.6km away. Casa Giulietta is a popula",True,4.695504188537598,success
041458121B6781,0,"['Arena', 'Castelvecchio']",Tomba Giulietta,"['Casa Giulietta', 'Sighseeing', 'Torre Lamberti', 'Centro Fotografia', 'Museo Conte']",Santa Anastasia,"These suggestions are based on proximity to the current location (Tomba Giulietta) and popular tourist patterns in Verona on weekend afternoons. Casa Giulietta is the closest and a major attraction, f",False,4.314300537109375,success
041460121B6781,0,['Arena'],Torre Lamberti,"['Sighseeing', 'Centro Fotografia', 'Casa Giulietta', 'Palazzo della Ragione', 'AMO']",Santa Anastasia,"These suggestions are based on the close proximity of the POIs to the current location (Torre Lamberti). Sightseeing is the closest and most popular choice, while Centro Fotografia and Casa Giulietta ",False,3.9252803325653076,success
04146F121B6781,0,['Casa Giulietta'],Arena,"['Verona Tour', 'Museo Lapidario', 'Castelvecchio', 'Torre Lamberti', 'Sighseeing']",Teatro Romano,"These suggestions are based on proximity to current location, with Verona Tour being the closest (0.2km) and others following in ascending order of distance. Also considered are typical tourist patter",False,3.097445487976074,success
04146B121B6781,5,['Torre Lamberti'],Arena,"['Verona Tour', 'Museo Lapidario', 'San Fermo', 'Casa Giulietta', 'Castelvecchio']",Museo Storia,"These suggestions are based on proximity to current location, time context and popular tourist patterns. 'Verona Tour' is the closest point of interest at 0.2km; 'Museo Lapidario' follows at 0.3km. 'S",False,3.910982608795166,success
04146C121B6781,4,"['Arena', 'Casa Giulietta', 'Torre Lamberti']",Palazzo della Ragione,"['AMO', 'Museo Conte', 'Santa Anastasia', 'Duomo', 'Teatro Romano']",Teatro Romano,"These suggestions are based on proximity to current location, with AMO and Museo Conte being the closest points of interest. Santa Anastasia and Duomo are also nearby and are popular tourist destinati",True,3.668616533279419,success
04147F121B6780,0,['Arena'],Casa Giulietta,"['Centro Fotografia', 'Sighseeing', 'Torre Lamberti', 'Palazzo della Ragione', 'San Fermo']",Castelvecchio,"These POIs are the closest to the current location, Casa Giulietta, and are popular among tourists during weekend afternoons. They are all within 0.1km to 0.3km distance, making them easily accessible",False,3.1500096321105957,success
041467121B6781,0,['Arena'],Teatro Romano,"['Duomo', 'Palazzo della Ragione', 'Museo Conte', 'Torre Lamberti', 'Santa Anastasia']",Castelvecchio,"These suggestions are based on the proximity of the POIs to the current location (Teatro Romano). The Duomo, Palazzo della Ragione, and Museo Conte are all within 0.5km, making them easily reachable i",False,4.969510793685913,success
041469121B6781,4,"['Arena', 'Museo Lapidario']",Teatro Romano,"['Duomo', 'Palazzo della Ragione', 'Museo Miniscalchi', 'Torre Lamberti', 'Giardino Giusti']",Duomo,"These suggestions are based on the proximity of the POIs to the current location (Teatro Romano). The Duomo and Palazzo della Ragione are both equidistant at 0.3km, making them the closest and most li",True,4.978156328201294,success
0414AC121B6781,5,['Arena'],Casa Giulietta,"['Torre Lamberti', 'Centro Fotografia', 'Sighseeing', 'Palazzo della Ragione', 'San Fermo']",Torre Lamberti,"These suggestions are based on the close proximity to the current location Casa Giulietta, with Torre Lamberti being the closest at 0.1km. The other POIs are also within a reasonable walking distance ",True,3.5446927547454834,success
041490121B6780,0,['Arena'],Castelvecchio,"['Museo Lapidario', 'Verona Tour', 'Torre Lamberti', 'Casa Giulietta', 'San Zeno']",Casa Giulietta,"These suggestions are based on proximity to current location (Castelvecchio) and popular tourist patterns. Museo Lapidario and Verona Tour are the closest points of interest. Torre Lamberti, Casa Giul",True,3.770320177078247,success
0414BC121B6780,6,['Palazzo della Ragione'],Torre Lamberti,"['Sighseeing', 'Casa Giulietta', 'AMO', 'Museo Miniscalchi', 'Duomo']",Santa Anastasia,"These are the five nearest points of interest to Torre Lamberti, where the tourist is currently located. Tourist patterns suggest that visitors often visit nearby attractions in close proximity to eac",False,3.200489044189453,success
041477121B6780,1,"['Arena', 'Museo Lapidario', 'Casa Giulietta', 'Castelvecchio']",Tomba Giulietta,"['San Fermo', 'Museo Storia', 'Torre Lamberti', 'Sighseeing', 'Palazzo della Ragione']",San Fermo,"These suggestions are based on proximity to the current location (Tomba Giulietta) and popular tourist patterns in Verona. San Fermo, Museo Storia, and Torre Lamberti are all within walking distance o",True,5.143220901489258,success
0414BC121B6781,5,"['Torre Lamberti', 'Arena', 'Castelvecchio']",Casa Giulietta,"['Centro Fotografia', 'Sighseeing', 'Palazzo della Ragione', 'San Fermo', 'AMO']",Santa Anastasia,"These suggestions are based on the proximity of the POIs to Casa Giulietta, where the tourist is currently located. The nearest POIs have been given the highest priority, and the order considers a bal",False,3.3572888374328613,success
0414BD121B6780,0,['Arena'],Torre Lamberti,"['Sighseeing', 'Centro Fotografia', 'Casa Giulietta', 'Palazzo della Ragione', 'AMO']",Castelvecchio,"These suggestions are based on the close proximity of the POIs to the current location (Torre Lamberti). Also, they are popular tourist attractions and can be easily covered in the morning time frame.",False,2.9067821502685547,success
0414BF121B6781,0,"['Arena', 'Tomba Giulietta']",Torre Lamberti,"['Sighseeing', 'Centro Fotografia', 'Museo Conte', 'Casa Giulietta', 'Palazzo della Ragione']",Casa Giulietta,"These are the nearest points of interest to the current location, Torre Lamberti. Considering time context and typical tourist patterns, these places are most likely to be visited next.",True,2.9326388835906982,success
0414C1121B6781,4,"['Tomba Giulietta', 'Casa Giulietta', 'Palazzo della Ragione', 'Torre Lamberti']",Arena,"['Verona Tour', 'Museo Lapidario', 'San Fermo', 'Sighseeing', 'Castelvecchio']",Teatro Romano,"These suggestions are based on proximity to the current location (Arena), with Verona Tour being the closest at 0.2km. The other POIs are within 0.7km and are popular tourist destinations.",False,2.9199299812316895,success
0414BF121B6780,1,"['Arena', 'Casa Giulietta']",Tomba Giulietta,"['Castelvecchio', 'Torre Lamberti', 'Sighseeing', 'Centro Fotografia', 'Museo Conte']",Torre Lamberti,"These suggestions are based on proximity to current location and popular tourist patterns. Castelvecchio is a top historical site and close by. Torre Lamberti, Sighseeing, and Centro Fotografia offer ",True,3.503251075744629,success
0414BD121B6781,0,['Casa Giulietta'],Arena,"['Verona Tour', 'Museo Lapidario', 'Sighseeing', 'Castelvecchio', 'Torre Lamberti']",Torre Lamberti,"These suggestions are based on proximity to current location, time context and popular tourist patterns. 'Verona Tour' and 'Museo Lapidario' are closest to the current location. 'Sighseeing' is also n",True,3.873565912246704,success
0414BE121B6780,2,"['Torre Lamberti', 'Palazzo della Ragione', 'Santa Anastasia']",Arena,"['Verona Tour', 'Museo Lapidario', 'San Fermo', 'Casa Giulietta', 'Castelvecchio']",Teatro Romano,"These suggestions are based on proximity to the current location (Arena), with Verona Tour being the closest at 0.2km. The other POIs - Museo Lapidario, San Fermo, Casa Giulietta, and Castelvecchio - ",False,4.237968921661377,success
0414D5121B6781,0,['Arena'],Casa Giulietta,"['Centro Fotografia', 'Sighseeing', 'Torre Lamberti', 'Palazzo della Ragione', 'San Fermo']",Torre Lamberti,"These POIs are the closest to the current location, considering time context and typical tourist patterns.",True,2.2943928241729736,success
0414CE121B6781,0,['Casa Giulietta'],Santa Anastasia,"['AMO', 'Duomo', 'Teatro Romano', 'Palazzo della Ragione', 'Museo Conte']",Castelvecchio,"These are the nearest points of interest to Santa Anastasia, considering typical tourist patterns on a Saturday afternoon. AMO and Duomo are particularly popular, but all have historical or cultural s",False,2.7476611137390137,success
0414DE121B6781,0,['Arena'],Castelvecchio,"['Museo Lapidario', 'Verona Tour', 'San Zeno', 'Torre Lamberti', 'Casa Giulietta']",Casa Giulietta,"These suggestions are based on proximity to current location (Castelvecchio), with Museo Lapidario and Verona Tour being the closest at 0.3km. San Zeno, Torre Lamberti, and Casa Giulietta follow as po",True,3.1592421531677246,success
0414D0121B6781,5,"['Arena', 'Museo Lapidario']",Torre Lamberti,"['Sighseeing', 'Casa Giulietta', 'Palazzo della Ragione', 'AMO', 'Museo Miniscalchi']",Casa Giulietta,"These suggestions are based on proximity to current location, with Sighseeing being the closest and most obvious next stop. Casa Giulietta is a popular tourist destination, followed by Palazzo della R",True,3.7378745079040527,success
0414C3121B6780,2,"['Arena', 'Torre Lamberti', 'Duomo', 'Teatro Romano']",Santa Anastasia,"['AMO', 'Museo Conte', 'Palazzo della Ragione', 'Centro Fotografia', 'Sighseeing']",Castelvecchio,"These suggestions are based on the proximity of the POIs to the current location (Santa Anastasia). AMO is the closest at 0.1km, followed by Museo Conte at 0.2km, Palazzo della Ragione also at 0.2km, ",False,5.03580117225647,success
0414CA121B6781,2,"['Arena', 'Casa Giulietta', 'Santa Anastasia']",Duomo,"['AMO', 'Museo Miniscalchi', 'Teatro Romano', 'Palazzo della Ragione', 'Museo Conte']",Teatro Romano,"These suggestions are based on proximity to the current location (Duomo). AMO is the closest at 0.2km, followed by Museo Miniscalchi, Teatro Romano, Palazzo della Ragione, and Museo Conte which are al",True,4.1583251953125,success
0414D6121B6781,4,"['Casa Giulietta', 'Arena', 'Tomba Giulietta', 'Teatro Romano']",Palazzo della Ragione,"['AMO', 'Museo Conte', 'Torre Lamberti', 'Sighseeing', 'Santa Anastasia']",Castelvecchio,"These suggestions are based on the close proximity to the current location (Palazzo della Ragione). AMO and Museo Conte are the closest at 0.1km, followed by Torre Lamberti, Sighseeing, and Santa Anas",False,4.241980314254761,success
041518121B6781,0,['Arena'],Casa Giulietta,"['Centro Fotografia', 'Sighseeing', 'Torre Lamberti', 'Museo Conte', 'Palazzo della Ragione']",Torre Lamberti,"These suggestions are based on the close proximity of these points of interest to Casa Giulietta, where it is currently estimated that the tourist is located. The distances range from 0.1km to 0.3km, ",True,2.8891348838806152,success
0414E84A216281,2,"['Arena', 'San Zeno']",Duomo,"['AMO', 'Museo Miniscalchi', 'Teatro Romano', 'Palazzo della Ragione', 'Santa Anastasia']",Santa Anastasia,"These suggestions are based on proximity to the current location (Duomo). AMO and Museo Miniscalchi are the closest, followed by Teatro Romano, Palazzo della Ragione, and Santa Anastasia. All are with",True,3.6149590015411377,success
041505121B6785,0,['Arena'],Casa Giulietta,"['Centro Fotografia', 'Sighseeing', 'Torre Lamberti', 'Palazzo della Ragione', 'San Fermo']",Torre Lamberti,"These suggestions are based on the proximity of the POIs to Casa Giulietta, with Centro Fotografia, Sighseeing, and Torre Lamberti being the closest. Palazzo della Ragione and San Fermo are also nearb",True,3.6109931468963623,success
04151A121B6781,1,"['Castelvecchio', 'Duomo']",Palazzo della Ragione,"['AMO', 'Museo Conte', 'Torre Lamberti', 'Centro Fotografia', 'Sighseeing']",Casa Giulietta,"These are the next most likely points of interest to visit, as they are the closest to the current location (Palazzo della Ragione) and are among the ones already visited in Verona's tourist cluster 1",False,3.090066432952881,success
0415224A216285,1,['Arena'],Casa Giulietta,"['Centro Fotografia', 'Sighseeing', 'Torre Lamberti', 'Palazzo della Ragione', 'San Fermo']",Castelvecchio,"These suggestions are based on the proximity of the POIs to Casa Giulietta, where the tourist is currently located. The nearest points of interest have been given priority. They also consider a balanc",False,3.679978370666504,success
041528121B6781,4,['Arena'],Santa Anastasia,"['AMO', 'Duomo', 'Teatro Romano', 'Palazzo della Ragione', 'Museo Miniscalchi']",Duomo,"These suggestions are based on proximity to current location, with AMO being the closest at 0.1km. Duomo, Teatro Romano, and Palazzo della Ragione follow, all within 0.3km. Museo Miniscalchi is slight",True,3.416616916656494,success
0415464A216285,6,['Castelvecchio'],Torre Lamberti,"['Sighseeing', 'Centro Fotografia', 'Casa Giulietta', 'Palazzo della Ragione', 'AMO']",Palazzo della Ragione,"These are the nearest points of interest to Castelvecchio and Torre Lamberti, suitable for a Sunday afternoon visit. They are all within walking distance and popular among tourists.",True,2.592132329940796,success
0415264A216285,4,['Arena'],Casa Giulietta,"['Torre Lamberti', 'Palazzo della Ragione', 'San Fermo', 'AMO', 'Centro Fotografia']",Santa Anastasia,"These suggestions are based on the proximity of the POIs to Casa Giulietta, where the tourist is currently located. Torre Lamberti and Palazzo della Ragione are the closest major attractions. San Ferm",False,4.713578224182129,success
0415314A216285,0,['Arena'],Casa Giulietta,"['Centro Fotografia', 'Torre Lamberti', 'Palazzo della Ragione', 'San Fermo', 'Museo Miniscalchi']",Santa Anastasia,"These suggestions are based on the proximity of the POIs to Casa Giulietta, with Centro Fotografia and Torre Lamberti being the closest. Palazzo della Ragione, San Fermo, and Museo Miniscalchi are als",False,3.534654140472412,success
041549121B6781,1,"['Palazzo della Ragione', 'Torre Lamberti']",Arena,"['Verona Tour', 'Museo Lapidario', 'San Fermo', 'Casa Giulietta', 'Castelvecchio']",Teatro Romano,"These POIs are the closest to the current location, taking into account typical tourist patterns and time constraints.",False,2.12876558303833,success
0415054A216285,1,"['Arena', 'Casa Giulietta']",Torre Lamberti,"['Sighseeing', 'Palazzo della Ragione', 'Museo Miniscalchi', 'Santa Anastasia', 'San Fermo']",Palazzo della Ragione,"These suggestions are based on the close proximity to the current location (Torre Lamberti). The nearest POI, Sighseeing, is a strong candidate as it's just 0.0km away. Palazzo della Ragione and Museo",True,6.118119478225708,success
041538121B6781,2,['Castelvecchio'],San Zeno,"['Arena', ""Juliet's House (Casa Giulietta)"", 'Torre Lamberti', 'Palazzo della Ragione', 'Verona Tour']",Arena,"These suggestions are based on proximity to the current location, with Arena being the closest and a major tourist attraction. Casa Giulietta is a famous landmark related to Romeo and Juliet. Torre La",True,4.223811626434326,success
041554121B6781,4,"['Castelvecchio', 'Arena']",Museo Lapidario,"['Verona Tour', 'San Fermo', 'Casa Giulietta', 'Torre Lamberti', 'Museo Miniscalchi']",Santa Anastasia,"These POIs are the closest to the current location, open on weekends, and align with popular tourist patterns.",False,2.0089118480682373,success
04153F4A216285,4,"['Arena', 'Casa Giulietta']",Torre Lamberti,"['Palazzo della Ragione', 'AMO', 'Museo Miniscalchi', 'Santa Anastasia', 'San Fermo']",Duomo,"These suggestions are based on proximity to the current location (Torre Lamberti) and popular tourist patterns. Palazzo della Ragione is the closest point of interest, followed by AMO and Museo Minisc",False,3.7398767471313477,success
041551121B6781,0,['Arena'],Casa Giulietta,"['Centro Fotografia', 'Sighseeing', 'Torre Lamberti', 'Palazzo della Ragione', 'San Fermo']",Santa Anastasia,"These suggestions are based on the proximity of the POIs to Casa Giulietta, where the tourist is currently located. The nearest points of interest have been given higher priority. Tourist patterns sug",False,3.457002639770508,success
04154F121B6781,4,"['Duomo', 'Santa Anastasia', 'Palazzo della Ragione']",Torre Lamberti,"['Sighseeing', 'Casa Giulietta', 'AMO', 'Museo Miniscalchi', 'San Fermo']",Teatro Romano,"These POIs are the closest to the current location and are popular among tourists, considering the time context as it is still afternoon. Suggesting nearby points of interest will allow for efficient ",False,3.5485622882843018,success
0415394A216285,1,['Arena'],Palazzo della Ragione,"['Casa Giulietta', 'Duomo', 'Teatro Romano', 'AMO', 'Museo Miniscalchi']",Castelvecchio,These suggestions are based on proximity to the current location (Palazzo della Ragione) and popular tourist patterns in Verona. Casa Giulietta and Duomo are both major attractions and within walking ,False,4.974025249481201,success