card_id,cluster,history,current_poi,prediction,ground_truth,reason,hit,processing_time,status
0400264A216285,3,['Arena'],Castelvecchio,"['Museo Lapidario', 'Verona Tour', 'San Zeno', 'Casa Giulietta', 'Torre Lamberti']",Casa Giulietta,These POIs are closest to Castelvecchio and align with typical tourist patterns of exploring nearby historical and cultural sites.,True,6.424973964691162,success
04000F121B6781,1,"['Arena', 'Casa Giulietta', 'Torre Lamberti', 'Santa Anastasia']",Castelvecchio,"['Castelvecchio', 'Museo Lapidario', 'Verona Tour', 'San Zeno', 'Palazzo della Ragione']",Tomba Giulietta,"The tourist is likely to continue exploring nearby historical and cultural sites, with a preference for shorter distances due to the early time.",False,6.457027912139893,success
04004C121B6781,1,['Arena'],Torre Lamberti,"['Casa Giulietta', 'Arena', 'Palazzo della Ragione', 'Museo Conte', 'Centro Fotografia']",Palazzo della Ragione,"These POIs are close to the current location of Torre Lamberti and are popular tourist attractions in Verona, aligning with typical visiting patterns.",True,6.462479591369629,success
040013121B6781,3,"['Arena', 'Casa Giulietta']",Tomba Giulietta,"['Tomba Giulietta', 'Arena', 'Casa Giulietta', 'San Fermo', 'Museo Storia']",Castelvecchio,"The tourist is likely to continue visiting related sites such as the Tomba Giulietta, and given their proximity, they might also explore San Fermo or other nearby museums.",False,6.536152362823486,success
04003B121B6781,3,['Arena'],Castelvecchio,"['Museo Lapidario', 'Verona Tour', 'Museo Miniscalchi', 'Casa Giulietta', 'San Zeno']",Casa Giulietta,These POIs are closest to Castelvecchio and align with typical tourist patterns of visiting multiple museums and attractions in a short distance.,True,6.530765533447266,success
04002E4A216285,3,"['Arena', 'Casa Giulietta']",Santa Anastasia,"['Teatro Romano', 'Duomo', 'Palazzo della Ragione', 'Museo Conte', 'Centro Fotografia']",Teatro Romano,"These POIs are relatively close to Santa Anastasia and are popular tourist destinations in Verona, aligning with typical visiting patterns.",True,6.549104690551758,success
04003C121B6781,3,"['Arena', 'Casa Giulietta']",Santa Anastasia,"['Teatro Romano', 'Duomo', 'Palazzo della Ragione', 'Museo Conte', 'Centro Fotografia']",Castelvecchio,"These POIs are within a reasonable walking distance from Santa Anastasia and align with typical tourist interests in Verona, such as historical theaters and religious sites.",False,6.551750183105469,success
04002D4A216285,6,"['Duomo', 'Casa Giulietta']",Castelvecchio,"['Arena', 'Museo Lapidario', 'Verona Tour', 'San Zeno', 'Torre Lamberti']",Arena,"The Arena is a popular tourist attraction and is close by. Museo Lapidario, Verona Tour, San Zeno, and Torre Lamberti are also nearby and align with typical interests of tourists visiting historical s",True,6.628744125366211,success
04001F4A216285,3,['Arena'],Casa Giulietta,"['Torre Lamberti', 'Centro Fotografia', 'Sighseeing', 'Museo Conte', 'Palazzo della Ragione']",Torre Lamberti,"These points of interest are closest to Casa Giulietta and within a reasonable walking distance, making them the most likely next stops for tourists. The time context suggests that visitors might want",True,6.748845338821411,success
040025121B6785,2,"['Arena', 'Duomo', 'Casa Giulietta', 'Castelvecchio', 'San Zeno', 'Tomba Giulietta']",Santa Anastasia,"['Santa Anastasia', 'Teatro Romano', 'Palazzo della Ragione', 'Museo Conte', 'AMO']",Teatro Romano,"The tourist is currently at Santa Anastasia and the next likely destinations are nearby points of interest. The Teatro Romano, Palazzo della Ragione, Museo Conte, and AMO are all within a short walkin",True,6.9834747314453125,success
04003E121B6781,0,"['Casa Giulietta', 'Torre Lamberti', 'Arena', 'Museo Lapidario']",Castelvecchio,"['Castelvecchio', 'Verona Tour', 'Museo Miniscalchi', 'San Zeno', 'Palazzo della Ragione']",Tomba Giulietta,"The tourist is currently at Castelvecchio and it's a popular site to visit. Given the time (12:40), they might want to continue their exploration nearby. Verona Tour, Museo Miniscalchi, San Zeno, and ",False,7.215999126434326,success
0400254A216285,2,"['Arena', 'San Fermo', 'Casa Giulietta', 'Santa Anastasia']",Duomo,"['Duomo', 'Teatro Romano', 'Palazzo della Ragione', 'AMO', 'Museo Miniscalchi']",San Zeno,"The tourist is currently at the Duomo and has visited several historical sites. Given the time (14:52) which is later in the day, they might be looking for nearby attractions to visit before closing t",False,7.248596668243408,success
040050121B6781,5,"['Palazzo della Ragione', 'Torre Lamberti', 'Arena', 'Castelvecchio']",Palazzo della Ragione,"['Torre Lamberti', 'Arena', 'Castelvecchio', 'Santa Anastasia', 'Casa Giulietta']",Museo Miniscalchi,"These POIs are nearby and historically significant, aligning with the typical tourist pattern of visiting multiple landmarks in a day.",False,1.2845263481140137,success
0400BD4A216281,6,"['Arena', 'Casa Giulietta', 'San Fermo', 'Torre Lamberti']",Santa Anastasia,"['Museo Conte', 'Palazzo della Ragione', 'Teatro Romano', 'Duomo', 'Centro Fotografia']",Duomo,"These points of interest are relatively close to Santa Anastasia and are popular tourist destinations in Verona, aligning with the typical visit pattern for tourists.",True,1.1158297061920166,success
0400AC4A216281,3,"['Teatro Romano', 'Arena', 'Casa Giulietta']",Santa Anastasia,"['Duomo', 'Palazzo della Ragione', 'Museo Conte', 'Teatro Romano', 'Arena']",Torre Lamberti,"The tourist is likely to continue exploring major landmarks and attractions in the city center. The Duomo, Palazzo della Ragione, and Museo Conte are popular sites near Santa Anastasia. Teatro Romano ",False,1.3230836391448975,success
0400B6121B6781,4,"['Arena', 'Castelvecchio', 'Casa Giulietta', 'Torre Lamberti', 'Museo Storia', 'Teatro Romano', 'Duomo']",Palazzo della Ragione,"['Museo Storia', 'AMO', 'Centro Fotografia', 'Teatro Romano', 'Santa Anastasia']",San Zeno,"These POIs are close to the current location, fit the typical visiting pattern of tourists in Verona, and are open during the afternoon.",False,1.2746343612670898,success
0400B8121B6781,1,"['Arena', 'Casa Giulietta', 'San Fermo', 'Torre Lamberti', 'Santa Anastasia', 'Palazzo della Ragione']",Teatro Romano,"['Teatro Romano', 'Duomo', 'Museo Conte', 'Giardino Giusti', 'AMO']",Castelvecchio,The tourist is currently at the Teatro Romano and it's close to other historical sites like Duomo and Museo Conte. The nearby Giardino Giusti and AMO are also popular for their scenic beauty and cultu,False,1.5029840469360352,success
0400B04A216281,2,"['Teatro Romano', 'Santa Anastasia', 'Castelvecchio', 'San Zeno']",Arena,"['Arena', 'Verona Tour', 'Museo Lapidario', 'Casa Giulietta', 'San Fermo']",San Fermo,"The tourist is currently at the Arena and has just visited several historical sites. Given the time (16:50), they might want to explore nearby attractions like a guided tour or visit Casa Giulietta, w",True,1.546959638595581,success
0400B1121B6781,6,"['Casa Giulietta', 'Arena', 'Castelvecchio', 'Duomo']",Santa Anastasia,"['Arena', 'Castelvecchio', 'Duomo', 'Teatro Romano', 'Palazzo della Ragione']",San Fermo,"The tourist is likely to prefer visiting nearby and historically significant sites, such as the Arena and Castelvecchio. The Duomo is also a popular destination in Verona. Given the time context, the ",False,1.5448119640350342,success
0400BE4A216281,6,"['San Fermo', 'Santa Anastasia', 'Duomo']",Teatro Romano,"['Teatro Romano', 'Palazzo della Ragione', 'Museo Conte', 'Centro Fotografia', 'Torre Lamberti']",Torre Lamberti,"The tourist is currently at the Teatro Romano and the suggested POIs are nearby, within a reasonable walking distance. These locations are popular among tourists in Verona and align with typical visit",True,1.4033982753753662,success
0400B9121B6781,6,"['Santa Anastasia', 'Casa Giulietta', 'Torre Lamberti', 'Castelvecchio']",Duomo,"['Duomo', 'Teatro Romano', 'Palazzo della Ragione', 'Museo Conte', 'AMO']",San Fermo,"The tourist is currently at the Duomo and it's close to other historical sites like Teatro Romano, Palazzo della Ragione, Museo Conte, and AMO. Given the time context (12:08), they might want to visit",False,1.6632678508758545,success
0400E5121B6781,6,"['Casa Giulietta', 'Torre Lamberti']",Santa Anastasia,"['Duomo', 'Teatro Romano', 'Palazzo della Ragione', 'Museo Conte', 'Centro Fotografia']",Duomo,"These POIs are within close proximity to Santa Anastasia and are popular tourist destinations in Verona, aligning with typical visiting patterns.",True,1.2868034839630127,success
0401074A216285,0,"['Arena', 'Castelvecchio', 'Museo Lapidario']",Palazzo della Ragione,"['AMO', 'Museo Conte', 'Torre Lamberti']",Duomo,"These points of interest are closest to Palazzo della Ragione and align with typical tourist patterns, focusing on nearby attractions within walking distance.",False,0.9724838733673096,success
0400F44A216281,1,"['Casa Giulietta', 'Palazzo della Ragione', 'Duomo', 'Torre Lamberti']",Arena,"['Arena', 'Verona Tour', 'Museo Lapidario', 'Tomba Giulietta', 'San Fermo']",Castelvecchio,"The tourist is currently at the Arena, which is a major attraction in Verona. Given the time (16:20), they might be looking to end their visit or move on to another significant site nearby. The sugges",False,1.6634619235992432,success
0400E2121B6781,6,"['Arena', 'Castelvecchio']",Duomo,"['Duomo', 'Santa Anastasia', 'Teatro Romano', 'Palazzo della Ragione', 'Casa Giulietta']",Casa Giulietta,"The tourist is currently at the Duomo and has visited nearby attractions like Arena and Castelvecchio. Given the time (12:22), they are likely to explore more historical sites in the vicinity, with Sa",True,1.936049222946167,success
0400F84A216281,1,['Arena'],Palazzo della Ragione,"['Arena', 'Santa Anastasia', 'Museo Conte', 'Torre Lamberti', 'AMO']",Castelvecchio,"The tourist is likely to visit nearby attractions based on their current location at Palazzo della Ragione. The Arena, Santa Anastasia, Museo Conte, Torre Lamberti, and AMO are all within close proxim",False,1.3890342712402344,success
0401064A216285,6,['Arena'],Casa Giulietta,"['Torre Lamberti', 'Centro Fotografia', 'Sighseeing', 'Museo Conte', 'Palazzo della Ragione']",Duomo,"These points of interest are closest to Casa Giulietta and within a reasonable walking distance, making them the most likely next stops for tourists. The time is early afternoon, which might not be id",False,1.5372936725616455,success
0401014A216285,3,"['Arena', 'Teatro Romano']",Castelvecchio,"['Castelvecchio', 'Museo Lapidario', 'Verona Tour', 'San Zeno', 'Casa Giulietta']",Casa Giulietta,The tourist is currently at Castelvecchio and has a short distance to the Museo Lapidario. Verona Tour is nearby and might offer guided services. San Zeno is another historical site that tourists ofte,True,1.7488586902618408,success
0401124A216285,6,"['Arena', 'Casa Giulietta', 'Palazzo della Ragione', 'Torre Lamberti']",Teatro Romano,"['Duomo', 'Santa Anastasia', 'Teatro Romano', 'Giardino Giusti', 'Museo Conte']",Duomo,"The tourist is likely to continue exploring nearby historical and cultural sites. The Teatro Romano is the current location, so natural progression would be to visit other close-by landmarks like Duom",True,1.4115231037139893,success
040112121B6781,6,"['Arena', 'Torre Lamberti', 'Duomo']",Casa Giulietta,"['Arena', 'Duomo', 'Palazzo della Ragione', 'Museo Conte', 'San Fermo']",San Fermo,"The tourist is likely to continue exploring nearby historical and cultural sites, given the short distances and typical visit patterns. The Arena and Duomo are major landmarks that tourists often revi",True,1.4904143810272217,success
0401094A216285,4,['Arena'],Museo Storia,"['Museo Storia', 'Casa Giulietta', 'Tomba Giulietta', 'Torre Lamberti', 'Giardino Giusti']",Castelvecchio,"The tourist is currently at the Museo Storia and has shown interest in historical sites. Given the short distances, these locations are likely to be of interest next. The time context suggests they mi",False,1.6061692237854004,success
040118121B6781,3,['Arena'],Torre Lamberti,"['Casa Giulietta', 'Museo Conte', 'Palazzo della Ragione', 'Arena', 'Centro Fotografia']",Santa Anastasia,"These POIs are close to the current location and align with typical tourist interests in Verona, such as historical and cultural sites.",False,1.3128509521484375,success
040113121B6781,3,"['Arena', 'Casa Giulietta']",Tomba Giulietta,"['Casa Giulietta', 'Arena', 'San Fermo', 'Museo Storia', 'Castelvecchio']",Castelvecchio,"The tourist is likely to continue visiting well-known landmarks and attractions in the vicinity, with a preference for shorter distances. Casa Giulietta and Arena are popular sites after Tomba Giuliet",True,1.6159133911132812,success
04011C121B6781,1,['Arena'],Castelvecchio,"['Museo Lapidario', 'Verona Tour', 'San Zeno', 'Casa Giulietta', 'Torre Lamberti']",Torre Lamberti,These POIs are closest to Castelvecchio and align with typical tourist patterns of visiting historical and cultural sites in Verona.,True,1.1067392826080322,success
0401114A216285,6,"['Casa Giulietta', 'Torre Lamberti', 'Palazzo della Ragione', 'Santa Anastasia']",Duomo,"['Duomo', 'Teatro Romano', 'Museo Miniscalchi', 'Arena', 'Giardino Giusti']",Arena,"The tourist is currently at the Duomo and it's a popular stop. The Teatro Romano and Museo Miniscalchi are nearby and well-visited sites. Arena, while further, is a significant attraction in Verona. G",True,1.829956293106079,success
04011F4A216285,3,['Arena'],Casa Giulietta,"['Torre Lamberti', 'Centro Fotografia', 'Sighseeing', 'Museo Conte', 'Palazzo della Ragione']",Torre Lamberti,"These points of interest are closest to Casa Giulietta and within a reasonable walking distance, making them the most likely next stops for tourists. The time context suggests they might be looking fo",True,1.232909917831421,success
040121121B6781,1,"['Arena', 'Palazzo della Ragione']",Casa Giulietta,"['Torre Lamberti', 'Centro Fotografia', 'Sighseeing', 'Museo Conte', 'Museo Radio']",Torre Lamberti,"These points of interest are closest to Casa Giulietta and align with typical tourist patterns, offering a mix of historical and cultural attractions.",True,1.2318594455718994,success
040124121B6781,3,['Arena'],Castelvecchio,"['Museo Lapidario', 'Verona Tour', 'San Zeno', 'Casa Giulietta', 'Torre Lamberti']",Casa Giulietta,These POIs are closest to Castelvecchio and align with typical tourist patterns of visiting multiple cultural sites in a short distance.,True,1.2533214092254639,success
04012C121B6781,1,['Arena'],Torre Lamberti,"['Casa Giulietta', 'Museo Conte', 'Palazzo della Ragione', 'Sighseeing', 'Centro Fotografia']",Castelvecchio,"These POIs are closest to Torre Lamberti and align with typical tourist patterns, offering a mix of historical and cultural attractions.",False,1.1622402667999268,success
04012E4A216285,3,"['Arena', 'Casa Giulietta']",Santa Anastasia,"['Duomo', 'Palazzo della Ragione', 'Teatro Romano', 'Museo Conte', 'Centro Fotografia']",Teatro Romano,"These POIs are within a reasonable walking distance from Santa Anastasia and align with typical tourist interests in Verona, such as historical sites and cultural museums.",True,1.2602589130401611,success
0401324A216285,3,"['Arena', 'Casa Giulietta']",Torre Lamberti,"['Centro Fotografia', 'Museo Conte', 'Palazzo della Ragione', 'Sighseeing', 'Arena']",Santa Anastasia,"These POIs are relatively close to the current location and align with typical tourist patterns, including nearby attractions like Casa Giulietta and the Arena.",False,1.1851305961608887,success
0401344A216285,3,"['Arena', 'Tomba Giulietta']",Santa Anastasia,"['Casa Giulietta', 'Duomo', 'Teatro Romano', 'Museo Conte', 'Palazzo della Ragione']",Teatro Romano,"These POIs are close to the current location and align with common tourist interests in Verona, such as historical sites and cultural attractions.",True,1.1115400791168213,success
0401294A216285,0,"['Arena', 'Castelvecchio', 'Palazzo della Ragione', 'Casa Giulietta', 'Duomo']",Teatro Romano,"['Teatro Romano', 'Santa Anastasia', 'AMO', 'Museo Conte', 'Giardino Giusti']",Museo Lapidario,"The tourist is currently at the Teatro Romano and it's a popular site to visit in Verona. The next likely destinations are nearby points of interest such as Santa Anastasia, AMO, Museo Conte, and Giar",False,1.6870718002319336,success
040149121B6781,1,"['Arena', 'Tomba Giulietta', 'Casa Giulietta']",Palazzo della Ragione,"['Museo Conte', 'AMO', 'Torre Lamberti', 'Santa Anastasia', 'Duomo']",Torre Lamberti,"These POIs are close to the current location and align with typical tourist interests in Verona, such as historical and cultural sites.",True,0.9913475513458252,success
04012F121B6781,1,"['Arena', 'Torre Lamberti', 'Palazzo della Ragione', 'Santa Anastasia']",Teatro Romano,"['Teatro Romano', 'Duomo', 'Museo Conte', 'Giardino Giusti', 'Casa Giulietta']",Castelvecchio,"The tourist is currently at the Teatro Romano and it's later in the day. The next likely stops are nearby attractions like the Duomo, Museo Conte, or Giardino Giusti. Casa Giulietta is also a popular ",False,1.6788206100463867,success
04013F121B6781,2,"['Arena', 'San Zeno', 'Castelvecchio', 'Tomba Giulietta', 'San Fermo', 'Casa Giulietta', 'Torre Lamberti']",Duomo,"['San Zeno', 'Arena', 'Teatro Romano', 'Palazzo della Ragione', 'Duomo']",Santa Anastasia,"The tourist is likely to visit nearby attractions, with a preference for those closer in distance. The Duomo is already visited and the next logical steps would be to explore other major landmarks lik",False,1.4053432941436768,success
04013B121B6781,3,['Arena'],Castelvecchio,"['Castelvecchio', 'Museo Lapidario', 'Verona Tour', 'San Zeno', 'Casa Giulietta']",Casa Giulietta,"The tourist is currently at Castelvecchio and the nearby points of interest (POIs) are within a short walking distance. Given the time context, it's likely they will visit more cultural sites like mus",True,1.4728622436523438,success
04013E121B6781,3,['Arena'],Teatro Romano,"['Duomo', 'Santa Anastasia', 'Palazzo della Ragione', 'Arena', 'Teatro Romano']",Santa Anastasia,"Given the time (12:30), these POIs are nearby and historically significant in Verona, making them popular stops for tourists. The Teatro Romano is already visited, so it's less likely to be chosen aga",True,1.4792120456695557,success
04014C121B6781,1,['Arena'],Torre Lamberti,"['Casa Giulietta', 'Arena', 'Palazzo della Ragione', 'Museo Conte', 'Centro Fotografia']",Palazzo della Ragione,"These POIs are close to the current location and align with typical tourist interests in Verona, such as visiting famous landmarks like Casa Giulietta and Arena.",True,1.3464655876159668,success
04014B4A216285,0,['Castelvecchio'],Arena,"['Arena', 'Verona Tour', 'Casa Giulietta', 'San Fermo', 'Museo Lapidario']",Museo Lapidario,"The tourist is currently at the Arena and has recently visited Castelvecchio. Given the time context, they are likely to explore nearby attractions like Verona Tour, Casa Giulietta, San Fermo, and Mus",True,1.5687813758850098,success
040150121B6781,1,['Castelvecchio'],Torre Lamberti,"['Casa Giulietta', 'Museo Conte', 'Palazzo della Ragione', 'Sighseeing', 'Centro Fotografia']",Arena,"These POIs are closest to Torre Lamberti and align with typical tourist patterns, including popular attractions like Casa Giulietta and Museo Conte.",False,1.1491332054138184,success
04014C4A216285,6,"['Arena', 'Casa Giulietta']",Torre Lamberti,"['Centro Fotografia', 'Museo Conte', 'Palazzo della Ragione', 'AMO', 'Museo Miniscalchi']",Duomo,"These points of interest are relatively close to Torre Lamberti, making them convenient for a quick visit. They also offer cultural and historical experiences that align with the tourist's interests i",False,1.3973281383514404,success
040177121B6781,3,['Castelvecchio'],Santa Anastasia,"['Museo Conte', 'Palazzo della Ragione', 'Teatro Romano', 'Duomo', 'Torre Lamberti']",Teatro Romano,"These points of interest are relatively close to Santa Anastasia and are popular among tourists, especially during the afternoon when they might be looking for a variety of cultural experiences.",True,1.3003592491149902,success
040193121B6781,2,"['Castelvecchio', 'San Zeno']",Santa Anastasia,"['Santa Margherita', 'Museo Conte', 'Palazzo della Ragione', 'Duomo', 'Teatro Romano']",Duomo,"These POIs are relatively close to Santa Anastasia and are popular tourist destinations in Verona, aligning with typical visiting patterns.",True,1.2234032154083252,success
0401B9121B6781,1,['Casa Giulietta'],Torre Lamberti,"['Centro Fotografia', 'Museo Conte', 'Palazzo della Ragione', 'AMO']",Castelvecchio,These POIs are closest to Torre Lamberti and align with typical tourist patterns of exploring nearby cultural attractions.,False,0.9908444881439209,success
0401B0121B6781,3,"['Casa Giulietta', 'Arena']",Santa Anastasia,"['Museo Conte', 'Palazzo della Ragione', 'Teatro Romano', 'Duomo', 'Torre Lamberti']",Torre Lamberti,"These points of interest are relatively close to Santa Anastasia and are popular tourist destinations in Verona, aligning with the typical visiting pattern for tourists.",True,1.1928861141204834,success
0401B6121B6781,4,"['Arena', 'Castelvecchio', 'Casa Giulietta', 'Torre Lamberti', 'Museo Storia', 'Teatro Romano', 'Duomo']",Palazzo della Ragione,"['Museo Storia', 'Arena', 'Duomo', 'AMO', 'Centro Fotografia']",San Zeno,"These locations are close to Palazzo della Ragione and align with the usual visiting times, making them likely next stops for tourists.",False,1.0285303592681885,success
0401AC4A216281,1,"['Teatro Romano', 'Palazzo della Ragione']",Torre Lamberti,"['Casa Giulietta', 'Museo Conte', 'Santa Anastasia', 'Duomo', 'Teatro Romano']",Arena,"These POIs are close to the current location and align with typical tourist interests in Verona, such as historical sites and cultural attractions. The Teatro Romano is also a popular destination that",False,1.4150176048278809,success
0401C24A216281,0,"['Arena', 'Museo Lapidario', 'Castelvecchio', 'Casa Giulietta']",Palazzo della Ragione,"['Museo Conte', 'AMO', 'Torre Lamberti', 'Centro Fotografia', 'Sighseeing']",Torre Lamberti,"These points of interest are close to the current location and align with typical tourist patterns, offering a mix of cultural and historical attractions.",True,1.0785722732543945,success
0401B04A216281,2,"['Teatro Romano', 'Santa Anastasia', 'Castelvecchio', 'San Zeno']",Arena,"['Arena', 'Verona Tour', 'Museo Lapidario', 'Casa Giulietta', 'San Fermo']",San Fermo,"The tourist is currently at the Arena and has just visited several historical sites. Given the time (16:50), they might want to explore nearby attractions before sunset. The suggested POIs are within ",True,1.6360769271850586,success
0401C4121B6781,1,"['Arena', 'Castelvecchio']",Casa Giulietta,"['Torre Lamberti', 'Centro Fotografia', 'Sighseeing', 'Museo Conte', 'Palazzo della Ragione']",Torre Lamberti,"These points of interest are closest to Casa Giulietta and align with typical tourist patterns, offering a mix of historical and cultural attractions within walking distance.",True,1.334873914718628,success
0401C9121B6781,6,"['Castelvecchio', 'Arena', 'Duomo']",Santa Anastasia,"['Museo Conte', 'Palazzo della Ragione', 'Teatro Romano', 'Torre Lamberti', 'AMO']",Torre Lamberti,"These points of interest are relatively close to Santa Anastasia, making them convenient for a quick visit. The time is late afternoon, which might be suitable for shorter stops before the usual dinne",True,1.363140344619751,success
0401CD121B6781,0,"['Castelvecchio', 'Casa Giulietta', 'Arena', 'Tomba Giulietta']",Museo Lapidario,"['Torre Lamberti', 'San Fermo', 'Palazzo della Ragione', 'Verona Tour', 'Museo Radio']",San Fermo,"These points of interest are close in proximity to the current location, align with typical tourist patterns by offering historical and cultural attractions, and are within a reasonable walking distan",True,1.234748125076294,success
0401D0121B6781,6,"['Castelvecchio', 'Duomo', 'Santa Anastasia']",Palazzo della Ragione,"['Museo Conte', 'AMO', 'Torre Lamberti', 'Centro Fotografia', 'Sighseeing']",Arena,"These points of interest are close to the current location and align with typical tourist patterns, offering a mix of cultural and historical attractions.",False,1.2427868843078613,success
0401CC4A216281,1,"['Casa Giulietta', 'Torre Lamberti']",Arena,"['Arena', 'Verona Tour', 'Museo Lapidario', 'Tomba Giulietta', 'Castelvecchio']",Castelvecchio,"The tourist is currently at the Arena, which is a major attraction in Verona. Given the time (12:14), they might be looking for something to do nearby. The suggested POIs are within reasonable walking",True,1.5110750198364258,success
0401D7121B6781,0,"['Arena', 'Castelvecchio', 'Casa Giulietta', 'Torre Lamberti', 'Palazzo della Ragione', 'Tomba Giulietta', 'Museo Lapidario']",Santa Anastasia,"['Duomo', 'Teatro Romano', 'Centro Fotografia', 'Museo Miniscalchi', 'AMO']",Duomo,"These POIs are within close proximity to Santa Anastasia and align with typical tourist patterns, including religious sites like Duomo and cultural attractions such as Teatro Romano and Centro Fotogra",True,1.340261697769165,success
0401E64A216281,6,['Arena'],Torre Lamberti,"['Casa Giulietta', 'Museo Conte', 'Palazzo della Ragione', 'Arena', 'Centro Fotografia']",Duomo,"These POIs are close to the current location and align with typical tourist interests in Verona, such as historical and cultural sites.",False,1.1487581729888916,success
0401F44A216281,0,"['Arena', 'Museo Lapidario', 'Torre Lamberti']",Santa Anastasia,"['Duomo', 'Teatro Romano', 'Palazzo della Ragione', 'Museo Conte', 'Centro Fotografia']",Casa Giulietta,"These POIs are within close proximity to Santa Anastasia and align with typical tourist interests in Verona, considering the current time is later than usual.",False,1.2417681217193604,success
0401DC121B6781,3,['Arena'],Castelvecchio,"['Castelvecchio', 'Museo Lapidario', 'Verona Tour', 'San Zeno', 'Casa Giulietta']",Santa Anastasia,"The tourist is currently at Castelvecchio and the nearby Museo Lapidario, Verona Tour, San Zeno, and Casa Giulietta are all within a short walking distance. These locations align well with typical tou",False,1.389481544494629,success
0401E14A216281,6,['Arena'],Torre Lamberti,"['Casa Giulietta', 'Museo Conte', 'Palazzo della Ragione', 'Arena', 'Centro Fotografia']",Duomo,"These POIs are close to the current location and align with typical tourist interests in Verona, such as visiting famous landmarks like Casa Giulietta and historical sites like Palazzo della Ragione. ",False,1.570624589920044,success
0401FB4A216281,3,['Casa Giulietta'],Torre Lamberti,"['Museo Conte', 'Palazzo della Ragione', 'Centro Fotografia', 'Sighseeing', 'Torre Lamberti']",Arena,"These POIs are relatively close to the current location and align with typical tourist patterns, such as visiting historical and cultural sites.",False,1.1563823223114014,success
0401DB121B6781,0,"['Palazzo della Ragione', 'Torre Lamberti', 'Casa Giulietta', 'San Fermo', 'San Zeno', 'Castelvecchio', 'Santa Anastasia', 'Arena', 'Museo Lapidario']",Teatro Romano,"['Teatro Romano', 'Duomo', 'Museo Conte', 'Giardino Giusti', 'AMO']",Tomba Giulietta,"The next likely destination is the Teatro Romano as it's part of Verona's historical attractions. Given the proximity, tourists are also likely to visit nearby religious and cultural sites like Duomo ",False,1.8149511814117432,success
0402014A216285,3,"['Arena', 'Teatro Romano']",Castelvecchio,"['Museo Lapidario', 'Verona Tour', 'San Zeno', 'Torre Lamberti', 'Casa Giulietta']",Casa Giulietta,"These POIs are closest to Castelvecchio and align with typical tourist interests in Verona, such as historical and cultural sites.",True,1.2149674892425537,success
04020C121B6781,3,['Arena'],Casa Giulietta,"['Torre Lamberti', 'Centro Fotografia', 'Sighseeing', 'Museo Conte', 'Palazzo della Ragione']",Torre Lamberti,"These POIs are closest to Casa Giulietta and are within a reasonable walking distance. They also align with typical tourist interests in Verona, such as historical sites and cultural attractions.",True,1.2408719062805176,success
040220121B6781,2,"['Castelvecchio', 'San Zeno']",Teatro Romano,"['Santa Anastasia', 'Duomo', 'Palazzo della Ragione', 'Museo Conte', 'Teatro Romano']",Casa Giulietta,"These POIs are close to the current location and align with typical tourist patterns, including historical and cultural sites.",False,1.106208324432373,success
040218121B6781,3,['Arena'],Torre Lamberti,"['Casa Giulietta', 'Museo Conte', 'Palazzo della Ragione', 'Centro Fotografia', 'Sighseeing']",Santa Anastasia,"These points of interest are close to Torre Lamberti, align with typical tourist patterns for exploring Verona's historical sites and attractions, and the time context suggests a leisurely visit.",False,1.2789545059204102,success
040224121B6781,3,['Arena'],Torre Lamberti,"['Casa Giulietta', 'Museo Conte', 'Palazzo della Ragione', 'Centro Fotografia', 'Sighseeing']",Casa Giulietta,"These points of interest are close to the current location and align with typical tourist patterns, offering a mix of historical and cultural attractions.",True,1.1625370979309082,success
040212121B6781,6,"['Torre Lamberti', 'Duomo']",Casa Giulietta,"['Arena', 'San Fermo', 'Museo Conte', 'Palazzo della Ragione', 'Museo Miniscalchi']",San Fermo,"The tourist is likely to move towards the Arena, as it is a major attraction in Verona and closer than other options. San Fermo is another popular site. Museo Conte and Palazzo della Ragione are also ",True,1.4980499744415283,success
04022E121B6781,3,['Arena'],Casa Giulietta,"['Torre Lamberti', 'Centro Fotografia', 'Sighseeing', 'Museo Conte', 'Palazzo della Ragione']",Santa Anastasia,"These points of interest are closest to Casa Giulietta and within a reasonable walking distance. They also align with typical tourist patterns, offering both cultural and photographic opportunities.",False,1.2495274543762207,success
0402114A216285,6,"['Casa Giulietta', 'Torre Lamberti', 'Palazzo della Ragione', 'Santa Anastasia']",Duomo,"['Duomo', 'Teatro Romano', 'Museo Miniscalchi', 'Arena', 'Giardino Giusti']",Arena,"The tourist is currently at the Duomo and it's a popular stop. Given the time (13:07), they might be looking for nearby attractions to visit before dinner. The Teatro Romano, Museo Miniscalchi, Arena,",True,1.9073164463043213,success
0402124A216285,6,"['Casa Giulietta', 'Torre Lamberti', 'Palazzo della Ragione']",Santa Anastasia,"['Santa Anastasia', 'Duomo', 'Teatro Romano', 'Museo Conte', 'Giardino Giusti']",Duomo,"The tourist is currently at Santa Anastasia and the next most likely destinations are within close proximity, such as Duomo, Teatro Romano, Museo Conte, and Giardino Giusti. The time being later in th",True,1.8887155055999756,success
0402284A216285,1,"['Arena', 'Casa Giulietta']",Castelvecchio,"['Castelvecchio', 'Museo Lapidario', 'Verona Tour', 'San Zeno', 'Palazzo della Ragione']",Castelvecchio,"The tourist is currently at Castelvecchio and the nearby Museo Lapidario, Verona Tour, San Zeno, and Palazzo della Ragione are within a reasonable walking distance. Given the time context, these locat",True,1.7659623622894287,success
04022F121B6781,6,"['Arena', 'Torre Lamberti', 'Palazzo della Ragione', 'Santa Anastasia', 'Duomo']",Teatro Romano,"['Casa Giulietta', 'Giardino Giusti', 'Museo Conte', 'Teatro Romano', 'Arena']",Castelvecchio,"The tourist is likely to visit Casa Giulietta due to its popularity, and the nearby Giardino Giusti could be a pleasant stop. The Teatro Romano and Arena are also popular sites in Verona, making them ",False,1.5390901565551758,success
04022F4A216285,4,"['Arena', 'Teatro Romano', 'Castelvecchio']",Museo Storia,"['Casa Giulietta', 'Torre Lamberti', 'Giardino Giusti', 'Palazzo della Ragione', 'Centro Fotografia']",Tomba Giulietta,"These locations are popular tourist destinations in Verona and are within a reasonable walking distance from the current location. Casa Giulietta is famous for its literary connections, Torre Lamberti",False,1.5743720531463623,success
04023B4A216285,0,"['San Fermo', 'Arena', 'Museo Lapidario', 'Castelvecchio']",Torre Lamberti,"['Casa Giulietta', 'Arena', 'San Fermo', 'Palazzo della Ragione', 'Museo Conte']",Santa Anastasia,"These POIs are close to the current location and align with typical tourist interests in Verona, such as visiting famous landmarks like Casa Giulietta and Arena. The time is later than usual, suggesti",False,1.4434449672698975,success
040239121B6781,6,"['Torre Lamberti', 'Arena', 'Castelvecchio', 'Santa Anastasia']",Duomo,"['Casa Giulietta', 'Teatro Romano', 'Museo Miniscalchi', 'Palazzo della Ragione', 'Arena']",Teatro Romano,"The tourist is likely to visit nearby attractions, with Casa Giulietta being a popular site for tourists in Verona. The Teatro Romano and other historical sites are also common stops given their proxi",True,1.5224273204803467,success
04023C4A216285,3,['Casa Giulietta'],Arena,"['Arena', 'Verona Tour', 'Museo Lapidario', 'Castelvecchio', 'Tomba Giulietta']",Castelvecchio,"The tourist is currently at the Arena and has recently visited Casa Giulietta. Given the time context, these locations are within a reasonable walking distance and align with typical tourist patterns ",True,1.3773443698883057,success
04024C4A216285,6,"['Arena', 'Tomba Giulietta', 'Casa Giulietta']",Torre Lamberti,"['Centro Fotografia', 'Museo Conte', 'Palazzo della Ragione', 'Sighseeing']",Duomo,"These points of interest are close to the current location, within a reasonable walking distance. They also offer activities that tourists might be interested in after visiting historical sites like T",False,1.265157699584961,success
040260121B6781,1,"['Castelvecchio', 'Arena', 'Torre Lamberti', 'Palazzo della Ragione', 'Casa Giulietta', 'Tomba Giulietta']",Teatro Romano,"['Arena', 'Santa Anastasia', 'Duomo', 'Giardino Giusti', 'Teatro Romano']",Duomo,"The tourist is likely to continue visiting major landmarks and attractions in the city center, given their current location near the Teatro Romano. The Arena and Santa Anastasia are popular nearby sit",True,1.344207525253296,success
04023E121B6781,6,"['Casa Giulietta', 'Santa Anastasia']",Duomo,"['Duomo', 'Teatro Romano', 'Palazzo della Ragione', 'Museo Miniscalchi', 'AMO']",Torre Lamberti,"The tourist is currently at the Duomo and has visited Casa Giulietta and Santa Anastasia. Given the time, which is slightly later than usual, they might be looking for a shorter walk to the next attra",False,1.7900936603546143,success
040279121B6781,6,"['Arena', 'Santa Anastasia', 'Duomo']",Torre Lamberti,"['Casa Giulietta', 'Duomo', 'Arena', 'Palazzo della Ragione', 'Museo Conte']",San Fermo,"These POIs are close to the current location and are popular tourist attractions in Verona, aligning with typical visiting patterns.",False,1.0719187259674072,success
0402AD4A216281,1,['Arena'],Castelvecchio,"['Castelvecchio', 'Museo Lapidario', 'Verona Tour', 'San Zeno', 'Casa Giulietta']",Torre Lamberti,"The tourist is likely to continue exploring nearby historical and cultural sites, with a preference for shorter distances due to the time context.",False,1.1253235340118408,success
040249121B6781,6,"['Torre Lamberti', 'Casa Giulietta', 'Santa Anastasia', 'Duomo']",Teatro Romano,"['Teatro Romano', 'AMO', 'Palazzo della Ragione', 'Museo Conte', 'Giardino Giusti']",Tomba Giulietta,"The tourist is currently at the Teatro Romano and it's a popular stop. Given the time (14:05), they might want to stay in the area for a bit longer. The nearby POIs like AMO, Palazzo della Ragione, Mu",False,1.9285717010498047,success
040262121B6781,6,"['Torre Lamberti', 'Arena']",Casa Giulietta,"['Arena', 'San Fermo', 'Palazzo della Ragione', 'Museo Conte', 'Centro Fotografia']",Duomo,"The tourist is likely to continue exploring the historical and cultural sites in Verona. The Arena, San Fermo, Palazzo della Ragione, Museo Conte, and Centro Fotografia are all nearby and align with t",False,1.4908132553100586,success
040277121B6781,3,['Castelvecchio'],Casa Giulietta,"['Torre Lamberti', 'Centro Fotografia', 'Sighseeing', 'Museo Conte', 'Palazzo della Ragione']",Tomba Giulietta,"These points of interest are closest to Casa Giulietta and within a reasonable walking distance, making them the most likely next stops for tourists. The time is early afternoon, which suggests visito",False,1.5059242248535156,success
04023F121B6781,2,"['Arena', 'San Zeno', 'Castelvecchio', 'Tomba Giulietta', 'San Fermo', 'Casa Giulietta']",Torre Lamberti,"['Torre Lamberti', 'Palazzo della Ragione', 'Centro Fotografia', 'Museo Conte', 'Sighseeing']",Santa Anastasia,"The tourist is currently at Torre Lamberti and the next most likely destinations are nearby points of interest. Considering the time (15:42) which is later than usual, tourists might be looking for sh",False,2.1584906578063965,success
0402BB4A216281,1,"['Palazzo della Ragione', 'Torre Lamberti', 'Arena']",Castelvecchio,"['Casa Giulietta', 'Museo Miniscalchi', 'San Zeno', 'Verona Tour', 'Museo Lapidario']",Santa Anastasia,"These POIs are close to Castelvecchio and align with typical tourist interests in Verona, such as historical sites and museums.",False,1.0478966236114502,success
0402BA4A216281,6,"['Arena', 'Duomo']",Casa Giulietta,"['Torre Lamberti', 'Centro Fotografia', 'Sighseeing', 'Museo Conte', 'Palazzo della Ragione']",Torre Lamberti,"These points of interest are closest to Casa Giulietta and are within a reasonable walking distance. They also align with typical tourist patterns, offering both cultural and photographic opportunitie",True,1.3750522136688232,success
0402B9121B6781,2,"['Casa Giulietta', 'Palazzo della Ragione', 'Torre Lamberti', 'Teatro Romano', 'Arena', 'Castelvecchio']",San Fermo,"['Tomba Giulietta', 'Museo Storia', 'Centro Fotografia', 'Verona Tour', 'Museo Conte']",San Zeno,These POIs are close to San Fermo and align with the typical tourist pattern of visiting related attractions like Juliet's Tomb. The Museums and Verona Tour offer additional insights into the city's h,False,1.691248893737793,success
0402C3121B6781,3,['Casa Giulietta'],Arena,"['Arena', 'Verona Tour', 'Museo Lapidario', 'Castelvecchio', 'Tomba Giulietta']",Castelvecchio,"The tourist is currently at the Arena and has just visited Casa Giulietta. Given the short distances, these locations are likely to be of interest next. The Arena might be a natural progression for to",True,1.3667006492614746,success
0402C4121B6781,3,['Palazzo della Ragione'],Casa Giulietta,"['Torre Lamberti', 'Centro Fotografia', 'Sighseeing', 'Museo Conte', 'Museo Radio']",Arena,"These points of interest are closest to Casa Giulietta and align with typical tourist patterns, offering a mix of cultural and photographic experiences.",False,1.3130884170532227,success
0402C5121B6781,3,['Arena'],Casa Giulietta,"['Torre Lamberti', 'Centro Fotografia', 'Sighseeing', 'Museo Conte', 'Palazzo della Ragione']",Casa Giulietta,"These points of interest are closest to Casa Giulietta and within a reasonable walking distance. They also align with typical tourist patterns, offering both cultural and photographic opportunities.",False,1.3373937606811523,success
0402D4121B6781,2,"['Santa Anastasia', 'Duomo', 'Casa Giulietta', 'Arena', 'Castelvecchio']",San Zeno,"['Arena', 'San Zeno', 'Verona Tour', 'Museo Lapidario', 'Palazzo della Ragione']",San Fermo,"The tourist is likely to continue visiting major landmarks like the Arena and San Zeno. The nearby POIs 'Verona Tour' and cultural museums might also be of interest, given the time context and proximi",False,1.381359338760376,success
0402C7121B6781,6,"['Arena', 'Torre Lamberti']",Duomo,"['Duomo', 'Santa Anastasia', 'Teatro Romano', 'Palazzo della Ragione', 'Casa Giulietta']",Castelvecchio,"The tourist is currently at the Duomo and has visited nearby significant landmarks like Arena and Torre Lamberti. Given the time (12:05), they might want to explore more historical sites in the vicini",False,1.6317636966705322,success
0402F4121B6781,1,"['Arena', 'Santa Anastasia', 'Casa Giulietta', 'Torre Lamberti']",San Fermo,"['Tomba Giulietta', 'Museo Storia', 'Palazzo della Ragione', 'Verona Tour', 'Centro Fotografia']",Castelvecchio,"These POIs are close to the current location and align with typical tourist interests in Verona, such as historical and cultural sites.",False,1.1725523471832275,success
0402D44A216281,1,"['Palazzo della Ragione', 'Torre Lamberti']",Arena,"['Casa Giulietta', 'Arena', 'Verona Tour', 'Museo Lapidario', 'San Fermo']",Tomba Giulietta,"The tourist is likely to visit Casa Giulietta due to its popularity, and the Arena is nearby. Verona Tour could be for a guided tour, while Museo Lapidario and San Fermo are close by.",False,1.350400686264038,success
0402CC4A216281,1,"['Casa Giulietta', 'Torre Lamberti']",Arena,"['Arena', 'Verona Tour', 'Museo Lapidario', 'Castelvecchio', 'Tomba Giulietta']",Castelvecchio,"The tourist is currently at the Arena, which is a major attraction in Verona. Given the time (12:14), they might be looking for something to do nearby. The suggested POIs are within reasonable walking",True,1.5211730003356934,success
0402E0121B6781,0,"['Arena', 'Museo Lapidario', 'Castelvecchio', 'Palazzo della Ragione', 'Casa Giulietta', 'Duomo', 'Tomba Giulietta', 'Museo Storia', 'San Fermo']",Torre Lamberti,"['Torre Lamberti', 'Sighseeing', 'Centro Fotografia', 'Museo Conte', 'AMO']",Santa Anastasia,"The tourist is currently at Torre Lamberti and the next likely destination would be other nearby points of interest. Given the time context, tourists often explore multiple sites in a short period.",False,1.3202338218688965,success
0402D14A216281,3,"['Casa Giulietta', 'Teatro Romano']",Santa Anastasia,"['Duomo', 'Palazzo della Ragione', 'Teatro Romano', 'Giardino Giusti', 'Museo Conte']",Arena,"The time is early evening, making the Duomo and Palazzo suitable for a short visit. The Teatro Romano was already visited but might be revisited due to its popularity. Nearby attractions like Giardino",False,1.7743113040924072,success
0402F44A216281,3,['Arena'],Casa Giulietta,"['Torre Lamberti', 'Centro Fotografia', 'Sighseeing', 'Museo Conte', 'Palazzo della Ragione']",Castelvecchio,"These points of interest are closest to Casa Giulietta and within a reasonable walking distance. They also align with typical tourist patterns, offering both cultural and photographic opportunities.",False,1.293590784072876,success
0402DB121B6781,0,"['Castelvecchio', 'Casa Giulietta', 'Torre Lamberti', 'Santa Anastasia', 'Duomo', 'Arena']",Museo Lapidario,"['Arena', 'San Fermo', 'Palazzo della Ragione', 'Verona Tour', 'Museo Miniscalchi']",San Zeno,"The tourist is likely to continue visiting major landmarks like the Arena, which is a popular attraction in Verona. San Fermo and Palazzo della Ragione are also significant historical sites. The nearb",False,1.8171920776367188,success
040301121B6785,2,"['Casa Giulietta', 'Arena', 'San Zeno', 'Castelvecchio']",Torre Lamberti,"['Torre Lamberti', 'San Zeno', 'Arena', 'Palazzo della Ragione', 'Centro Fotografia']",Teatro Romano,"The tourist is currently at Torre Lamberti and the next likely destinations are nearby points of interest. San Zeno, Arena, Palazzo della Ragione, and Centro Fotografia are all within a short walking ",False,1.575782299041748,success
0403174A216285,3,"['Arena', 'San Fermo']",Torre Lamberti,"['Casa Giulietta', 'Museo Conte', 'Palazzo della Ragione', 'Arena', 'San Fermo']",Santa Anastasia,"These POIs are close to the current location and align with typical tourist interests in Verona, such as historical and cultural sites.",False,1.1862266063690186,success
04030D4A216285,6,"['Arena', 'Casa Giulietta', 'Torre Lamberti', 'Santa Anastasia']",Duomo,"['Duomo', 'Teatro Romano', 'Palazzo della Ragione', 'Museo Miniscalchi', 'AMO']",Teatro Romano,"The tourist is currently at the Duomo and has visited several historical sites. Given the time (13:48), they might want to continue exploring nearby attractions like the Teatro Romano, Palazzo della R",True,1.5220425128936768,success
04030B4A216285,2,"['Arena', 'Casa Giulietta']",Duomo,"['Duomo', 'Teatro Romano', 'Palazzo della Ragione', 'Museo Miniscalchi', 'Santa Anastasia']",San Zeno,"The tourist is currently at the Duomo and the nearest points of interest are Teatro Romano, Palazzo della Ragione, Museo Miniscalchi, and Santa Anastasia. These locations are within a short walking di",False,1.6192002296447754,success
04033A121B6781,1,"['Arena', 'Castelvecchio', 'Torre Lamberti']",Palazzo della Ragione,"['Santa Anastasia', 'Museo Conte', 'AMO', 'Casa Giulietta', 'Duomo']",Casa Giulietta,"These POIs are close to the current location and align with typical tourist interests in Verona, such as historical sites and cultural museums.",True,1.1150472164154053,success
04032F4A216285,3,"['Arena', 'Casa Giulietta']",Torre Lamberti,"['Centro Fotografia', 'Museo Conte', 'Palazzo della Ragione', 'Sighseeing', 'Arena']",Santa Anastasia,"These POIs are relatively close to Torre Lamberti, making them convenient for a short walk. The time is early afternoon, which might be suitable for photography or light museum visits.",False,1.2664117813110352,success
040339121B6781,0,"['Museo Lapidario', 'Tomba Giulietta', 'San Fermo']",Torre Lamberti,"['Casa Giulietta', 'Museo Conte', 'San Fermo', 'Palazzo della Ragione', 'Sighseeing']",Duomo,"These POIs are closest to Torre Lamberti and align with typical tourist patterns, including nearby attractions like Casa Giulietta and historical sites such as Museo Conte.",False,1.2568516731262207,success
04032A121B6781,3,"['Arena', 'Casa Giulietta']",Castelvecchio,"['Museo Lapidario', 'Verona Tour', 'Torre Lamberti', 'San Zeno', 'Palazzo della Ragione']",Teatro Romano,"These points of interest are relatively close to Castelvecchio, making them convenient for a quick visit. The time is early evening, which might allow for multiple stops before sunset.",False,1.4082152843475342,success
04033D4A216285,4,"['Arena', 'Casa Giulietta']",Palazzo della Ragione,"['Museo Conte', 'AMO', 'Torre Lamberti', 'Santa Anastasia', 'Duomo']",Museo Storia,"These points of interest are closest to Palazzo della Ragione and align with typical tourist patterns, considering the time context.",False,1.0130879878997803,success
04033B4A216285,3,"['Arena', 'Castelvecchio']",Casa Giulietta,"['Torre Lamberti', 'Centro Fotografia', 'Sighseeing', 'Museo Conte', 'Palazzo della Ragione']",Teatro Romano,"These points of interest are closest to Casa Giulietta and are within a reasonable walking distance. They also align with typical tourist patterns, offering both historical and cultural attractions.",False,1.3088047504425049,success
040331121B6781,0,"['Castelvecchio', 'Museo Lapidario', 'Tomba Giulietta']",Arena,"['Casa Giulietta', 'Arena', 'Verona Tour', 'Torre Lamberti', 'San Fermo']",Casa Giulietta,"The tourist is likely to visit Casa Giulietta next due to its proximity and popularity. The Arena, being nearby and a significant attraction, is also probable. Verona Tour could be chosen for guided t",True,1.6013071537017822,success
04033C4A216285,3,['Casa Giulietta'],Arena,"['Arena', 'Verona Tour', 'Museo Lapidario', 'Castelvecchio', 'Tomba Giulietta']",Castelvecchio,"The tourist is currently at the Arena and has recently visited Casa Giulietta. Given the time context, these nearby points of interest are likely to be of interest due to their proximity and relevance",True,1.5909020900726318,success
040364121B6781,6,"['Arena', 'Torre Lamberti', 'Santa Anastasia']",Palazzo della Ragione,"['AMO', 'Museo Conte', 'Centro Fotografia']",Duomo,"These points of interest are closest to Palazzo della Ragione and align with typical tourist patterns, focusing on nearby cultural attractions.",False,1.0351464748382568,success
040379121B6781,6,"['Arena', 'Santa Anastasia', 'Duomo']",Torre Lamberti,"['Casa Giulietta', 'Duomo', 'Arena', 'Palazzo della Ragione', 'Museo Conte']",San Fermo,"These POIs are close to the current location and align with typical tourist interests in Verona, including historical and cultural sites.",False,1.260200023651123,success
040342121B6781,4,['Museo Storia'],San Fermo,"['Casa Giulietta', 'Arena', 'Torre Lamberti', 'Museo Conte', 'Palazzo della Ragione']",Duomo,"These points of interest are close to the current location and align with common tourist interests in Verona, such as visiting famous landmarks associated with Romeo and Juliet (Casa Giulietta) and hi",False,1.5335896015167236,success
040361121B6781,3,['Santa Anastasia'],Arena,"['Arena', 'Verona Tour', 'Museo Lapidario', 'Casa Giulietta', 'San Fermo']",Castelvecchio,"The tourist is currently at the Arena and has recently visited Santa Anastasia. The next likely stops are nearby points of interest such as Verona Tour, Museo Lapidario, Casa Giulietta, and San Fermo,",False,1.4256622791290283,success
040389121B6781,0,"['Casa Giulietta', 'Tomba Giulietta', 'Arena', 'Museo Lapidario', 'Castelvecchio']",Torre Lamberti,"['Torre Lamberti', 'Palazzo della Ragione', 'Centro Fotografia', 'Museo Conte', 'Sighseeing']",Santa Anastasia,"The tourist is currently at Torre Lamberti and the next most likely destinations are nearby points of interest. Considering the time (15:18) which is close to the usual visiting hours, tourists typica",False,1.3558077812194824,success
040360121B6781,1,"['Castelvecchio', 'Arena', 'Torre Lamberti', 'Palazzo della Ragione', 'Casa Giulietta', 'Tomba Giulietta']",Teatro Romano,"['Arena', 'Santa Anastasia', 'Duomo', 'Teatro Romano', 'Giardino Giusti']",Duomo,"The tourist is likely to continue visiting major landmarks and attractions in the city center. The Arena, being a significant historical site, is highly probable. Santa Anastasia and Duomo are close b",True,1.6100199222564697,success
0403AD4A216281,1,"['Arena', 'Arena', 'Castelvecchio']",Casa Giulietta,"['Torre Lamberti', 'Centro Fotografia', 'Museo Conte', 'Palazzo della Ragione', 'San Fermo']",Torre Lamberti,These POIs are closest to Casa Giulietta and align with typical tourist patterns of exploring nearby landmarks and cultural sites.,True,1.1172654628753662,success
04035F121B6781,6,"['Arena', 'Casa Giulietta', 'Santa Anastasia']",Duomo,"['Duomo', 'Teatro Romano', 'Palazzo della Ragione', 'Museo Miniscalchi', 'AMO']",Castelvecchio,"The tourist is currently at the Duomo and has visited other major attractions like Arena, Casa Giulietta, and Santa Anastasia. Given the time context and distances, the next likely stops would be near",False,1.7340004444122314,success
040362121B6781,6,"['Torre Lamberti', 'Arena', 'Casa Giulietta']",Duomo,"['Duomo', 'Teatro Romano', 'Palazzo della Ragione', 'Museo Miniscalchi', 'Arena']",Santa Anastasia,"The tourist is currently at the Duomo and has visited other major landmarks like Torre Lamberti, Arena, and Casa Giulietta. Given the time (15:48) and proximity of other significant sites such as Teat",False,1.936290979385376,success
040391121B6781,3,"['Arena', 'Casa Giulietta']",Teatro Romano,"['Duomo', 'Arena', 'Teatro Romano', 'Santa Anastasia', 'Palazzo della Ragione']",Torre Lamberti,"Given the time (Sat 15:23) and proximity, tourists are likely to visit major landmarks like Duomo and Arena. The Teatro Romano is already visited but might be revisited for a longer stay or photos. Ne",False,1.7080650329589844,success
040392121B6781,6,"['Arena', 'Casa Giulietta', 'Torre Lamberti', 'Palazzo della Ragione']",Teatro Romano,"['Duomo', 'Santa Anastasia', 'Teatro Romano', 'Giardino Giusti', 'Museo Conte']",Duomo,"The current location is near the Teatro Romano, and considering the time (14:01), tourists might be looking for nearby attractions. The Duomo and Santa Anastasia are popular churches in Verona, while ",True,1.7511274814605713,success
0403AF4A216281,1,"['Casa Giulietta', 'Torre Lamberti', 'Palazzo della Ragione']",Arena,"['Arena', 'Verona Tour', 'Museo Lapidario', 'Castelvecchio', 'Tomba Giulietta']",Castelvecchio,"The tourist is currently at the Arena, which is a major attraction in Verona. Given the time (13:21), they might be looking for something to do nearby. The suggested POIs are within reasonable walking",True,1.5287628173828125,success
0403B9121B6781,3,['Casa Giulietta'],Tomba Giulietta,"['Tomba Giulietta', 'Arena', 'San Fermo', 'Museo Storia', 'Castelvecchio']",Arena,"The tourist is likely to continue exploring Juliet-related sites and historical landmarks, with proximity being a key factor. The Arena is also a popular destination for tourists in Verona.",True,1.1322541236877441,success
0403BA4A216281,3,['Arena'],Casa Giulietta,"['Torre Lamberti', 'Centro Fotografia', 'Sighseeing', 'Museo Conte', 'Palazzo della Ragione']",Torre Lamberti,"These POIs are closest to Casa Giulietta and align with typical tourist patterns, offering a mix of historical and cultural attractions.",True,1.1360008716583252,success
0403B4121B6781,3,"['Arena', 'Tomba Giulietta']",Casa Giulietta,"['Torre Lamberti', 'Centro Fotografia', 'Sighseeing', 'Museo Conte', 'Palazzo della Ragione']",Castelvecchio,"These points of interest are close to Casa Giulietta, making them easily accessible for a short visit. The time is early afternoon, which might be suitable for shorter stops.",False,1.4318127632141113,success
0403C5121B6781,6,"['Arena', 'Duomo']",Castelvecchio,"['Castelvecchio', 'Museo Lapidario', 'Verona Tour', 'San Zeno', 'Casa Giulietta']",San Fermo,"The tourist is currently at Castelvecchio and the next likely destinations are nearby points of interest, considering the time context and typical tourist behavior.",False,1.1439809799194336,success
0403B5121B6781,1,['Casa Giulietta'],Palazzo della Ragione,"['Palazzo della Ragione', 'Torre Lamberti', 'Museo Conte', 'Santa Anastasia', 'AMO']",Torre Lamberti,"The tourist is currently at Palazzo della Ragione and the next most likely destinations are nearby points of interest. Given the short distances, these locations are within a reasonable walking distan",True,1.5066909790039062,success
0403C4121B6781,1,['Palazzo della Ragione'],Arena,"['Arena', 'Verona Tour', 'Museo Lapidario', 'Casa Giulietta', 'San Fermo']",Castelvecchio,"The tourist is currently at the Arena and it's earlier in their visit than usual. Given the short distances, these nearby points of interest are likely to be visited next based on common tourist patte",False,1.3125414848327637,success
0403C3121B6781,3,['Casa Giulietta'],Arena,"['Arena', 'Verona Tour', 'Museo Lapidario', 'Castelvecchio', 'Tomba Giulietta']",Castelvecchio,"The tourist is currently at the Arena and has recently visited Casa Giulietta. Given the short distances, these locations are likely to be of interest. The Arena might be a natural next stop for those",True,1.6995863914489746,success
0403BB4A216281,6,"['Palazzo della Ragione', 'Torre Lamberti', 'Arena', 'Duomo']",Castelvecchio,"['Castelvecchio', 'Museo Lapidario', 'Verona Tour', 'Casa Giulietta', 'San Zeno']",Santa Anastasia,"The tourist is currently at Castelvecchio and it's a popular site to visit. The next likely stops are nearby points of interest such as Museo Lapidario, Verona Tour, Casa Giulietta, and San Zeno, cons",False,1.808783769607544,success
0403E0121B6781,3,['Arena'],Palazzo della Ragione,"['Arena', 'Santa Anastasia', 'Museo Conte', 'Torre Lamberti', 'AMO']",Casa Giulietta,"The tourist is likely to visit nearby attractions based on their proximity and the fact that they have already visited Arena. The time context suggests there is still enough daylight for sightseeing, ",False,1.2239532470703125,success
0403F44A216281,3,['Arena'],Casa Giulietta,"['Torre Lamberti', 'Centro Fotografia', 'Sighseeing', 'Museo Conte', 'Palazzo della Ragione']",Castelvecchio,"These points of interest are closest to Casa Giulietta and are within a reasonable walking distance. They also align with typical tourist patterns, offering both cultural and photographic opportunitie",False,1.0663588047027588,success
0403C8121B6781,2,"['Castelvecchio', 'San Zeno']",Torre Lamberti,"['Casa Giulietta', 'San Zeno', 'Palazzo della Ragione', 'Museo Conte', 'Torre dei Lamberti']",Arena,"These POIs are close to the current location and align with typical tourist patterns, including nearby attractions like Casa Giulietta and historical sites such as San Zeno and Palazzo della Ragione.",False,1.4971082210540771,success
0403DB121B6781,0,"['Torre Lamberti', 'Casa Giulietta', 'San Fermo', 'Arena', 'Museo Lapidario', 'Castelvecchio', 'San Zeno', 'Teatro Romano']",Santa Anastasia,"['Duomo', 'San Zeno', 'Teatro Romano', 'Palazzo della Ragione', 'Centro Fotografia']",Duomo,"These POIs are within a reasonable walking distance from Santa Anastasia and align with the typical tourist pattern of visiting multiple landmarks in Verona, including religious sites and historical b",True,1.4261059761047363,success
040401121B6785,2,"['Casa Giulietta', 'Arena', 'San Zeno', 'Castelvecchio']",Torre Lamberti,"['Centro Fotografia', 'Museo Conte', 'Palazzo della Ragione']",Teatro Romano,"These locations are close to Torre Lamberti and align with typical tourist patterns, offering a mix of cultural and photographic interests.",False,1.0437884330749512,success
0404044A216285,1,['Castelvecchio'],Casa Giulietta,"['Torre Lamberti', 'Centro Fotografia', 'Sighseeing', 'Museo Conte', 'Palazzo della Ragione']",Palazzo della Ragione,"These points of interest are closest to Casa Giulietta and align with typical tourist patterns, offering a mix of historical and cultural attractions within walking distance.",True,1.131169080734253,success
0403FF4A216281,3,['Arena'],Casa Giulietta,"['Torre Lamberti', 'Centro Fotografia', 'Sighseeing', 'Museo Conte', 'Palazzo della Ragione']",Torre Lamberti,"These points of interest are closest to Casa Giulietta and within a reasonable walking distance, making them the most likely next stops for tourists. The time context suggests they might be looking fo",True,1.5955665111541748,success
0404174A216285,3,"['Arena', 'San Fermo']",Torre Lamberti,"['Casa Giulietta', 'Museo Conte', 'Palazzo della Ragione', 'Sighseeing', 'Centro Fotografia']",Santa Anastasia,"These points of interest are close to the current location and align with typical tourist patterns, including nearby attractions like Casa Giulietta and Museo Conte.",False,1.2936034202575684,success
04040D4A216285,6,"['Arena', 'Casa Giulietta', 'Torre Lamberti', 'Santa Anastasia']",Duomo,"['Duomo', 'Teatro Romano', 'Palazzo della Ragione', 'Museo Miniscalchi', 'AMO']",Teatro Romano,"The tourist is currently at the Duomo and it's a popular site. Given the time, they might want to continue their visit nearby. The other suggested POIs are within reasonable walking distance and align",True,1.4186022281646729,success
04042B121B6781,3,['Arena'],Casa Giulietta,"['Torre Lamberti', 'Centro Fotografia', 'Sighseeing', 'Museo Conte', 'Palazzo della Ragione']",Santa Anastasia,"These points of interest are closest to Casa Giulietta and within a reasonable walking distance. They also align with typical tourist patterns, offering both cultural and photographic opportunities.",False,1.1961479187011719,success
040449121B6781,3,['Arena'],Castelvecchio,"['Museo Lapidario', 'Verona Tour', 'San Zeno', 'Casa Giulietta', 'Torre Lamberti']",Casa Giulietta,These POIs are closest to Castelvecchio and align with typical tourist patterns of visiting multiple attractions in a day.,True,1.012294054031372,success
04044A4A216285,2,"['Arena', 'Casa Giulietta', 'Torre Lamberti']",San Zeno,"['Castelvecchio', 'Museo Lapidario', 'Palazzo della Ragione', 'Duomo', 'Centro Fotografia']",Tomba Giulietta,"These POIs are relatively close to San Zeno and align with typical tourist interests in Verona, such as historical and cultural sites.",False,1.2310163974761963,success
040411121B6781,3,['Casa Giulietta'],Arena,"['Arena', 'Verona Tour', 'Museo Lapidario', 'Castelvecchio', 'Tomba Giulietta']",Teatro Romano,"The tourist is currently at the Arena and has recently visited Casa Giulietta. Given the time context (earlier in the day), they are likely to visit nearby attractions before the usual visiting hours ",False,1.8485453128814697,success
04043A121B6781,3,"['Casa Giulietta', 'Tomba Giulietta']",Arena,"['Arena', 'Verona Tour', 'Museo Lapidario', 'Castelvecchio', 'Torre Lamberti']",Torre Lamberti,"The tourist is likely to stay in the area due to proximity and time. The Arena, Verona Tour, Museo Lapidario, Castelvecchio, and Torre Lamberti are all popular attractions within a short walking dista",True,1.3934993743896484,success
040461121B6781,3,['Santa Anastasia'],Arena,"['Arena', 'Verona Tour', 'Museo Lapidario', 'Casa Giulietta', 'San Fermo']",Castelvecchio,"The tourist is currently at the Arena and has recently visited Santa Anastasia. Given the short distances to other nearby points of interest, these are likely to be the next stops based on typical tou",False,1.2451329231262207,success
040431121B6781,6,"['Castelvecchio', 'Tomba Giulietta', 'Casa Giulietta', 'Torre Lamberti', 'Arena']",Duomo,"['Duomo', 'Santa Anastasia', 'Teatro Romano', 'Palazzo della Ragione', 'Museo Conte']",Santa Anastasia,"The tourist is currently at the Duomo and has visited several historical sites. Given the time (14:11), they are likely to visit nearby attractions like Santa Anastasia, Teatro Romano, Palazzo della R",True,1.684709072113037,success
04045B121B6781,2,"['Arena', 'Torre Lamberti']",San Fermo,"['Casa Giulietta', 'Museo Storia', 'Palazzo della Ragione', 'Verona Tour', 'Tomba Giulietta']",San Zeno,"These POIs are close to the current location and align with typical tourist interests in Verona, such as visiting famous landmarks associated with Romeo and Juliet.",False,1.4950425624847412,success
040489121B6781,0,['Arena'],Museo Lapidario,"['Castelvecchio', 'Verona Tour', 'San Fermo', 'Casa Giulietta', 'Tomba Giulietta']",Castelvecchio,"These POIs are relatively close to the current location and are popular tourist attractions in Verona, aligning with typical visitor patterns.",True,1.0660429000854492,success
040435121B6781,6,"['Arena', 'Santa Anastasia', 'Duomo', 'Casa Giulietta', 'Torre Lamberti', 'San Fermo']",Tomba Giulietta,"['Tomba Giulietta', 'Museo Storia', 'Museo Lapidario', 'Verona Tour', 'Centro Fotografia']",Castelvecchio,"The tourist is currently at Tomba Giulietta, which is related to the theme of Verona's famous landmarks. The nearby Museo Storia and Museo Lapidario are also relevant to the historical context. Verona",False,2.1452157497406006,success
040492121B6781,1,"['Arena', 'Torre Lamberti', 'Casa Giulietta']",San Fermo,"['Tomba Giulietta', 'Museo Storia', 'Palazzo della Ragione', 'Verona Tour', 'Centro Fotografia']",Castelvecchio,"These POIs are close to the current location and align with typical tourist interests in Verona, such as historical and cultural attractions.",False,1.4086482524871826,success
0404B4121B6781,0,"['Arena', 'Castelvecchio', 'Museo Lapidario', 'Casa Giulietta', 'Palazzo della Ragione']",Torre Lamberti,"['Torre Lamberti', 'Arena', 'Casa Giulietta', 'Duomo', 'Teatro Romano']",Santa Anastasia,"The tourist is currently at Torre Lamberti and the next likely destination would be nearby points of interest. The Arena, Casa Giulietta, Duomo, and Teatro Romano are popular sites that tourists often",False,1.3226592540740967,success
040490121B6781,6,"['Arena', 'Torre Lamberti', 'Casa Giulietta', 'Santa Anastasia']",Duomo,"['Duomo', 'Teatro Romano', 'Palazzo della Ragione', 'Museo Miniscalchi', 'AMO']",Castelvecchio,"The tourist is currently at the Duomo and it's a popular site to visit. Given the time context, they might continue their exploration in nearby historical sites like Teatro Romano and Palazzo della Ra",False,1.7397847175598145,success
0404AF4A216281,1,"['Casa Giulietta', 'Torre Lamberti', 'Palazzo della Ragione']",Arena,"['Arena', 'Verona Tour', 'Museo Lapidario', 'Castelvecchio', 'Tomba Giulietta']",Castelvecchio,"The tourist is currently at the Arena, which is a major attraction in Verona. Given the time (13:21), they might be looking for something to do nearby. The suggested POIs are within reasonable walking",True,1.4958984851837158,success
0404C5121B6781,6,"['Arena', 'Casa Giulietta', 'Torre Lamberti']",Castelvecchio,"['Museo Lapidario', 'Verona Tour', 'San Zeno', 'Palazzo della Ragione', 'Centro Fotografia']",Duomo,These POIs are closest to Castelvecchio and align with typical tourist patterns of exploring nearby cultural sites after visiting historical landmarks.,False,1.141319751739502,success
0404B5121B6781,3,"['Casa Giulietta', 'Arena']",Torre Lamberti,"['Centro Fotografia', 'Museo Conte', 'Palazzo della Ragione', 'AMO', 'Museo Miniscalchi']",San Fermo,"These points of interest are relatively close to Torre Lamberti, making them convenient for a short walk. They also offer cultural experiences that tourists often seek in Verona.",False,1.3711576461791992,success
0404C8121B6781,2,"['Castelvecchio', 'San Zeno']",Torre Lamberti,"['Casa Giulietta', 'San Zeno', 'Palazzo della Ragione', 'Museo Conte', 'Torre dei Lamberti']",Arena,"The tourist is likely to visit nearby attractions such as Casa Giulietta and San Zeno, which are popular stops. Palazzo della Ragione and Museo Conte are also close by and well-visited sites. Torre de",False,1.6114258766174316,success
0404C94A216281,6,"['Arena', 'Casa Giulietta', 'Torre Lamberti']",Santa Anastasia,"['Duomo', 'Teatro Romano', 'Palazzo della Ragione', 'Museo Conte', 'AMO']",Duomo,The tourist is likely to choose nearby points of interest that are slightly further than the current location but still within a reasonable walking distance. The Duomo and Teatro Romano are popular de,True,1.5163702964782715,success
0404CD121B6781,6,"['Arena', 'San Fermo']",Duomo,"['San Fermo', 'Arena', 'Duomo', 'Teatro Romano', 'Palazzo della Ragione']",Torre Lamberti,"The tourist is likely to continue exploring nearby historical and cultural sites, given the short distances between them. The Arena and Duomo are already visited, so San Fermo and other nearby attract",False,1.600980520248413,success
0404C2121B6781,1,"['Casa Giulietta', 'Santa Anastasia', 'Arena', 'Torre Lamberti', 'Palazzo della Ragione']",Castelvecchio,"['Castelvecchio', 'Museo Lapidario', 'Verona Tour', 'San Zeno', 'Tomba Giulietta']",San Fermo,"The tourist is likely to continue exploring historical and cultural sites in Verona. Castelvecchio is the current location, so it's a natural next step. Museo Lapidario and San Zeno are nearby and rel",False,2.103262424468994,success
0404D5121B6781,6,"['Arena', 'Santa Anastasia', 'Castelvecchio', 'Torre Lamberti', 'San Fermo', 'Casa Giulietta', 'Duomo']",Teatro Romano,"['Teatro Romano', 'AMO', 'Palazzo della Ragione', 'Museo Conte', 'Giardino Giusti']",Tomba Giulietta,"The tourist is currently at the Teatro Romano, which is a significant historical site. Given the time context and distances to nearby points of interest, the next likely destinations are AMO, Palazzo ",False,1.6630244255065918,success
0404D64A216281,1,"['Arena', 'Casa Giulietta', 'Tomba Giulietta']",Castelvecchio,"['Castelvecchio', 'Museo Lapidario', 'Verona Tour', 'San Zeno', 'Palazzo della Ragione']",Castelvecchio,"The tourist is currently at Castelvecchio and the next likely destinations are nearby points of interest. Considering the time, these locations are within a reasonable walking distance and align with ",True,1.3597545623779297,success
0404D8121B6781,1,"['Casa Giulietta', 'Torre Lamberti', 'Palazzo della Ragione', 'Arena']",Santa Anastasia,"['Santa Anastasia', 'Duomo', 'Teatro Romano', 'Museo Conte', 'AMO']",Teatro Romano,"The tourist is currently at Santa Anastasia and the closest points of interest are Duomo, Teatro Romano, Museo Conte, AMO. These locations align with typical tourist patterns in Verona.",True,1.3348407745361328,success
0404F4121B6781,3,['Arena'],Torre Lamberti,"['Casa Giulietta', 'Museo Conte', 'Palazzo della Ragione', 'Arena', 'Centro Fotografia']",Casa Giulietta,"These POIs are close to the current location and align with typical tourist interests in Verona, such as historical and cultural sites.",True,1.1081688404083252,success
0404DC4A216281,3,['Casa Giulietta'],Arena,"['Arena', 'Verona Tour', 'Museo Lapidario', 'Castelvecchio', 'Tomba Giulietta']",Tomba Giulietta,"The tourist is currently at the Arena and has recently visited Casa Giulietta. Given the proximity of other related sites, these are likely to be of interest next.",True,1.3125109672546387,success
0404DF121B6781,4,"['Arena', 'Torre Lamberti', 'Duomo', 'Casa Giulietta', 'Museo Storia']",Castelvecchio,"['Castelvecchio', 'Museo Storia', 'Arena', 'Duomo', 'Torre Lamberti']",Santa Anastasia,"The tourist is currently at Castelvecchio and has already visited the main attractions like Arena, Duomo, Casa Giulietta. The nearby Museo Storia is also a logical next step given its proximity.",False,1.3009085655212402,success
0404F64A216281,3,['Casa Giulietta'],Palazzo della Ragione,"['Torre Lamberti', 'Museo Conte', 'Santa Anastasia', 'Duomo', 'Teatro Romano']",Arena,"These POIs are relatively close to Palazzo della Ragione and align with typical tourist interests in Verona, such as historical landmarks and cultural sites.",False,1.2670373916625977,success
0404E4121B6781,2,"['Tomba Giulietta', 'Santa Anastasia', 'Casa Giulietta']",Castelvecchio,"['Arena', 'Museo Lapidario', 'Verona Tour', 'San Zeno', 'Torre Lamberti']",San Zeno,"The Arena is a popular tourist attraction in Verona, and it's the closest major landmark. The Museo Lapidario and Verona Tour are also nearby and likely to be of interest to tourists. San Zeno and Tor",True,1.6937997341156006,success
040501121B6785,1,['Casa Giulietta'],Torre Lamberti,"['Centro Fotografia', 'Museo Conte', 'Palazzo della Ragione', 'Sighseeing']",Palazzo della Ragione,These POIs are closest to Torre Lamberti and align with typical tourist patterns of exploring nearby cultural attractions.,True,0.8990542888641357,success
0404FE4A216281,3,['Casa Giulietta'],Torre Lamberti,"['Centro Fotografia', 'Museo Conte', 'Palazzo della Ragione', 'Sighseeing', 'Torre Lamberti']",Arena,"These POIs are close to the current location and align with typical tourist patterns, offering a mix of cultural and photographic interests.",False,1.2080013751983643,success
0404FF4A216281,3,['Arena'],Casa Giulietta,"['Torre Lamberti', 'Centro Fotografia', 'Sighseeing', 'Museo Conte', 'Palazzo della Ragione']",Castelvecchio,"These points of interest are closest to Casa Giulietta and within a reasonable walking distance. They also align with typical tourist patterns, offering both cultural and photographic opportunities.",False,1.3654651641845703,success
04050D4A216285,0,"['Teatro Romano', 'Museo Storia', 'San Fermo', 'Casa Giulietta', 'Arena']",Tomba Giulietta,"['Tomba Giulietta', 'Arena', 'Casa Giulietta', 'Museo Storia']",Museo Lapidario,"The tourist is likely to continue visiting related sites, such as the tomb and other Shakespeare-related locations. The Arena is a popular site for tourists in Verona.",False,0.9787018299102783,success
04050D121B6781,0,"['Torre Lamberti', 'Palazzo della Ragione', 'Arena']",Museo Lapidario,"['Castelvecchio', 'Verona Tour', 'Museo Radio', 'San Fermo', 'Casa Giulietta']",Casa Giulietta,"These points of interest are within a reasonable walking distance and align with typical tourist patterns, including nearby attractions like the Arena which has already been visited.",True,1.205681562423706,success
04050C4A216285,6,"['Arena', 'Torre Lamberti', 'Casa Giulietta']",Santa Anastasia,"['Museo Conte', 'Palazzo della Ragione', 'Teatro Romano', 'Duomo', 'Centro Fotografia']",Duomo,"These points of interest are relatively close to Santa Anastasia and are popular tourist destinations in Verona, making them likely next stops based on typical tourist behavior and available time.",True,1.392636775970459,success
0405134A216285,1,"['Arena', 'Castelvecchio']",Torre Lamberti,"['Casa Giulietta', 'Museo Conte', 'Palazzo della Ragione', 'Arena', 'San Fermo']",Casa Giulietta,"These POIs are close to the current location and align with typical tourist interests in Verona, such as historical sites and attractions related to Romeo and Juliet.",True,1.2210543155670166,success
0405004A216285,6,"['Arena', 'Torre Lamberti']",Duomo,"['Duomo', 'Santa Anastasia', 'Teatro Romano', 'Palazzo della Ragione', 'AMO']",Casa Giulietta,"The tourist is currently at the Duomo and has visited nearby attractions like Arena and Torre Lamberti. Given the time (12:12), they are likely to explore more historical sites in the vicinity, such a",False,1.7476725578308105,success
040507121B6785,2,"['Arena', 'Casa Giulietta', 'San Zeno']",Torre Lamberti,"['Torre Lamberti', 'San Zeno', 'Arena', 'Palazzo della Ragione', 'Centro Fotografia']",Palazzo della Ragione,"The tourist is currently at Torre Lamberti and has already visited Arena, Casa Giulietta, and San Zeno. Given the time context (16:19), they are likely to move to nearby points of interest. Torre Lamb",True,2.064589738845825,success
04052D4A216285,4,"['Arena', 'Torre Lamberti', 'Museo Storia']",Teatro Romano,"['Santa Anastasia', 'Duomo', 'Palazzo della Ragione', 'Museo Conte', 'Giardino Giusti']",Santa Anastasia,"These POIs are relatively close to the Teatro Romano and are popular tourist destinations in Verona, aligning with typical visit patterns.",True,1.2231652736663818,success
0405214A216285,3,['Arena'],Torre Lamberti,"['Casa Giulietta', 'Museo Conte', 'Palazzo della Ragione', 'Arena', 'Centro Fotografia']",Casa Giulietta,"These POIs are close to the current location and align with typical tourist interests in Verona, such as visiting famous landmarks like Casa Giulietta and Museo Conte. Arena is a popular destination f",True,1.6536104679107666,success
04052E4A216285,1,"['Arena', 'Casa Giulietta']",Torre Lamberti,"['Museo Conte', 'Palazzo della Ragione', 'Centro Fotografia', 'Sighseeing', 'Arena']",Castelvecchio,"These POIs are within close proximity to Torre Lamberti and align with typical tourist patterns, including cultural and historical sites.",False,1.1590425968170166,success
040522121B6785,6,['Duomo'],Arena,"['Arena', 'Verona Tour', 'Casa Giulietta', 'Castelvecchio', 'Museo Lapidario']",Castelvecchio,"The tourist is currently at the Arena and has already visited the Duomo. Given the time (15:58), they might be looking for nearby attractions to visit before closing hours. The suggested POIs are with",True,1.45888352394104,success
0405164A216285,3,"['Arena', 'Torre Lamberti']",Teatro Romano,"['Duomo', 'Santa Anastasia', 'Palazzo della Ragione', 'Arena', 'Giardino Giusti']",Casa Giulietta,"These POIs are close to the current location and align with typical tourist interests in Verona, such as religious sites (Duomo, Santa Anastasia) and historical landmarks (Palazzo della Ragione, Arena",False,1.9160900115966797,success
040530121B6781,3,['Arena'],Castelvecchio,"['Museo Lapidario', 'Verona Tour', 'San Zeno', 'Casa Giulietta', 'Torre Lamberti']",Casa Giulietta,These POIs are closest to Castelvecchio and align with typical tourist patterns of exploring nearby historical sites and attractions.,True,1.0880708694458008,success
04052B121B6781,3,['Arena'],Casa Giulietta,"['Torre Lamberti', 'Centro Fotografia', 'Sighseeing', 'Museo Conte', 'Palazzo della Ragione']",Santa Anastasia,"These points of interest are closest to Casa Giulietta and within a reasonable walking distance, making them the most likely next stops for tourists. The time context suggests that visitors might want",False,1.4532251358032227,success
0405374A216285,0,"['Museo Lapidario', 'Castelvecchio']",Arena,"['Casa Giulietta', 'Arena', 'Verona Tour', 'Torre Lamberti', 'Sighseeing']",Palazzo della Ragione,"These POIs are either nearby or relevant to the current location, and they align with tourist patterns of visiting famous landmarks and attractions in Verona.",False,1.190643310546875,success
04053A121B6781,1,"['Arena', 'Palazzo della Ragione']",Torre Lamberti,"['Casa Giulietta', 'Museo Conte', 'Arena', 'Duomo', 'San Fermo']",Teatro Romano,"These locations are popular among tourists and are within a reasonable walking distance from Torre Lamberti. The time is early afternoon, making cultural sites more likely choices.",False,1.1172163486480713,success
04054C4A216285,2,"['Arena', 'Castelvecchio']",San Zeno,"['Casa Giulietta', 'Duomo', 'Palazzo della Ragione', 'Torre Lamberti', 'Verona Tour']",Santa Anastasia,"These POIs are close to the current location and are popular tourist attractions in Verona, aligning with typical visiting patterns.",False,1.1453630924224854,success
0405384A216285,2,"['Arena', 'Casa Giulietta', 'Santa Anastasia', 'Duomo']",Teatro Romano,"['Teatro Romano', 'AMO', 'Palazzo della Ragione', 'Museo Conte', 'Giardino Giusti']",San Zeno,"The tourist is currently at the Teatro Romano and it's later in the day. The next likely stops are nearby points of interest such as AMO, Palazzo della Ragione, Museo Conte, and Giardino Giusti, which",False,1.7817833423614502,success
04054D4A216285,1,"['Torre Lamberti', 'Palazzo della Ragione']",Castelvecchio,"['Arena', 'Museo Lapidario', 'Verona Tour', 'San Zeno', 'Casa Giulietta']",Arena,"The Arena is a popular tourist attraction close by, and other nearby museums and historical sites like Museo Lapidario, Verona Tour, San Zeno, Casa Giulietta are also likely to be of interest given th",True,1.4956095218658447,success
04055D121B6781,6,"['Arena', 'Casa Giulietta', 'Castelvecchio', 'Torre Lamberti']",Santa Anastasia,"['Santa Anastasia', 'Duomo', 'Palazzo della Ragione', 'Teatro Romano', 'Museo Conte']",Duomo,"The tourist is likely to continue exploring religious and historical sites in the city center. The short distances to Santa Anastasia, Duomo, Palazzo della Ragione, Teatro Romano, and Museo Conte make",True,1.4636435508728027,success
0405B54A216281,3,['Arena'],Casa Giulietta,"['Torre Lamberti', 'Centro Fotografia', 'Sighseeing', 'Museo Conte', 'Palazzo della Ragione']",Palazzo della Ragione,"These points of interest are closest to Casa Giulietta and within a reasonable walking distance, making them the most likely next stops for tourists. The time context suggests that visitors might want",True,1.395897626876831,success
0405B7121B6781,3,['Arena'],Casa Giulietta,"['Torre Lamberti', 'Centro Fotografia', 'Sighseeing', 'Museo Conte', 'Palazzo della Ragione']",Torre Lamberti,"These points of interest are closest to Casa Giulietta and within a reasonable walking distance. They also align with typical tourist patterns, offering both cultural and photographic opportunities.",True,1.2055599689483643,success
0405B84A216281,1,"['Arena', 'Castelvecchio', 'Torre Lamberti']",Santa Anastasia,"['Duomo', 'Palazzo della Ragione', 'Teatro Romano', 'Museo Conte', 'Centro Fotografia']",Casa Giulietta,"These POIs are within a reasonable walking distance from Santa Anastasia and align with typical tourist interests in Verona, such as historical and cultural sites.",False,1.0950658321380615,success
0405B64A216281,6,"['Arena', 'Casa Giulietta', 'Torre Lamberti', 'Duomo']",Teatro Romano,"['Teatro Romano', 'Santa Anastasia', 'Palazzo della Ragione', 'Museo Conte', 'Giardino Giusti']",Santa Anastasia,"The tourist is currently at the Teatro Romano and it's a popular site to visit in Verona. Given the time (15:29), they might want to explore nearby attractions before sunset. The suggested POIs are wi",True,1.5453872680664062,success
04058D121B6781,0,"['Santa Anastasia', 'Duomo', 'Torre Lamberti', 'Museo Lapidario']",Arena,"['Arena', 'Verona Tour', 'Casa Giulietta', 'San Fermo', 'Castelvecchio']",Tomba Giulietta,"The tourist is currently at the Arena and has already visited several historical sites. Given the time (16:13), they might be looking for a shorter visit or an experience, hence the nearby attractions",False,1.6560378074645996,success
04058F121B6781,3,['Castelvecchio'],Arena,"['Casa Giulietta', 'Arena', 'Verona Tour', 'Museo Lapidario', 'San Fermo']",Casa Giulietta,"The tourist is likely to visit Casa Giulietta due to its popularity and proximity. The Arena, being the next closest major attraction, is also a strong possibility. Verona Tour could be chosen for add",True,1.684302568435669,success
0405B5121B6781,4,"['Castelvecchio', 'Torre Lamberti', 'Santa Anastasia', 'Teatro Romano', 'San Zeno', 'San Fermo', 'Casa Giulietta']",Tomba Giulietta,"['Tomba Giulietta', 'Arena', 'Museo Storia', 'Palazzo della Ragione', 'Sighseeing']",Museo Storia,"The tourist is likely to continue the theme of visiting famous landmarks and attractions related to Verona's history. The Tomba Giulietta is a significant site for tourists, followed by nearby major a",True,1.7154569625854492,success
04055B121B6781,2,['Arena'],San Fermo,"['Casa Giulietta', 'Torre Lamberti', 'Museo Conte', 'Arena', 'Palazzo della Ragione']",San Zeno,"Given the current time (after 14:30) and proximity to the Arena, tourists are likely to visit well-known landmarks like Casa Giulietta and Torre Lamberti. Museo Conte is also a popular choice for cult",False,2.0409433841705322,success
0405B74A216281,0,['Museo Lapidario'],Casa Giulietta,"['Torre Lamberti', 'Centro Fotografia', 'Sighseeing', 'Museo Conte', 'Palazzo della Ragione']",Arena,"These points of interest are closest to Casa Giulietta and within a reasonable walking distance, making them the most likely next stops for tourists. The time is early morning, so visitors might prefe",False,1.5941441059112549,success
0405C2121B6781,2,"['Casa Giulietta', 'Santa Anastasia', 'Arena', 'Torre Lamberti', 'Palazzo della Ragione', 'Castelvecchio']",San Fermo,"['Tomba Giulietta', 'Museo Storia', 'Giardino Giusti', 'Arena', 'Centro Fotografia']",San Zeno,"These POIs are close to the current location, relevant to Verona's culture and history, and popular among tourists.",False,1.2312381267547607,success
0405C94A216281,6,"['Arena', 'Torre Lamberti']",Torre Lamberti,"['Casa Giulietta', 'Museo Conte', 'Palazzo della Ragione', 'Arena']",Duomo,"These POIs are close to Torre Lamberti and are popular tourist destinations in Verona, fitting the typical visiting pattern.",False,1.1405041217803955,success
0405CF4A216281,1,"['Casa Giulietta', 'Arena', 'Castelvecchio']",Torre Lamberti,"['Centro Fotografia', 'Museo Conte', 'Palazzo della Ragione', 'AMO']",Palazzo della Ragione,"These locations are close to Torre Lamberti, align with typical tourist interests in Verona, and are within a reasonable walking distance given the current time.",True,1.1427106857299805,success
0405C6121B6781,1,"['Arena', 'Casa Giulietta', 'San Fermo', 'Torre Lamberti']",Tomba Giulietta,"['Tomba Giulietta', 'Museo Storia', 'Museo Lapidario', 'Verona Tour', 'Castelvecchio']",Castelvecchio,"The tourist is likely to continue visiting related cultural sites, and the nearby Museums are within a reasonable walking distance. The Castelvecchio is also a popular attraction in Verona.",True,1.3717849254608154,success
0405D34A216281,3,"['Arena', 'Casa Giulietta', 'Torre Lamberti']",Santa Anastasia,"['Duomo', 'Teatro Romano', 'Palazzo della Ragione', 'Museo Conte', 'AMO']",Teatro Romano,"These POIs are relatively close to Santa Anastasia and align with typical tourist patterns, offering a mix of historical and cultural attractions.",True,1.1133918762207031,success
0405D3121B6781,1,"['Arena', 'Castelvecchio']",Torre Lamberti,"['Casa Giulietta', 'Museo Conte', 'Palazzo della Ragione', 'Arena', 'San Fermo']",Santa Anastasia,"These POIs are close to the current location and align with typical tourist interests in Verona, such as historical and cultural sites.",False,1.229597806930542,success
0405CD121B6781,0,"['Casa Giulietta', 'Torre Lamberti', 'Arena', 'Museo Lapidario', 'Tomba Giulietta', 'Museo Storia', 'San Fermo', 'Castelvecchio', 'Santa Anastasia']",Duomo,"['Duomo', 'Teatro Romano', 'Palazzo della Ragione', 'Museo Miniscalchi', 'AMO']",Teatro Romano,"The tourist is currently at the Duomo and it's a common stop for visitors. The nearby Teatro Romano, Palazzo della Ragione, and Museo Miniscalchi are also popular attractions in Verona. AMO is another",True,1.5395495891571045,success
0405D64A216281,3,['Arena'],Casa Giulietta,"['Torre Lamberti', 'Centro Fotografia', 'Sighseeing', 'Museo Conte', 'Palazzo della Ragione']",Castelvecchio,"These POIs are closest to Casa Giulietta and are within a reasonable walking distance. They also align with typical tourist interests in Verona, such as historical landmarks and cultural attractions.",False,1.3455994129180908,success
0405E1121B6781,6,"['Arena', 'Casa Giulietta', 'Torre Lamberti', 'Palazzo della Ragione', 'Castelvecchio']",Santa Anastasia,"['Duomo', 'Teatro Romano', 'Museo Conte', 'AMO', 'Centro Fotografia']",Duomo,"These POIs are relatively close to Santa Anastasia and align with typical tourist interests in Verona, such as historical sites and museums.",True,1.19057035446167,success
0405D5121B6781,3,"['Casa Giulietta', 'Arena', 'Santa Anastasia']",Teatro Romano,"['Arena', 'Duomo', 'Palazzo della Ragione', 'Teatro Romano', 'Giardino Giusti']",Torre Lamberti,"The tourist is likely to continue exploring nearby historical and cultural sites, with a preference for shorter distances. The Arena and Teatro Romano are significant landmarks in Verona, while the Du",False,1.524369239807129,success
0405F4121B6781,3,['Arena'],Torre Lamberti,"['Casa Giulietta', 'Museo Conte', 'Palazzo della Ragione', 'Arena', 'Centro Fotografia']",Casa Giulietta,"These POIs are close to the current location and align with typical tourist interests in Verona, such as historical and cultural sites.",True,1.0874724388122559,success
0405DF121B6781,2,"['Torre Lamberti', 'Casa Giulietta', 'Arena']",San Zeno,"['Arena', 'Castelvecchio', 'Duomo', 'Palazzo della Ragione', 'Museo Lapidario']",Castelvecchio,"The tourist is likely to continue exploring the historical and cultural sites of Verona. The Arena, Castelvecchio, Duomo, Palazzo della Ragione, and Museo Lapidario are all significant landmarks that ",True,1.4844131469726562,success
0405D9121B6781,0,"['Arena', 'Torre Lamberti', 'Palazzo della Ragione', 'San Fermo', 'Museo Lapidario', 'Castelvecchio', 'San Zeno']",Tomba Giulietta,"['Casa Giulietta', 'Museo Storia', 'San Zeno', 'Verona Tour', 'Arena']",Teatro Romano,The tourist is likely to visit Casa Giulietta due to its proximity and cultural significance. Museo Storia and San Zeno are also close by and popular attractions. Verona Tour could be a guided tour op,False,1.720787763595581,success
0405F64A216281,3,['Casa Giulietta'],Santa Anastasia,"['Teatro Romano', 'Duomo', 'Palazzo della Ragione', 'Museo Conte', 'Centro Fotografia']",Arena,"These POIs are relatively close to Santa Anastasia and are popular tourist destinations in Verona, aligning with typical visit patterns.",False,1.2414379119873047,success
0406004A216285,2,"['Arena', 'San Fermo', 'Torre Lamberti', 'Santa Anastasia']",San Zeno,"['Castelvecchio', 'Museo Lapidario', 'Palazzo della Ragione', 'Duomo', 'Casa Giulietta']",Castelvecchio,"These points of interest are relatively close to San Zeno and align with typical tourist patterns, offering historical and cultural attractions that visitors often explore in a day trip.",True,1.2519454956054688,success
040601121B6785,1,['Casa Giulietta'],Torre Lamberti,"['Centro Fotografia', 'Museo Conte', 'Palazzo della Ragione', 'Sighseeing', 'Torre Lamberti']",Palazzo della Ragione,"These POIs are closest to the current location and align with typical tourist patterns, including photography stops and historical site visits.",True,1.2114200592041016,success
0405FE4A216281,3,['Casa Giulietta'],Torre Lamberti,"['Centro Fotografia', 'Museo Conte', 'Palazzo della Ragione', 'AMO', 'Museo Miniscalchi']",Arena,"These points of interest are relatively close to Torre Lamberti, making them convenient for a quick visit. They also align with typical tourist patterns of exploring nearby cultural and historical sit",False,1.356485366821289,success
0405F74A216281,6,"['Torre Lamberti', 'Santa Anastasia', 'Casa Giulietta', 'Duomo']",Castelvecchio,"['Arena', 'San Zeno', 'Palazzo della Ragione', 'Museo Lapidario', 'Verona Tour']",Palazzo della Ragione,The Arena is a popular tourist attraction and is close by. San Zeno and Palazzo della Ragione are also nearby and significant landmarks. Museo Lapidario and Verona Tour are convenient for visitors loo,True,1.5220177173614502,success
04060C4A216285,6,"['Arena', 'Casa Giulietta', 'Castelvecchio']",Torre Lamberti,"['Centro Fotografia', 'Museo Conte', 'Palazzo della Ragione', 'AMO']",Duomo,"These points of interest are relatively close to Torre Lamberti, making them convenient for a quick visit. They also offer cultural experiences that tourists often seek in Verona.",False,1.1398115158081055,success
0406084A216285,3,['Arena'],Teatro Romano,"['Duomo', 'Santa Anastasia', 'Palazzo della Ragione', 'Museo Conte', 'Giardino Giusti']",Castelvecchio,"These POIs are close to the Teatro Romano and are popular tourist destinations in Verona, making them likely next stops for tourists.",False,1.1861348152160645,success
0406054A216285,6,['Arena'],Casa Giulietta,"['Torre Lamberti', 'Centro Fotografia', 'Sighseeing', 'Museo Conte', 'Palazzo della Ragione']",Duomo,"These points of interest are closest to Casa Giulietta and are within a reasonable walking distance. They also align with typical tourist patterns, offering both historical and cultural attractions.",False,1.358022928237915,success
04060D121B6781,3,['Arena'],Casa Giulietta,"['Torre Lamberti', 'Centro Fotografia', 'Sighseeing', 'Museo Conte']",Torre Lamberti,"These POIs are closest to Casa Giulietta and are popular for quick stops or photo opportunities, fitting the time context of 13:37.",True,1.142911672592163,success
04060D4A216285,1,"['Arena', 'Torre Lamberti']",Santa Anastasia,"['Museo Conte', 'Palazzo della Ragione', 'Teatro Romano', 'Duomo', 'AMO']",Castelvecchio,"These points of interest are within close proximity to Santa Anastasia and align with typical tourist patterns, offering a mix of cultural and historical attractions.",False,1.236377477645874,success
04060F4A216285,4,"['Arena', 'Tomba Giulietta']",Museo Storia,"['Casa Giulietta', 'Torre Lamberti', 'Giardino Giusti', 'Palazzo della Ragione', 'Santa Anastasia']",Castelvecchio,"These locations are popular tourist spots in Verona and are within a reasonable walking distance from the current location. Given the time, visitors might want to explore nearby attractions before hea",False,1.3601555824279785,success
040607121B6785,1,"['Arena', 'Torre Lamberti', 'Palazzo della Ragione']",Santa Anastasia,"['Santa Maria Antica', 'Duomo', 'Arena', 'Palazzo della Ragione', 'Casa Giulietta']",Castelvecchio,"These POIs are either already visited or nearby, making them likely stops for tourists. Santa Maria Antica is a popular church in Verona, the Duomo is another significant landmark, Arena is a famous v",False,1.8895630836486816,success
0406214A216285,3,['Arena'],Torre Lamberti,"['Casa Giulietta', 'Museo Conte', 'Palazzo della Ragione', 'Arena', 'Centro Fotografia']",Santa Anastasia,"These POIs are close to the current location and align with typical tourist interests in Verona, such as historical and cultural sites.",False,1.1426470279693604,success
040617121B6781,1,"['Torre Lamberti', 'Arena']",Castelvecchio,"['Casa Giulietta', 'San Zeno', 'Palazzo della Ragione', 'Museo Miniscalchi', 'Verona Tour']",Casa Giulietta,"These POIs are popular tourist destinations in Verona, close to Castelvecchio, and fit the typical visiting pattern of tourists.",True,1.2232277393341064,success
0406234A216285,1,"['Torre Lamberti', 'Arena']",Castelvecchio,"['Casa Giulietta', 'Museo Lapidario', 'Verona Tour', 'San Zeno', 'Palazzo della Ragione']",Santa Anastasia,"These POIs are close to Castelvecchio and align with tourist patterns, offering historical and cultural attractions that visitors often explore in sequence.",False,1.2231779098510742,success
04062C4A216285,4,"['Arena', 'Tomba Giulietta']",Museo Storia,"['Casa Giulietta', 'Torre Lamberti', 'Giardino Giusti', 'Palazzo della Ragione']",Teatro Romano,"These locations are popular tourist destinations in Verona, close to the current location, and align with typical visit patterns for a morning tour.",False,1.0675592422485352,success
0406344A216285,3,['Casa Giulietta'],Torre Lamberti,"['Centro Fotografia', 'Museo Conte', 'Palazzo della Ragione', 'Sighseeing', 'Torre Lamberti']",Arena,"These POIs are close to the current location and align with typical tourist patterns, offering a mix of photography, history, and sightseeing options.",False,1.1209595203399658,success
040617121B6785,3,['Castelvecchio'],Arena,"['Casa Giulietta', 'Arena', 'Verona Tour', 'Museo Lapidario', 'San Fermo']",Casa Giulietta,"The tourist is likely to visit Casa Giulietta due to its popularity, and the Arena is nearby. Verona Tour could be chosen for a guided tour. Museo Lapidario and San Fermo are also close by and might i",True,1.6400444507598877,success
0406374A216285,6,"['Arena', 'San Fermo', 'Casa Giulietta', 'Palazzo della Ragione', 'Teatro Romano', 'Duomo']",Santa Anastasia,"['Torre Lamberti', 'Museo Conte', 'AMO', 'Centro Fotografia', 'Sighseeing']",Torre Lamberti,"These points of interest are closest to Santa Anastasia and align with typical tourist patterns, offering a mix of historical and cultural attractions.",True,1.0829722881317139,success
04062D4A216285,3,['Arena'],Casa Giulietta,"['Torre Lamberti', 'Centro Fotografia', 'Sighseeing', 'Museo Conte', 'Palazzo della Ragione']",San Fermo,"These points of interest are closest to Casa Giulietta and are within a reasonable walking distance. They also align with typical tourist patterns, offering both cultural and photographic opportunitie",False,1.4061665534973145,success
0406134A216285,1,"['Casa Giulietta', 'Castelvecchio']",Arena,"['Arena', 'Verona Tour', 'Museo Lapidario', 'Tomba Giulietta', 'San Fermo']",Torre Lamberti,"The tourist is currently at the Arena, which is a major attraction in Verona. Given the time (16:39), they might be finishing their visit or leaving soon. The nearby points of interest are relatively ",False,1.983412504196167,success
0406354A216285,6,['Arena'],Castelvecchio,"['Museo Lapidario', 'Verona Tour', 'Museo Miniscalchi', 'Casa Giulietta', 'Torre Lamberti']",Duomo,These POIs are closest to Castelvecchio and align with typical tourist patterns of visiting multiple museums and historical sites in a short distance.,False,1.3250670433044434,success
0406384A216285,2,"['Arena', 'Casa Giulietta', 'Santa Anastasia', 'Duomo']",Teatro Romano,"['Teatro Romano', 'AMO', 'Palazzo della Ragione', 'Museo Conte', 'Giardino Giusti']",San Zeno,"The tourist is currently at the Teatro Romano and it's later in the day. The next likely destinations are nearby points of interest, considering both proximity and typical visit patterns.",False,1.392411231994629,success
04063D121B6781,1,"['Arena', 'Castelvecchio', 'Castelvecchio', 'Casa Giulietta']",Teatro Romano,"['Arena', 'Duomo', 'Santa Anastasia', 'Palazzo della Ragione', 'Giardino Giusti']",Santa Anastasia,"The tourist is likely to continue visiting nearby landmarks, with a preference for those closer in distance. The Teatro Romano is already visited, and the next logical steps would be to explore other ",True,1.3199572563171387,success
04065D121B6781,1,"['Arena', 'Casa Giulietta', 'Castelvecchio']",Torre Lamberti,"['Centro Fotografia', 'Museo Conte', 'Palazzo della Ragione']",Santa Anastasia,"These locations are within close proximity to Torre Lamberti and are popular tourist attractions, making them likely next stops for the group.",False,0.9405479431152344,success
040642121B6781,6,"['Arena', 'Casa Giulietta', 'Torre Lamberti']",Teatro Romano,"['Duomo', 'Santa Anastasia', 'Palazzo della Ragione', 'Museo Conte', 'Giardino Giusti']",Duomo,"These points of interest are close to the Teatro Romano and align with typical tourist patterns, offering a mix of historical and cultural attractions.",True,1.1461341381072998,success
04064D4A216285,1,"['Torre Lamberti', 'Palazzo della Ragione']",Castelvecchio,"['Arena', 'Museo Lapidario', 'Verona Tour', 'San Zeno', 'Casa Giulietta']",Arena,"The Arena is a popular tourist attraction close by, and other nearby museums and historical sites like Museo Lapidario, Verona Tour, San Zeno, Casa Giulietta are also likely to be of interest given th",True,1.4884717464447021,success
040641121B6781,3,"['Arena', 'Castelvecchio', 'San Fermo']",Santa Anastasia,"['Santa Anastasia', 'Duomo', 'Palazzo della Ragione', 'Teatro Romano', 'Casa Giulietta']",Teatro Romano,"The tourist is likely to continue exploring religious and historical sites, given the proximity of Santa Anastasia to Duomo. Palazzo della Ragione and Teatro Romano are also popular for their cultural",True,1.7343604564666748,success
040686121B6781,3,['Arena'],Casa Giulietta,"['Torre Lamberti', 'Centro Fotografia', 'Sighseeing', 'Museo Conte', 'Palazzo della Ragione']",Torre Lamberti,"These POIs are closest to Casa Giulietta and are within a reasonable walking distance. They also align with typical tourist interests in Verona, such as historical landmarks and cultural attractions.",True,1.2749273777008057,success
040663121B6781,1,['Castelvecchio'],Casa Giulietta,"['Torre Lamberti', 'Centro Fotografia', 'Sighseeing', 'Museo Conte', 'Palazzo della Ragione']",Torre Lamberti,"These points of interest are closest to Casa Giulietta and within a reasonable walking distance, making them the most likely next stops for tourists. The time is early afternoon, which might not be id",True,1.8039257526397705,success
04066A121B6781,6,"['Arena', 'Casa Giulietta']",Duomo,"['Duomo', 'Teatro Romano', 'Palazzo della Ragione', 'Santa Anastasia', 'Museo Conte']",Tomba Giulietta,"The tourist is currently at the Duomo and it's a popular spot. Given the time, they might want to visit nearby attractions like Teatro Romano or Palazzo della Ragione before heading to other slightly ",False,1.620265245437622,success
04068D121B6781,0,"['Santa Anastasia', 'Duomo', 'Torre Lamberti', 'Museo Lapidario']",Arena,"['Arena', 'Verona Tour', 'Casa Giulietta', 'San Fermo', 'Castelvecchio']",Tomba Giulietta,"The tourist is currently at the Arena and has already visited several historical sites. Given the time (16:13), they might be looking for a shorter visit or an interactive experience like a tour. Near",False,1.5557446479797363,success
0406A6121B6781,1,"['Castelvecchio', 'Arena']",Casa Giulietta,"['Torre Lamberti', 'Centro Fotografia', 'Sighseeing', 'Museo Conte', 'Palazzo della Ragione']",Torre Lamberti,"These points of interest are closest to Casa Giulietta and align with typical tourist patterns, offering a mix of historical and cultural attractions within walking distance.",True,1.1470868587493896,success
04069F121B6781,1,['Castelvecchio'],Arena,"['Casa Giulietta', 'Arena', 'Verona Tour', 'Museo Lapidario', 'San Fermo']",Torre Lamberti,"The tourist is likely to visit Casa Giulietta due to its popularity and proximity. The Arena, being the next closest major attraction, is also a strong possibility. Verona Tour could be chosen for add",False,1.6436536312103271,success
0406B84A216281,3,"['Arena', 'Casa Giulietta']",Torre Lamberti,"['Centro Fotografia', 'Museo Conte', 'Palazzo della Ragione', 'AMO', 'Museo Miniscalchi']",Santa Anastasia,"These points of interest are relatively close to the current location and align with typical tourist patterns, offering a mix of cultural and photographic experiences.",False,1.1705186367034912,success
04068F121B6781,3,['Castelvecchio'],Arena,"['Casa Giulietta', 'Arena', 'Verona Tour', 'Museo Lapidario', 'San Fermo']",Casa Giulietta,"The tourist is likely to visit Casa Giulietta due to its popularity and proximity. The Arena, being the next closest major attraction, is also a strong possibility. Verona Tour could be chosen for add",True,1.8137357234954834,success
0406B64A216281,3,['Arena'],Castelvecchio,"['Museo Lapidario', 'Verona Tour', 'San Zeno', 'Casa Giulietta', 'Torre Lamberti']",Casa Giulietta,These POIs are closest to Castelvecchio and align with typical tourist patterns of visiting multiple historical sites in a short distance.,True,1.3104093074798584,success
0406B5121B6781,4,"['Castelvecchio', 'Arena', 'Torre Lamberti', 'Santa Anastasia', 'Teatro Romano', 'San Zeno', 'San Fermo', 'Casa Giulietta']",Tomba Giulietta,"['Tomba Giulietta', 'Museo Storia', 'Museo Lapidario', 'Verona Tour', 'Sighseeing']",Museo Storia,"The tourist is likely to continue the theme of visiting historical and cultural sites in Verona. The Tomba Giulietta is the next logical step after visiting Casa Giulietta, and nearby museums offer ad",True,1.9168617725372314,success
0406C6121B6781,4,"['Arena', 'Tomba Giulietta', 'Casa Giulietta', 'Torre Lamberti', 'Palazzo della Ragione']",Duomo,"['Duomo', 'Santa Anastasia', 'Teatro Romano', 'Museo Conte', 'Giardino Giusti']",Museo Storia,"The tourist is currently at the Duomo and has visited several historical sites. Given the time (14:26), they are likely to explore nearby attractions before heading back. The suggested POIs are within",False,1.493535041809082,success
0406D34A216281,3,"['Arena', 'Casa Giulietta']",Santa Anastasia,"['Teatro Romano', 'Duomo', 'Palazzo della Ragione', 'Museo Conte', 'Centro Fotografia']",Castelvecchio,"These POIs are relatively close to Santa Anastasia and are popular tourist destinations in Verona, aligning with the typical visiting pattern for tourists.",False,1.1051521301269531,success
0406D3121B6781,1,['Arena'],Castelvecchio,"['Castelvecchio', 'Museo Lapidario', 'Verona Tour', 'San Zeno', 'Casa Giulietta']",Torre Lamberti,"The tourist is likely to continue exploring nearby historical and cultural sites, given the short distances between them. The Castelvecchio museum is a popular choice for visitors after visiting other",False,1.4164066314697266,success
0406E0121B6781,6,"['Arena', 'San Fermo', 'Santa Anastasia', 'Teatro Romano']",Duomo,"['Casa Giulietta', 'Torre Lamberti', 'San Fermo', 'Arena', 'Giardino Giusti']",Castelvecchio,"The tourist is likely to visit Casa Giulietta due to its popularity, Torre Lamberti for a view, San Fermo as it was previously visited and Arena being a major attraction in Verona.",False,1.203566312789917,success
0406E1121B6781,0,"['Castelvecchio', 'San Zeno', 'Torre Lamberti', 'Santa Anastasia', 'Arena']",Museo Lapidario,"['San Zeno', 'Castelvecchio', 'Arena', 'Casa Giulietta', 'Tomba Giulietta']",Museo Storia,"These POIs are historically and culturally significant to Verona, close in proximity to the current location, and align with typical tourist interests.",False,1.1725044250488281,success
0406D7121B6781,6,"['Torre Lamberti', 'Casa Giulietta', 'Castelvecchio', 'Santa Anastasia', 'Teatro Romano']",Duomo,"['Duomo', 'AMO', 'Palazzo della Ragione', 'Museo Miniscalchi', 'Teatro Romano']",San Fermo,"The tourist is currently at the Duomo and it's close to other cultural attractions like AMO, Palazzo della Ragione, and Museo Miniscalchi. The Teatro Romano was also visited earlier but might be revis",False,1.534848928451538,success
0406CE4A216281,3,['Castelvecchio'],Arena,"['Casa Giulietta', 'Arena', 'Verona Tour', 'Museo Lapidario', 'San Fermo']",Casa Giulietta,"The tourist is likely to visit Casa Giulietta due to its popularity and proximity. The Arena, being the next closest major attraction, is also a strong possibility. Verona Tour could be chosen for add",True,1.9047272205352783,success
0406DC121B6781,4,"['Arena', 'Castelvecchio']",Teatro Romano,"['Duomo', 'Teatro Romano', 'Santa Anastasia', 'Palazzo della Ragione', 'Arena']",Museo Storia,"Given the current location at Teatro Romano and considering the nearby points of interest, tourists are likely to visit popular sites like Duomo and Arena. The close proximity of Santa Anastasia and P",False,1.4792490005493164,success
0406E24A216281,0,"['Arena', 'Museo Lapidario']",Casa Giulietta,"['Torre Lamberti', 'Centro Fotografia', 'Sighseeing', 'Museo Conte', 'Palazzo della Ragione']",Torre Lamberti,"These points of interest are close to Casa Giulietta, making them easily accessible within a short walking distance. The tourist cluster is likely to continue exploring nearby attractions during their",True,1.534463882446289,success
0406F74A216281,2,"['Torre Lamberti', 'Duomo', 'Santa Anastasia']",Arena,"['Arena', 'Verona Tour', 'Casa Giulietta', 'San Fermo', 'Museo Lapidario']",San Zeno,"The tourist is currently at the Arena and has visited other major attractions like Torre Lamberti, Duomo, and Santa Anastasia. Given the time context and distances, they are likely to continue explori",False,1.599745512008667,success
0406D9121B6781,2,"['Arena', 'Castelvecchio', 'Casa Giulietta']",San Zeno,"['Arena', 'San Zeno', 'Duomo', 'Palazzo della Ragione', 'Torre Lamberti']",Duomo,"The tourist is likely to continue visiting major landmarks and attractions in Verona, given the proximity of these sites. The Arena was already visited but may be revisited for its significance. San Z",True,2.028162717819214,success
0406FE121B6781,2,"['San Zeno', 'Arena', 'Casa Giulietta']",Santa Anastasia,"['Museo Conte', 'Palazzo della Ragione', 'Teatro Romano', 'Duomo', 'Torre Lamberti']",Duomo,"These points of interest are relatively close to Santa Anastasia and are popular among tourists, especially in the afternoon when they might be looking for a variety of cultural experiences within wal",True,1.2653112411499023,success
0406FA4A216281,2,"['Arena', 'San Fermo']",Castelvecchio,"['Castelvecchio', 'Museo Lapidario', 'Verona Tour', 'San Zeno', 'Palazzo della Ragione']",San Zeno,"The tourist is currently at Castelvecchio and has a short distance to the Museo Lapidario and Verona Tour. San Zeno is also nearby but slightly further. Palazzo della Ragione, while a bit farther, is ",True,1.4993321895599365,success
04070F4A216285,4,"['Arena', 'Tomba Giulietta']",Museo Storia,"['Casa Giulietta', 'Torre Lamberti', 'Giardino Giusti', 'Palazzo della Ragione', 'Santa Anastasia']",Castelvecchio,"These locations are popular tourist destinations in Verona and are within a reasonable walking distance from the current location. Given the time, visitors might want to explore nearby attractions bef",False,1.5375916957855225,success
040724121B6785,1,"['Arena', 'Palazzo della Ragione', 'Casa Giulietta']",Castelvecchio,"['Castelvecchio', 'Museo Lapidario', 'Verona Tour', 'San Zeno', 'Torre Lamberti']",Torre Lamberti,"The tourist is currently at Castelvecchio and the next most likely POIs are nearby, considering the time context and typical tourist patterns.",True,1.1920242309570312,success
040717121B6785,3,['Castelvecchio'],Arena,"['Casa Giulietta', 'Arena', 'Verona Tour', 'Museo Lapidario', 'San Fermo']",Casa Giulietta,"The tourist is likely to visit Casa Giulietta due to its popularity and proximity. The Arena, being the next closest major attraction, is also a strong possibility. Verona Tour could be chosen for add",True,1.6611638069152832,success
04071F4A216285,1,"['Arena', 'Torre Lamberti']",Casa Giulietta,"['Arena', 'Museo Conte', 'Palazzo della Ragione', 'Sighseeing', 'Centro Fotografia']",Castelvecchio,"The tourist is likely to continue exploring nearby attractions, with a preference for shorter distances. The Arena and Museo Conte are popular sites in Verona, making them probable next stops.",False,1.3478198051452637,success
0407254A216285,4,"['Arena', 'San Fermo', 'Torre Lamberti', 'Palazzo della Ragione', 'Santa Anastasia', 'Duomo', 'Teatro Romano', 'Museo Storia']",Castelvecchio,"['Castelvecchio', 'Museo Lapidario', 'Verona Tour', 'Casa Giulietta', 'San Zeno']",San Zeno,"The tourist is likely to continue exploring nearby historical and cultural sites, with a preference for shorter distances. Castelvecchio is the next immediate attraction, followed by other nearby muse",True,1.3210422992706299,success
04072C4A216285,4,"['Arena', 'Tomba Giulietta']",Museo Storia,"['Casa Giulietta', 'Torre Lamberti', 'Giardino Giusti', 'Palazzo della Ragione', 'Santa Anastasia']",Teatro Romano,"These locations are popular tourist destinations in Verona, close to the current location, and align with typical visiting patterns.",False,1.1709330081939697,success
04071C121B6785,2,"['Torre Lamberti', 'Duomo', 'Arena']",Casa Giulietta,"['Arena', 'Duomo', 'San Fermo', 'Palazzo della Ragione', 'Museo Conte']",San Zeno,The tourist is likely to continue exploring the historical and cultural sites of Verona. The Arena and Duomo are major landmarks that tourists often visit after Casa Giulietta. San Fermo and Palazzo d,False,1.6358082294464111,success
040719121B6781,6,"['Casa Giulietta', 'San Fermo', 'Torre Lamberti', 'Palazzo della Ragione', 'Santa Anastasia', 'Duomo']",Arena,"['Arena', 'Verona Tour', 'Museo Lapidario', 'Sighseeing', 'Castelvecchio']",Castelvecchio,"The tourist is currently at the Arena, which is a major attraction in Verona. Given the time (15:52), they might be finishing their visit or leaving soon. The nearby POIs like Verona Tour and Museo La",True,2.156738042831421,success
04072D4A216285,3,"['Santa Anastasia', 'Casa Giulietta']",Arena,"['Arena', 'Verona Tour', 'Museo Lapidario', 'Castelvecchio', 'Tomba Giulietta']",Castelvecchio,"The tourist is currently at the Arena, which is a major attraction in Verona. Given the time context and distances to other points of interest, the next likely stops would be those nearby yet still re",True,1.4677181243896484,success
04072D121B6781,1,"['Castelvecchio', 'Arena', 'Casa Giulietta', 'Santa Anastasia', 'Teatro Romano', 'Torre Lamberti', 'Palazzo della Ragione']",Tomba Giulietta,"['Tomba Giulietta', 'Arena', 'Palazzo della Ragione', 'San Fermo', 'Museo Storia']",San Fermo,"The tourist is likely to continue visiting significant historical and cultural sites in Verona. The Tomba Giulietta, Arena, and Palazzo della Ragione are popular stops for tourists. Nearby points of i",True,1.7352757453918457,success
040734121B6781,3,['Arena'],Casa Giulietta,"['Torre Lamberti', 'Centro Fotografia', 'Sighseeing', 'Museo Conte']",Torre Lamberti,"These points of interest are closest to Casa Giulietta and align with typical tourist patterns, offering a mix of historical and cultural experiences.",True,1.0549440383911133,success
04072F4A216285,3,['Arena'],Casa Giulietta,"['Arena', 'Torre Lamberti', 'San Fermo', 'Palazzo della Ragione', 'Centro Fotografia']",Castelvecchio,"The tourist is likely to continue exploring the historical and cultural sites of Verona. The Arena, Torre Lamberti, San Fermo, Palazzo della Ragione, and Centro Fotografia are all nearby and popular a",False,1.651273488998413,success
0407314A216285,1,"['Arena', 'Castelvecchio', 'Casa Giulietta', 'Palazzo della Ragione']",Torre Lamberti,"['Torre Lamberti', 'Arena', 'Santa Anastasia', 'Duomo', 'Teatro Romano']",Teatro Romano,"The tourist is currently at Torre Lamberti and the next likely destination would be nearby points of interest. Given the time context, they might want to visit the Arena as it's a popular attraction i",True,1.6593146324157715,success
040742121B6781,6,['Casa Giulietta'],Santa Anastasia,"['Teatro Romano', 'Duomo', 'Palazzo della Ragione', 'Museo Conte', 'Centro Fotografia']",Duomo,"These POIs are within a reasonable walking distance from Santa Anastasia and align with typical tourist interests in Verona, such as historical sites and museums.",True,1.1896283626556396,success
040741121B6781,3,['Arena'],Casa Giulietta,"['Torre Lamberti', 'Centro Fotografia', 'Sighseeing', 'Museo Conte', 'Palazzo della Ragione']",Castelvecchio,"These points of interest are closest to Casa Giulietta and within a reasonable walking distance, making them the most likely next stops for tourists. The time context suggests that visitors might want",False,1.289613962173462,success
04073E121B6781,0,"['Casa Giulietta', 'Torre Lamberti', 'Arena', 'Museo Lapidario']",Castelvecchio,"['Arena', 'Verona Tour', 'San Zeno', 'Palazzo della Ragione', 'Tomba Giulietta']",Tomba Giulietta,"The tourist is likely to continue visiting major landmarks such as the Arena and Tomba Giulietta, while also exploring nearby attractions like Verona Tour and San Zeno within a reasonable walking dist",True,1.4616219997406006,success
04074C4A216285,1,"['Palazzo della Ragione', 'Torre Lamberti', 'Casa Giulietta']",Santa Anastasia,"['Santa Anastasia', 'Duomo', 'Teatro Romano', 'Museo Conte', 'Giardino Giusti']",Arena,"The tourist is currently at Santa Anastasia and the nearby Duomo, Teatro Romano, Museo Conte, and Giardino Giusti are within walking distance. These locations align with typical tourist interests in V",False,1.4707682132720947,success
04073C121B6781,2,"['Arena', 'Casa Giulietta', 'Torre Lamberti', 'Santa Anastasia', 'Teatro Romano', 'Castelvecchio', 'San Zeno']",Tomba Giulietta,"['Tomba Giulietta', 'Arena', 'Casa Giulietta', 'San Zeno', 'Palazzo della Ragione']",Palazzo della Ragione,"The tourist is likely to continue visiting places related to Romeo and Juliet, such as Tomba Giulietta. Arena and Casa Giulietta are also popular due to their historical significance. San Zeno is a no",True,1.7172472476959229,success
04078B121B6781,0,['Arena'],Museo Lapidario,"['Castelvecchio', 'Verona Tour', 'San Fermo', 'Casa Giulietta', 'Tomba Giulietta']",Casa Giulietta,These POIs are close in distance and popular tourist attractions related to Verona's history and culture.,True,1.1166877746582031,success
04076A121B6781,1,"['Arena', 'Castelvecchio', 'Tomba Giulietta', 'Casa Giulietta']",Palazzo della Ragione,"['Palazzo della Ragione', 'AMO', 'Museo Conte', 'Torre Lamberti', 'Centro Fotografia']",Santa Anastasia,"The tourist is currently at Palazzo della Ragione and the nearest points of interest are AMO, Museo Conte, Torre Lamberti, Centro Fotografia, all within 0.2km or less. These locations are likely to be",False,1.6560332775115967,success
040794121B6781,1,"['Casa Giulietta', 'Arena']",Torre Lamberti,"['Centro Fotografia', 'Museo Conte', 'Palazzo della Ragione', 'AMO', 'Museo Miniscalchi']",Castelvecchio,"These points of interest are relatively close to Torre Lamberti, making them convenient for a quick visit. They also align with typical tourist patterns in Verona, offering cultural and historical att",False,1.2178497314453125,success
0407A6121B6781,1,"['Castelvecchio', 'Arena']",Santa Anastasia,"['Museo Conte', 'Palazzo della Ragione', 'Teatro Romano', 'Duomo', 'Torre Lamberti']",Torre Lamberti,"These points of interest are within close proximity to Santa Anastasia and are popular tourist destinations in Verona, making them likely next stops based on typical tourist behavior and available tim",True,1.383019208908081,success
0407A8121B6781,3,['Arena'],Casa Giulietta,"['Torre Lamberti', 'Centro Fotografia', 'Sighseeing', 'Museo Conte', 'Palazzo della Ragione']",Torre Lamberti,"These POIs are closest to Casa Giulietta and are within a reasonable walking distance. They also align with typical tourist interests in Verona, such as historical landmarks and cultural attractions.",True,1.3198456764221191,success
0407BC121B6781,0,"['Santa Anastasia', 'Castelvecchio', 'Arena', 'Museo Lapidario']",Tomba Giulietta,"['Casa Giulietta', 'Arena', 'San Fermo', 'Museo Storia', 'Torre Lamberti']",San Fermo,"These POIs are popular tourist destinations in Verona, close to the current location, and align with typical visiting patterns.",True,1.0909922122955322,success
0407B1121B6781,6,"['Casa Giulietta', 'Arena', 'Castelvecchio', 'Duomo']",Santa Anastasia,"['Arena', 'Castelvecchio', 'Duomo', 'Teatro Romano', 'Palazzo della Ragione']",San Fermo,"The tourist is likely to prefer visiting nearby, popular sites like the Arena and Castelvecchio. Given the time context, they might also consider a shorter walk to the Teatro Romano or Palazzo della R",False,1.3575396537780762,success
04079F121B6781,1,['Castelvecchio'],Arena,"['Casa Giulietta', 'Arena', 'Verona Tour', 'Museo Lapidario', 'San Fermo']",Torre Lamberti,"The tourist is likely to visit Casa Giulietta due to its popularity, and the Arena is nearby. Verona Tour could be chosen for a guided tour. Museo Lapidario and Museo Radio are also close by and might",False,1.8174314498901367,success
0407B94A216281,4,"['Arena', 'Torre Lamberti', 'Castelvecchio']",Museo Storia,"['Casa Giulietta', 'Giardino Giusti', 'Palazzo della Ragione', 'Santa Anastasia', 'Museo Conte']",Teatro Romano,"These locations are popular among tourists and are within a reasonable walking distance from the current location. Casa Giulietta is famous for its literary connections, while Giardino Giusti offers s",False,1.7011938095092773,success
0407D24A216281,1,"['Castelvecchio', 'Torre Lamberti', 'Palazzo della Ragione']",Casa Giulietta,"['Arena', 'Museo Storia', 'San Fermo', 'Casa Giulietta']",Arena,"The tourist is likely to move towards the nearest attractions, such as Arena and Museo Storia. San Fermo is also close by. Since they are at Casa Giulietta now, it's less probable they will visit it a",True,1.3203773498535156,success
0407D4121B6781,1,"['Arena', 'Casa Giulietta', 'Tomba Giulietta', 'Castelvecchio', 'Teatro Romano', 'Duomo']",Torre Lamberti,"['Torre Lamberti', 'Centro Fotografia', 'Palazzo della Ragione', 'Museo Conte', 'Sighseeing']",Palazzo della Ragione,"The tourist is likely to continue exploring the area around Torre Lamberti, with nearby points of interest like Centro Fotografia and Palazzo della Ragione. The short distances make these locations co",True,1.3776826858520508,success
0407D04A216281,3,['Casa Giulietta'],Arena,"['Arena', 'Verona Tour', 'Museo Lapidario', 'Castelvecchio', 'Tomba Giulietta']",Palazzo della Ragione,"The tourist is currently at the Arena and has recently visited Casa Giulietta. Given the proximity of other related sites such as Tomba Giulietta, and considering typical tourist patterns, these locat",False,1.6292853355407715,success
0407D6121B6781,1,"['Arena', 'Casa Giulietta', 'Palazzo della Ragione', 'Torre Lamberti', 'Teatro Romano', 'Duomo']",Castelvecchio,"['Castelvecchio', 'Museo Lapidario', 'Verona Tour', 'Tomba Giulietta', 'San Zeno']",Tomba Giulietta,"The tourist is likely to continue exploring nearby historical and cultural sites, with a preference for shorter distances. Castelvecchio is the next immediate site, followed by other museums and point",True,1.4258792400360107,success
0407B6121B6781,4,"['Arena', 'Casa Giulietta', 'Torre Lamberti', 'Palazzo della Ragione', 'Duomo', 'Santa Anastasia', 'Teatro Romano', 'Castelvecchio']",Museo Storia,"['Museo Storia', 'Tomba Giulietta', 'Giardino Giusti', 'Centro Fotografia', 'Verona Tour']",San Fermo,"The tourist is likely to visit nearby attractions, especially those related to the theme of Verona. The Museo Storia and Tomba Giulietta are relevant to the city's history and famous characters. Giard",False,2.3015635013580322,success
0407CE4A216281,3,['Castelvecchio'],Arena,"['Arena', 'Verona Tour', 'Museo Lapidario', 'Casa Giulietta', 'San Fermo']",Casa Giulietta,"The tourist is currently at the Arena, which is a major attraction in Verona. Given the time (11:43), they are likely to stay for some duration. The nearby points of interest like Verona Tour and Muse",True,1.9374899864196777,success
0407D94A216281,1,"['Arena', 'Teatro Romano']",Torre Lamberti,"['Casa Giulietta', 'Arena', 'Palazzo della Ragione', 'Museo Conte', 'Teatro Romano']",Palazzo della Ragione,"These POIs are close to the current location and align with typical tourist patterns, including popular sites like Casa Giulietta and Arena.",True,1.1260132789611816,success
0407DC4A216281,6,"['Castelvecchio', 'Duomo', 'Teatro Romano']",Santa Anastasia,"['Santa Anastasia', 'AMO', 'Museo Conte', 'Palazzo della Ragione', 'Torre Lamberti']",Casa Giulietta,"Given the current location at Santa Anastasia and considering the short distances to other nearby points of interest, tourists are likely to visit these locations in a logical sequence based on proxim",False,1.4970803260803223,success
0407DE121B6781,3,['Arena'],Santa Anastasia,"['Teatro Romano', 'Duomo', 'Palazzo della Ragione', 'Museo Conte', 'Casa Giulietta']",Casa Giulietta,"These POIs are relatively close to Santa Anastasia and are popular tourist destinations in Verona, aligning with the typical visiting pattern.",True,1.3964004516601562,success
0407DC121B6781,1,"['Tomba Giulietta', 'Casa Giulietta', 'Torre Lamberti', 'Palazzo della Ragione', 'Castelvecchio']",Arena,"['Arena', 'Verona Tour', 'Museo Lapidario', 'San Fermo', 'Castelvecchio']",Santa Anastasia,"The tourist is currently at the Arena, which is a popular stop after visiting other major attractions like Juliet's Tomb and Casa. The nearby Verona Tour could provide additional context about the cit",False,1.5560762882232666,success
0407D7121B6781,6,"['Torre Lamberti', 'Casa Giulietta', 'Castelvecchio', 'Santa Anastasia', 'Teatro Romano']",Duomo,"['Duomo', 'AMO', 'Palazzo della Ragione', 'Museo Miniscalchi', 'Teatro Romano']",San Fermo,"The tourist is currently at the Duomo and it's close to other religious or cultural sites like AMO, Palazzo della Ragione, and Museo Miniscalchi. The Teatro Romano was also visited earlier but might b",False,1.840477705001831,success
0407FA4A216281,3,['Arena'],Casa Giulietta,"['Torre Lamberti', 'Centro Fotografia', 'Sighseeing', 'Museo Conte']",Teatro Romano,These POIs are closest to Casa Giulietta and are popular for tourists to visit due to their proximity and cultural significance.,False,0.9978053569793701,success
0408064A216285,3,['Arena'],Palazzo della Ragione,"['Museo Conte', 'AMO', 'Torre Lamberti', 'Sighseeing', 'Santa Anastasia']",Casa Giulietta,"These points of interest are closest to the current location and align with typical tourist patterns, offering a mix of cultural and historical attractions.",False,1.004812240600586,success
0407E2121B6781,6,['Castelvecchio'],Duomo,"['Duomo', 'Santa Anastasia', 'Teatro Romano', 'Palazzo della Ragione', 'Museo Miniscalchi']",Casa Giulietta,"The tourist is currently at the Duomo and nearby attractions like Santa Anastasia, Teatro Romano, Palazzo della Ragione, and Museo Miniscalchi are within a short walking distance. These locations are ",False,1.3890440464019775,success
0407FE121B6781,2,"['San Zeno', 'Arena', 'Casa Giulietta']",Santa Anastasia,"['Museo Conte', 'Palazzo della Ragione', 'Teatro Romano', 'Duomo', 'Torre Lamberti']",Duomo,"These points of interest are relatively close to Santa Anastasia and are popular tourist destinations in Verona, aligning with the typical visiting pattern for tourists at this time of day.",True,1.4015982151031494,success
0408094A216285,1,"['Arena', 'Castelvecchio']",Torre Lamberti,"['Casa Giulietta', 'Arena', 'Palazzo della Ragione', 'Museo Conte', 'Santa Anastasia']",Casa Giulietta,"These POIs are close to the current location and align with typical tourist interests in Verona, such as visiting famous landmarks like Casa Giulietta and Arena.",True,1.2038538455963135,success
0407E24A216281,1,"['Arena', 'Torre Lamberti', 'Santa Anastasia', 'Teatro Romano']",Casa Giulietta,"['Casa Giulietta', 'Arena', 'Torre Lamberti', 'Museo Conte', 'Palazzo della Ragione']",Castelvecchio,"The tourist is currently at Casa Giulietta, a popular site related to Romeo and Juliet. Given the time (16:15), they might want to visit other nearby attractions before sunset. The suggested POIs are ",False,1.6965394020080566,success
0408074A216285,3,"['Arena', 'Torre Lamberti']",San Fermo,"['Casa Giulietta', 'Museo Storia', 'Palazzo della Ragione', 'Verona Tour', 'Tomba Giulietta']",Santa Anastasia,"These POIs are close to the current location and align with typical tourist interests in Verona, such as visiting famous landmarks associated with Romeo and Juliet.",False,1.3848400115966797,success
040821121B6781,1,"['Arena', 'Palazzo della Ragione']",Casa Giulietta,"['Torre Lamberti', 'Centro Fotografia', 'Sighseeing', 'Museo Conte', 'Museo Radio']",Torre Lamberti,"These points of interest are closest to Casa Giulietta and align with typical tourist patterns, offering a mix of historical and cultural attractions within walking distance.",True,1.2229268550872803,success
0408104A216285,3,['Arena'],Casa Giulietta,"['Torre Lamberti', 'Centro Fotografia', 'Sighseeing', 'Museo Conte', 'Palazzo della Ragione']",Tomba Giulietta,"These POIs are closest to Casa Giulietta and are within a reasonable walking distance. They also align with typical tourist interests in Verona, such as historical landmarks and cultural attractions.",False,1.2896146774291992,success
04082C121B6781,3,['Casa Giulietta'],Torre Lamberti,"['Centro Fotografia', 'Museo Conte', 'Palazzo della Ragione', 'AMO']",Arena,These POIs are closest to Torre Lamberti and align with typical tourist patterns of exploring nearby cultural attractions.,False,0.9518675804138184,success
04080F121B6781,1,"['Arena', 'Casa Giulietta', 'Torre Lamberti', 'Santa Anastasia']",Castelvecchio,"['Castelvecchio', 'Museo Lapidario', 'Verona Tour', 'San Zeno', 'Palazzo della Ragione']",Tomba Giulietta,"The tourist is currently at Castelvecchio and the next likely destination would be nearby points of interest. Considering the time, Castelvecchio is a popular stop, followed by other close attractions",False,1.7853014469146729,success
040824121B6785,1,"['Arena', 'Palazzo della Ragione', 'Casa Giulietta']",Castelvecchio,"['Castelvecchio', 'Museo Lapidario', 'Verona Tour', 'San Zeno', 'Torre Lamberti']",Torre Lamberti,"The tourist is likely to continue exploring nearby historical sites and museums, given the proximity of Castelvecchio and other cultural attractions. The short distances make these places convenient f",True,1.233630657196045,success
040813121B6781,6,"['Arena', 'Casa Giulietta', 'Torre Lamberti']",Teatro Romano,"['Arena', 'Duomo', 'Santa Anastasia', 'Palazzo della Ragione', 'Giardino Giusti']",Duomo,"The tourist is likely to prefer visiting nearby and popular sites like the Arena, Duomo, and Santa Anastasia. The Teatro Romano has already been visited, so other nearby attractions are more probable ",True,1.5527541637420654,success
040816121B6785,0,"['Museo Lapidario', 'Casa Giulietta', 'Torre Lamberti']",San Zeno,"['Arena', 'Castelvecchio', 'Palazzo della Ragione', 'Duomo', 'Verona Tour']",Castelvecchio,"These POIs are within a reasonable walking distance from San Zeno and are popular tourist attractions in Verona. The Arena is close to the historical center where many tourists tend to cluster, while ",True,1.7013368606567383,success
0408254A216285,0,"['Arena', 'Casa Giulietta', 'Teatro Romano', 'Duomo', 'Santa Anastasia', 'Torre Lamberti', 'Tomba Giulietta', 'Museo Lapidario', 'San Fermo']",Castelvecchio,"['Castelvecchio', 'Verona Tour', 'San Zeno', 'Palazzo della Ragione', 'Museo Miniscalchi']",Palazzo della Ragione,"The tourist is likely to continue exploring nearby historical and cultural sites, with Castelvecchio being the immediate next stop due to its proximity. Other suggested POIs are popular attractions in",True,1.514251947402954,success
04082E4A216285,3,"['Arena', 'Casa Giulietta']",Santa Anastasia,"['Duomo', 'Teatro Romano', 'Palazzo della Ragione', 'Museo Conte', 'Centro Fotografia']",Teatro Romano,"These POIs are within a reasonable walking distance from Santa Anastasia and align with typical tourist interests in Verona, such as historical sites and museums.",True,1.2203123569488525,success
0408324A216285,3,['Arena'],Casa Giulietta,"['Torre Lamberti', 'Centro Fotografia', 'Sighseeing', 'Museo Conte']",Castelvecchio,"These points of interest are closest to Casa Giulietta and are within a reasonable walking distance. They also align with typical tourist patterns, offering both cultural and photographic opportunitie",False,1.1569583415985107,success
04082D121B6781,3,['Tomba Giulietta'],Arena,"['Casa Giulietta', 'Verona Tour', 'Museo Lapidario', 'Arena', 'San Fermo']",San Fermo,"The tourist is likely to visit Casa Giulietta next due to its proximity and popularity. Verona Tour could be their choice for a guided tour, Museo Lapidario offers historical artifacts, Arena might be",True,1.6506686210632324,success
0408344A216285,1,"['Arena', 'Casa Giulietta', 'Torre Lamberti']",Palazzo della Ragione,"['Museo Conte', 'AMO', 'Centro Fotografia', 'Sighseeing']",Castelvecchio,These POIs are closest to the current location and align with typical tourist patterns of exploring nearby cultural attractions after visiting major sites like Palazzo della Ragione.,False,1.0745289325714111,success
04083E121B6781,2,['Arena'],San Zeno,"['Castelvecchio', 'Museo Lapidario', 'Verona Tour', 'Torre Lamberti', 'Palazzo della Ragione']",Castelvecchio,"These POIs are relatively close to San Zeno and are popular tourist attractions, making them likely next stops for tourists.",True,1.0428221225738525,success
0408314A216285,2,"['Arena', 'Santa Anastasia', 'Teatro Romano']",San Fermo,"['Casa Giulietta', 'Torre Lamberti', 'Museo Conte', 'Arena', 'Palazzo della Ragione']",San Zeno,"Given the current time (14:38) and proximity to San Fermo, tourists are likely to visit well-known landmarks like Casa Giulietta and Torre Lamberti. The Arena is a major attraction in Verona and often",False,1.8362178802490234,success
040834121B6781,0,"['Museo Lapidario', 'Palazzo della Ragione', 'Casa Giulietta', 'Torre Lamberti']",Museo Storia,"['Tomba Giulietta', 'Arena', 'Giardino Giusti', 'Verona Tour', 'Centro Fotografia']",Tomba Giulietta,"These points of interest are close in proximity to the current location and align with typical tourist interests, such as visiting Juliet's Tomb and the Arena for their cultural significance.",True,1.3974699974060059,success
040893121B6781,3,['Arena'],Casa Giulietta,"['Torre Lamberti', 'Centro Fotografia', 'Sighseeing', 'Museo Conte', 'Palazzo della Ragione']",Castelvecchio,"These points of interest are closest to Casa Giulietta and are within a reasonable walking distance. They also align with typical tourist patterns, offering both cultural and photographic opportunitie",False,1.17138671875,success
04088B121B6781,0,['Arena'],Museo Lapidario,"['Castelvecchio', 'Verona Tour', 'San Fermo', 'Casa Giulietta', 'Tomba Giulietta']",Casa Giulietta,"These points of interest are within a reasonable walking distance and align with typical tourist patterns, focusing on historical and cultural attractions in Verona.",True,1.3406884670257568,success
04083C121B6781,2,"['Arena', 'Casa Giulietta', 'Torre Lamberti', 'Santa Anastasia', 'Teatro Romano', 'Castelvecchio', 'San Zeno']",Tomba Giulietta,"['Tomba Giulietta', 'Arena', 'San Zeno', 'Palazzo della Ragione', 'Museo Storia']",Palazzo della Ragione,"The tourist is likely to continue visiting significant historical and cultural sites in Verona. The Tomba Giulietta, Arena, and San Zeno are well-known attractions. Palazzo della Ragione and Museo Sto",True,1.6634278297424316,success
0408B1121B6781,3,['Arena'],Castelvecchio,"['Castelvecchio', 'Museo Lapidario', 'Verona Tour', 'San Zeno', 'Casa Giulietta']",Teatro Romano,"The tourist is currently at Castelvecchio and the next most likely destinations are nearby points of interest, considering the short distances and typical visit patterns.",False,1.1186275482177734,success
0408AC4A216281,1,"['Teatro Romano', 'Palazzo della Ragione']",Torre Lamberti,"['Casa Giulietta', 'Museo Conte', 'Teatro Romano', 'Santa Anastasia', 'Duomo']",Arena,"These POIs are close to the current location and align with typical tourist interests in Verona, such as historical sites and cultural attractions.",False,1.2448441982269287,success
0408A8121B6781,3,['Arena'],Palazzo della Ragione,"['Arena', 'Santa Anastasia', 'Museo Conte', 'Torre Lamberti', 'AMO']",Tomba Giulietta,"Given the current time (Sun 12:43) and proximity to Palazzo della Ragione, tourists are likely to visit nearby attractions like Arena, Santa Anastasia, Museo Conte, Torre Lamberti, and AMO. These loca",False,1.4520361423492432,success
040894121B6781,2,"['San Zeno', 'Castelvecchio', 'Arena', 'Casa Giulietta', 'Torre Lamberti']",Santa Anastasia,"['Santa Anastasia', 'Duomo', 'Palazzo della Ragione', 'Teatro Romano', 'Museo Conte']",Duomo,"The tourist is likely to continue exploring nearby historical and cultural sites, with a preference for shorter distances. Santa Anastasia is the immediate next stop, followed by other major landmarks",True,1.520636796951294,success
0408B9121B6781,1,['Casa Giulietta'],Torre Lamberti,"['Centro Fotografia', 'Museo Conte', 'Palazzo della Ragione', 'Sighseeing', 'Torre Lamberti']",Castelvecchio,"These POIs are close to the current location and align with typical tourist patterns, offering a mix of cultural and photographic interests.",False,1.191699504852295,success
0408B8121B6781,6,"['Arena', 'Casa Giulietta', 'Duomo', 'Teatro Romano']",Palazzo della Ragione,"['Casa Giulietta', 'Arena', 'Duomo', 'Teatro Romano', 'AMO']",Torre Lamberti,"The tourist has already visited several major landmarks and is currently at Palazzo della Ragione. Given the short distance to AMO, Casa Giulietta, Arena, Duomo, and Teatro Romano, these are likely ne",False,1.4840366840362549,success
0408B94A216281,4,"['Arena', 'Casa Giulietta', 'Tomba Giulietta']",San Zeno,"['Castelvecchio', 'Museo Lapidario', 'Torre Lamberti', 'Palazzo della Ragione', 'Duomo']",Museo Storia,"These POIs are relatively close to San Zeno and are popular tourist attractions in Verona. The time is late afternoon, which might make visitors prefer sites that offer indoor activities or have later",False,1.3678126335144043,success
0408B6121B6781,6,"['Arena', 'Castelvecchio']",Duomo,"['Duomo', 'Santa Anastasia', 'Teatro Romano', 'Palazzo della Ragione', 'Museo Conte']",Santa Anastasia,"The tourist is currently at the Duomo and has visited Arena and Castelvecchio. Given the short distances, these sites are likely to be of interest. The time context suggests a morning visit, so more a",True,1.707468032836914,success
0408C4121B6781,1,"['Arena', 'Teatro Romano', 'Torre Lamberti']",Castelvecchio,"['Casa Giulietta', 'San Zeno', 'Museo Miniscalchi', 'Palazzo della Ragione', 'Verona Tour']",Tomba Giulietta,"These POIs are close to Castelvecchio and align with typical tourist interests in Verona, such as visiting famous landmarks like Casa Giulietta and exploring local museums.",False,1.2186942100524902,success
0408C7121B6781,3,['Santa Anastasia'],Castelvecchio,"['Arena', 'San Zeno', 'Casa Giulietta', 'Museo Miniscalchi', 'Torre Lamberti']",Arena,"These POIs are within a reasonable walking distance from Castelvecchio and are popular tourist attractions in Verona, aligning with typical visitor patterns.",True,1.226470708847046,success
0408C24A216281,4,"['Arena', 'Palazzo della Ragione']",San Fermo,"['Casa Giulietta', 'Torre Lamberti', 'Museo Storia', 'Arena', 'Sighseeing']",Museo Storia,"The tourist is likely to visit places associated with Romeo and Juliet, such as Casa Giulietta. Torre Lamberti offers a good view of the city. Arena is a popular attraction in Verona. Sighseeing could",True,1.5352904796600342,success
0408D04A216281,3,['Casa Giulietta'],Arena,"['Arena', 'Verona Tour', 'Museo Lapidario', 'Castelvecchio', 'Tomba Giulietta']",Palazzo della Ragione,"The tourist is currently at the Arena and has recently visited Casa Giulietta. Given the proximity of other related sites such as Tomba Giulietta, and considering typical tourist patterns, these locat",False,1.3192591667175293,success
0408D0121B6781,6,"['Castelvecchio', 'Duomo', 'Santa Anastasia']",Palazzo della Ragione,"['Palazzo della Ragione', 'AMO', 'Museo Conte', 'Torre Lamberti', 'Centro Fotografia']",Arena,"The tourist is currently at Palazzo della Ragione and the next likely destinations are nearby points of interest. Considering the time context, these locations are within a reasonable walking distance",False,1.415971040725708,success
0408D24A216281,1,"['Castelvecchio', 'Torre Lamberti', 'Palazzo della Ragione']",Casa Giulietta,"['Arena', 'Museo Storia', 'San Fermo', 'Casa Giulietta', 'Centro Fotografia']",Arena,"The tourist is likely to continue exploring nearby attractions, with the Arena and Museo Storia being popular sites. San Fermo is a church that might interest history enthusiasts. Centro Fotografia co",True,1.379732370376587,success
0408C9121B6781,3,['Castelvecchio'],Arena,"['Casa Giulietta', 'Arena', 'Verona Tour', 'Museo Lapidario', 'San Fermo']",Casa Giulietta,"The tourist is likely to visit Casa Giulietta due to its popularity, and the Arena is nearby. Verona Tour could be chosen for a guided tour, while Museo Lapidario and San Fermo are close by.",True,1.5720372200012207,success
0408BD4A216281,6,"['Arena', 'Castelvecchio', 'Santa Anastasia']",Duomo,"['Teatro Romano', 'Palazzo della Ragione', 'Museo Miniscalchi', 'AMO', 'Casa Giulietta']",Teatro Romano,"These points of interest are relatively close to the Duomo, making them convenient for a quick visit. The Teatro Romano and Palazzo della Ragione are popular cultural sites in Verona, while AMO is kno",True,2.0754637718200684,success
0408DC121B6781,1,"['Arena', 'Casa Giulietta']",Torre Lamberti,"['Centro Fotografia', 'Museo Conte', 'Palazzo della Ragione', 'AMO', 'Museo Miniscalchi']",Palazzo della Ragione,"These POIs are relatively close to the current location and align with typical tourist interests in Verona, such as photography centers and historical museums.",True,1.1833953857421875,success
0408E8121B6781,1,"['Arena', 'Torre Lamberti']",Palazzo della Ragione,"['Museo Conte', 'AMO', 'Santa Anastasia', 'Casa Giulietta', 'Duomo']",Casa Giulietta,"These POIs are close to the current location and align with typical tourist interests in Verona, such as historical and cultural sites.",True,1.0442819595336914,success
0408DB121B6781,6,"['Arena', 'Palazzo della Ragione', 'Santa Anastasia']",Duomo,"['Duomo', 'Teatro Romano', 'Museo Conte', 'Torre Lamberti', 'AMO']",Castelvecchio,"The tourist is currently at the Duomo and has a short distance to Teatro Romano. The Teatro Romano, Museo Conte, Torre Lamberti, and AMO are also nearby, making them likely next stops based on typical",False,1.5136749744415283,success
0408E2121B6781,6,"['Arena', 'Castelvecchio']",Duomo,"['Santa Anastasia', 'Teatro Romano', 'Palazzo della Ragione', 'Museo Conte', 'AMO']",Casa Giulietta,"These points of interest are within close proximity to the Duomo and align with typical tourist patterns, focusing on historical and cultural sites.",False,1.1505255699157715,success
0408D7121B6781,6,"['Arena', 'Torre Lamberti', 'Palazzo della Ragione', 'Duomo']",Casa Giulietta,"['Casa Giulietta', 'Centro Fotografia', 'Sighseeing', 'Museo Conte', 'Museo Radio']",San Fermo,"The tourist is likely to visit Casa Giulietta next as it's the current location. Given the time (15:30), they might want a nearby activity or sight. The suggested POIs are within close proximity and a",False,1.842703104019165,success
0408E14A216281,6,['Arena'],Torre Lamberti,"['Casa Giulietta', 'Museo Conte', 'Palazzo della Ragione', 'Sighseeing', 'Centro Fotografia']",Duomo,"These points of interest are close to the current location, align with typical tourist patterns by offering cultural and historical attractions, and are within a reasonable walking distance given the ",False,1.4960119724273682,success
0409074A216285,3,['Torre Lamberti'],San Fermo,"['Casa Giulietta', 'Arena', 'Museo Conte', 'Palazzo della Ragione', 'Verona Tour']",Santa Anastasia,"These POIs are popular tourist destinations in Verona and are relatively close to San Fermo. The time is early afternoon, which makes cultural and historical sites more appealing.",False,1.2212600708007812,success
0408FB4A216281,1,"['Casa Giulietta', 'Torre Lamberti', 'Palazzo della Ragione', 'Castelvecchio']",Tomba Giulietta,"['Tomba Giulietta', 'Arena', 'Museo Storia', 'San Fermo', 'Palazzo della Ragione']",Arena,"The tourist is likely to continue the theme of Romeo and Juliet, visit nearby major attractions like the Arena, and explore closer points of interest.",True,1.2699806690216064,success
0408E0121B6781,2,"['Arena', 'Santa Anastasia', 'Torre Lamberti', 'Castelvecchio']",San Zeno,"['San Zeno', 'Verona Tour', 'Museo Lapidario', 'Palazzo della Ragione', 'Casa Giulietta']",Casa Giulietta,"The tourist is currently at San Zeno and the next likely destination would be nearby points of interest. Considering the time (Sat 12:50) and distances, a visit to San Zeno might be nearing completion",True,1.9242980480194092,success
0408F44A216281,0,"['Arena', 'Museo Lapidario', 'Torre Lamberti']",Santa Anastasia,"['Duomo', 'Teatro Romano', 'Palazzo della Ragione', 'Museo Conte', 'Centro Fotografia']",Casa Giulietta,"These POIs are within close proximity to Santa Anastasia and align with typical tourist interests in Verona, considering the time of day is later than usual.",False,1.348252296447754,success
0409094A216285,2,"['Arena', 'San Zeno', 'Castelvecchio']",Torre Lamberti,"['Casa Giulietta', 'San Zeno', 'Arena', 'Palazzo della Ragione', 'Museo Conte']",Casa Giulietta,"These POIs are close to the current location and align with typical tourist interests in Verona, such as visiting famous landmarks like Casa Giulietta and San Zeno, as well as historical sites like Ar",True,1.217360019683838,success
0409114A216285,1,"['Arena', 'Castelvecchio', 'Torre Lamberti']",Santa Anastasia,"['Duomo', 'Teatro Romano', 'Palazzo della Ragione', 'Museo Conte', 'AMO']",Casa Giulietta,"These POIs are within close proximity to Santa Anastasia and align with typical tourist patterns, offering a mix of historical and cultural attractions.",False,1.1692688465118408,success
040912121B6781,1,"['Arena', 'Castelvecchio']",Santa Anastasia,"['Museo Conte', 'Palazzo della Ragione', 'Teatro Romano', 'Duomo', 'Torre Lamberti']",Torre Lamberti,"These points of interest are within close proximity to Santa Anastasia and are popular tourist destinations in Verona, aligning with typical visiting patterns.",True,1.1676037311553955,success
04090E121B6781,1,"['Arena', 'Casa Giulietta', 'Torre Lamberti', 'Santa Anastasia']",Castelvecchio,"['Castelvecchio', 'Museo Lapidario', 'Verona Tour', 'San Zeno', 'Palazzo della Ragione']",Tomba Giulietta,"The tourist is currently at Castelvecchio and the next likely destination would be nearby points of interest. Considering the time, Castelvecchio is a popular stop, followed by other close attractions",False,1.8219835758209229,success
040918121B6781,3,"['Santa Anastasia', 'Torre Lamberti']",Casa Giulietta,"['Arena', 'Museo Conte', 'Palazzo della Ragione', 'San Fermo']",Tomba Giulietta,"These POIs are relatively close to Casa Giulietta and are popular tourist destinations in Verona, aligning with the typical visiting pattern.",False,1.0588428974151611,success
0409104A216285,3,['Arena'],Casa Giulietta,"['Torre Lamberti', 'Centro Fotografia', 'Sighseeing', 'Museo Conte', 'Palazzo della Ragione']",Tomba Giulietta,"These points of interest are closest to Casa Giulietta and within a reasonable walking distance, making them the most likely next stops for tourists. The time context suggests they might be looking fo",False,1.4497365951538086,success
040925121B6785,6,"['Arena', 'Duomo', 'Castelvecchio']",Casa Giulietta,"['Torre Lamberti', 'Centro Fotografia', 'San Fermo', 'Museo Conte']",Torre Lamberti,"These points of interest are close to Casa Giulietta, align with typical tourist patterns, and the time context suggests they can be visited within a reasonable timeframe.",True,1.2454192638397217,success
040916121B6781,2,"['Arena', 'Casa Giulietta', 'San Fermo', 'Torre Lamberti', 'Santa Anastasia']",Duomo,"['Duomo', 'Teatro Romano', 'Palazzo della Ragione', 'Museo Miniscalchi', 'AMO']",San Zeno,"The tourist is currently at the Duomo and it's a popular site to visit. Given the time, they might want to continue their exploration of historical sites nearby such as Teatro Romano and Palazzo della",False,1.744497537612915,success
040913121B6781,6,"['Arena', 'Casa Giulietta', 'Torre Lamberti']",Teatro Romano,"['Duomo', 'Arena', 'Teatro Romano', 'Giardino Giusti', 'Santa Anastasia']",Duomo,"Given the current location at Teatro Romano, tourists are likely to visit nearby significant landmarks such as Duomo and Arena. The Giardino Giusti is a popular tourist attraction known for its beauty",True,1.805107831954956,success
0409294A216285,3,['Casa Giulietta'],Arena,"['Arena', 'Verona Tour', 'Museo Lapidario', 'Castelvecchio', 'Tomba Giulietta']",Castelvecchio,"The tourist is currently at the Arena and has recently visited Casa Giulietta. Given the proximity of other related sites such as Tomba Giulietta, and considering typical tourist patterns, these locat",True,1.387404203414917,success
040924121B6781,3,['Casa Giulietta'],Arena,"['Arena', 'Verona Tour', 'Museo Lapidario', 'Castelvecchio', 'Tomba Giulietta']",Castelvecchio,"The tourist is currently at the Arena and has just visited Casa Giulietta. Given the time context, they are likely to explore nearby attractions. The suggested POIs are within reasonable walking dista",True,1.5623836517333984,success
04092C121B6781,2,"['Casa Giulietta', 'Torre Lamberti', 'Arena']",Castelvecchio,"['Castelvecchio', 'Museo Lapidario', 'Verona Tour', 'Palazzo della Ragione', 'San Zeno']",San Zeno,"The tourist is likely to continue exploring nearby historical and cultural sites, with a preference for shorter distances. Castelvecchio is the current location, so it's natural to stay in the vicinit",True,1.7138512134552002,success
04092E4A216285,3,"['Arena', 'Torre Lamberti']",Casa Giulietta,"['Arena', 'San Fermo', 'Palazzo della Ragione', 'Museo Conte', 'Centro Fotografia']",Santa Anastasia,"The tourist is likely to continue exploring nearby historical and cultural sites, given the proximity of these POIs. The Arena and San Fermo are well-known landmarks in Verona, while Palazzo della Rag",False,1.6902093887329102,success
0409344A216285,3,"['Arena', 'Tomba Giulietta']",Santa Anastasia,"['Casa Giulietta', 'Duomo', 'Teatro Romano', 'Museo Conte', 'Palazzo della Ragione']",Teatro Romano,"These POIs are close to the current location and align with typical tourist interests in Verona, such as historical sites and cultural attractions.",True,1.1057698726654053,success
04093B121B6781,3,['Arena'],Castelvecchio,"['Museo Lapidario', 'Verona Tour', 'San Zeno', 'Casa Giulietta', 'Torre Lamberti']",Casa Giulietta,These POIs are closest to Castelvecchio and align with typical tourist patterns of visiting multiple cultural sites in a short distance.,True,1.1714200973510742,success
04092F121B6781,3,"['Arena', 'Castelvecchio']",Santa Anastasia,"['Museo Conte', 'Palazzo della Ragione', 'Teatro Romano', 'Duomo', 'Torre Lamberti']",Teatro Romano,"These POIs are relatively close to Santa Anastasia and are popular tourist attractions in Verona, aligning with the typical visiting pattern for tourists.",True,1.294206142425537,success
04093E121B6781,6,"['Arena', 'Castelvecchio', 'Casa Giulietta', 'Torre Lamberti']",Santa Anastasia,"['Duomo', 'Teatro Romano', 'Palazzo della Ragione', 'Museo Conte', 'AMO']",Duomo,"These POIs are within close proximity to Santa Anastasia and align with typical tourist patterns, offering a mix of historical and cultural attractions.",True,1.217902660369873,success
0409324A216285,3,['Arena'],Casa Giulietta,"['Torre Lamberti', 'Centro Fotografia', 'Sighseeing', 'Museo Conte', 'Palazzo della Ragione']",Castelvecchio,"These points of interest are closest to Casa Giulietta and within a reasonable walking distance. They also align with typical tourist patterns, offering both cultural and photographic opportunities.",False,1.281163215637207,success
04094B4A216285,3,['Castelvecchio'],Teatro Romano,"['Duomo', 'Santa Anastasia', 'Palazzo della Ragione', 'Museo Conte', 'Teatro Romano']",Arena,"These POIs are close in proximity to the Teatro Romano and are popular tourist destinations in Verona, making them likely next stops for tourists.",False,1.2127206325531006,success
040950121B6781,1,"['Castelvecchio', 'Arena']",Torre Lamberti,"['Casa Giulietta', 'Arena', 'Museo Conte', 'Palazzo della Ragione', 'Sighseeing']",Santa Anastasia,"These POIs are close to Torre Lamberti and are popular tourist attractions in Verona. The time is early afternoon, which makes these options suitable for a visit or a short stop.",False,1.321364402770996,success
0409AC4A216281,1,"['Teatro Romano', 'Palazzo della Ragione']",Torre Lamberti,"['Casa Giulietta', 'Museo Conte', 'Teatro Romano', 'Duomo', 'San Fermo']",Arena,"These POIs are close to the current location and align with typical tourist patterns, including cultural attractions like museums and historical sites.",False,1.0730910301208496,success
040940121B6781,3,['Casa Giulietta'],Teatro Romano,"['Teatro Romano', 'Duomo', 'Santa Anastasia', 'Palazzo della Ragione', 'Museo Conte']",Arena,"The current location is the Teatro Romano, and given the time (15:10), tourists are likely to explore nearby attractions. The distances are relatively short, making these locations convenient for a qu",False,1.6497018337249756,success
040993121B6781,1,"['Arena', 'Castelvecchio']",Casa Giulietta,"['Torre Lamberti', 'Centro Fotografia', 'Sighseeing', 'Museo Conte', 'Palazzo della Ragione']",Torre Lamberti,These POIs are closest to Casa Giulietta and align with typical tourist patterns of exploring nearby landmarks and cultural sites.,True,1.1565988063812256,success
0409B0121B6781,3,"['Arena', 'Casa Giulietta']",Torre Lamberti,"['Centro Fotografia', 'Museo Conte', 'Palazzo della Ragione', 'Sighseeing', 'Arena']",Teatro Romano,"These POIs are relatively close to the current location and align with typical tourist interests in Verona, such as photography centers and historical sites.",False,1.1228983402252197,success
040977121B6781,3,['Castelvecchio'],Casa Giulietta,"['Torre Lamberti', 'Centro Fotografia', 'Sighseeing', 'Museo Conte', 'Palazzo della Ragione']",Tomba Giulietta,"These points of interest are closest to Casa Giulietta and within a reasonable walking distance, making them the most likely next stops for tourists. The time context suggests they might be looking fo",False,1.4792203903198242,success
0409B3121B6780,0,"['Museo Lapidario', 'Arena', 'San Fermo', 'Palazzo della Ragione']",Museo Storia,"['Casa Giulietta', 'Arena', 'San Fermo', 'Torre Lamberti', 'Giardino Giusti']",Santa Anastasia,"These POIs are close to the current location and align with typical tourist interests in Verona, such as visiting Juliet's House and exploring historical sites like the Arena and San Fermo.",False,1.2122790813446045,success
040949121B6781,0,"['Arena', 'Museo Lapidario', 'San Fermo', 'Torre Lamberti', 'Teatro Romano']",Casa Giulietta,"['Casa Giulietta', 'Arena', 'San Fermo', 'Teatro Romano', 'Palazzo della Ragione']",Castelvecchio,"The tourist is currently at Casa Giulietta and has already visited other major attractions like Arena, Museo Lapidario, San Fermo, Torre Lamberti, and Teatro Romano. Given the time context (12:21) whi",False,1.913477897644043,success
0409B1121B6780,1,"['Arena', 'Santa Anastasia', 'Casa Giulietta', 'Torre Lamberti', 'Palazzo della Ragione']",Palazzo della Ragione,"['Duomo', 'Teatro Romano', 'Museo Conte', 'AMO', 'Centro Fotografia']",Castelvecchio,"These POIs are within close proximity to Palazzo della Ragione and align with typical tourist interests in Verona, such as historical sites and museums.",False,1.3469114303588867,success
0409B4121B6780,0,"['Museo Lapidario', 'Arena', 'Palazzo della Ragione', 'Museo Storia']",Duomo,"['Duomo', 'Teatro Romano', 'Santa Anastasia', 'Museo Miniscalchi', 'AMO']",Santa Anastasia,"The tourist is currently at the Duomo and it's a popular spot. Given the time, they might be finishing their visit soon. The nearby Teatro Romano, Santa Anastasia, Museo Miniscalchi, and AMO are all w",True,1.6033720970153809,success
0409B04A216281,3,['Teatro Romano'],Arena,"['Casa Giulietta', 'Museo Lapidario', 'Arena', 'Verona Tour', 'San Fermo']",Castelvecchio,"The tourist is likely to visit nearby attractions such as Casa Giulietta and Museo Lapidario, given their proximity. The Arena is the current location, so it might be revisited or explored further. Ve",False,1.9089255332946777,success
0409B5121B6780,0,"['Arena', 'Museo Lapidario', 'Castelvecchio', 'San Fermo']",Santa Anastasia,"['Santa Anastasia', 'Duomo', 'Palazzo della Ragione', 'Teatro Romano', 'Casa Giulietta']",San Zeno,"The tourist is currently at Santa Anastasia and the next likely destinations are nearby landmarks such as Duomo, Palazzo della Ragione, Teatro Romano, and Casa Giulietta, which are popular attractions",False,1.602029800415039,success
0409BD121B6780,1,"['Casa Giulietta', 'Arena', 'Tomba Giulietta']",Castelvecchio,"['Castelvecchio', 'Museo Lapidario', 'Verona Tour', 'San Zeno', 'Palazzo della Ragione']",Castelvecchio,"The tourist is likely to continue exploring nearby historical and cultural sites, with a preference for shorter distances due to the time of day.",True,1.2295072078704834,success
0409B9121B6781,1,"['Casa Giulietta', 'Arena']",Castelvecchio,"['Museo Lapidario', 'Verona Tour', 'Torre Lamberti', 'San Zeno', 'Palazzo della Ragione']",Torre Lamberti,"These points of interest are relatively close to Castelvecchio, making them convenient for a quick visit. They also align with common tourist patterns of exploring nearby historical and cultural sites",True,1.2880079746246338,success
0409B6121B6781,2,"['Castelvecchio', 'San Zeno', 'Teatro Romano', 'Tomba Giulietta', 'San Fermo', 'Palazzo della Ragione']",Santa Anastasia,"['Santa Anastasia', 'Duomo', 'Casa Giulietta', 'Giardino Giusti', 'Museo Conte']",Arena,"The tourist is likely to continue exploring nearby historical and cultural sites, with a preference for shorter distances. Santa Anastasia is the next immediate destination, followed by other popular ",False,1.5186076164245605,success
0409C3121B6780,6,"['Casa Giulietta', 'San Fermo', 'Teatro Romano', 'Arena', 'Castelvecchio', 'Duomo', 'Tomba Giulietta', 'Palazzo della Ragione']",Santa Anastasia,"['Torre Lamberti', 'Museo Conte', 'Centro Fotografia', 'Sighseeing', 'AMO']",Torre Lamberti,"These points of interest are closest to Santa Anastasia and align with typical tourist patterns, offering a mix of historical and cultural attractions.",True,1.0856218338012695,success
0409C24A216281,3,['Arena'],Casa Giulietta,"['Torre Lamberti', 'Centro Fotografia', 'Sighseeing', 'Museo Conte', 'Palazzo della Ragione']",Torre Lamberti,"These points of interest are closest to Casa Giulietta and within a reasonable walking distance. They also align with typical tourist patterns, offering both cultural and photographic opportunities.",True,1.1941370964050293,success
0409B8121B6781,6,"['Arena', 'Casa Giulietta', 'Duomo', 'Santa Anastasia', 'Torre Lamberti', 'Palazzo della Ragione']",Castelvecchio,"['Castelvecchio', 'Museo Lapidario', 'Verona Tour', 'San Zeno', 'Tomba Giulietta']",San Fermo,"The tourist is currently at Castelvecchio and the nearest points of interest are Museo Lapidario, Verona Tour, San Zeno, and Tomba Giulietta. Given the time context and typical tourist patterns, these",False,1.49652099609375,success
0409BE4A216281,1,"['Arena', 'Casa Giulietta']",Torre Lamberti,"['Centro Fotografia', 'Museo Conte', 'Palazzo della Ragione', 'AMO', 'Museo Miniscalchi']",Castelvecchio,"These POIs are relatively close to Torre Lamberti, making them convenient for a quick visit. The tourist is likely to choose places that are not too far and offer variety in terms of cultural experien",False,1.3893451690673828,success
0409C4121B6780,6,"['Casa Giulietta', 'San Fermo', 'Teatro Romano', 'Arena', 'Castelvecchio', 'Duomo', 'Tomba Giulietta', 'Palazzo della Ragione']",Santa Anastasia,"['Torre Lamberti', 'Museo Conte', 'AMO', 'Centro Fotografia', 'Sighseeing']",Torre Lamberti,"These points of interest are closest to Santa Anastasia and align with typical tourist patterns, offering a mix of cultural and historical attractions.",True,1.1925628185272217,success
0409C4121B6781,2,"['Arena', 'Casa Giulietta', 'Torre Lamberti', 'Santa Anastasia', 'Teatro Romano', 'Duomo']",San Fermo,"['Tomba Giulietta', 'Museo Storia', 'Palazzo della Ragione', 'Centro Fotografia', 'Verona Tour']",San Zeno,"These POIs are close to the current location, align with typical tourist interests in Verona, and fit within a reasonable walking distance from San Fermo.",False,1.3446097373962402,success
0409BD4A216281,6,"['Arena', 'Castelvecchio', 'Santa Anastasia']",Duomo,"['Teatro Romano', 'Palazzo della Ragione', 'Museo Miniscalchi', 'AMO', 'Casa Giulietta']",Teatro Romano,"These points of interest are relatively close to the Duomo, making them convenient for a quick visit. The Teatro Romano and Palazzo della Ragione are popular cultural sites in Verona, while AMO is kno",True,1.9944512844085693,success
0409C5121B6781,3,['Palazzo della Ragione'],Arena,"['Casa Giulietta', 'Arena', 'Verona Tour', 'Castelvecchio', 'San Fermo']",San Fermo,"The tourist is likely to visit Casa Giulietta due to its popularity, and the Arena is nearby. Verona Tour could be a guided tour option. Castelvecchio and San Fermo are also close by and popular attra",True,1.3460633754730225,success
0409C6121B6780,2,"['Arena', 'Teatro Romano', 'Casa Giulietta', 'Torre Lamberti', 'Santa Anastasia', 'Duomo']",San Fermo,"['Tomba Giulietta', 'Museo Storia', 'Palazzo della Ragione', 'Verona Tour', 'Centro Fotografia']",San Zeno,"These POIs are close to San Fermo and align with typical tourist interests in Verona, such as historical and cultural attractions.",False,1.1908316612243652,success
0409C8121B6780,3,['Arena'],Castelvecchio,"['Museo Lapidario', 'Verona Tour', 'San Zeno', 'Casa Giulietta', 'Torre Lamberti']",San Fermo,These POIs are closest to Castelvecchio and align with typical tourist patterns of exploring nearby historical sites and attractions.,False,1.1635210514068604,success
0409D0121B6781,6,"['Castelvecchio', 'Duomo']",Santa Anastasia,"['Museo Conte', 'Palazzo della Ragione', 'Teatro Romano', 'Torre Lamberti', 'Centro Fotografia']",Palazzo della Ragione,"These points of interest are relatively close to Santa Anastasia and align with typical tourist patterns, offering a mix of historical and cultural attractions.",True,1.2127494812011719,success
0409C9121B6781,3,['Castelvecchio'],Arena,"['Arena', 'Verona Tour', 'Museo Lapidario', 'Casa Giulietta', 'San Fermo']",Casa Giulietta,"The tourist is currently at the Arena and has recently visited Castelvecchio. Given the short distances, these POIs are likely to be of interest. Verona Tour offers a guided tour which might appeal af",True,1.5196576118469238,success
0409DB121B6781,2,"['Casa Giulietta', 'Castelvecchio', 'Santa Anastasia', 'San Fermo', 'San Zeno', 'Arena', 'Teatro Romano']",Torre Lamberti,"['Torre Lamberti', 'Palazzo della Ragione', 'Centro Fotografia', 'Museo Conte', 'Sighseeing']",Duomo,"The tourist is likely to visit nearby attractions in the vicinity of Torre Lamberti, with a preference for shorter distances. Palazzo della Ragione and other cultural centers are popular stops during ",False,1.3939540386199951,success
0409D14A216281,3,"['Casa Giulietta', 'Teatro Romano']",Santa Anastasia,"['Duomo', 'Palazzo della Ragione', 'Teatro Romano', 'Giardino Giusti', 'Museo Conte']",Arena,"The time is early evening, making the Duomo and Palazzo della Ragione popular choices for photos. The Teatro Romano was already visited but might be revisited for sunset views. Nearby attractions like",False,1.6699254512786865,success
0409C7121B6781,1,"['Arena', 'Torre Lamberti', 'Palazzo della Ragione', 'Santa Anastasia', 'San Fermo']",Teatro Romano,"['Teatro Romano', 'Duomo', 'Museo Conte', 'Giardino Giusti', 'Casa Giulietta']",Tomba Giulietta,"The group is currently at the Teatro Romano and it's earlier in their visit. Given the time (12:45), they are likely to move to nearby attractions like Duomo, Museo Conte, or Giardino Giusti. Casa Giu",False,1.96901273727417,success
0409CD121B6781,1,"['Torre Lamberti', 'Casa Giulietta']",Arena,"['Arena', 'Verona Tour', 'Museo Lapidario', 'Castelvecchio', 'Tomba Giulietta']",Castelvecchio,"The tourist is currently at the Arena, which is a major attraction in Verona. Given the time (12:54), they might be taking a break or finishing their visit here. The nearby POIs like Verona Tour and M",True,1.9405269622802734,success
0409E14A216281,0,"['Arena', 'Museo Lapidario']",Casa Giulietta,"['Torre Lamberti', 'Centro Fotografia', 'Sighseeing', 'Museo Conte', 'Museo Radio']",Castelvecchio,"These points of interest are closest to Casa Giulietta and align with typical tourist patterns, including nearby attractions like Torre Lamberti which is a popular landmark.",False,1.1803083419799805,success
0409DC121B6781,3,['Arena'],Castelvecchio,"['Castelvecchio', 'Museo Lapidario', 'Verona Tour', 'San Zeno', 'Casa Giulietta']",Santa Anastasia,"The tourist is currently at Castelvecchio and the next most likely destinations are nearby points of interest, considering the short distances and typical visiting patterns.",False,1.4238102436065674,success
0409DE121B6781,1,"['Castelvecchio', 'Arena', 'Duomo']",Torre Lamberti,"['Casa Giulietta', 'Arena', 'Duomo', 'San Fermo', 'Museo Conte']",Palazzo della Ragione,"These POIs are close to the current location and align with typical tourist interests in Verona, such as historical and cultural sites. Casa Giulietta is a popular destination for tourists interested ",False,1.4969568252563477,success
0409CC4A216281,1,"['Casa Giulietta', 'Torre Lamberti', 'Palazzo della Ragione']",Arena,"['Arena', 'Verona Tour', 'Museo Lapidario', 'San Fermo', 'Castelvecchio']",Castelvecchio,"The tourist is currently at the Arena, which is a major attraction in Verona. Given the time (12:42), they might be looking for something to do before or after their visit. The nearby points of intere",True,2.155780792236328,success
0409F44A216281,3,"['Arena', 'San Fermo', 'Casa Giulietta']",Palazzo della Ragione,"['Museo Conte', 'AMO', 'Torre Lamberti', 'Centro Fotografia', 'Sighseeing']",Santa Anastasia,"These points of interest are closest to Palazzo della Ragione and align well with typical tourist patterns, offering a mix of cultural and historical attractions.",False,1.3242840766906738,success
0409E64A216281,0,"['Arena', 'Museo Lapidario']",Tomba Giulietta,"['Casa Giulietta', 'Castelvecchio', 'San Fermo', 'Museo Storia', 'Verona Tour']",Museo Storia,"These POIs are close in proximity to the current location and align with typical tourist interests, such as visiting Juliet's House and exploring historical sites like Castelvecchio.",True,1.3535997867584229,success
0409FB4A216281,1,"['Casa Giulietta', 'Torre Lamberti', 'Palazzo della Ragione', 'Castelvecchio']",Tomba Giulietta,"['Tomba Giulietta', 'Arena', 'Museo Storia', 'San Fermo', 'Palazzo della Ragione']",Arena,The tourist is likely to continue the theme of visiting famous landmarks and attractions related to Verona's history. The short distances to nearby points of interest make them easily accessible withi,True,1.3918473720550537,success
040A0B4A216285,3,"['Arena', 'Torre Lamberti', 'Casa Giulietta']",Tomba Giulietta,"['Tomba Giulietta', 'Museo Storia', 'San Fermo', 'Palazzo della Ragione', 'Casa Giulietta']",Santa Anastasia,"The tourist is currently at Tomba Giulietta and has already visited Casa Giulietta. The nearby points of interest (POIs) are within a short walking distance, making them likely choices for the next vi",False,1.4572479724884033,success
040A0E121B6781,1,"['Arena', 'Casa Giulietta', 'Torre Lamberti', 'Santa Anastasia']",Castelvecchio,"['Castelvecchio', 'Museo Lapidario', 'Verona Tour', 'San Zeno', 'Palazzo della Ragione']",Tomba Giulietta,"The tourist is likely to continue exploring nearby historical and cultural sites, with a preference for shorter distances due to the early time. Castelvecchio is already visited, so other close option",False,1.4122555255889893,success
040A12121B6781,1,['Arena'],Castelvecchio,"['Museo Lapidario', 'Verona Tour', 'San Zeno', 'Casa Giulietta', 'Torre Lamberti']",Torre Lamberti,These POIs are closest to Castelvecchio and align with typical tourist patterns of visiting historical and cultural sites in Verona.,True,1.1644532680511475,success
040A1C121B6781,3,"['Arena', 'Casa Giulietta']",San Fermo,"['Torre Lamberti', 'Museo Conte', 'Palazzo della Ragione', 'Verona Tour', 'Tomba Giulietta']",Teatro Romano,"These POIs are within a reasonable walking distance from San Fermo and align with typical tourist interests in Verona, such as historical landmarks and attractions related to Romeo and Juliet.",False,1.430039882659912,success
040A24121B6781,3,['Casa Giulietta'],Arena,"['Arena', 'Verona Tour', 'Museo Lapidario', 'Castelvecchio', 'Tomba Giulietta']",Castelvecchio,"The tourist is currently at the Arena and has just visited Casa Giulietta. Given the proximity of other related sites such as Tomba Giulietta, and considering typical tourist patterns, these locations",True,1.4956305027008057,success
040A114A216285,6,"['Casa Giulietta', 'Torre Lamberti', 'Palazzo della Ragione', 'Santa Anastasia']",Duomo,"['Duomo', 'Teatro Romano', 'Museo Miniscalchi', 'Arena', 'Giardino Giusti']",Arena,"The tourist is currently at the Duomo and it's a popular stop. Given the time (13:07), they might want to visit nearby attractions like the Teatro Romano or Museo Miniscalchi, which are within walking",True,1.8926372528076172,success
040A2E121B6781,3,['Arena'],Santa Anastasia,"['Museo Conte', 'Palazzo della Ragione', 'Teatro Romano', 'Duomo', 'Torre Lamberti']",Castelvecchio,"These POIs are relatively close to Santa Anastasia and are popular tourist destinations in Verona, making them likely next stops for the tourists.",False,1.0628137588500977,success
040A124A216285,6,"['Arena', 'Casa Giulietta', 'Palazzo della Ragione', 'Torre Lamberti']",Teatro Romano,"['Arena', 'Santa Anastasia', 'Duomo', 'Teatro Romano', 'Giardino Giusti']",Duomo,"The tourist is likely to continue exploring nearby historical sites and attractions. The Arena, Santa Anastasia, and Duomo are close by and popular landmarks. Teatro Romano is the current location, so",True,1.7527644634246826,success
040A284A216285,1,"['Arena', 'Casa Giulietta']",Castelvecchio,"['Castelvecchio', 'Museo Lapidario', 'Verona Tour', 'San Zeno', 'Palazzo della Ragione']",Castelvecchio,"The tourist is currently at Castelvecchio and has a short distance to the Museo Lapidario. Verona Tour is nearby and might offer guided services. San Zeno and Palazzo della Ragione are also close by, ",True,1.62516450881958,success
040A2C121B6781,3,"['Arena', 'Torre Lamberti', 'Santa Anastasia', 'San Fermo']",Casa Giulietta,"['Casa Giulietta', 'Arena', 'Duomo', 'Palazzo della Ragione', 'Museo Conte']",Teatro Romano,"The tourist is currently at Casa Giulietta and the next likely destinations are nearby points of interest. The Arena, Duomo, and Palazzo della Ragione are popular sites in Verona and are within a reas",False,1.6053194999694824,success
040A294A216285,0,"['Arena', 'Castelvecchio', 'Palazzo della Ragione', 'Casa Giulietta', 'Duomo']",Teatro Romano,"['Teatro Romano', 'Santa Anastasia', 'AMO', 'Museo Conte', 'Giardino Giusti']",Museo Lapidario,"The tourist is currently at the Teatro Romano and it's a popular site to visit after the main attractions like Arena and Duomo. The nearby Santa Anastasia, AMO, Museo Conte, and Giardino Giusti are wi",False,1.7152936458587646,success
040A18121B6781,6,"['Duomo', 'Santa Anastasia', 'Casa Giulietta', 'Torre Lamberti']",Arena,"['Arena', 'Verona Tour', 'Museo Lapidario', 'Tomba Giulietta', 'Castelvecchio']",Tomba Giulietta,"The tourist is currently at the Arena, which is a major attraction in Verona. Given the time (16:35), they might be finishing their visit or leaving soon. The nearby points of interest are within walk",True,2.3040735721588135,success
040A39121B6781,3,['Arena'],Tomba Giulietta,"['Casa Giulietta', 'Castelvecchio', 'Museo Storia', 'Verona Tour', 'San Fermo']",Torre Lamberti,"These POIs are close to the current location and align with typical tourist interests in Verona, such as historical sites and museums.",False,0.9829330444335938,success
040A2F4A216285,3,"['Arena', 'Casa Giulietta']",Torre Lamberti,"['Centro Fotografia', 'Museo Conte', 'Palazzo della Ragione', 'Sighseeing', 'Arena']",Santa Anastasia,"These POIs are relatively close to the current location and include cultural attractions that tourists often visit in Verona, such as museums and palaces. The Arena is also a popular site for its hist",False,1.4747226238250732,success
040A2F121B6781,6,"['Arena', 'Castelvecchio', 'Santa Anastasia']",Duomo,"['Teatro Romano', 'Palazzo della Ragione', 'Museo Conte', 'Casa Giulietta', 'Arena']",Teatro Romano,"The tourist is likely to choose nearby attractions that fit the usual visiting pattern and are within a reasonable walking distance. The Teatro Romano, Palazzo della Ragione, Museo Conte, Casa Giuliet",True,1.6679506301879883,success
040A3B4A216285,6,['Arena'],Teatro Romano,"['Duomo', 'Santa Anastasia', 'Palazzo della Ragione', 'Arena', 'Museo Conte']",Duomo,"These POIs are close to the current location and are popular tourist attractions in Verona, making them likely next stops based on typical visitor patterns.",True,1.210808515548706,success
040A4C4A216285,4,"['Arena', 'Palazzo della Ragione']",Museo Storia,"['Casa Giulietta', 'Torre Lamberti', 'Giardino Giusti', 'Santa Anastasia', 'Museo Conte']",Castelvecchio,"These POIs are close to the current location and align with typical tourist interests in Verona, such as visiting famous landmarks associated with Romeo and Juliet.",False,1.0995731353759766,success
040A304A216285,6,"['Arena', 'Casa Giulietta']",Duomo,"['Duomo', 'Teatro Romano', 'Palazzo della Ragione', 'Santa Anastasia', 'Museo Miniscalchi']",Castelvecchio,"The tourist is currently at the Duomo and has visited Arena and Casa Giulietta. Given the proximity of Teatro Romano, Palazzo della Ragione, Santa Anastasia, and Museo Miniscalchi (all within 0.3km), ",False,1.8886666297912598,success
040A3E121B6781,6,"['Arena', 'Castelvecchio', 'Casa Giulietta', 'Torre Lamberti']",Santa Anastasia,"['Duomo', 'Teatro Romano', 'Palazzo della Ragione', 'Centro Fotografia', 'Museo Conte']",Duomo,"These POIs are within close proximity to Santa Anastasia and align with typical tourist interests in Verona, including historical and cultural attractions.",True,1.2928762435913086,success
040A42121B6781,4,['Museo Storia'],Torre Lamberti,"['Casa Giulietta', 'Museo Conte', 'Palazzo della Ragione', 'Centro Fotografia', 'Sighseeing']",Arena,"These points of interest are close to the current location, align with typical tourist patterns by offering cultural and historical attractions, and are within a reasonable walking distance given the ",False,1.3665077686309814,success
040A77121B6781,1,['Castelvecchio'],Teatro Romano,"['Duomo', 'Santa Anastasia', 'Palazzo della Ragione', 'Museo Conte', 'Teatro Romano']",Palazzo della Ragione,"These POIs are close to the current location and are popular tourist destinations in Verona, making them likely next stops for visitors.",True,1.2569386959075928,success
040A60121B6781,1,"['Palazzo della Ragione', 'Torre Lamberti']",Arena,"['Arena', 'Verona Tour', 'Casa Giulietta', 'Museo Lapidario', 'San Fermo']",Castelvecchio,"The tourist is currently at the Arena, which is a major attraction in Verona. Given the time (17:02), they might be looking to conclude their visit or move on to another popular site nearby. The sugge",False,1.925987720489502,success
040A79121B6781,3,['Arena'],Castelvecchio,"['Castelvecchio', 'Museo Lapidario', 'Verona Tour', 'San Zeno', 'Casa Giulietta']",Casa Giulietta,"The tourist is currently at Castelvecchio and the nearby points of interest (POIs) are within a short walking distance. Given the time context, tourists often explore multiple sites in a day, and thes",True,1.4787571430206299,success
040A62121B6781,2,"['Arena', 'Santa Anastasia', 'San Fermo', 'San Zeno', 'Castelvecchio']",Duomo,"['Teatro Romano', 'Museo Miniscalchi', 'Palazzo della Ragione', 'AMO', 'Casa Giulietta']",Torre Lamberti,"These points of interest are relatively close to the Duomo, making them convenient for a quick visit. The Teatro Romano and Museo Miniscalchi are popular cultural attractions in Verona, while Palazzo ",False,1.8830862045288086,success
040A92121B6780,3,['Casa Giulietta'],Arena,"['Arena', 'Verona Tour', 'Museo Lapidario', 'Castelvecchio', 'Tomba Giulietta']",Castelvecchio,"The tourist is currently at the Arena and has recently visited Casa Giulietta. Given the proximity of other related sites such as Tomba Giulietta, and considering typical tourist patterns, these locat",True,1.3489723205566406,success
040A91121B6780,3,['Casa Giulietta'],Arena,"['Arena', 'Verona Tour', 'Museo Lapidario', 'Castelvecchio', 'Tomba Giulietta']",Castelvecchio,"The tourist is currently at the Arena and has recently visited Casa Giulietta. Given the proximity of other related sites such as Tomba Giulietta, and considering typical tourist patterns, these locat",True,1.5482721328735352,success
040AB0121B6781,1,"['Arena', 'Torre Lamberti']",Santa Anastasia,"['Duomo', 'Palazzo della Ragione', 'Teatro Romano', 'Museo Conte', 'AMO']",Castelvecchio,"These POIs are relatively close to Santa Anastasia and are popular tourist destinations in Verona, aligning with the typical pattern of visiting multiple sites in a day.",False,1.268200397491455,success
040A7D121B6781,6,"['Arena', 'Torre Lamberti']",Duomo,"['Duomo', 'Teatro Romano', 'Palazzo della Ragione', 'Santa Anastasia', 'Casa Giulietta']",Teatro Romano,"The tourist is currently at the Duomo and it's a popular spot. Given the time, they might want to visit nearby attractions like Teatro Romano or Palazzo della Ragione which are close by. Santa Anastas",True,1.695401668548584,success
040AB1121B6780,1,"['Castelvecchio', 'Arena']",Torre Lamberti,"['Casa Giulietta', 'Arena', 'Museo Conte', 'Palazzo della Ragione', 'Centro Fotografia']",Palazzo della Ragione,"These POIs are close to Torre Lamberti and are popular tourist destinations in Verona. The time is early afternoon, making these indoor options suitable for a break or visit.",True,1.368217945098877,success
040AB5121B6780,0,"['Arena', 'Museo Lapidario', 'Castelvecchio', 'San Fermo']",Santa Anastasia,"['Santa Anastasia', 'Duomo', 'Palazzo della Ragione', 'Teatro Romano', 'Casa Giulietta']",San Zeno,"The tourist is currently at Santa Anastasia and the next likely destinations are nearby landmarks such as Duomo, Palazzo della Ragione, Teatro Romano, and Casa Giulietta, which are popular attractions",False,1.2899672985076904,success
040AAD4A216281,0,"['Castelvecchio', 'Museo Lapidario', 'Museo Storia', 'Duomo', 'Torre Lamberti']",Casa Giulietta,"['Arena', 'Palazzo della Ragione', 'Museo Conte', 'San Fermo', 'Casa Giulietta']",Arena,"The tourist is likely to move towards the nearest points of interest, such as Arena and Palazzo della Ragione. Museo Conte and San Fermo are also close by and popular attractions. Casa Giulietta might",True,1.5016298294067383,success
040AB9121B6781,1,"['Casa Giulietta', 'Palazzo della Ragione']",Castelvecchio,"['Arena', 'Museo Lapidario', 'San Zeno', 'Torre Lamberti', 'Verona Tour']",Arena,"The tourist is likely to continue exploring nearby historical and cultural sites, with a preference for shorter distances. The Arena is a major attraction in Verona, and the other suggested POIs are a",True,1.3893918991088867,success
040AB7121B6780,2,"['Castelvecchio', 'San Zeno', 'Teatro Romano', 'Duomo', 'Santa Anastasia', 'Torre Lamberti', 'Arena']",San Fermo,"['San Fermo', 'Casa Giulietta', 'Teatro Romano', 'Arena', 'Duomo']",Tomba Giulietta,"The tourist is likely to continue visiting major landmarks and attractions in Verona, given their usual visit pattern. San Fermo is the current location, so it's less probable as the next stop. Casa G",False,1.6867055892944336,success
040ABA4A216281,6,"['Arena', 'Casa Giulietta', 'Santa Anastasia', 'Duomo', 'Teatro Romano']",San Fermo,"['Torre Lamberti', 'Tomba Giulietta', 'Palazzo della Ragione', 'Museo Conte', 'Centro Fotografia']",Castelvecchio,"These POIs are close to the current location and align with typical tourist interests in Verona, such as historical landmarks and cultural museums.",False,1.2931084632873535,success
040AC3121B6781,2,"['Casa Giulietta', 'Arena', 'Castelvecchio']",San Zeno,"['Arena', 'San Zeno', 'Verona Tour', 'Museo Lapidario', 'Palazzo della Ragione']",Torre Lamberti,"The tourist is likely to continue visiting major landmarks such as the Arena and San Zeno. Given their proximity, Verona Tour, Museo Lapidario, and Palazzo della Ragione are also probable next stops.",False,1.4817523956298828,success
040AC8121B6780,3,['Arena'],Castelvecchio,"['Museo Lapidario', 'Verona Tour', 'San Zeno', 'Casa Giulietta', 'Torre Lamberti']",San Fermo,These POIs are closest to Castelvecchio and align with typical tourist patterns of visiting multiple historical sites in a short distance.,False,1.132812738418579,success
040AC5121B6781,3,['Palazzo della Ragione'],Arena,"['Arena', 'Verona Tour', 'Museo Lapidario', 'Casa Giulietta', 'San Fermo']",San Fermo,"The tourist is currently at the Arena and has just visited Palazzo della Ragione. Given the short distance to other nearby points of interest, these are likely to be the next stops based on typical to",True,1.4025592803955078,success
040AC4121B6781,1,['Palazzo della Ragione'],Arena,"['Arena', 'Verona Tour', 'Museo Lapidario', 'Casa Giulietta', 'San Fermo']",Castelvecchio,"The tourist is currently at the Arena and it's earlier in their visit compared to usual times. The nearby POIs like Verona Tour, Museo Lapidario, Casa Giulietta, and San Fermo are within close proximi",False,1.451305627822876,success
040ABB4A216281,4,"['Arena', 'Torre Lamberti']",Palazzo della Ragione,"['Arena', 'Santa Anastasia', 'Museo Conte', 'AMO', 'Palazzo della Ragione']",Museo Storia,"The tourist is likely to continue exploring nearby historical and cultural sites, given the proximity of the suggested POIs. The Arena and Santa Anastasia are major landmarks in Verona, while AMO and ",False,1.6444365978240967,success
040AC7121B6781,6,"['Arena', 'Torre Lamberti']",Duomo,"['Duomo', 'Teatro Romano', 'Palazzo della Ragione', 'Santa Anastasia', 'Casa Giulietta']",Castelvecchio,"The tourist is currently at the Duomo and has visited nearby landmarks like Arena and Torre Lamberti. Given the time (12:05), they are likely to visit other significant historical sites such as Teatro",False,1.8420441150665283,success
040ACC4A216281,3,"['Casa Giulietta', 'San Fermo']",Arena,"['Arena', 'Verona Tour', 'Museo Lapidario', 'Tomba Giulietta', 'Castelvecchio']",Castelvecchio,"The tourist is currently at the Arena, which is a major attraction in Verona. Given the time (Sun 15:41), they might want to explore nearby attractions like the Verona Tour or Museo Lapidario. Additio",True,1.7490921020507812,success
040ADE121B6781,1,"['Castelvecchio', 'Arena', 'Duomo']",Torre Lamberti,"['Casa Giulietta', 'Arena', 'Duomo', 'San Fermo', 'Museo Conte']",Palazzo della Ragione,"These POIs are close to the current location and align with typical tourist interests in Verona, such as visiting famous landmarks like Casa Giulietta and historical sites like Arena and Duomo. San Fe",False,1.3288252353668213,success
040AC6121B6780,6,"['Arena', 'Casa Giulietta', 'Torre Lamberti', 'Palazzo della Ragione', 'Santa Anastasia']",Duomo,"['Duomo', 'Teatro Romano', 'Museo Miniscalchi', 'AMO', 'Giardino Giusti']",Castelvecchio,"The tourist is currently at the Duomo and it's a popular site to visit. Given the time (14:29), they might want to continue their sightseeing before dinner. The nearby Teatro Romano, Museo Miniscalchi",False,2.0623505115509033,success
040AE64A216281,0,"['Arena', 'Museo Lapidario']",Tomba Giulietta,"['Casa Giulietta', 'Castelvecchio', 'San Fermo', 'Museo Storia', 'Verona Tour']",Museo Storia,"These POIs are close in proximity to the current location and align with typical tourist interests, such as visiting Juliet's House and a castle.",True,1.1762313842773438,success
040AD14A216281,3,['Casa Giulietta'],Teatro Romano,"['Teatro Romano', 'Duomo', 'Santa Anastasia', 'Palazzo della Ragione', 'Museo Conte']",Arena,"The current location is the Teatro Romano, and considering the time (16:53), tourists are likely to explore nearby attractions. The distances provided suggest that visitors would prefer places within ",False,1.9722654819488525,success
040B034A216285,0,"['Arena', 'Museo Lapidario', 'Castelvecchio']",Teatro Romano,"['Santa Anastasia', 'Duomo', 'Palazzo della Ragione', 'Teatro Romano', 'Museo Conte']",Casa Giulietta,"These POIs are close to the current location and align with typical tourist patterns, including historical and cultural sites.",False,0.9426412582397461,success
040ADB121B6781,6,"['Arena', 'Torre Lamberti', 'Casa Giulietta', 'Teatro Romano', 'Santa Anastasia', 'Tomba Giulietta', 'Castelvecchio']",Duomo,"['Duomo', 'AMO', 'Palazzo della Ragione', 'Museo Miniscalchi', 'Centro Fotografia']",Palazzo della Ragione,"The tourist is currently at the Duomo and it's a significant landmark in Verona. Given the time (13:22), they might be looking for nearby attractions to visit before moving on. The suggested POIs are ",True,1.738710641860962,success
040B01121B6785,2,"['Santa Anastasia', 'San Fermo', 'Casa Giulietta', 'Arena']",San Zeno,"['Castelvecchio', 'Verona Tour', 'Museo Lapidario', 'Torre Lamberti', 'Palazzo della Ragione']",Torre Lamberti,"These points of interest are within a reasonable walking distance from San Zeno and align with typical tourist patterns, offering historical and cultural attractions that complement the visited sites ",True,1.4010028839111328,success
040B0B4A216285,6,"['Arena', 'Torre Lamberti', 'Castelvecchio']",Santa Anastasia,"['Santa Anastasia', 'Duomo', 'Palazzo della Ragione', 'Teatro Romano', 'Museo Conte']",Duomo,"The tourist is currently at Santa Anastasia and the next likely destinations are within close proximity, such as Duomo, Palazzo della Ragione, Teatro Romano, and Museo Conte. These locations are popul",True,1.420870065689087,success
040AF2121B6781,1,"['Arena', 'Casa Giulietta', 'Torre Lamberti', 'Castelvecchio']",Tomba Giulietta,"['Casa Giulietta', 'Arena', 'San Fermo', 'Museo Storia', 'Palazzo della Ragione']",Teatro Romano,"The tourist is likely to continue visiting well-known landmarks and attractions in the city center, given their current location near significant sites like Casa Giulietta and Arena. The nearby Museum",False,1.6941337585449219,success
040B11121B6781,3,"['Casa Giulietta', 'Arena']",Teatro Romano,"['Arena', 'Santa Anastasia', 'Duomo', 'Palazzo della Ragione', 'Teatro Romano']",Santa Anastasia,"The tourist is likely to continue exploring nearby historical and cultural sites, given the proximity of the suggested POIs. The Arena and Teatro Romano are major attractions in Verona, making them st",True,1.6264259815216064,success
040B22121B6785,6,"['Arena', 'Casa Giulietta']",Santa Anastasia,"['Teatro Romano', 'Duomo', 'Palazzo della Ragione', 'Museo Conte', 'AMO']",Duomo,"These POIs are relatively close to Santa Anastasia and are popular tourist destinations in Verona. The time is early afternoon, which might suggest a break or transition between morning activities.",True,1.166170597076416,success
040B2B121B6781,1,"['Arena', 'Casa Giulietta']",Palazzo della Ragione,"['Torre Lamberti', 'Museo Conte', 'AMO', 'Centro Fotografia', 'Santa Anastasia']",Castelvecchio,"These points of interest are within close proximity to Palazzo della Ragione and align with typical tourist patterns, considering the time of visit is early evening.",False,1.1178464889526367,success
040B174A216285,6,"['Arena', 'Casa Giulietta', 'Santa Anastasia', 'Duomo']",Teatro Romano,"['Teatro Romano', 'Palazzo della Ragione', 'Museo Conte']",Castelvecchio,The tourist is currently at the Teatro Romano and it's close to other historical and cultural sites like Palazzo della Ragione and Museo Conte. These locations are popular among tourists in Verona.,False,1.3108031749725342,success
040B2F4A216285,6,"['Arena', 'Casa Giulietta', 'Torre Lamberti', 'Palazzo della Ragione', 'Duomo', 'Santa Anastasia']",San Fermo,"['Tomba Giulietta', 'Museo Storia', 'Giardino Giusti', 'Centro Fotografia', 'Museo Conte']",Tomba Giulietta,"These POIs are close to the current location, align with typical tourist interests in Verona, and fit the time context of late afternoon.",True,1.2146530151367188,success
040B2E121B6781,3,['Arena'],Santa Anastasia,"['Arena', 'Duomo', 'Palazzo della Ragione', 'Teatro Romano', 'Casa Giulietta']",Castelvecchio,"The tourist is likely to continue exploring nearby historical and cultural sites, given the proximity of these POIs. The Arena, Duomo, and Palazzo della Ragione are major landmarks in Verona, while Te",False,1.626068115234375,success
040B2C121B6781,3,"['Arena', 'Torre Lamberti', 'Santa Anastasia', 'San Fermo']",Casa Giulietta,"['Casa Giulietta', 'Arena', 'Duomo', 'Palazzo della Ragione', 'Museo Conte']",Teatro Romano,"The tourist is currently at Casa Giulietta and the next likely destinations are nearby points of interest. The Arena, Duomo, and Palazzo della Ragione are popular sites in Verona and are within a reas",False,1.6787126064300537,success
040B39121B6781,0,"['Arena', 'Museo Lapidario']",Castelvecchio,"['Casa Giulietta', 'San Zeno', 'Torre Lamberti', 'Palazzo della Ragione', 'Verona Tour']",Teatro Romano,"These POIs are close to Castelvecchio and are popular tourist destinations in Verona, aligning with the typical visit pattern for tourists at this time of day.",False,1.417630672454834,success
040B42121B6781,4,"['Museo Storia', 'Duomo']",Torre Lamberti,"['Casa Giulietta', 'Duomo', 'Museo Conte', 'San Fermo', 'Palazzo della Ragione']",Arena,"These POIs are close to the current location and align with typical tourist interests in Verona, such as historical and cultural sites.",False,1.1594130992889404,success
040B31121B6781,1,"['Arena', 'Casa Giulietta', 'Palazzo della Ragione', 'Santa Anastasia']",Teatro Romano,"['Teatro Romano', 'Duomo', 'Museo Conte', 'Giardino Giusti', 'Centro Fotografia']",Castelvecchio,"The current location is near the Teatro Romano, and it's a popular site for tourists. The next likely destination could be other nearby attractions like Duomo or Museo Conte, which are within walking ",False,1.641923189163208,success
040B4A4A216285,1,['Castelvecchio'],Palazzo della Ragione,"['Museo Conte', 'AMO', 'Torre Lamberti', 'Santa Anastasia', 'Casa Giulietta']",Arena,"These points of interest are close to the current location and align with typical tourist patterns, including cultural and historical sites.",False,1.148317813873291,success
040B49121B6781,3,['Arena'],Castelvecchio,"['Castelvecchio', 'Museo Lapidario', 'Verona Tour', 'San Zeno', 'Casa Giulietta']",Casa Giulietta,"The tourist is likely to continue exploring nearby historical and cultural sites, given the proximity of Castelvecchio and other attractions like Museo Lapidario and Verona Tour. San Zeno and Casa Giu",True,1.484246015548706,success
040B4C4A216285,4,"['Arena', 'Palazzo della Ragione']",Museo Storia,"['Casa Giulietta', 'Torre Lamberti', 'Giardino Giusti', 'Santa Anastasia', 'Museo Conte']",Castelvecchio,"These locations are popular tourist destinations in Verona, close to the current location, and align with typical visit patterns for a museum visit.",False,1.2794077396392822,success
040B79121B6781,1,"['Arena', 'Casa Giulietta', 'Torre Lamberti']",Palazzo della Ragione,"['Arena', 'Museo Conte', 'AMO', 'Duomo', 'Teatro Romano']",Santa Anastasia,"The tourist is likely to continue exploring the historical and cultural sites of Verona. The Arena, Museo Conte, AMO, Duomo, and Teatro Romano are all popular attractions that fit this pattern and are",False,1.417236328125,success
040B8F121B6780,3,"['Castelvecchio', 'Arena']",Casa Giulietta,"['Torre Lamberti', 'Centro Fotografia', 'Museo Conte']",Teatro Romano,"These locations are closest to Casa Giulietta and are popular tourist attractions, making them likely next stops for the tourists.",False,0.957413911819458,success
040B5F121B6781,6,"['Arena', 'Casa Giulietta', 'Santa Anastasia']",Duomo,"['Duomo', 'Teatro Romano', 'Palazzo della Ragione', 'Museo Miniscalchi', 'AMO']",Castelvecchio,"The tourist is currently at the Duomo and has visited other major attractions like Arena, Casa Giulietta, and Santa Anastasia. Given the time context and distances, the next likely stops are nearby po",False,1.6988062858581543,success
040B60121B6781,1,"['Palazzo della Ragione', 'Torre Lamberti']",Arena,"['Arena', 'Verona Tour', 'Museo Lapidario', 'Casa Giulietta', 'San Fermo']",Castelvecchio,"The tourist is currently at the Arena, which is a major attraction in Verona. Given the time (17:02), they might be looking to conclude their visit or move on to another popular site nearby. The sugge",False,1.69502854347229,success
040BAF4A216281,4,"['Casa Giulietta', 'Casa Giulietta', 'Santa Anastasia', 'Castelvecchio', 'Arena']",Palazzo della Ragione,"['Torre Lamberti', 'Museo Conte', 'AMO', 'Centro Fotografia', 'Sighseeing']",Museo Storia,"These points of interest are closest to Palazzo della Ragione and align with typical tourist patterns, considering the time is later in the day.",False,1.2395319938659668,success
040B89121B6781,1,"['Arena', 'Torre Lamberti', 'Palazzo della Ragione']",Casa Giulietta,"['Casa Giulietta', 'Arena', 'San Fermo', 'Museo Conte', 'Verona Tour']",Castelvecchio,"The tourist is likely to visit Casa Giulietta next as it's the current location. Given the time (15:11), they might want to finish their tour before closing hours. Nearby attractions like Arena and Sa",False,1.7204387187957764,success
040BAD4A216281,1,"['Castelvecchio', 'Arena', 'Torre Lamberti']",Santa Anastasia,"['Santa Anastasia', 'Duomo', 'Palazzo della Ragione', 'Arena', 'Casa Giulietta']",Palazzo della Ragione,"The tourist is currently at Santa Anastasia and the next likely destination would be other major landmarks such as Duomo, Palazzo della Ragione, Arena, or Casa Giulietta. These locations are popular a",True,1.4283018112182617,success
040B92121B6781,1,"['Arena', 'Casa Giulietta', 'Tomba Giulietta']",Castelvecchio,"['Castelvecchio', 'Museo Lapidario', 'Verona Tour', 'San Zeno', 'Palazzo della Ragione']",Torre Lamberti,"The tourist is currently at Castelvecchio and the nearby points of interest (POIs) are within a short walking distance. Given the time context, tourists often explore multiple sites in one visit, maki",False,1.5474934577941895,success
040BB4121B6781,1,"['Arena', 'Tomba Giulietta', 'Duomo', 'Palazzo della Ragione']",Torre Lamberti,"['Casa Giulietta', 'Museo Conte', 'Sighseeing', 'Centro Fotografia', 'Torre Lamberti']",Castelvecchio,"These POIs are close to the current location and align with typical tourist patterns, including nearby attractions like Casa Giulietta and Museo Conte. The Sighseeing point is also a popular stop for ",False,1.434410810470581,success
040BB7121B6780,2,"['Castelvecchio', 'Arena', 'San Zeno']",Santa Anastasia,"['Museo Conte', 'Palazzo della Ragione', 'Teatro Romano', 'Duomo', 'Torre Lamberti']",Teatro Romano,"These POIs are relatively close to Santa Anastasia and are popular tourist attractions in Verona, aligning with the typical visiting pattern of tourists.",True,1.184901475906372,success
040BB5121B6781,3,"['Casa Giulietta', 'Arena']",Torre Lamberti,"['Centro Fotografia', 'Museo Conte', 'Palazzo della Ragione', 'AMO', 'Museo Miniscalchi']",San Fermo,"These points of interest are relatively close to Torre Lamberti, making them convenient for a short walk. They also offer cultural experiences that tourists often seek in Verona.",False,1.2852511405944824,success
040BB44A216281,0,['Museo Lapidario'],Castelvecchio,"['Castelvecchio', 'Arena', 'San Zeno', 'Casa Giulietta', 'Verona Tour']",Casa Giulietta,"The tourist is currently at Castelvecchio and the next most likely destinations are nearby points of interest such as Arena, San Zeno, Casa Giulietta, and Verona Tour, considering the time context and",True,1.4916536808013916,success
040BBE4A216281,1,"['Arena', 'Casa Giulietta']",Torre Lamberti,"['Centro Fotografia', 'Museo Conte', 'Palazzo della Ragione', 'AMO', 'Museo Miniscalchi']",Castelvecchio,"These points of interest are within close proximity to the Torre Lamberti and align with typical tourist patterns, offering a mix of cultural and photographic experiences.",False,1.2174391746520996,success
040BBA4A216281,6,"['Casa Giulietta', 'Torre Lamberti', 'Santa Anastasia', 'Duomo', 'Arena']",Castelvecchio,"['Arena', 'Museo Lapidario', 'San Zeno', 'Palazzo della Ragione', 'Centro Fotografia']",San Fermo,"The tourist is likely to continue visiting major landmarks such as the Arena, and nearby museums like Museo Lapidario. San Zeno and Palazzo della Ragione are also popular stops in Verona.",False,1.4592864513397217,success
040BBB4A216281,4,"['Arena', 'Torre Lamberti']",Palazzo della Ragione,"['Arena', 'Torre Lamberti', 'Santa Anastasia', 'Casa Giulietta', 'Duomo']",Museo Storia,"The tourist is likely to continue exploring nearby historical and cultural sites, given the proximity of these POIs. The Arena and Torre Lamberti have already been visited, so the next steps might be ",False,1.5678441524505615,success
040BC3121B6781,2,"['Arena', 'Casa Giulietta', 'Torre Lamberti', 'Santa Anastasia', 'Duomo', 'Castelvecchio', 'Palazzo della Ragione', 'Teatro Romano']",Tomba Giulietta,"['Tomba Giulietta', 'San Fermo', 'Museo Storia', 'Museo Lapidario', 'Verona Tour']",San Zeno,"The tourist is likely to continue visiting related sites, such as the tomb of Juliet, and nearby museums and historical points of interest given their proximity.",False,1.3556442260742188,success
040BB9121B6781,1,"['Casa Giulietta', 'Palazzo della Ragione']",Castelvecchio,"['Arena', 'Museo Lapidario', 'San Zeno', 'Palazzo della Ragione', 'Castelvecchio']",Arena,"The tourist is likely to visit nearby attractions, with the Arena being a popular destination for its historical significance. The Museo Lapidario and San Zeno are also close by and could be of intere",True,2.0143470764160156,success
040BF44A216281,6,"['Arena', 'Castelvecchio', 'Torre Lamberti', 'Palazzo della Ragione']",Duomo,"['Santa Anastasia', 'Teatro Romano', 'Museo Miniscalchi', 'Casa Giulietta', 'Giardino Giusti']",Teatro Romano,"These points of interest are relatively close to the Duomo, making them convenient for a quick visit. The tourist cluster is likely to continue exploring nearby landmarks and attractions in Verona.",True,1.2844212055206299,success
040BC5121B6781,6,"['Arena', 'Casa Giulietta', 'Torre Lamberti', 'Santa Anastasia']",Castelvecchio,"['Castelvecchio', 'Museo Lapidario', 'Verona Tour', 'San Zeno', 'Palazzo della Ragione']",Duomo,"The tourist is currently at Castelvecchio and it's earlier in the day. The next likely stops are nearby points of interest such as Museo Lapidario, Verona Tour, San Zeno, and Palazzo della Ragione, wh",False,1.6492841243743896,success
040BC4121B6781,6,"['Torre Lamberti', 'Duomo', 'Tomba Giulietta']",Arena,"['Arena', 'Verona Tour', 'Casa Giulietta', 'Museo Lapidario', 'San Fermo']",Teatro Romano,"The tourist is currently at the Arena, which is a popular attraction in Verona. Given the early time (11:47), they are likely to visit other nearby attractions before the usual visiting hours of 16:00",False,1.7591731548309326,success
040BC8121B6781,2,"['Castelvecchio', 'San Zeno']",Torre Lamberti,"['Casa Giulietta', 'San Zeno', 'Palazzo della Ragione', 'Museo Conte', 'Torre dei Lamberti']",Arena,"The tourist is likely to visit nearby attractions such as Casa Giulietta and San Zeno, which are popular stops. Palazzo della Ragione and Museo Conte are also close by and well-visited sites. Torre de",False,1.6069250106811523,success
040BDB121B6781,0,"['Castelvecchio', 'Casa Giulietta', 'Torre Lamberti', 'Santa Anastasia', 'Duomo', 'Arena']",Museo Lapidario,"['Arena', 'San Fermo', 'Palazzo della Ragione', 'Verona Tour', 'Museo Miniscalchi']",San Zeno,"The tourist is likely to continue visiting major landmarks like the Arena, which is a popular attraction in Verona. San Fermo and Palazzo della Ragione are also significant historical sites. The nearb",False,1.7524068355560303,success
040C034A216285,0,"['Arena', 'Museo Lapidario', 'Castelvecchio']",Teatro Romano,"['Santa Anastasia', 'Duomo', 'Palazzo della Ragione', 'Teatro Romano', 'Museo Conte']",Casa Giulietta,"These POIs are close to the current location and align with typical tourist patterns, including historical and cultural sites.",False,1.1008620262145996,success
040BD1121B6780,1,"['Teatro Romano', 'Torre Lamberti']",Arena,"['Arena', 'Verona Tour', 'Museo Lapidario', 'Casa Giulietta', 'San Fermo']",Castelvecchio,"The tourist is currently at the Arena and has just visited Teatro Romano and Torre Lamberti. Given the time, they are likely to stay in the area for a bit longer. The nearby points of interest like Ve",False,1.9712743759155273,success
040BE2121B6781,1,"['Arena', 'Torre Lamberti', 'Palazzo della Ragione', 'Casa Giulietta']",Tomba Giulietta,"['Tomba Giulietta', 'San Fermo', 'Museo Storia', 'Castelvecchio', 'Verona Tour']",San Fermo,"The tourist is currently at Tomba Giulietta and the nearby points of interest (POIs) such as San Fermo, Museo Storia, Castelvecchio, Verona Tour are within a reasonable walking distance. Given that th",True,1.8281161785125732,success
040C174A216285,6,"['Casa Giulietta', 'Santa Anastasia', 'Duomo']",Teatro Romano,"['Teatro Romano', 'Palazzo della Ragione', 'Museo Conte']",Castelvecchio,"The tourist is currently at the Teatro Romano and it's close to other historical and cultural sites like Palazzo della Ragione and Museo Conte, which are popular among visitors in Verona.",False,1.2661118507385254,success
040C1E121B6781,3,['Arena'],Casa Giulietta,"['Torre Lamberti', 'Centro Fotografia', 'Sighseeing', 'Museo Conte', 'Palazzo della Ragione']",Torre Lamberti,"These POIs are closest to Casa Giulietta and are within a reasonable walking distance. They also align with typical tourist interests in Verona, such as historical landmarks and cultural attractions.",True,1.2277123928070068,success
040C01121B6785,4,"['Arena', 'Casa Giulietta', 'Palazzo della Ragione', 'Duomo', 'Tomba Giulietta', 'Museo Storia', 'Torre Lamberti']",San Fermo,"['Arena', 'Museo Storia', 'Giardino Giusti', 'Tomba Giulietta', 'Duomo']",San Zeno,"The tourist is likely to continue visiting major landmarks and attractions in Verona. The Arena, Museo Storia, Giardino Giusti, Tomba Giulietta, and Duomo are popular sites that fit the time context a",False,1.70218825340271,success
040C49121B6781,3,['Arena'],Castelvecchio,"['Museo Lapidario', 'Verona Tour', 'Museo Miniscalchi', 'Casa Giulietta', 'Torre Lamberti']",Casa Giulietta,These POIs are closest to Castelvecchio and align with typical tourist patterns of visiting multiple museums and historical sites in a short period.,True,1.1826910972595215,success
040C3A121B6781,3,"['Casa Giulietta', 'Tomba Giulietta']",Arena,"['Arena', 'Verona Tour', 'Museo Lapidario', 'Castelvecchio', 'San Fermo']",Torre Lamberti,"The tourist is likely to stay in the area due to proximity and time context. The Arena, Verona Tour, Museo Lapidario, Castelvecchio, and San Fermo are all popular attractions within a short walking di",False,1.351670265197754,success
040C5B121B6781,0,"['Arena', 'Museo Lapidario', 'Torre Lamberti']",San Fermo,"['Casa Giulietta', 'Museo Conte', 'Palazzo della Ragione', 'Verona Tour', 'Tomba Giulietta']",San Zeno,"These POIs are close to the current location and align with tourist interests in Verona, particularly those related to Romeo and Juliet's story.",False,1.348435401916504,success
040C5F121B6781,6,"['Santa Anastasia', 'Duomo', 'Teatro Romano']",Torre Lamberti,"['Casa Giulietta', 'Teatro Romano', 'Duomo', 'Arena', 'San Fermo']",Arena,"These POIs are close to the current location and align with typical tourist interests in Verona, such as historical sites and cultural landmarks.",True,1.0800282955169678,success
040C30121B6781,6,['Arena'],Casa Giulietta,"['Torre Lamberti', 'Centro Fotografia', 'Sighseeing', 'Museo Conte', 'Palazzo della Ragione']",Duomo,"These points of interest are closest to Casa Giulietta and within a reasonable walking distance, making them the most likely next stops for tourists. The time is early afternoon, which might not be id",False,1.7234139442443848,success
040C7D121B6781,3,['Casa Giulietta'],Torre Lamberti,"['Centro Fotografia', 'Museo Conte', 'Palazzo della Ragione', 'Sighseeing', 'Torre Lamberti']",Arena,"These POIs are close to the current location and align with typical tourist patterns, offering a mix of cultural and photographic interests.",False,1.201904058456421,success
040C62121B6781,3,['Arena'],Palazzo della Ragione,"['Arena', 'Santa Anastasia', 'Museo Conte', 'Torre Lamberti', 'Casa Giulietta']",Santa Anastasia,"The tourist is likely to continue exploring nearby historical and cultural sites, given the proximity of these POIs. The Arena was visited recently, so there might be a preference for other nearby att",True,1.3661587238311768,success
040C31121B6781,0,"['Castelvecchio', 'Museo Lapidario', 'Tomba Giulietta']",Arena,"['Casa Giulietta', 'Arena', 'Verona Tour', 'Torre Lamberti', 'San Fermo']",Casa Giulietta,"The tourist is likely to visit Casa Giulietta next due to its proximity and popularity. The Arena, being nearby, might be their next stop for a tour or event. Verona Tour could offer guided tours of t",True,1.774684190750122,success
040C64121B6781,3,"['Arena', 'Teatro Romano', 'Tomba Giulietta']",Casa Giulietta,"['Torre Lamberti', 'Centro Fotografia', 'Museo Conte', 'Palazzo della Ragione', 'Sighseeing']",Palazzo della Ragione,"These points of interest are within close proximity to Casa Giulietta, making them easily accessible for a short visit. The time is early afternoon, which suggests tourists might be looking for shorte",True,1.3914449214935303,success
040CAF4A216281,4,"['Casa Giulietta', 'Santa Anastasia', 'Castelvecchio', 'Arena']",Palazzo della Ragione,"['AMO', 'Museo Conte', 'Torre Lamberti']",Museo Storia,"These points of interest are closest to Palazzo della Ragione and align with typical tourist patterns, focusing on nearby attractions within walking distance.",False,0.9598207473754883,success
040CA6121B6780,1,['Arena'],Torre Lamberti,"['Casa Giulietta', 'Museo Conte', 'Palazzo della Ragione', 'Arena', 'Centro Fotografia']",Palazzo della Ragione,"These POIs are close to the current location and align with typical tourist interests in Verona, such as historical and cultural sites.",True,1.2491683959960938,success
040C89121B6781,0,"['Casa Giulietta', 'Tomba Giulietta', 'Arena', 'Museo Lapidario', 'Castelvecchio']",Torre Lamberti,"['Torre Lamberti', 'Palazzo della Ragione', 'Centro Fotografia', 'Museo Conte', 'Sighseeing']",Santa Anastasia,"The tourist is currently at Torre Lamberti and the next logical steps would be to visit nearby attractions like Palazzo della Ragione, Centro Fotografia, Museo Conte, or Sighseeing. These locations ar",False,1.621985912322998,success
040CB5121B6781,3,"['Casa Giulietta', 'Torre Lamberti']",San Fermo,"['Arena', 'Tomba Giulietta', 'Museo Conte', 'Palazzo della Ragione', 'Verona Tour']",Arena,"These POIs are within a reasonable walking distance and align with typical tourist interests in Verona, such as historical sites and cultural attractions.",True,1.2262091636657715,success
040CB4121B6781,0,"['Arena', 'Castelvecchio', 'Museo Lapidario', 'Casa Giulietta', 'Palazzo della Ragione', 'Duomo', 'Torre Lamberti']",Santa Anastasia,"['Santa Anastasia', 'AMO', 'Museo Conte', 'Teatro Romano', 'Centro Fotografia']",Tomba Giulietta,"The tourist is likely to visit nearby points of interest, with Santa Anastasia being the immediate next stop. AMO, Museo Conte, Teatro Romano, and Centro Fotografia are also close by and popular among",False,1.4115939140319824,success
040CB54A216281,3,['Arena'],Casa Giulietta,"['Torre Lamberti', 'Centro Fotografia', 'Sighseeing', 'Museo Conte', 'Palazzo della Ragione']",Palazzo della Ragione,"These points of interest are closest to Casa Giulietta and within a reasonable walking distance, making them the most likely next stops for tourists. The time context suggests they might be looking fo",True,1.280975341796875,success
040CC8121B6781,6,"['Castelvecchio', 'Santa Anastasia', 'Palazzo della Ragione', 'Arena']",Torre Lamberti,"['Casa Giulietta', 'Arena', 'San Fermo', 'Duomo', 'Teatro Romano']",Duomo,"These POIs are close to the current location and align with typical tourist interests in Verona, such as historical sites and landmarks.",True,1.0161018371582031,success
040CB7121B6781,6,"['Arena', 'Duomo', 'Santa Anastasia']",Teatro Romano,"['Teatro Romano', 'Duomo', 'Arena']",Torre Lamberti,"The current location is the Teatro Romano, and given the time context (15:09), tourists are likely to move towards other major landmarks like the Duomo or Arena. The nearby points of interest such as ",False,1.4069175720214844,success
040CB44A216281,0,['Museo Lapidario'],Castelvecchio,"['Castelvecchio', 'Arena', 'San Zeno', 'Casa Giulietta', 'Verona Tour']",Casa Giulietta,"The tourist is currently at Castelvecchio and the next most likely destinations are nearby points of interest such as Arena, San Zeno, Casa Giulietta, and Verona Tour, considering their proximity and ",True,1.5428853034973145,success
040CC5121B6781,6,"['Arena', 'Casa Giulietta', 'Torre Lamberti', 'Santa Anastasia']",Castelvecchio,"['Castelvecchio', 'Museo Lapidario', 'Verona Tour', 'San Zeno', 'Palazzo della Ragione']",Duomo,"The tourist is currently at Castelvecchio and the next likely destination would be nearby points of interest. Considering the time, which is earlier than usual, they might want to explore other attrac",False,1.4639015197753906,success
040CC2121B6781,1,"['Arena', 'Casa Giulietta', 'San Fermo', 'Torre Lamberti', 'Palazzo della Ragione', 'Santa Anastasia', 'Castelvecchio']",Teatro Romano,"['Teatro Romano', 'Duomo', 'Museo Conte', 'Giardino Giusti', 'AMO']",Tomba Giulietta,"The tourist is likely to continue exploring nearby historical and cultural sites. The Teatro Romano is the next logical step as it's part of Verona's rich history, followed by other nearby points of i",False,1.632018804550171,success
040CC94A216281,3,['Torre Lamberti'],Arena,"['Arena', 'Verona Tour', 'Museo Lapidario', 'Casa Giulietta', 'San Fermo']",Casa Giulietta,"The tourist is currently at the Arena and has recently visited Torre Lamberti. Given the time (17:13), they might be looking for nearby attractions to explore before sunset. The suggested POIs are wit",True,1.5883572101593018,success
040CD0121B6780,0,"['Arena', 'Museo Lapidario', 'Casa Giulietta']",Tomba Giulietta,"['Tomba Giulietta', 'Castelvecchio', 'Verona Tour', 'Palazzo della Ragione', 'Museo Conte']",Castelvecchio,"The tourist is likely to visit nearby attractions, with a preference for those related to the theme of Verona and its history. The time context suggests they might be looking for something to do later",True,1.4086260795593262,success
040CD64A216281,3,['Arena'],Casa Giulietta,"['Torre Lamberti', 'Centro Fotografia', 'Sighseeing', 'Museo Conte', 'Palazzo della Ragione']",Castelvecchio,"These points of interest are closest to Casa Giulietta and are within a reasonable walking distance. They also align with typical tourist patterns, offering both cultural and photographic opportunitie",False,1.084531545639038,success
040CCD121B6781,6,"['Castelvecchio', 'Arena']",Santa Anastasia,"['Santa Anastasia', 'Duomo', 'Palazzo della Ragione', 'Arena', 'Casa Giulietta']",Duomo,"The tourist is likely to continue exploring nearby historical and cultural sites, given the proximity of Santa Anastasia. The Duomo and Palazzo della Ragione are also popular destinations in Verona. A",True,1.9467809200286865,success
040CFE4A216281,3,['Casa Giulietta'],Torre Lamberti,"['Centro Fotografia', 'Museo Conte', 'Palazzo della Ragione', 'Sighseeing', 'Torre Lamberti']",Arena,"These POIs are close to the current location and align with typical tourist patterns, offering a mix of cultural and photographic interests.",False,1.0168161392211914,success
040CF64A216281,3,['Casa Giulietta'],Santa Anastasia,"['Teatro Romano', 'Duomo', 'Palazzo della Ragione', 'Museo Conte', 'Centro Fotografia']",Arena,"These POIs are relatively close to Santa Anastasia and are popular tourist destinations in Verona, aligning with the typical visiting pattern for tourists.",False,1.2087171077728271,success
040CF4121B6781,3,['Arena'],Torre Lamberti,"['Casa Giulietta', 'Museo Conte', 'Palazzo della Ragione', 'Centro Fotografia', 'Sighseeing']",Casa Giulietta,"These points of interest are close to Torre Lamberti, align with typical tourist patterns for exploring historical and cultural sites in Verona, and the time context suggests a leisurely visit.",True,1.5456783771514893,success
040D004A216285,3,['Arena'],Torre Lamberti,"['Casa Giulietta', 'Museo Conte', 'Palazzo della Ragione', 'Arena', 'Centro Fotografia']",Santa Anastasia,"These POIs are close to the current location and align with typical tourist interests in Verona, such as visiting historical sites and museums.",False,1.307203769683838,success
040CE2121B6781,1,"['Arena', 'Torre Lamberti', 'Palazzo della Ragione', 'Casa Giulietta']",Tomba Giulietta,"['Tomba Giulietta', 'Arena', 'Palazzo della Ragione', 'Castelvecchio', 'Verona Tour']",San Fermo,"The tourist is likely to continue visiting significant historical and cultural sites in Verona. The Tomba Giulietta, Arena, Palazzo della Ragione, Castelvecchio, and Verona Tour are popular attraction",False,1.6303958892822266,success
040D0F4A216285,0,"['Arena', 'Museo Lapidario']",Castelvecchio,"['Casa Giulietta', 'San Zeno', 'Torre Lamberti', 'Palazzo della Ragione', 'Verona Tour']",Casa Giulietta,"These POIs are close to Castelvecchio and align with typical tourist interests in Verona, such as historical and cultural sites.",True,0.9908959865570068,success
040CFF4A216281,3,['Arena'],Casa Giulietta,"['Torre Lamberti', 'Centro Fotografia', 'Sighseeing', 'Museo Conte', 'Palazzo della Ragione']",Torre Lamberti,"These points of interest are closest to Casa Giulietta and within a reasonable walking distance, making them the most likely next stops for tourists. The time context suggests they might be looking fo",True,1.491473913192749,success
040D21121B6785,1,"['Arena', 'Castelvecchio', 'Palazzo della Ragione', 'Casa Giulietta']",Torre Lamberti,"['Sighseeing', 'Centro Fotografia', 'Museo Conte']",Santa Anastasia,"These points of interest are closest to Torre Lamberti and within a reasonable walking distance for tourists, making them the most likely next stops.",False,0.8615801334381104,success
040D164A216285,6,"['Arena', 'Castelvecchio', 'Casa Giulietta']",Torre Lamberti,"['Centro Fotografia', 'Museo Conte', 'Palazzo della Ragione', 'AMO']",Duomo,"These points of interest are relatively close to Torre Lamberti and are popular tourist destinations in Verona, making them likely next stops for the tourists based on time context and proximity.",False,1.1994330883026123,success
040D0D4A216285,6,"['Casa Giulietta', 'Torre Lamberti']",Duomo,"['Duomo', 'Santa Anastasia', 'Teatro Romano', 'Palazzo della Ragione', 'Museo Miniscalchi']",Santa Anastasia,"The tourist is currently at the Duomo and has visited Casa Giulietta and Torre Lamberti. Given the short distances, these sites are likely to be of interest. The time context suggests they might want ",True,1.5159938335418701,success
040D134A216285,3,['Torre Lamberti'],Santa Anastasia,"['Museo Conte', 'Palazzo della Ragione', 'Teatro Romano', 'Duomo', 'Centro Fotografia']",Arena,"These POIs are relatively close to Santa Anastasia and are popular tourist destinations in Verona, making them likely next stops based on typical tourist patterns.",False,1.330622911453247,success
040D35121B6781,3,"['San Fermo', 'Palazzo della Ragione']",Casa Giulietta,"['Torre Lamberti', 'Centro Fotografia', 'Sighseeing', 'Museo Conte', 'Museo Radio']",Arena,"These points of interest are closest to Casa Giulietta and align with typical tourist patterns, offering a mix of cultural and photographic experiences.",False,0.9721002578735352,success
040D144A216285,1,"['Casa Giulietta', 'Torre Lamberti']",Castelvecchio,"['Arena', 'Museo Lapidario', 'Verona Tour', 'San Zeno', 'Palazzo della Ragione']",Arena,"The tourist is likely to visit nearby attractions, with the Arena being a popular destination for its historical significance. The Museo Lapidario and Verona Tour are also close by and could be of int",True,1.7773072719573975,success
040D2D4A216285,3,['Arena'],Casa Giulietta,"['Torre Lamberti', 'Centro Fotografia', 'Sighseeing', 'Museo Conte', 'Palazzo della Ragione']",Castelvecchio,"These points of interest are closest to Casa Giulietta and within a reasonable walking distance, making them the most likely next stops for tourists. The time context suggests that visitors might want",False,1.4994778633117676,success
040D39121B6781,1,"['Arena', 'Casa Giulietta', 'Palazzo della Ragione']",Torre Lamberti,"['Sighseeing', 'Centro Fotografia', 'Museo Conte']",Santa Anastasia,"These locations are closest to Torre Lamberti and are popular tourist attractions in Verona, making them the most likely next stops for the tourists.",False,0.8186783790588379,success
040D22121B6785,3,"['Casa Giulietta', 'Teatro Romano']",Arena,"['Arena', 'Verona Tour', 'Museo Lapidario', 'San Fermo', 'Castelvecchio']",Castelvecchio,"The tourist is currently at the Arena and has recently visited Casa Giulietta and Teatro Romano. Given the proximity of other historical sites, it's likely they will continue exploring nearby attracti",True,1.7935094833374023,success
040D374A216285,6,"['Arena', 'San Fermo', 'Casa Giulietta', 'Palazzo della Ragione', 'Teatro Romano', 'Duomo']",Torre Lamberti,"['Torre Lamberti', 'Sighseeing', 'Centro Fotografia']",Castelvecchio,"The current location is near Torre Lamberti, and it's a popular tourist attraction. Sighseeing is the nearest POI and likely to be of interest. Centro Fotografia could also be a good choice for touris",False,1.4203476905822754,success
040D354A216285,3,['Arena'],Casa Giulietta,"['Torre Lamberti', 'Centro Fotografia', 'Sighseeing', 'Museo Conte', 'Palazzo della Ragione']",Tomba Giulietta,"These points of interest are closest to Casa Giulietta and within a reasonable walking distance, making them the most likely next stops for tourists. The time context suggests that visitors might want",False,1.5115001201629639,success
040D30121B6781,6,['Arena'],Casa Giulietta,"['Torre Lamberti', 'Centro Fotografia', 'Sighseeing', 'Museo Conte', 'Palazzo della Ragione']",Duomo,"These points of interest are closest to Casa Giulietta and within a reasonable walking distance, making them the most likely next stops for tourists. The time is early afternoon, which suggests visito",False,1.5910463333129883,success
040D5D121B6781,1,"['Arena', 'Casa Giulietta']",Torre Lamberti,"['Centro Fotografia', 'Museo Conte', 'Palazzo della Ragione', 'AMO']",Palazzo della Ragione,"These locations are within close proximity to Torre Lamberti, align with typical tourist interests in Verona, and are accessible within a reasonable walking time from the current location.",True,1.201218605041504,success
040D384A216285,2,"['Arena', 'Casa Giulietta', 'Santa Anastasia']",Teatro Romano,"['Teatro Romano', 'Duomo', 'Palazzo della Ragione', 'Museo Conte', 'Giardino Giusti']",San Zeno,"The tourist is currently at the Teatro Romano and has a short distance to the Duomo, Palazzo della Ragione, Museo Conte, and Giardino Giusti. These locations are popular in Verona and align with typic",False,1.694281816482544,success
040D3D121B6781,3,"['Arena', 'Castelvecchio', 'Casa Giulietta']",Teatro Romano,"['Duomo', 'Arena', 'Teatro Romano', 'Casa Giulietta', 'Santa Anastasia']",Santa Anastasia,"The tourist is likely to continue exploring nearby historical sites and attractions, given the proximity of Duomo, Arena, and Teatro Romano. Casa Giulietta was already visited, but Santa Anastasia is ",True,1.4343788623809814,success
040D8D121B6781,2,"['Arena', 'Casa Giulietta', 'Torre Lamberti', 'Santa Anastasia', 'Duomo', 'Teatro Romano']",Castelvecchio,"['Duomo', 'Arena', 'Casa Giulietta', 'San Zeno', 'Palazzo della Ragione']",San Zeno,"These POIs are popular tourist destinations in Verona and are relatively close to Castelvecchio. The time is late afternoon, which might make visitors prefer a shorter walk or stay indoors.",True,1.111119270324707,success
040D5B121B6781,6,"['Arena', 'Palazzo della Ragione', 'Torre Lamberti']",Santa Anastasia,"['Santa Anastasia', 'Duomo', 'Casa Giulietta', 'Giardino Giusti', 'Teatro Romano']",Duomo,"The tourist is currently at Santa Anastasia and the next likely destinations are within close proximity, such as Duomo, Casa Giulietta, and Giardini Giusti. The Teatro Romano is also a popular site th",True,1.6722395420074463,success
040DA6121B6780,1,['Arena'],Torre Lamberti,"['Casa Giulietta', 'Museo Conte', 'Palazzo della Ragione', 'Sighseeing', 'Centro Fotografia']",Palazzo della Ragione,"These POIs are closest to Torre Lamberti and align with typical tourist patterns, offering a mix of historical and cultural attractions.",True,1.2539827823638916,success
040DB54A216281,0,"['Casa Giulietta', 'Castelvecchio']",Museo Lapidario,"['Arena', 'San Fermo', 'Tomba Giulietta', 'Torre Lamberti', 'Verona Tour']",Arena,"These points of interest are within a short walking distance and align with typical tourist patterns, such as visiting famous landmarks like the Arena and Tomba Giulietta.",True,1.1923069953918457,success
040DB5121B6781,2,"['Casa Giulietta', 'Torre Lamberti', 'Palazzo della Ragione', 'Tomba Giulietta', 'San Zeno', 'Teatro Romano']",Duomo,"['Duomo', 'Santa Anastasia', 'Arena', 'Giardino Giusti', 'Teatro Romano']",Santa Anastasia,"The tourist is likely to visit the Duomo next due to its proximity and historical significance. Other nearby points of interest like Santa Anastasia, Arena, and Giardino Giusti are also probable as th",True,1.486588478088379,success
040DB7121B6781,6,"['Arena', 'Duomo', 'Santa Anastasia']",Teatro Romano,"['Teatro Romano', 'Duomo', 'Arena']",Torre Lamberti,"The current location is the Teatro Romano, and given the time context (slightly earlier than usual), tourists might be leaving this site. The nearby Arena and Duomo are popular sites that often follow",False,1.2007851600646973,success
040D8F121B6781,1,"['Castelvecchio', 'Arena', 'Torre Lamberti', 'Palazzo della Ragione', 'Duomo']",Teatro Romano,"['Teatro Romano', 'Santa Anastasia', 'Museo Conte', 'Giardino Giusti', 'Casa Giulietta']",Casa Giulietta,"The tourist is currently at the Teatro Romano and it's later in the day. The next likely stops are nearby points of interest such as Santa Anastasia, Museo Conte, Giardino Giusti, and Casa Giulietta, ",True,1.7762730121612549,success
040DC2121B6781,2,"['Arena', 'Casa Giulietta', 'San Fermo', 'Torre Lamberti', 'Palazzo della Ragione', 'Santa Anastasia', 'Castelvecchio', 'Teatro Romano']",Tomba Giulietta,"['Museo Storia', 'Museo Lapidario', 'Giardino Giusti', 'Centro Fotografia', 'Sighseeing']",San Zeno,"These POIs are relatively close to the current location, making them convenient for a quick visit. They also align with typical tourist interests in Verona.",False,1.1754779815673828,success
040DB74A216281,0,['Museo Lapidario'],Arena,"['Casa Giulietta', 'Arena', 'San Fermo', 'Castelvecchio', 'Tomba Giulietta']",Casa Giulietta,"The tourist is likely to visit well-known landmarks like Casa Giulietta and Tomba Giulietta, which are close by. The Arena is the next logical step as it's a major attraction in Verona. San Fermo and ",True,1.5825116634368896,success
040DB64A216281,3,['Arena'],Castelvecchio,"['Castelvecchio', 'Museo Lapidario', 'Verona Tour', 'San Zeno', 'Casa Giulietta']",Casa Giulietta,"The tourist is currently at Castelvecchio and the nearby points of interest (POIs) are within a short walking distance. Given the time, they might be looking for something quick to visit before moving",True,1.759617567062378,success
040DCD121B6781,6,"['Arena', 'San Fermo']",Duomo,"['Duomo', 'San Fermo', 'Arena', 'Teatro Romano', 'Palazzo della Ragione']",Torre Lamberti,"The tourist is currently at the Duomo and has already visited Arena and San Fermo. Given the short distances to other historical sites like Teatro Romano and Palazzo della Ragione, these are likely ne",False,1.4397752285003662,success
040DC8121B6780,6,"['Arena', 'Casa Giulietta', 'Duomo']",Teatro Romano,"['Teatro Romano', 'Santa Anastasia', 'Palazzo della Ragione', 'Museo Conte', 'Giardino Giusti']",Castelvecchio,"The tourist is currently at the Teatro Romano and has visited major attractions like Arena, Casa Giulietta, and Duomo. Given the time (12:20), they are likely to explore nearby points of interest befo",False,1.702918291091919,success
040DC6121B6781,4,"['Arena', 'Castelvecchio', 'Tomba Giulietta', 'Casa Giulietta', 'Torre Lamberti', 'Palazzo della Ragione']",Duomo,"['Santa Anastasia', 'Teatro Romano', 'Museo Conte', 'Duomo', 'Giardino Giusti']",Museo Storia,"Considering the time (near afternoon), tourists are likely to visit nearby attractions before heading home. The Duomo is a significant landmark, and other close points of interest like Santa Anastasia",False,1.7598073482513428,success
040DD34A216281,3,"['Arena', 'Casa Giulietta']",Santa Anastasia,"['Teatro Romano', 'Duomo', 'Palazzo della Ragione', 'Museo Conte', 'Centro Fotografia']",Castelvecchio,"These POIs are relatively close to Santa Anastasia and are popular tourist destinations in Verona, aligning with the typical visiting pattern.",False,1.082265853881836,success
040DD3121B6781,3,"['Arena', 'Tomba Giulietta']",San Fermo,"['Casa Giulietta', 'Torre Lamberti', 'Museo Conte', 'Arena', 'Palazzo della Ragione']",Castelvecchio,"These POIs are close to the current location and align with typical tourist interests in Verona, such as historical and cultural sites.",False,1.181852102279663,success
040DD0121B6780,0,"['Arena', 'Museo Lapidario', 'Casa Giulietta']",Tomba Giulietta,"['Tomba Giulietta', 'Castelvecchio', 'Arena', 'Palazzo della Ragione', 'Verona Tour']",Castelvecchio,"The tourist is currently at Tomba Giulietta and the next logical steps would be to visit other famous landmarks like Castelvecchio and Arena, which are closely related to Verona's cultural heritage. A",True,1.7554287910461426,success
040DD1121B6780,3,['Arena'],Casa Giulietta,"['Torre Lamberti', 'Centro Fotografia', 'Sighseeing', 'Museo Conte', 'Palazzo della Ragione']",Torre Lamberti,"These points of interest are closest to Casa Giulietta and within a reasonable walking distance, making them the most likely next stops for tourists. The time context suggests they might be looking fo",True,1.5372917652130127,success
040DE1121B6781,0,"['Castelvecchio', 'San Zeno', 'Torre Lamberti', 'Arena']",Museo Lapidario,"['Casa Giulietta', 'Tomba Giulietta', 'Verona Tour', 'Arena', 'San Fermo']",Museo Storia,"These POIs are close in proximity and align with typical tourist interests in Verona, particularly those related to Romeo and Juliet's story.",False,1.0567138195037842,success
040DD2121B6780,6,"['Teatro Romano', 'Duomo', 'Casa Giulietta', 'Tomba Giulietta', 'Arena']",Castelvecchio,"['Arena', 'Museo Lapidario', 'San Zeno', 'Palazzo della Ragione', 'Torre Lamberti']",Torre Lamberti,"The tourist is likely to continue visiting major landmarks and attractions in Verona. The Arena, being a significant historical site, is the most probable next stop given its popularity. Museo Lapidar",True,1.8619613647460938,success
040DD9121B6781,2,"['Arena', 'Castelvecchio', 'Casa Giulietta']",San Zeno,"['San Zeno', 'Verona Tour', 'Museo Lapidario', 'Palazzo della Ragione', 'Duomo']",Duomo,"The tourist is currently at San Zeno and the nearby points of interest (POIs) such as Verona Tour, Museo Lapidario, Palazzo della Ragione, Duomo are within a reasonable walking distance. These locatio",True,1.6861934661865234,success
040DD84A216281,3,['Casa Giulietta'],Arena,"['Arena', 'Verona Tour', 'Museo Lapidario', 'Castelvecchio', 'Tomba Giulietta']",Torre Lamberti,"The tourist is currently at the Arena and has recently visited Casa Giulietta. Given the time (Sun 14:18), they are likely to explore nearby attractions like Verona Tour, Museo Lapidario, Castelvecchi",False,1.8349483013153076,success
040DDF121B6781,2,"['Torre Lamberti', 'Casa Giulietta', 'Arena']",San Zeno,"['Arena', 'Castelvecchio', 'Duomo', 'Palazzo della Ragione', 'Museo Lapidario']",Castelvecchio,"The tourist is likely to continue exploring the historical and cultural sites of Verona. The Arena, Castelvecchio, Duomo, Palazzo della Ragione, and Museo Lapidario are all significant landmarks that ",True,1.6600124835968018,success
040DF74A216281,2,"['Torre Lamberti', 'Duomo', 'Santa Anastasia']",Arena,"['Arena', 'Verona Tour', 'Casa Giulietta', 'San Fermo', 'Museo Lapidario']",San Zeno,"The tourist is currently at the Arena and has visited other major landmarks. Given the time (13:38), they might be looking for a shorter walk to nearby attractions like Verona Tour or Casa Giulietta, ",False,1.5160236358642578,success
040E004A216285,3,['Arena'],Torre Lamberti,"['Casa Giulietta', 'Museo Conte', 'Palazzo della Ragione', 'Sighseeing', 'Centro Fotografia']",Casa Giulietta,"These POIs are close to the current location and align with typical tourist interests in Verona, such as historical and cultural sites.",True,1.2310266494750977,success
040DE4121B6781,2,"['Tomba Giulietta', 'Santa Anastasia', 'Casa Giulietta']",Castelvecchio,"['Arena', 'Museo Lapidario', 'Verona Tour', 'San Zeno', 'Torre Lamberti']",San Zeno,"The Arena is a popular tourist attraction in Verona, and it's the closest major landmark. The Museo Lapidario and Verona Tour are also nearby and likely to be of interest to tourists. San Zeno and Tor",True,1.6453797817230225,success
040DFE4A216281,3,"['Casa Giulietta', 'Torre Lamberti']",Arena,"['Arena', 'Verona Tour', 'Museo Lapidario', 'Tomba Giulietta', 'Castelvecchio']",Santa Anastasia,"The tourist is currently at the Arena, which is a major attraction in Verona. Given the time (13:18), they are likely to stay for a while or move on to other nearby attractions. The suggested POIs are",False,1.454493761062622,success
040E0C4A216285,6,"['Arena', 'Torre Lamberti', 'Casa Giulietta']",Santa Anastasia,"['Museo Conte', 'Palazzo della Ragione', 'Teatro Romano', 'Duomo', 'Centro Fotografia']",Duomo,"These POIs are relatively close to Santa Anastasia and are popular tourist destinations in Verona, aligning with typical visiting patterns.",True,1.046339988708496,success
040E0D4A216285,0,"['Teatro Romano', 'Museo Storia', 'San Fermo', 'Casa Giulietta', 'Arena']",Tomba Giulietta,"['Tomba Giulietta', 'Arena', 'Casa Giulietta', 'San Fermo', 'Museo Storia']",Museo Lapidario,"The tourist is likely to continue visiting related sites, such as other Shakespeare-related locations and nearby attractions within a reasonable walking distance.",False,1.0474393367767334,success
040E084A216285,3,['Casa Giulietta'],Arena,"['Arena', 'Verona Tour', 'Museo Lapidario', 'Castelvecchio', 'Tomba Giulietta']",Castelvecchio,"The tourist is currently at the Arena and has recently visited Casa Giulietta. Given the time (13:53), they are likely to explore nearby attractions like Verona Tour, Museo Lapidario, Castelvecchio, a",True,1.7286663055419922,success
040E164A216285,3,"['Arena', 'Torre Lamberti']",Teatro Romano,"['Duomo', 'Arena', 'Santa Anastasia', 'Palazzo della Ragione', 'Giardino Giusti']",Casa Giulietta,"These POIs are close in proximity to the Teatro Romano and align with common tourist interests in Verona, such as historical sites and gardens.",False,1.148451328277588,success
040E07121B6785,2,"['Arena', 'Casa Giulietta', 'San Zeno']",Torre Lamberti,"['Torre Lamberti', 'Palazzo della Ragione', 'Centro Fotografia', 'Sighseeing', 'Museo Conte']",Palazzo della Ragione,"The tourist is currently at Torre Lamberti and the next likely destinations are nearby points of interest. Considering the time, visitors might want to explore more cultural sites like Palazzo della R",True,1.860874891281128,success
040DF64A216281,1,"['Casa Giulietta', 'Palazzo della Ragione', 'Torre Lamberti']",Arena,"['Arena', 'Verona Tour', 'Museo Lapidario', 'Castelvecchio', 'Tomba Giulietta']",Castelvecchio,"The tourist is currently at the Arena and has recently visited other major attractions like Casa Giulietta and Palazzo della Ragione. Given the time (15:32) and distances, it's likely they will explor",True,2.2223997116088867,success
040E134A216285,6,"['Arena', 'Casa Giulietta', 'Castelvecchio', 'Duomo']",Teatro Romano,"['Teatro Romano', 'Santa Anastasia', 'Palazzo della Ragione', 'Museo Conte', 'Giardino Giusti']",Torre Lamberti,"The tourist is currently at the Teatro Romano and it's earlier than their usual visiting time. The next likely destinations are nearby points of interest, considering both proximity and typical touris",False,1.587186336517334,success
040E17121B6785,1,"['Santa Anastasia', 'Casa Giulietta', 'Castelvecchio']",Arena,"['Arena', 'Verona Tour', 'Museo Lapidario', 'San Fermo', 'Tomba Giulietta']",Torre Lamberti,"The tourist is currently at the Arena, which is a significant landmark in Verona. Given the time (9:13 AM), they are likely to explore nearby attractions before lunch. The suggested POIs are within re",False,1.4023146629333496,success
040E234A216285,1,"['Torre Lamberti', 'Arena']",Castelvecchio,"['Casa Giulietta', 'Museo Lapidario', 'Verona Tour', 'San Zeno', 'Palazzo della Ragione']",Santa Anastasia,"These POIs are close to Castelvecchio and align with typical tourist interests in Verona, such as visiting Juliet's House and exploring local history through museums.",False,1.141052007675171,success
040E2C4A216285,3,['Arena'],Casa Giulietta,"['Torre Lamberti', 'Centro Fotografia', 'Sighseeing', 'Museo Conte', 'Palazzo della Ragione']",San Fermo,"These points of interest are closest to Casa Giulietta and within a reasonable walking distance, making them the most likely next stops for tourists. The time context suggests they might be looking fo",False,1.3339314460754395,success
040E2D4A216285,4,"['Arena', 'Torre Lamberti', 'Museo Storia']",Teatro Romano,"['Santa Anastasia', 'Duomo', 'Palazzo della Ragione', 'Museo Conte', 'Giardino Giusti']",Santa Anastasia,"These POIs are relatively close to the Teatro Romano and align with common tourist interests in Verona, such as historical sites and gardens.",True,1.2553200721740723,success
040E1C121B6785,2,"['Torre Lamberti', 'Duomo', 'Arena']",Casa Giulietta,"['Arena', 'Duomo', 'San Fermo', 'Palazzo della Ragione', 'Museo Conte']",San Zeno,"These POIs are either already visited or nearby Casa Giulietta, making them likely to be of interest. The Arena and Duomo are major landmarks in Verona, while San Fermo and Palazzo della Ragione are c",False,1.5712287425994873,success
040E354A216285,3,['Arena'],Castelvecchio,"['Museo Lapidario', 'Verona Tour', 'San Zeno', 'Casa Giulietta', 'Torre Lamberti']",Casa Giulietta,These POIs are closest to Castelvecchio and align with typical tourist patterns of exploring nearby historical sites and attractions.,True,1.0600006580352783,success
040E344A216285,3,['Arena'],Casa Giulietta,"['Torre Lamberti', 'Centro Fotografia', 'Sighseeing', 'Museo Conte', 'Palazzo della Ragione']",Teatro Romano,"These points of interest are closest to Casa Giulietta and within a reasonable walking distance. They also align with typical tourist patterns, offering both cultural and photographic opportunities.",False,1.158217191696167,success
040E22121B6785,3,"['Casa Giulietta', 'Teatro Romano']",Arena,"['Arena', 'Verona Tour', 'Museo Lapidario', 'Castelvecchio', 'Tomba Giulietta']",Castelvecchio,"The tourist is currently at the Arena and has recently visited Casa Giulietta and Teatro Romano. Given the proximity of other related sites such as Tomba Giulietta, and considering typical tourist pat",True,1.779839277267456,success
040E374A216285,6,"['Arena', 'Castelvecchio']",Torre Lamberti,"['Casa Giulietta', 'Museo Conte', 'Palazzo della Ragione', 'Arena', 'San Fermo']",Duomo,"These POIs are close to the current location and align with typical tourist interests in Verona, such as historical and cultural sites.",False,1.1580636501312256,success
040E2F4A216285,3,['Arena'],Casa Giulietta,"['Arena', 'Torre Lamberti', 'Centro Fotografia', 'Sighseeing', 'Museo Conte']",Castelvecchio,"The tourist is likely to continue exploring the historical and cultural sites of Verona. The Arena, Torre Lamberti, Centro Fotografia, Sighseeing, and Museo Conte are all nearby and popular attraction",False,1.74338698387146,success
040E41121B6781,3,"['Arena', 'Casa Giulietta']",Santa Anastasia,"['Teatro Romano', 'Duomo', 'Palazzo della Ragione', 'Museo Conte', 'AMO']",Castelvecchio,"These POIs are relatively close to Santa Anastasia and are popular tourist destinations in Verona, aligning with the typical visiting pattern for tourists.",False,1.172795057296753,success
040E384A216285,2,"['Arena', 'Casa Giulietta', 'Santa Anastasia']",Teatro Romano,"['Teatro Romano', 'Duomo', 'Palazzo della Ragione', 'Giardino Giusti', 'AMO']",San Zeno,"The tourist is currently at the Teatro Romano and has a short distance to the Duomo, Palazzo della Ragione, and Giardino Giusti. AMO is also nearby. These locations are popular in Verona and align wit",False,1.7464020252227783,success
040E3D121B6781,6,"['Arena', 'Casa Giulietta', 'Torre Lamberti', 'Santa Anastasia']",Duomo,"['Duomo', 'Teatro Romano', 'Palazzo della Ragione', 'Museo Miniscalchi', 'AMO']",Teatro Romano,"The tourist is currently at the Duomo and it's close to other major attractions like Teatro Romano, Palazzo della Ragione, Museo Miniscalchi, and AMO. Given the time context, these are likely to be th",True,1.5132067203521729,success
040E42121B6781,6,"['Arena', 'Casa Giulietta']",Santa Anastasia,"['Teatro Romano', 'Duomo', 'Palazzo della Ragione', 'Museo Conte', 'Arena']",Duomo,"The tourist is likely to continue exploring the historical and cultural sites of Verona. The Teatro Romano, Duomo, Palazzo della Ragione, Museo Conte, and Arena are all well-known landmarks that fit t",True,1.458254337310791,success
040E5D121B6781,1,"['Arena', 'Casa Giulietta']",Torre Lamberti,"['Centro Fotografia', 'Museo Conte', 'Palazzo della Ragione', 'AMO', 'Museo Miniscalchi']",Palazzo della Ragione,"These points of interest are relatively close to the current location (Torre Lamberti) and align with typical tourist patterns, including nearby cultural and historical sites.",True,1.2956445217132568,success
040E4C4A216285,1,"['Palazzo della Ragione', 'Torre Lamberti']",Casa Giulietta,"['Arena', 'Museo Conte', 'San Fermo', 'Casa Giulietta']",Arena,"The tourist is likely to continue exploring nearby attractions, with the Arena being a popular destination. Museo Conte and San Fermo are also close by and could be of interest given the time context.",True,1.3798363208770752,success
040E63121B6781,3,['Arena'],Casa Giulietta,"['Torre Lamberti', 'Centro Fotografia', 'Sighseeing', 'Museo Conte', 'Palazzo della Ragione']",Torre Lamberti,"These points of interest are closest to Casa Giulietta and within a reasonable walking distance, making them the most likely next stops for tourists. The time is early afternoon, which is a common per",True,1.3578746318817139,success
040EA6121B6781,6,"['Castelvecchio', 'Arena', 'Duomo']",Santa Anastasia,"['Museo Conte', 'Palazzo della Ragione', 'Teatro Romano', 'AMO', 'Centro Fotografia']",Torre Lamberti,"These points of interest are the closest to Santa Anastasia and align with typical tourist patterns, considering the time context.",False,1.1289212703704834,success
040E6A121B6781,1,"['Arena', 'Palazzo della Ragione', 'Torre Lamberti']",Casa Giulietta,"['Arena', 'San Fermo', 'Museo Conte', 'Museo Radio', 'Casa Giulietta']",Santa Anastasia,"The tourist is likely to continue exploring the historical and cultural sites of Verona. The Arena, being a famous landmark, is a probable next stop. San Fermo and other museums are also popular for t",False,1.6625049114227295,success
040E9F121B6781,2,"['Castelvecchio', 'San Zeno', 'Palazzo della Ragione', 'Casa Giulietta']",Arena,"['Arena', 'Verona Tour', 'Tomba Giulietta', 'Museo Lapidario', 'San Fermo']",Santa Anastasia,"The tourist is currently at the Arena, which is a major attraction in Verona. Given the time (15:46), they might be finishing their visit there. The nearby POIs like Verona Tour and Tomba Giulietta ar",False,1.594635009765625,success
040E8F121B6781,1,"['Castelvecchio', 'Arena', 'Torre Lamberti', 'Palazzo della Ragione', 'Duomo']",Teatro Romano,"['Teatro Romano', 'Santa Anastasia', 'Museo Conte', 'Giardino Giusti', 'Casa Giulietta']",Casa Giulietta,"The tourist is currently at the Teatro Romano and it's later in the day. The next likely stops are nearby points of interest such as Santa Anastasia, Museo Conte, Giardino Giusti, and Casa Giulietta, ",True,1.6625347137451172,success
040E8D121B6781,0,"['Santa Anastasia', 'Duomo', 'Torre Lamberti', 'Museo Lapidario']",Arena,"['Arena', 'Verona Tour', 'Casa Giulietta', 'San Fermo', 'Castelvecchio']",Tomba Giulietta,"The tourist is currently at the Arena and has already visited several historical sites. Given the time (16:13), they might be looking for a shorter visit or an interactive experience like a tour. Near",False,1.7476296424865723,success
040EB6121B6781,1,"['Arena', 'Casa Giulietta']",Torre Lamberti,"['Centro Fotografia', 'Museo Conte', 'Palazzo della Ragione', 'AMO']",Palazzo della Ragione,"These locations are close to Torre Lamberti, align with typical tourist interests in Verona, and are within a reasonable walking distance given the current time.",True,1.0706844329833984,success
040EB5121B6781,2,"['Castelvecchio', 'Casa Giulietta', 'Arena', 'San Zeno', 'Duomo']",Torre Lamberti,"['Torre Lamberti', 'Centro Fotografia', 'Palazzo della Ragione', 'Museo Conte', 'Sighseeing']",San Fermo,"The tourist is currently at Torre Lamberti and the next most likely destinations are nearby points of interest. Considering the time, these locations are within a reasonable walking distance and align",False,1.4051201343536377,success
040EB74A216281,0,['Museo Lapidario'],Arena,"['Casa Giulietta', 'Castelvecchio', 'Sighseeing', 'Tomba Giulietta', 'Verona Tour']",Casa Giulietta,"These POIs are popular tourist destinations in Verona, close to the Arena and within a reasonable walking distance. The time is late afternoon, which might prompt tourists to visit more iconic sites b",True,1.3861191272735596,success
040EBC121B6781,2,"['Arena', 'Castelvecchio']",Santa Anastasia,"['Museo Conte', 'Palazzo della Ragione', 'Teatro Romano', 'Duomo', 'Torre Lamberti']",San Zeno,"These points of interest are relatively close to Santa Anastasia and are popular tourist destinations in Verona, aligning with typical visiting patterns.",False,1.0873775482177734,success
040EB2121B6781,4,"['Casa Giulietta', 'Museo Storia', 'San Fermo']",Castelvecchio,"['Arena', 'San Zeno', 'Museo Lapidario', 'Palazzo della Ragione', 'Torre Lamberti']",Arena,"The Arena and San Zeno are popular tourist attractions in Verona, close to Castelvecchio. Museo Lapidario is also nearby and relevant to the history theme of the visited sites. Palazzo della Ragione a",True,1.8071362972259521,success
040EB84A216281,3,"['Arena', 'Casa Giulietta']",Torre Lamberti,"['Centro Fotografia', 'Museo Conte', 'Palazzo della Ragione', 'AMO']",Santa Anastasia,"These locations are within close proximity to Torre Lamberti, align with typical tourist patterns of exploring cultural and historical sites, and are slightly further than the already visited sites li",False,1.2179555892944336,success
040ED1121B6780,3,['Arena'],Casa Giulietta,"['Torre Lamberti', 'Centro Fotografia', 'Sighseeing', 'Museo Conte', 'Palazzo della Ragione']",Torre Lamberti,"These points of interest are closest to Casa Giulietta and within a reasonable walking distance, making them the most likely next stops for tourists. The time context suggests that visitors might want",True,1.1656537055969238,success
040EC6121B6781,4,"['Casa Giulietta', 'Arena', 'Palazzo della Ragione', 'Torre Lamberti']",Castelvecchio,"['Arena', 'Museo Lapidario', 'San Zeno', 'Tomba Giulietta', 'Verona Tour']",Museo Storia,"The Arena is a popular tourist attraction and close to Castelvecchio. Museo Lapidario, San Zeno, Tomba Giulietta, and Verona Tour are nearby and align with the typical interests of tourists visiting V",False,1.5033974647521973,success
040EB8121B6780,6,"['Arena', 'Castelvecchio', 'Torre Lamberti', 'Duomo']",Teatro Romano,"['Teatro Romano', 'Santa Anastasia', 'Palazzo della Ragione', 'Museo Conte', 'Giardino Giusti']",Tomba Giulietta,"The tourist is currently at the Teatro Romano and it's a popular site in Verona. The next likely destinations are nearby points of interest such as Santa Anastasia, Palazzo della Ragione, Museo Conte,",False,1.967695951461792,success
040EC8121B6780,6,"['Arena', 'Castelvecchio', 'Casa Giulietta', 'Torre Lamberti']",Santa Anastasia,"['Duomo', 'Teatro Romano', 'Palazzo della Ragione', 'Museo Conte', 'Centro Fotografia']",Duomo,"These POIs are within close proximity to Santa Anastasia and align with typical tourist patterns, offering a mix of historical and cultural attractions.",True,1.4016919136047363,success
040ECF4A216281,1,"['Casa Giulietta', 'Arena', 'Castelvecchio', 'Torre Lamberti']",Palazzo della Ragione,"['Arena', 'Casa Giulietta', 'Castelvecchio', 'Duomo', 'Teatro Romano']",Santa Anastasia,"The tourist is likely to continue visiting major landmarks and attractions in Verona, given the short distances between them. The Arena and Castelvecchio are popular sites, while the Duomo and Teatro ",False,1.3929080963134766,success
040ED7121B6780,1,"['Teatro Romano', 'Castelvecchio', 'Tomba Giulietta', 'Casa Giulietta', 'Arena', 'Torre Lamberti']",Santa Anastasia,"['Duomo', 'Palazzo della Ragione', 'Arena', 'Teatro Romano', 'Museo Conte']",San Fermo,"These POIs are either historically significant or close to the current location, aligning with typical tourist patterns.",False,0.9015641212463379,success
040ED3121B6781,3,"['Arena', 'Tomba Giulietta']",San Fermo,"['Casa Giulietta', 'Torre Lamberti', 'Museo Storia', 'Arena', 'Palazzo della Ragione']",Castelvecchio,"These POIs are close to the current location and align with typical tourist interests in Verona, such as historical and cultural sites.",False,1.38844633102417,success
040ED34A216281,1,"['Castelvecchio', 'Palazzo della Ragione', 'Torre Lamberti']",Teatro Romano,"['Santa Anastasia', 'Duomo', 'Museo Conte', 'Giardino Giusti', 'Casa Giulietta']",Arena,"These POIs are close in proximity to the Teatro Romano and align with common tourist interests in Verona, such as religious sites, historical museums, and romantic landmarks.",False,1.3016419410705566,success
040ED2121B6780,6,"['Teatro Romano', 'Duomo', 'Casa Giulietta', 'Tomba Giulietta', 'Arena']",Castelvecchio,"['Arena', 'Museo Lapidario', 'San Zeno', 'Palazzo della Ragione', 'Torre Lamberti']",Torre Lamberti,"The tourist is likely to continue visiting major landmarks and attractions in Verona. The Arena, being a significant historical site, is the most probable next stop given its popularity. Museo Lapidar",True,1.9203155040740967,success
040ED7121B6781,0,"['Arena', 'Casa Giulietta', 'Castelvecchio', 'Torre Lamberti', 'Palazzo della Ragione', 'Museo Lapidario', 'Tomba Giulietta', 'San Fermo', 'Duomo']",Santa Anastasia,"['Teatro Romano', 'Museo Conte', 'AMO', 'Centro Fotografia', 'Sighseeing']",Teatro Romano,"These points of interest are closest to Santa Anastasia and align with typical tourist patterns, including nearby attractions like the Teatro Romano and cultural venues such as AMO and Museo Conte.",True,1.4113445281982422,success
040EDB121B6780,0,"['Arena', 'Castelvecchio', 'San Zeno', 'Museo Lapidario', 'Torre Lamberti', 'Palazzo della Ragione', 'Santa Anastasia', 'Duomo']",Teatro Romano,"['Teatro Romano', 'San Fermo', 'Casa Giulietta', 'Giardino Giusti', 'Museo Miniscalchi']",San Fermo,"The tourist is likely to continue exploring nearby historical sites and attractions, given the proximity of Teatro Romano. San Fermo, Casa Giulietta, Giardino Giusti, and Museo Miniscalchi are also po",True,1.5795502662658691,success
040EEC4A216281,6,['Arena'],Torre Lamberti,"['Casa Giulietta', 'Museo Conte', 'Palazzo della Ragione', 'Arena', 'Centro Fotografia']",Duomo,"These POIs are close to the current location and align with typical tourist interests in Verona, such as historical and cultural sites.",False,1.112123727798462,success
040EE1121B6781,0,"['Castelvecchio', 'San Zeno', 'Torre Lamberti', 'Santa Anastasia', 'San Fermo', 'Arena']",Museo Lapidario,"['Casa Giulietta', 'Tomba Giulietta', 'Verona Tour', 'Palazzo della Ragione', 'Museo Miniscalchi']",Museo Storia,"These POIs are close in proximity, align with tourist interests in Verona's cultural and historical sites, and fit the typical visiting pattern.",False,1.358238697052002,success
040EDC121B6781,6,"['Teatro Romano', 'Duomo', 'Santa Anastasia']",Casa Giulietta,"['Torre Lamberti', 'Teatro Romano', 'Arena', 'Duomo', 'San Fermo']",Arena,"Given the current location at Casa Giulietta, tourists are likely to visit nearby landmarks such as Torre Lamberti and Teatro Romano. The Arena is a major attraction in Verona, and the Duomo and San F",True,1.551875114440918,success
040ED9121B6781,2,"['Arena', 'Castelvecchio', 'Casa Giulietta', 'San Zeno']",Duomo,"['Duomo', 'Teatro Romano', 'Palazzo della Ragione', 'Santa Anastasia', 'Museo Miniscalchi']",Torre Lamberti,"The tourist is currently at the Duomo and has visited several historical sites. Given the time (12:37), they might be looking for a place to rest or have lunch nearby. The Teatro Romano, Palazzo della",False,2.138700246810913,success
040EDF121B6781,6,"['Arena', 'Torre Lamberti', 'Casa Giulietta', 'Santa Anastasia', 'Tomba Giulietta', 'Castelvecchio', 'Duomo']",Teatro Romano,"['Teatro Romano', 'AMO', 'Palazzo della Ragione', 'Museo Conte', 'Giardino Giusti']",San Fermo,"The Teatro Romano is the next logical step in the tour, being a significant historical site. AMO and other nearby cultural venues are likely to be of interest given the time context and tourist patter",False,1.501636266708374,success
040F07121B6785,1,"['Arena', 'Torre Lamberti', 'Palazzo della Ragione', 'Casa Giulietta']",Santa Anastasia,"['Duomo', 'Teatro Romano', 'Museo Conte', 'AMO', 'Giardino Giusti']",Castelvecchio,"These POIs are within close proximity to Santa Anastasia and align with typical tourist interests in Verona, such as historical sites and gardens.",False,1.240844488143921,success
040EFA4A216281,3,['Casa Giulietta'],Arena,"['Arena', 'Verona Tour', 'Museo Lapidario', 'Castelvecchio', 'Tomba Giulietta']",Castelvecchio,"The tourist is currently at the Arena and has recently visited Casa Giulietta. Given the time context, they are likely to explore nearby attractions such as Verona Tour, Museo Lapidario, Castelvecchio",True,1.4783978462219238,success
040F084A216285,3,['Casa Giulietta'],Arena,"['Arena', 'Verona Tour', 'Museo Lapidario', 'Castelvecchio', 'Tomba Giulietta']",Castelvecchio,"The tourist is currently at the Arena and has recently visited Casa Giulietta. Given the time (13:53), they are likely to explore nearby attractions like Verona Tour, Museo Lapidario, Castelvecchio, a",True,1.4807639122009277,success
040F094A216285,3,['Arena'],Torre Lamberti,"['Casa Giulietta', 'Museo Conte', 'Palazzo della Ragione', 'Arena', 'Centro Fotografia']",Santa Anastasia,"These POIs are close to the current location and align with typical tourist interests in Verona, such as historical sites and cultural attractions.",False,1.2275657653808594,success
040EFE121B6781,2,"['San Zeno', 'Arena', 'Casa Giulietta', 'Torre Lamberti', 'Palazzo della Ragione', 'Santa Anastasia', 'Castelvecchio', 'Duomo', 'Teatro Romano']",San Fermo,"['Tomba Giulietta', 'Giardino Giusti', 'Duomo', 'San Zeno', 'Museo Storia']",Tomba Giulietta,"These POIs are nearby and align with the typical tourist pattern of visiting significant historical and cultural sites. Tomba Giulietta and Giardino Giusti offer romantic and scenic experiences, while",True,1.836292028427124,success
040F1D121B6781,3,['Arena'],Casa Giulietta,"['Torre Lamberti', 'Centro Fotografia', 'Sighseeing', 'Museo Conte', 'Palazzo della Ragione']",Torre Lamberti,"These points of interest are closest to Casa Giulietta and within a reasonable walking distance. They also align with typical tourist patterns, offering both cultural and photographic opportunities.",True,1.2279517650604248,success
040F17121B6785,4,"['Torre Lamberti', 'Palazzo della Ragione', 'Casa Giulietta', 'Arena', 'Duomo']",Museo Storia,"['Arena', 'Duomo', 'Tomba Giulietta', 'Giardino Giusti', 'Verona Tour']",Castelvecchio,"The tourist is likely to continue visiting major landmarks such as the Arena and Duomo, while also exploring nearby attractions like Tomba Giulietta. The Giardino Giusti offers a pleasant break from h",False,1.7433366775512695,success
040F1F4A216285,1,"['Arena', 'Torre Lamberti']",Casa Giulietta,"['Arena', 'San Fermo', 'Palazzo della Ragione', 'Museo Conte', 'Casa Giulietta']",Castelvecchio,"The tourist is likely to continue exploring nearby attractions, with a preference for shorter distances. The Arena and San Fermo are popular sites in Verona, while the Palazzo della Ragione offers a h",False,1.5010721683502197,success
040F24121B6785,4,"['Casa Giulietta', 'Palazzo della Ragione', 'Torre Lamberti', 'Arena', 'Castelvecchio', 'Teatro Romano', 'Museo Storia']",San Fermo,"['Tomba Giulietta', 'Museo Storia', 'Arena', 'Teatro Romano', 'Giardino Giusti']",Duomo,"These POIs are either nearby or slightly further but still within a reasonable walking distance. They also align with the typical tourist interest in Verona, including historical and cultural sites.",False,1.3191139698028564,success
040F2C4A216285,3,['Arena'],Casa Giulietta,"['Torre Lamberti', 'Centro Fotografia', 'Sighseeing', 'Museo Conte', 'Palazzo della Ragione']",San Fermo,"These points of interest are closest to Casa Giulietta and within a reasonable walking distance, making them the most likely next stops for tourists. The time context suggests that visitors might want",False,1.3016383647918701,success
040F2D4A216285,1,"['Duomo', 'Palazzo della Ragione', 'Torre Lamberti', 'Casa Giulietta']",Arena,"['Arena', 'Verona Tour', 'Museo Lapidario', 'Tomba Giulietta', 'Castelvecchio']",Castelvecchio,"The tourist is currently at the Arena and has already visited several popular sites. The suggested POIs are nearby and align with typical tourist patterns, considering the time of day and proximity.",True,1.2564408779144287,success
040F314A216285,2,"['Arena', 'Santa Anastasia', 'Duomo', 'Teatro Romano']",San Fermo,"['Casa Giulietta', 'Torre Lamberti', 'Museo Conte', 'Palazzo della Ragione', 'Tomba Giulietta']",San Zeno,"These points of interest are close to the current location and align with typical tourist interests in Verona, such as visiting famous landmarks associated with Romeo and Juliet.",False,1.2955496311187744,success
040F264A216285,0,"['Arena', 'Museo Lapidario']",Casa Giulietta,"['Torre Lamberti', 'Centro Fotografia', 'Sighseeing', 'Museo Conte', 'Palazzo della Ragione']",Palazzo della Ragione,"These points of interest are closest to Casa Giulietta and within a reasonable walking distance, making them the most likely next stops for tourists. They also offer diverse experiences that align wit",True,1.6344325542449951,success
040F344A216285,3,['Arena'],Casa Giulietta,"['Torre Lamberti', 'Centro Fotografia', 'Sighseeing', 'Museo Conte', 'Palazzo della Ragione']",Tomba Giulietta,"These points of interest are closest to Casa Giulietta and within a reasonable walking distance. They also align with typical tourist patterns, offering both cultural and photographic opportunities.",False,1.2390315532684326,success
040F41121B6781,3,"['Arena', 'Casa Giulietta']",Santa Anastasia,"['Teatro Romano', 'Duomo', 'Palazzo della Ragione', 'Museo Conte', 'Centro Fotografia']",Castelvecchio,"These POIs are relatively close to Santa Anastasia and are popular tourist destinations in Verona, aligning with the typical visiting pattern for tourists.",False,1.1389062404632568,success
040F3C121B6781,1,['Arena'],Torre Lamberti,"['Casa Giulietta', 'Arena', 'Palazzo della Ragione', 'Museo Conte', 'Centro Fotografia']",Palazzo della Ragione,"These POIs are close to the current location and align with typical tourist interests in Verona, such as visiting famous landmarks like Casa Giulietta and Arena. The proximity of these sites makes the",True,1.3491055965423584,success
040F34121B6781,0,"['Museo Lapidario', 'Palazzo della Ragione', 'Casa Giulietta', 'Torre Lamberti', 'San Fermo']",Museo Storia,"['Arena', 'Tomba Giulietta', 'San Fermo', 'Giardino Giusti', 'Centro Fotografia']",Tomba Giulietta,"The tourist is likely to continue exploring nearby historical and cultural sites, given the short distances. The Arena and Tomba Giulietta are significant landmarks related to Verona's history and cul",True,1.9944534301757812,success
040F6D121B6781,3,"['Arena', 'Casa Giulietta']",Torre Lamberti,"['Centro Fotografia', 'Museo Conte', 'Palazzo della Ragione', 'Sighseeing', 'Arena']",Santa Anastasia,"These POIs are relatively close to the current location, making them convenient for a quick visit. The tourist might be looking for photography opportunities or historical sites nearby.",False,1.111807107925415,success
040F4C4A216285,2,"['Arena', 'Castelvecchio']",San Zeno,"['Casa Giulietta', 'Duomo', 'Palazzo della Ragione', 'Torre Lamberti', 'Verona Tour']",Santa Anastasia,"These POIs are popular tourist destinations in Verona and are within a reasonable walking distance from San Zeno. The time is late afternoon, which might make visitors interested in places with histor",False,1.4048774242401123,success
040F42121B6781,2,"['Casa Giulietta', 'Palazzo della Ragione', 'Santa Anastasia', 'Duomo', 'Teatro Romano', 'San Zeno']",Castelvecchio,"['Arena', 'San Zeno', 'Museo Lapidario', 'Teatro Romano', 'Verona Tour']",Arena,"The Arena is a popular tourist attraction close by, and San Zeno is another well-known site. The Museo Lapidario and Teatro Romano are also nearby and align with the usual visiting pattern of tourists",True,1.7977662086486816,success
040FB1121B6781,3,['Arena'],Castelvecchio,"['Castelvecchio', 'Museo Lapidario', 'Verona Tour', 'San Zeno', 'Casa Giulietta']",Teatro Romano,"The tourist is currently at Castelvecchio and the next most likely destinations are nearby points of interest, considering the short distances and typical visiting patterns.",False,1.2202894687652588,success
040F6A121B6781,6,"['Arena', 'Casa Giulietta']",Duomo,"['Duomo', 'Teatro Romano', 'Palazzo della Ragione', 'Santa Anastasia', 'Museo Conte']",Tomba Giulietta,"The tourist is currently at the Duomo and has a short distance to Teatro Romano, Palazzo della Ragione, Santa Anastasia, and Museo Conte. These locations are popular in Verona and fit well with the ti",False,1.5940022468566895,success
040FB6121B6780,1,"['Torre Lamberti', 'Casa Giulietta', 'Castelvecchio', 'Arena']",San Fermo,"['Arena', 'San Fermo', 'Palazzo della Ragione', 'Verona Tour', 'Tomba Giulietta']",Tomba Giulietta,"The tourist is likely to continue visiting major landmarks such as the Arena and Tomba Giulietta, while also exploring nearby attractions like San Fermo and Palazzo della Ragione. Verona Tour could be",True,1.554682731628418,success
040FA8121B6781,3,"['Arena', 'Casa Giulietta']",Teatro Romano,"['Duomo', 'Arena', 'Teatro Romano', 'Casa Giulietta', 'Santa Anastasia']",Tomba Giulietta,"Given the time is earlier than usual, tourists might be moving to other attractions. The closest and popular ones like Duomo and Arena are likely next stops. Casa Giulietta was already visited, but Te",False,1.6355721950531006,success
040FB6121B6781,6,"['Arena', 'Castelvecchio', 'Casa Giulietta', 'Teatro Romano', 'Duomo', 'Torre Lamberti', 'Palazzo della Ragione']",Tomba Giulietta,"['Tomba Giulietta', 'Duomo', 'Arena', 'Palazzo della Ragione', 'Castelvecchio']",San Fermo,"The tourist is likely to continue visiting major landmarks and attractions in the city center, given the time context and proximity of these sites. Tomba Giulietta is the current location, so it's nat",False,1.4333443641662598,success
040FB94A216281,4,"['Arena', 'Casa Giulietta', 'Tomba Giulietta']",San Zeno,"['Castelvecchio', 'Verona Tour', 'Museo Lapidario', 'Torre Lamberti', 'Palazzo della Ragione']",Museo Storia,"These points of interest are within a reasonable walking distance from San Zeno and align with typical tourist patterns, offering historical and cultural attractions that complement the visited sites ",False,1.3938429355621338,success
040FB8121B6781,6,['Teatro Romano'],Duomo,"['Duomo', 'Santa Anastasia', 'Palazzo della Ragione', 'Teatro Romano', 'Casa Giulietta']",Palazzo della Ragione,"The tourist is currently at the Duomo and has recently visited the Teatro Romano. Given the short distances to other religious or historical sites, these are likely points of interest next. Casa Giuli",True,1.4979536533355713,success
040FB8121B6780,4,"['Casa Giulietta', 'Arena', 'Teatro Romano']",Castelvecchio,"['Castelvecchio', 'Museo Lapidario', 'Verona Tour', 'San Zeno', 'Palazzo della Ragione']",Museo Storia,"The tourist is currently at Castelvecchio and the nearest points of interest are Museo Lapidario, Verona Tour, San Zeno, and Palazzo della Ragione. These locations are within a reasonable walking dist",False,1.6698994636535645,success
040FBC121B6781,0,"['Santa Anastasia', 'Castelvecchio', 'Arena', 'Museo Lapidario', 'San Fermo']",Duomo,"['Duomo', 'Teatro Romano', 'Palazzo della Ragione', 'AMO', 'Museo Miniscalchi']",Casa Giulietta,The tourist is currently at the Duomo and it's close to other historical sites like Teatro Romano and Palazzo della Ragione. AMO and Museo Miniscalchi are also nearby and popular choices for tourists.,False,1.3896350860595703,success
040FCF121B6780,0,"['Arena', 'Museo Lapidario', 'Torre Lamberti']",Palazzo della Ragione,"['Museo Conte', 'AMO', 'Centro Fotografia', 'Sighseeing', 'Santa Anastasia']",Castelvecchio,"These points of interest are close to the current location and align with typical tourist patterns, offering a mix of cultural and historical attractions.",False,1.1340739727020264,success
040FC7121B6780,1,"['Palazzo della Ragione', 'Torre Lamberti']",Castelvecchio,"['Arena', 'Casa Giulietta', 'San Zeno', 'Museo Miniscalchi', 'Verona Tour']",Arena,"The tourist is likely to visit nearby major attractions like the Arena, which is a popular site in Verona. Casa Giulietta and San Zeno are also well-known landmarks. The Museo Miniscalchi and Verona T",True,1.5670018196105957,success
040FD4121B6781,3,"['Arena', 'Castelvecchio']",Casa Giulietta,"['Torre Lamberti', 'Centro Fotografia', 'Sighseeing', 'Museo Conte', 'Palazzo della Ragione']",Teatro Romano,"These points of interest are closest to Casa Giulietta and are within a reasonable walking distance. They also align with typical tourist patterns, offering both historical and cultural attractions.",False,1.1372253894805908,success
040FD1121B6780,1,"['Palazzo della Ragione', 'Teatro Romano', 'Casa Giulietta', 'Torre Lamberti']",Arena,"['Arena', 'Verona Tour', 'Museo Lapidario', 'Casa Giulietta', 'Tomba Giulietta']",Castelvecchio,"The tourist is currently at the Arena and has visited several historical sites. Given the time (15:36), they might want to explore nearby attractions like a tour or museums. The short distances to Ver",False,1.6427454948425293,success
040FC5121B6780,4,['Casa Giulietta'],Arena,"['Arena', 'Verona Tour', 'Museo Lapidario', 'Castelvecchio', 'Tomba Giulietta']",Museo Storia,"The tourist is currently at the Arena and has just visited Casa Giulietta. Given the time context, they are likely to explore nearby attractions like Verona Tour, Museo Lapidario, Castelvecchio, and T",False,1.8321146965026855,success
040FD94A216281,3,['Arena'],Casa Giulietta,"['Torre Lamberti', 'Centro Fotografia', 'Sighseeing', 'Museo Conte', 'Palazzo della Ragione']",Torre Lamberti,"These points of interest are closest to Casa Giulietta and within a reasonable walking distance. They also align with typical tourist patterns, offering both cultural and photographic opportunities.",True,1.0728628635406494,success
040FD6121B6780,2,"['Arena', 'Arena', 'San Zeno', 'Castelvecchio', 'Tomba Giulietta', 'Casa Giulietta', 'Duomo']",Torre Lamberti,"['Torre Lamberti', 'Palazzo della Ragione', 'Sighseeing', 'Centro Fotografia', 'Museo Conte']",Teatro Romano,"The tourist is likely to continue exploring nearby landmarks, with a preference for shorter distances. Torre Lamberti is the closest POI and aligns well with typical tourist patterns of visiting iconi",False,1.366943359375,success
040FD24A216281,1,"['Torre Lamberti', 'Castelvecchio', 'Arena']",Casa Giulietta,"['Arena', 'Palazzo della Ragione', 'Museo Conte', 'Casa Giulietta', 'San Fermo']",Tomba Giulietta,"The tourist is likely to continue visiting nearby landmarks, with the Arena being a popular attraction. Palazzo della Ragione and San Fermo are also close by and well-known sites. Casa Giulietta is al",False,1.501208782196045,success
040FD7121B6781,0,"['Arena', 'Casa Giulietta', 'Castelvecchio', 'Torre Lamberti', 'Palazzo della Ragione', 'Museo Lapidario', 'Tomba Giulietta', 'San Fermo', 'Duomo']",Santa Anastasia,"['Santa Anastasia', 'AMO', 'Museo Conte', 'Teatro Romano', 'Centro Fotografia']",Teatro Romano,"The tourist is currently at Santa Anastasia and the next likely destinations are nearby points of interest. Considering the time context, these locations are within a reasonable walking distance and a",True,1.337233543395996,success
040FD2121B6780,6,"['Arena', 'Torre Lamberti']",Duomo,"['Duomo', 'Santa Anastasia', 'Teatro Romano', 'Palazzo della Ragione', 'AMO']",Teatro Romano,"The tourist is currently at the Duomo and has visited nearby significant landmarks like Arena and Torre Lamberti. Given the time (Sun 16:11), they might explore more religious or historical sites. The",True,2.005432605743408,success
040FD7121B6780,1,"['Teatro Romano', 'Castelvecchio', 'Tomba Giulietta', 'Casa Giulietta', 'Arena', 'Torre Lamberti']",Santa Anastasia,"['Santa Anastasia', 'Duomo', 'Palazzo della Ragione', 'Arena', 'Teatro Romano']",San Fermo,"The tourist is likely to continue exploring major landmarks and attractions in Verona, with a preference for nearby sites. The Duomo and Palazzo della Ragione are significant religious and civic build",False,1.7358474731445312,success
040FDE121B6781,3,['Arena'],Santa Anastasia,"['Arena', 'Museo Conte', 'Palazzo della Ragione', 'Teatro Romano', 'Duomo']",Casa Giulietta,"The tourist is likely to continue exploring nearby historical and cultural sites, given the proximity of these POIs and the time context.",False,1.0910818576812744,success
040FDB121B6780,6,"['Arena', 'Teatro Romano', 'Santa Anastasia']",Duomo,"['Duomo', 'Palazzo della Ragione', 'Torre Lamberti', 'Casa Giulietta', 'Arena']",Castelvecchio,"The tourist is currently at the Duomo and has visited other major landmarks like Arena, Teatro Romano, and Santa Anastasia. Given the time (15:40), they might want to explore nearby attractions before",False,1.7463383674621582,success
040FE0121B6781,3,"['Arena', 'Santa Anastasia']",Tomba Giulietta,"['Casa Giulietta', 'Castelvecchio', 'San Fermo', 'Museo Storia', 'Verona Tour']",Casa Giulietta,"These POIs are close in proximity to the current location and align with typical tourist interests, such as visiting famous landmarks associated with Romeo and Juliet (Casa Giulietta) and historical s",True,1.2623872756958008,success
040FE8121B6781,1,"['Arena', 'Torre Lamberti']",Palazzo della Ragione,"['AMO', 'Museo Conte', 'Centro Fotografia', 'Sighseeing', 'Santa Anastasia']",Casa Giulietta,"These points of interest are closest to Palazzo della Ragione and align with typical tourist patterns, offering a mix of cultural and historical attractions.",False,1.0271735191345215,success
040FDC121B6781,1,"['Tomba Giulietta', 'Casa Giulietta', 'Torre Lamberti', 'Palazzo della Ragione', 'Castelvecchio']",Arena,"['Arena', 'Verona Tour', 'Museo Lapidario', 'San Fermo', 'Castelvecchio']",Santa Anastasia,"The tourist is likely to stay at the Arena for a while due to its significance. Nearby attractions like Verona Tour and Museo Lapidario are close in distance, making them convenient choices. San Fermo",False,1.860201120376587,success
040FE2121B6781,6,"['Arena', 'Castelvecchio']",Duomo,"['Duomo', 'Santa Anastasia', 'Teatro Romano', 'Palazzo della Ragione', 'Casa Giulietta']",Casa Giulietta,"The tourist is currently at the Duomo and has visited nearby attractions like Arena and Castelvecchio. Given the short distances to other religious or historical sites, these are likely next stops bas",True,1.4328382015228271,success
040FEC4A216281,6,['Arena'],Torre Lamberti,"['Casa Giulietta', 'Museo Conte', 'Palazzo della Ragione', 'Arena', 'Centro Fotografia']",Duomo,"These POIs are close to the current location and align with typical tourist interests in Verona, such as historical and cultural sites.",False,1.199808120727539,success
040FE24A216281,3,"['Arena', 'Casa Giulietta']",Tomba Giulietta,"['Tomba Giulietta', 'Arena', 'Casa Giulietta', 'San Fermo', 'Museo Storia']",Torre Lamberti,"The tourist is likely to continue visiting related sites such as the Tomba Giulietta, and given their interest in Verona's history and culture, they might explore nearby museums and historical points ",False,1.5478553771972656,success
040FFA4A216281,2,"['Arena', 'San Fermo']",Castelvecchio,"['Castelvecchio', 'Museo Lapidario', 'Verona Tour', 'San Zeno', 'Palazzo della Ragione']",San Zeno,"The tourist is currently at Castelvecchio and has shown interest in historical sites. The nearby Museo Lapidario, Verona Tour, San Zeno, and Palazzo della Ragione are all within reasonable walking dis",True,1.6367177963256836,success
040FFE121B6781,2,"['San Zeno', 'San Fermo', 'Torre Lamberti']",Casa Giulietta,"['Arena', 'Museo Conte', 'Palazzo della Ragione', 'Sighseeing', 'Centro Fotografia']",Arena,"The Arena and Museo Conte are popular tourist attractions in Verona, close to Casa Giulietta. Palazzo della Ragione is a well-known landmark. Sighseeing and Centro Fotografia are also nearby and likel",True,1.6883113384246826,success
0410074A216285,3,['Arena'],Casa Giulietta,"['Torre Lamberti', 'Centro Fotografia', 'Sighseeing', 'Museo Conte', 'Palazzo della Ragione']",Arena,"These points of interest are closest to Casa Giulietta and within a reasonable walking distance, making them the most likely next stops for tourists. The time context suggests that visitors might want",False,1.4544219970703125,success
0410064A216285,2,"['Arena', 'Casa Giulietta', 'Tomba Giulietta', 'Castelvecchio', 'San Zeno', 'Torre Lamberti']",Teatro Romano,"['Duomo', 'Santa Anastasia', 'Palazzo della Ragione', 'Teatro Romano', 'Giardino Giusti']",Santa Anastasia,"The current location is near the Teatro Romano, and given the time (15:13), tourists might prefer places like Duomo or Santa Anastasia which are close by. Palazzo della Ragione is also a popular stop.",True,1.6782009601593018,success
0410094A216285,1,"['Arena', 'Torre Lamberti']",Casa Giulietta,"['Arena', 'San Fermo', 'Palazzo della Ragione', 'Museo Conte', 'Casa Giulietta']",Castelvecchio,"The tourist is likely to continue exploring nearby landmarks, with a preference for shorter distances. The Arena and San Fermo are popular attractions in Verona, while Palazzo della Ragione offers a h",False,1.4391255378723145,success
04101D121B6781,3,['Arena'],Casa Giulietta,"['Torre Lamberti', 'Centro Fotografia', 'Sighseeing', 'Museo Conte', 'Palazzo della Ragione']",Torre Lamberti,"These points of interest are closest to Casa Giulietta and are within a reasonable walking distance. The time is early afternoon, so visitors might be looking for shorter activities or sights nearby b",True,1.4997611045837402,success
041024121B6785,4,"['Casa Giulietta', 'Palazzo della Ragione', 'Torre Lamberti', 'Arena', 'Castelvecchio', 'Teatro Romano', 'Museo Storia']",San Fermo,"['Tomba Giulietta', 'Museo Storia', 'Arena', 'Teatro Romano', 'Giardino Giusti']",Duomo,"These POIs are either nearby or slightly further but still within a reasonable walking distance. They also align with the typical tourist interest in Verona, including historical and cultural attracti",False,1.3647644519805908,success
041025121B6785,6,"['Arena', 'Duomo', 'Castelvecchio']",Casa Giulietta,"['Torre Lamberti', 'Centro Fotografia', 'Museo Conte', 'Palazzo della Ragione', 'San Fermo']",Torre Lamberti,"These points of interest are close to Casa Giulietta, the current location. Tourists often explore nearby landmarks and historical sites in a short period, making these suggestions likely based on tim",True,1.3294928073883057,success
04101F4A216285,1,"['Arena', 'Torre Lamberti']",Casa Giulietta,"['Arena', 'San Fermo', 'Palazzo della Ragione', 'Museo Conte', 'Casa Giulietta']",Castelvecchio,"The tourist is likely to continue exploring nearby landmarks, given the short distances. The Arena and San Fermo are popular attractions in Verona, while Palazzo della Ragione offers a historical pers",False,1.796316385269165,success
04102D121B6781,6,"['Arena', 'Palazzo della Ragione', 'Santa Anastasia']",Duomo,"['Teatro Romano', 'Museo Conte', 'Casa Giulietta', 'Giardino Giusti']",Casa Giulietta,"The tourist is likely to visit nearby attractions within walking distance. The Teatro Romano and Museo Conte are close by, while Casa Giulietta and Giardino Giusti are also popular sites that tourists",True,1.4791903495788574,success
0410264A216285,0,"['Arena', 'Museo Lapidario', 'Casa Giulietta', 'Palazzo della Ragione', 'Palazzo della Ragione', 'Torre Lamberti']",Castelvecchio,"['Castelvecchio', 'Verona Tour', 'Museo Miniscalchi', 'Tomba Giulietta', 'San Zeno']",Tomba Giulietta,"The tourist is currently at Castelvecchio and it's a popular site in Verona. The next likely destinations are nearby points of interest such as Verona Tour, Museo Miniscalchi, Tomba Giulietta, and San",True,1.6568636894226074,success
04102D4A216285,6,"['Santa Anastasia', 'Casa Giulietta', 'Arena']",Castelvecchio,"['Castelvecchio', 'Museo Lapidario', 'Verona Tour', 'San Zeno', 'Palazzo della Ragione']",Duomo,"The tourist is currently at Castelvecchio and the next closest points of interest are Museo Lapidario, Verona Tour, San Zeno, and Palazzo della Ragione. These locations align with typical tourist patt",False,1.520320177078247,success
04102E4A216285,3,"['Arena', 'Torre Lamberti']",Casa Giulietta,"['Arena', 'San Fermo', 'Palazzo della Ragione', 'Museo Conte', 'Centro Fotografia']",Santa Anastasia,"The tourist is likely to continue exploring nearby landmarks, with a preference for shorter distances. The Arena and San Fermo are popular attractions in Verona, while the other suggested sites are wi",False,1.3769745826721191,success
04102C121B6781,2,"['Casa Giulietta', 'Torre Lamberti', 'Arena']",Castelvecchio,"['Castelvecchio', 'Museo Lapidario', 'Verona Tour', 'Palazzo della Ragione', 'San Zeno']",San Zeno,"The tourist is likely to continue exploring historical and cultural sites in Verona. Castelvecchio is the current location, so it makes sense to stay nearby. Museo Lapidario and Verona Tour are close ",True,2.052241802215576,success
0410314A216285,3,"['Arena', 'Casa Giulietta', 'Santa Anastasia']",Teatro Romano,"['Duomo', 'Palazzo della Ragione', 'Museo Conte', 'Torre Lamberti', 'Giardino Giusti']",Castelvecchio,"These points of interest are relatively close to the Teatro Romano and are popular tourist destinations in Verona, considering the time context.",False,1.3544535636901855,success
0410324A216285,3,['Arena'],Casa Giulietta,"['Torre Lamberti', 'Centro Fotografia', 'Sighseeing', 'Museo Conte', 'Palazzo della Ragione']",Teatro Romano,"These points of interest are closest to Casa Giulietta and within a reasonable walking distance, making them the most likely next stops for tourists. The time context suggests that visitors might want",False,1.263716220855713,success
04103B121B6781,3,['Arena'],Castelvecchio,"['Museo Lapidario', 'Verona Tour', 'San Zeno', 'Casa Giulietta', 'Torre Lamberti']",Casa Giulietta,These POIs are closest to Castelvecchio and align with typical tourist patterns of exploring nearby historical sites and attractions.,True,1.0281260013580322,success
0410344A216285,3,['Arena'],Casa Giulietta,"['Torre Lamberti', 'Centro Fotografia', 'Sighseeing', 'Museo Conte', 'Palazzo della Ragione']",Castelvecchio,"These points of interest are closest to Casa Giulietta and within a reasonable walking distance. They also align with typical tourist patterns, offering both cultural and photographic opportunities.",False,1.2959349155426025,success
041034121B6781,6,"['Arena', 'Casa Giulietta', 'Torre Lamberti']",Duomo,"['Duomo', 'Teatro Romano', 'Palazzo della Ragione', 'Museo Miniscalchi', 'AMO']",Castelvecchio,"The tourist is currently at the Duomo and has visited other significant landmarks like Arena, Casa Giulietta, and Torre Lamberti. Given the time (16:01), they might want to explore nearby attractions ",False,1.6208255290985107,success
04103C121B6781,1,['Arena'],Torre Lamberti,"['Casa Giulietta', 'Arena', 'Palazzo della Ragione', 'Museo Conte', 'Centro Fotografia']",Palazzo della Ragione,"These POIs are close to Torre Lamberti and are popular tourist attractions in Verona, aligning with the typical visiting pattern.",True,1.2144362926483154,success
041040121B6781,3,"['Arena', 'Casa Giulietta']",Teatro Romano,"['Arena', 'Duomo', 'Santa Anastasia', 'Palazzo della Ragione', 'Museo Conte']",Castelvecchio,"The tourist is likely to continue exploring nearby historical and cultural sites, given the short distances and the time of visit. The Arena and Duomo are major landmarks in Verona.",False,1.2445380687713623,success
041050121B6781,1,"['Castelvecchio', 'Arena']",Torre Lamberti,"['Casa Giulietta', 'Arena', 'Museo Conte', 'Palazzo della Ragione', 'Centro Fotografia']",Palazzo della Ragione,"These POIs are close to the current location and are popular tourist attractions in Verona, aligning with typical visiting patterns.",True,1.040724277496338,success
04104B4A216285,1,"['Castelvecchio', 'Arena', 'Palazzo della Ragione']",Santa Anastasia,"['Museo Conte', 'Teatro Romano', 'Duomo', 'Torre Lamberti', 'Centro Fotografia']",Teatro Romano,"These points of interest are relatively close to Santa Anastasia and are popular among tourists, especially during the afternoon when they might be looking for a variety of cultural experiences.",True,1.3806746006011963,success
04103A4A216285,1,"['Casa Giulietta', 'Torre Lamberti', 'Santa Anastasia', 'Teatro Romano']",Arena,"['Arena', 'Verona Tour', 'Museo Lapidario', 'San Fermo', 'Tomba Giulietta']",Castelvecchio,"The tourist is currently at the Arena, which is a major attraction in Verona. Given the time (14:57), they are likely to stay for a while or move on to nearby attractions like the Verona Tour or other",False,2.0411875247955322,success
04106D121B6781,3,"['Arena', 'Casa Giulietta']",Torre Lamberti,"['Centro Fotografia', 'Museo Conte', 'Palazzo della Ragione', 'AMO', 'Museo Miniscalchi']",Santa Anastasia,"These points of interest are within close proximity to the current location and align with typical tourist patterns, offering a mix of cultural and photographic opportunities.",False,1.2555768489837646,success
041094121B6781,1,"['Casa Giulietta', 'Arena']",Torre Lamberti,"['Centro Fotografia', 'Museo Conte', 'Palazzo della Ragione', 'AMO']",Castelvecchio,"These points of interest are within close proximity to Torre Lamberti, align with typical tourist patterns for exploring Verona's cultural and historical sites, and are accessible within a reasonable ",False,1.1770272254943848,success
0410B04A216281,3,['Teatro Romano'],Arena,"['Casa Giulietta', 'Arena', 'San Fermo', 'Teatro Romano', 'Verona Tour']",Castelvecchio,"The tourist is likely to visit nearby attractions, and Casa Giulietta and San Fermo are popular sites. The Teatro Romano has already been visited, but the Arena is close by and a common stop for touri",False,1.358971118927002,success
04107D121B6780,3,"['Arena', 'Casa Giulietta']",Teatro Romano,"['Duomo', 'Arena', 'Santa Anastasia', 'Palazzo della Ragione', 'Giardino Giusti']",Santa Anastasia,"The tourist is likely to prefer visiting nearby and popular sites like the Duomo and Arena. The Teatro Romano is already visited, so it's less probable. Other close points of interest such as Santa An",True,1.6263186931610107,success
0410B3121B6780,3,"['Santa Anastasia', 'Tomba Giulietta']",Casa Giulietta,"['Torre Lamberti', 'Centro Fotografia', 'Sighseeing', 'Museo Conte', 'Museo Radio']",Torre Lamberti,"These points of interest are closest to Casa Giulietta and align with typical tourist patterns, offering a mix of cultural and photographic opportunities.",True,1.2747418880462646,success
0410B6121B6780,6,"['Arena', 'Casa Giulietta', 'Santa Anastasia', 'Castelvecchio']",Torre Lamberti,"['Centro Fotografia', 'Museo Conte', 'Palazzo della Ragione', 'Torre Lamberti']",Duomo,"These POIs are close to the current location and align with typical tourist patterns, offering a mix of cultural and historical attractions.",False,1.036773681640625,success
04107E121B6780,3,"['Arena', 'Casa Giulietta']",Teatro Romano,"['Duomo', 'Arena', 'Teatro Romano', 'Casa Giulietta', 'Santa Anastasia']",Santa Anastasia,"Given the time (after 4:00 PM) and proximity of other major attractions, tourists are likely to explore nearby landmarks like Duomo and Santa Anastasia. Arena and Teatro Romano have already been visit",True,1.8630781173706055,success
0410B4121B6780,2,"['Arena', 'Torre Lamberti', 'Casa Giulietta', 'Santa Anastasia', 'Teatro Romano']",Castelvecchio,"['Museo Lapidario', 'Verona Tour', 'San Zeno', 'Palazzo della Ragione', 'Centro Fotografia']",San Zeno,"These points of interest are close to Castelvecchio, making them easily accessible within a short walking distance. They also offer cultural and historical insights that align with the tourist's inter",True,1.2666609287261963,success
0410B1121B6781,6,"['Arena', 'Casa Giulietta', 'Torre Lamberti', 'Tomba Giulietta']",Duomo,"['Duomo', 'Teatro Romano', 'Palazzo della Ragione', 'Museo Miniscalchi', 'AMO']",Palazzo della Ragione,"The tourist is currently at the Duomo and has visited several historical sites. Given the time (16:28), they might want to explore nearby attractions before sunset. The suggested POIs are within a sho",True,1.6027300357818604,success
0410B94A216281,4,"['Arena', 'Palazzo della Ragione']",San Fermo,"['Casa Giulietta', 'Torre Lamberti', 'Museo Storia', 'Arena', 'Tomba Giulietta']",Museo Storia,"The tourist is likely to visit places associated with Romeo and Juliet, such as Casa Giulietta and Tomba Giulietta. Torre Lamberti offers a good view of the city. Arena is a popular attraction in Vero",True,1.4037938117980957,success
0410B6121B6781,2,"['Castelvecchio', 'San Zeno', 'Teatro Romano', 'Tomba Giulietta', 'Palazzo della Ragione']",Santa Anastasia,"['Duomo', 'Casa Giulietta', 'Teatro Romano', 'Giardino Giusti', 'Museo Conte']",Arena,"The tourist is likely to visit nearby attractions, with the Duomo and Casa Giulietta being popular stops. The Teatro Romano was already visited but may be revisited for a longer stay. Giardino Giusti ",False,1.7698771953582764,success
0410B8121B6781,2,"['Arena', 'Duomo', 'Torre Lamberti', 'Castelvecchio']",San Zeno,"['Casa Giulietta', 'Arena', 'Duomo', 'Palazzo della Ragione', 'Verona Tour']",San Fermo,"These POIs are popular among tourists and are relatively close to San Zeno. The Arena, Duomo, and Casa Giulietta are iconic landmarks that often form a core part of the Verona tour itinerary. Palazzo ",False,1.7924351692199707,success
0410B9121B6781,0,"['Casa Giulietta', 'San Fermo', 'Museo Lapidario', 'Castelvecchio']",Teatro Romano,"['Teatro Romano', 'Santa Anastasia', 'Duomo', 'Palazzo della Ragione', 'Museo Conte']",Santa Anastasia,"The current location is near the Teatro Romano, and it's a popular tourist attraction. The nearby Santa Anastasia and Duomo are also close by and well-visited sites. Palazzo della Ragione and Museo Co",True,1.6312732696533203,success
0410BD121B6780,3,"['Casa Giulietta', 'Arena']",Tomba Giulietta,"['Tomba Giulietta', 'Arena', 'Casa Giulietta', 'San Fermo', 'Museo Storia']",Castelvecchio,"The tourist is likely to continue visiting related sites in the Romeo and Juliet theme, such as Tomba Giulietta. Arena and Casa Giulietta were already visited but are nearby significant landmarks. San",False,1.6666877269744873,success
0410C9121B6781,1,"['Castelvecchio', 'Arena', 'Santa Anastasia']",Torre Lamberti,"['Casa Giulietta', 'Arena', 'San Fermo', 'Duomo', 'Museo Conte']",Tomba Giulietta,"These POIs are close to the current location and align with typical tourist interests in Verona, such as historical and cultural sites.",False,1.0098490715026855,success
0410BD4A216281,3,"['Castelvecchio', 'Arena']",Teatro Romano,"['Santa Anastasia', 'Duomo', 'Palazzo della Ragione', 'Museo Conte', 'Teatro Romano']",San Fermo,"These POIs are close in proximity to the Teatro Romano and align with typical tourist patterns, including religious sites (Santa Anastasia, Duomo) and historical buildings (Palazzo della Ragione, Muse",False,1.47605562210083,success
0410C4121B6780,1,"['Arena', 'Castelvecchio', 'Tomba Giulietta', 'Casa Giulietta', 'Teatro Romano']",Santa Anastasia,"['Santa Anastasia', 'Duomo', 'Palazzo della Ragione', 'Torre Lamberti', 'Museo Conte']",Torre Lamberti,"The tourist is likely to continue exploring religious and historical sites in Verona, given the proximity of Santa Anastasia to other major landmarks like Duomo and Palazzo della Ragione. The short di",True,1.4045684337615967,success
0410C7121B6780,1,"['Palazzo della Ragione', 'Torre Lamberti']",Castelvecchio,"['Arena', 'San Zeno', 'Casa Giulietta', 'Museo Miniscalchi', 'Verona Tour']",Arena,"The tourist is likely to visit nearby major attractions like the Arena and San Zeno, given their historical significance. Casa Giulietta and Museo Miniscalchi are also popular stops for tourists in Ve",True,1.6093029975891113,success
0410C24A216281,2,"['San Zeno', 'Arena', 'Torre Lamberti', 'Santa Anastasia']",Duomo,"['Duomo', 'Teatro Romano', 'Palazzo della Ragione', 'Museo Miniscalchi', 'AMO']",San Fermo,"The tourist is currently at the Duomo and has visited several historical sites. Given the time (11:36, earlier than usual), they are likely to visit nearby attractions like the Teatro Romano or Palazz",False,1.9365482330322266,success
0410C7121B6781,1,"['Arena', 'Torre Lamberti', 'Palazzo della Ragione', 'Santa Anastasia', 'San Fermo']",Teatro Romano,"['Teatro Romano', 'Duomo', 'Museo Conte', 'Giardino Giusti', 'Casa Giulietta']",Tomba Giulietta,"The group is currently at the Teatro Romano and it's earlier in their visit. Given the time (12:45), they might want to explore nearby attractions before lunch or early afternoon activities. The dista",False,1.7113168239593506,success
0410CF121B6780,0,"['Arena', 'Museo Lapidario', 'Torre Lamberti']",Palazzo della Ragione,"['Museo Conte', 'AMO', 'Centro Fotografia', 'Santa Anastasia']",Castelvecchio,"These POIs are closest to the current location and align with typical tourist patterns, including cultural and historical sites.",False,0.9727039337158203,success
0410C5121B6780,4,['Casa Giulietta'],Arena,"['Arena', 'Verona Tour', 'Museo Lapidario', 'Castelvecchio', 'Tomba Giulietta']",Museo Storia,"The Arena is the next logical step after visiting Casa Giulietta, given its historical and cultural significance. Verona Tour offers a comprehensive overview of the city, making it a popular choice fo",False,1.8837697505950928,success
0410CC121B6781,6,"['Arena', 'San Fermo', 'Castelvecchio', 'Casa Giulietta']",Torre Lamberti,"['Centro Fotografia', 'Museo Conte', 'Palazzo della Ragione', 'Torre Lamberti']",Duomo,"These POIs are close to the current location and align with typical tourist patterns, offering a mix of cultural and historical sites.",False,1.1073429584503174,success
0410D0121B6781,6,"['Castelvecchio', 'Duomo', 'Santa Anastasia']",Palazzo della Ragione,"['Museo Conte', 'AMO', 'Torre Lamberti', 'Centro Fotografia', 'Sighseeing']",Arena,"These points of interest are close to the current location and align with typical tourist patterns, offering a mix of cultural and historical attractions.",False,1.2685613632202148,success
0410D24A216281,3,['Castelvecchio'],Casa Giulietta,"['Torre Lamberti', 'Centro Fotografia', 'Sighseeing', 'Museo Conte', 'Palazzo della Ragione']",Arena,"These points of interest are closest to Casa Giulietta and align with typical tourist patterns, offering a mix of historical and cultural attractions within walking distance.",False,1.216395616531372,success
0410D1121B6780,1,"['Palazzo della Ragione', 'Teatro Romano', 'Casa Giulietta', 'Torre Lamberti']",Arena,"['Arena', 'Verona Tour', 'Museo Lapidario', 'Casa Giulietta', 'Tomba Giulietta']",Castelvecchio,"The tourist is currently at the Arena and has visited several historical sites. Given the time (15:36), they might want to explore nearby attractions like Verona Tour for guided information or revisit",False,1.4549903869628906,success
0410D2121B6780,2,"['Santa Anastasia', 'Casa Giulietta', 'Arena', 'Tomba Giulietta']",Castelvecchio,"['Arena', 'Tomba Giulietta', 'Casa Giulietta', 'San Zeno', 'Palazzo della Ragione']",San Zeno,"These locations are historically and culturally significant to Verona, aligning with the tourist's interests. The Arena is nearby and a major attraction, while San Zeno and Palazzo della Ragione offer",True,1.405611515045166,success
0410DB121B6780,1,"['Casa Giulietta', 'San Fermo', 'Arena', 'Castelvecchio']",Torre Lamberti,"['Centro Fotografia', 'Museo Conte', 'Palazzo della Ragione', 'AMO', 'Museo Miniscalchi']",Santa Anastasia,"These points of interest are relatively close to Torre Lamberti, making them convenient for a quick visit. They align with the typical tourist pattern of exploring nearby cultural and historical sites",False,1.22804594039917,success
0410D4121B6781,1,"['Arena', 'Casa Giulietta', 'Tomba Giulietta', 'Castelvecchio', 'Teatro Romano', 'Duomo']",Torre Lamberti,"['Torre Lamberti', 'Centro Fotografia', 'Palazzo della Ragione', 'Museo Conte', 'Sighseeing']",Palazzo della Ragione,"The tourist is likely to continue exploring the area around Torre Lamberti, with nearby points of interest like Centro Fotografia and Palazzo della Ragione. The short distances make these locations co",True,1.7562687397003174,success
0410DB121B6781,3,"['Arena', 'Tomba Giulietta', 'San Fermo', 'Santa Anastasia', 'Teatro Romano']",Casa Giulietta,"['Torre Lamberti', 'Centro Fotografia', 'Sighseeing', 'Museo Conte', 'Museo Radio']",Torre Lamberti,"These points of interest are closest to Casa Giulietta and align with typical tourist patterns, offering a mix of historical and cultural attractions within walking distance.",True,1.2629647254943848,success
0410E0121B6781,3,"['Arena', 'Santa Anastasia']",Tomba Giulietta,"['Casa Giulietta', 'Castelvecchio', 'San Fermo', 'Museo Storia', 'Torre Lamberti']",Casa Giulietta,"These POIs are close in proximity to the current location and align with typical tourist interests in Verona, such as historical and cultural sites.",True,1.1451716423034668,success
0410E1121B6780,1,['Arena'],Castelvecchio,"['Castelvecchio', 'Museo Lapidario', 'Verona Tour', 'San Zeno', 'Casa Giulietta']",Torre Lamberti,"The tourist is likely to continue exploring nearby historical and cultural sites, given the short distances and the time of day.",False,1.1401257514953613,success
0410E14A216281,0,"['Arena', 'Museo Lapidario']",Casa Giulietta,"['Torre Lamberti', 'Centro Fotografia', 'Sighseeing', 'Museo Conte', 'Museo Radio']",Castelvecchio,"These points of interest are closest to Casa Giulietta and align with typical tourist patterns, including nearby landmarks and cultural attractions.",False,1.1684086322784424,success
0410DF121B6780,4,"['Arena', 'San Fermo', 'Casa Giulietta', 'Museo Storia']",Palazzo della Ragione,"['Torre Lamberti', 'Museo Conte', 'AMO', 'Centro Fotografia', 'Sighseeing']",Castelvecchio,"These points of interest are closest to Palazzo della Ragione and align with typical tourist patterns, offering a mix of historical and cultural attractions within walking distance.",False,1.2959163188934326,success
0410DC121B6781,2,"['Arena', 'Casa Giulietta', 'Palazzo della Ragione', 'Teatro Romano']",Castelvecchio,"['Castelvecchio', 'Museo Lapidario', 'Verona Tour', 'San Zeno', 'Torre Lamberti']",San Zeno,"The tourist is currently at Castelvecchio and it's earlier than the usual visiting time. The nearest points of interest like Museo Lapidario, Verona Tour, San Zeno, Torre Lamberti are within a short w",True,1.628854751586914,success
0410E2121B6781,1,"['Teatro Romano', 'Casa Giulietta']",Palazzo della Ragione,"['Museo Conte', 'AMO', 'Torre Lamberti', 'Santa Anastasia', 'Duomo']",Torre Lamberti,"These points of interest are close to the current location and align with typical tourist patterns, including cultural and historical sites.",True,1.1824111938476562,success
0410E8121B6781,1,"['Arena', 'Torre Lamberti']",Palazzo della Ragione,"['AMO', 'Museo Conte', 'Centro Fotografia', 'Sighseeing', 'Santa Anastasia']",Casa Giulietta,"These points of interest are closest to Palazzo della Ragione and align with typical tourist patterns, offering a mix of cultural and historical attractions.",False,1.0769474506378174,success
0410F44A216281,3,"['Arena', 'San Fermo', 'Casa Giulietta']",Palazzo della Ragione,"['AMO', 'Museo Conte', 'Torre Lamberti']",Santa Anastasia,"These points of interest are closest to Palazzo della Ragione and align with typical tourist patterns, focusing on nearby historical and cultural sites.",False,0.9852335453033447,success
0410F34A216281,3,['Arena'],San Fermo,"['Casa Giulietta', 'Museo Storia', 'Torre Lamberti', 'Sighseeing', 'Palazzo della Ragione']",Torre Lamberti,"These POIs are close to the current location and align with typical tourist interests in Verona, such as visiting famous landmarks associated with Romeo and Juliet.",True,1.233341932296753,success
0411064A216285,3,['Arena'],Palazzo della Ragione,"['Arena', 'Santa Anastasia', 'Museo Conte', 'Torre Lamberti', 'AMO']",Casa Giulietta,"The tourist is likely to visit nearby attractions and given the time, they might want to explore more historical sites. Arena was already visited, so other close-by options are suggested.",False,1.2951178550720215,success
041112121B6781,1,"['Arena', 'Torre Lamberti']",Palazzo della Ragione,"['Museo Conte', 'AMO', 'Centro Fotografia', 'Santa Anastasia', 'Teatro Romano']",Casa Giulietta,"These points of interest are within close proximity to Palazzo della Ragione and align with typical tourist patterns, considering the time of visit is during usual hours.",False,1.170823574066162,success
041116121B6781,6,"['Arena', 'Casa Giulietta', 'Torre Lamberti', 'Santa Anastasia']",Duomo,"['Teatro Romano', 'Museo Miniscalchi', 'Palazzo della Ragione', 'AMO', 'Sighseeing']",Castelvecchio,"These points of interest are within close proximity to the Duomo and align with typical tourist patterns, offering a mix of historical and cultural attractions.",False,1.2120585441589355,success
041124121B6781,3,"['San Fermo', 'Arena']",Torre Lamberti,"['Casa Giulietta', 'Museo Conte', 'Arena', 'San Fermo', 'Torre Lamberti']",Casa Giulietta,"These POIs are closest to the current location and align with typical tourist patterns, including historical and cultural sites.",True,1.0511665344238281,success
0411094A216285,1,"['Arena', 'Torre Lamberti']",Casa Giulietta,"['Arena', 'San Fermo', 'Palazzo della Ragione', 'Museo Conte', 'Centro Fotografia']",Castelvecchio,"The tourist is likely to continue exploring nearby landmarks, given the proximity of these sites and the time of day. The Arena and San Fermo are popular attractions in Verona, while Palazzo della Rag",False,1.615279197692871,success
041118121B6781,3,"['Santa Anastasia', 'Torre Lamberti', 'Casa Giulietta']",Casa Giulietta,"['Arena', 'Museo Conte', 'Palazzo della Ragione', 'San Fermo', 'Museo Storia']",Casa Giulietta,"The tourist is likely to move towards larger attractions like the Arena, which is closer than other historical sites. Museo Conte and Palazzo della Ragione are also popular for their cultural signific",False,1.2335114479064941,success
0411104A216285,3,['Arena'],Casa Giulietta,"['Torre Lamberti', 'Centro Fotografia', 'Sighseeing', 'Museo Conte', 'Palazzo della Ragione']",Tomba Giulietta,"These points of interest are closest to Casa Giulietta and within a reasonable walking distance, making them the most likely next stops for tourists. The time is early afternoon, which might not be id",False,1.6493220329284668,success
04111C121B6781,3,"['Arena', 'Casa Giulietta']",San Fermo,"['Torre Lamberti', 'Museo Conte', 'Palazzo della Ragione', 'Verona Tour', 'Tomba Giulietta']",Teatro Romano,"These points of interest are close to the current location and align with typical tourist interests in Verona, such as historical and cultural sites.",False,1.2107162475585938,success
041116121B6785,6,"['Arena', 'Duomo']",Casa Giulietta,"['Torre Lamberti', 'Centro Fotografia', 'Museo Conte', 'Palazzo della Ragione', 'San Fermo']",Torre Lamberti,"These points of interest are close to Casa Giulietta, align with typical tourist patterns by offering a mix of historical and cultural attractions, and are within a reasonable walking distance given t",True,1.5255718231201172,success
041125121B6785,4,"['Arena', 'Museo Storia']",San Fermo,"['Casa Giulietta', 'Torre Lamberti', 'Museo Conte', 'Palazzo della Ragione', 'Verona Tour']",Castelvecchio,"These points of interest are close to the current location and align with typical tourist interests in Verona, such as historical and cultural sites.",False,1.2528295516967773,success
041113121B6781,2,"['Duomo', 'San Fermo', 'Castelvecchio']",Teatro Romano,"['Teatro Romano', 'Santa Anastasia', 'Palazzo della Ragione', 'Museo Conte', 'Giardino Giusti']",San Zeno,"The tourist is currently at the Teatro Romano and has already visited several major attractions like Duomo, San Fermo, and Castelvecchio. Given the time (16:39), they might want to explore nearby poin",False,1.921900749206543,success
04112C121B6781,6,"['Arena', 'Casa Giulietta', 'Torre Lamberti']",Duomo,"['Duomo', 'Teatro Romano', 'Palazzo della Ragione', 'Museo Miniscalchi', 'AMO']",Teatro Romano,"The tourist is currently at the Duomo and it's close to other major attractions like Teatro Romano, Palazzo della Ragione, Museo Miniscalchi, and AMO. These locations are popular among tourists in Ver",True,1.3923535346984863,success
04112F121B6781,3,"['Arena', 'Casa Giulietta']",Santa Anastasia,"['Teatro Romano', 'Duomo', 'Palazzo della Ragione', 'Museo Conte', 'Centro Fotografia']",Castelvecchio,"These POIs are relatively close to Santa Anastasia and are popular tourist destinations in Verona, aligning with the typical visiting patterns of tourists.",False,1.119844675064087,success
04112E4A216285,3,"['Arena', 'Torre Lamberti']",Casa Giulietta,"['Arena', 'San Fermo', 'Palazzo della Ragione', 'Museo Conte', 'Centro Fotografia']",Santa Anastasia,"The tourist is likely to continue exploring the historical and cultural sites of Verona. The Arena, San Fermo, Palazzo della Ragione, Museo Conte, and Centro Fotografia are all nearby and align with t",False,1.540468692779541,success
0411304A216285,1,"['Arena', 'Casa Giulietta', 'Palazzo della Ragione']",Torre Lamberti,"['Sighseeing', 'Centro Fotografia', 'Museo Conte']",Castelvecchio,"The tourist is likely to continue exploring nearby attractions, and the closer locations such as Sighseeing, Centro Fotografia, and Museo Conte are within a short walking distance.",False,1.128629207611084,success
04113E121B6781,6,"['Arena', 'Casa Giulietta', 'Teatro Romano', 'Duomo']",Torre Lamberti,"['Centro Fotografia', 'Museo Conte', 'Palazzo della Ragione']",Castelvecchio,"These locations are close to the current location and are popular tourist attractions in Verona, making them likely next stops for tourists.",False,1.019559621810913,success
0411324A216285,3,['Arena'],Casa Giulietta,"['Torre Lamberti', 'Centro Fotografia', 'Sighseeing', 'Museo Conte', 'Palazzo della Ragione']",Teatro Romano,"These points of interest are closest to Casa Giulietta and within a reasonable walking distance. They also align with typical tourist patterns, offering both historical and cultural attractions.",False,1.293794870376587,success
041177121B6781,1,['Castelvecchio'],Teatro Romano,"['Duomo', 'Santa Anastasia', 'Palazzo della Ragione', 'Museo Conte', 'Teatro Romano']",Palazzo della Ragione,"These POIs are close to the current location and are popular tourist destinations in Verona, making them likely next stops for visitors.",True,1.0884895324707031,success
041140121B6781,3,"['Arena', 'Casa Giulietta']",Teatro Romano,"['Arena', 'Duomo', 'Teatro Romano', 'Casa Giulietta', 'Santa Anastasia']",Castelvecchio,"The tourist is likely to continue exploring nearby historical and cultural sites, given the short distances. The Arena and Duomo are major landmarks in Verona, while Santa Anastasia is close by.",False,1.2929630279541016,success
0411344A216285,3,['Arena'],Casa Giulietta,"['Torre Lamberti', 'Centro Fotografia', 'Sighseeing', 'Museo Conte', 'Palazzo della Ragione']",Castelvecchio,"These POIs are closest to Casa Giulietta and are within a reasonable walking distance. They also align with typical tourist interests in Verona, such as historical landmarks and cultural attractions.",False,1.4695587158203125,success
04114B4A216285,3,"['Castelvecchio', 'Teatro Romano']",Arena,"['Casa Giulietta', 'Arena', 'Verona Tour', 'San Fermo', 'Museo Storia']",Casa Giulietta,"The tourist is likely to visit Casa Giulietta due to its popularity, and the Arena is nearby. Verona Tour could be a guided tour option. San Fermo and Museo Storia are also close by and might interest",True,1.55171537399292,success
041193121B6781,3,['Arena'],Casa Giulietta,"['Torre Lamberti', 'Centro Fotografia', 'Sighseeing', 'Museo Conte', 'Palazzo della Ragione']",Castelvecchio,"These points of interest are closest to Casa Giulietta and within a reasonable walking distance, making them the most likely next stops for tourists. The time context suggests that visitors might want",False,1.1613028049468994,success
04115E121B6781,2,"['Arena', 'Casa Giulietta', 'San Fermo', 'Torre Lamberti', 'Santa Anastasia', 'Duomo']",San Zeno,"['San Zeno', 'Castelvecchio', 'Verona Tour', 'Museo Lapidario', 'Palazzo della Ragione']",Castelvecchio,"The tourist is currently at San Zeno and has visited several major landmarks. Given the time context, Castelvecchio and Palazzo della Ragione are popular choices for a mid-morning visit. Museo Lapidar",True,1.8997948169708252,success
041190121B6780,3,"['Castelvecchio', 'Arena']",Casa Giulietta,"['Casa Giulietta', 'Torre Lamberti', 'Arena', 'San Fermo', 'Centro Fotografia']",Teatro Romano,"Tourists are likely to continue exploring famous landmarks and attractions in close proximity. Casa Giulietta is a popular site, Torre Lamberti offers a view, Arena is a major attraction, San Fermo is",False,1.6665644645690918,success
0411B3121B6780,3,['Tomba Giulietta'],Casa Giulietta,"['Torre Lamberti', 'Centro Fotografia', 'Sighseeing', 'Museo Conte', 'Palazzo della Ragione']",Torre Lamberti,"These points of interest are closest to Casa Giulietta and align with typical tourist patterns, offering a mix of historical and cultural attractions within walking distance.",True,1.0090432167053223,success
041192121B6780,3,"['Casa Giulietta', 'Tomba Giulietta']",Arena,"['Arena', 'Verona Tour', 'Museo Lapidario', 'Castelvecchio', 'Torre Lamberti']",Castelvecchio,"The tourist is currently at the Arena and has recently visited places related to Romeo and Juliet. Given the time, they are likely to explore nearby attractions. The suggested POIs are within a reason",True,1.6117384433746338,success
04117D121B6781,6,"['Arena', 'Torre Lamberti']",Duomo,"['Duomo', 'Teatro Romano', 'Palazzo della Ragione', 'Santa Anastasia', 'Casa Giulietta']",Teatro Romano,"The tourist is currently at the Duomo and has visited other nearby landmarks like Arena and Torre Lamberti. Given the time, they are likely to explore more historical sites in close proximity such as ",True,2.0061287879943848,success
0411B4121B6780,2,"['Arena', 'Torre Lamberti', 'Casa Giulietta', 'Santa Anastasia', 'Teatro Romano']",Castelvecchio,"['Museo Lapidario', 'Verona Tour', 'San Zeno', 'Palazzo della Ragione', 'Centro Fotografia']",San Zeno,These POIs are closest to Castelvecchio and align with typical tourist patterns of exploring nearby historical and cultural sites.,True,1.1909105777740479,success
0411B1121B6780,1,"['Castelvecchio', 'Arena']",Torre Lamberti,"['Casa Giulietta', 'Arena', 'Museo Conte', 'Palazzo della Ragione', 'Sighseeing']",Palazzo della Ragione,"These POIs are close to Torre Lamberti and are popular tourist destinations in Verona. The time is early afternoon, which makes cultural attractions like museums more likely choices.",True,1.3828694820404053,success
0411B0121B6781,6,"['Arena', 'Torre Lamberti', 'Santa Anastasia']",Duomo,"['Duomo', 'Teatro Romano', 'Palazzo della Ragione', 'Museo Miniscalchi', 'AMO']",Castelvecchio,"The tourist is currently at the Duomo and has visited other major landmarks like Arena, Torre Lamberti, and Santa Anastasia. Given the time (15:17), they are likely to visit nearby attractions before ",False,1.7982509136199951,success
0411B5121B6780,3,"['Casa Giulietta', 'San Fermo']",Santa Anastasia,"['Teatro Romano', 'Duomo', 'Palazzo della Ragione', 'Museo Conte', 'Sighseeing']",Arena,"These POIs are within a reasonable walking distance from Santa Anastasia and align with typical tourist interests in Verona, such as historical sites and cultural attractions.",False,1.2229888439178467,success
0411B8121B6781,6,"['Arena', 'Casa Giulietta', 'Duomo', 'Santa Anastasia', 'Torre Lamberti', 'Palazzo della Ragione']",Castelvecchio,"['Castelvecchio', 'Museo Lapidario', 'Verona Tour', 'San Zeno', 'Tomba Giulietta']",San Fermo,"The tourist is currently at Castelvecchio and the nearest points of interest are Museo Lapidario, Verona Tour, San Zeno, and Tomba Giulietta. Given the time context and typical tourist patterns, these",False,1.3930888175964355,success
0411BD121B6780,3,"['Casa Giulietta', 'Arena']",Tomba Giulietta,"['Tomba Giulietta', 'Arena', 'Casa Giulietta', 'San Fermo', 'Museo Storia']",Castelvecchio,"The tourist is likely to continue visiting Juliet-related sites, and the nearby San Fermo and Museo Storia are close in distance.",False,1.2005093097686768,success
0411B04A216281,6,"['Casa Giulietta', 'Torre Lamberti', 'Palazzo della Ragione', 'Duomo', 'Arena']",Santa Anastasia,"['Santa Anastasia', 'AMO', 'Museo Conte', 'Teatro Romano', 'Giardino Giusti']",Teatro Romano,"The tourist is currently at Santa Anastasia and the nearest points of interest are AMO, Museo Conte, Teatro Romano, Centro Fotografia, Sighseeing, Museo Miniscalchi, Giardino Giusti, Museo Radio, San ",True,2.3816843032836914,success
0411BD4A216281,2,"['Arena', 'Torre Lamberti', 'Castelvecchio']",San Zeno,"['Casa Giulietta', 'Duomo', 'Palazzo della Ragione', 'Centro Fotografia', 'Museo Lapidario']",Teatro Romano,"These locations are popular among tourists and are within a reasonable walking distance from San Zeno. The time is early afternoon, making these indoor options more appealing.",False,1.326645851135254,success
0411B9121B6781,0,"['Casa Giulietta', 'San Fermo', 'Museo Lapidario', 'Castelvecchio']",Teatro Romano,"['Teatro Romano', 'Santa Anastasia', 'Duomo', 'Palazzo della Ragione', 'Museo Conte']",Santa Anastasia,"The current location is near the Teatro Romano, and it's a popular tourist attraction. The nearby Santa Anastasia and Duomo are also well-known landmarks. Palazzo della Ragione and Museo Conte are clo",True,1.6325976848602295,success
0411C5121B6781,1,"['Palazzo della Ragione', 'Arena', 'Castelvecchio']",Casa Giulietta,"['Torre Lamberti', 'Centro Fotografia', 'Sighseeing', 'Museo Conte', 'Museo Radio']",Palazzo della Ragione,"These points of interest are closest to Casa Giulietta and align with typical tourist patterns, offering a mix of historical and cultural attractions.",False,1.142094612121582,success
0411C4121B6781,0,"['Arena', 'Museo Lapidario', 'Casa Giulietta', 'Teatro Romano']",Torre Lamberti,"['Centro Fotografia', 'Museo Conte', 'Palazzo della Ragione', 'Sighseeing', 'Torre Lamberti']",Castelvecchio,"These POIs are close to the current location and align with typical tourist patterns, offering a mix of cultural and photographic interests.",False,1.2021286487579346,success
0411C24A216281,1,"['Arena', 'Casa Giulietta', 'Palazzo della Ragione', 'Torre Lamberti']",Duomo,"['Duomo', 'AMO', 'Museo Miniscalchi', 'Santa Anastasia', 'Teatro Romano']",Castelvecchio,"The tourist is currently at the Duomo and has a short distance to AMO, Museo Miniscalchi, Santa Anastasia, and Teatro Romano. These locations are popular in Verona and align with typical tourist inter",False,1.4419517517089844,success
0411B6121B6781,0,"['Arena', 'Santa Anastasia', 'Duomo', 'Casa Giulietta', 'Castelvecchio']",San Zeno,"['San Zeno', 'Verona Tour', 'Museo Lapidario', 'Palazzo della Ragione', 'Torre Lamberti']",Museo Lapidario,"The tourist is currently at San Zeno and the next likely destinations are nearby points of interest. Considering the time (16:04) which is later in the day, visitors might be looking for shorter walki",True,2.2652335166931152,success
0411BE121B6780,2,"['Arena', 'Casa Giulietta']",Castelvecchio,"['Castelvecchio', 'Museo Lapidario', 'Verona Tour', 'San Zeno', 'Palazzo della Ragione']",San Zeno,"The tourist is currently at Castelvecchio and has shown interest in historical sites. The nearby Museo Lapidario, Verona Tour, San Zeno, and Palazzo della Ragione are all within reasonable walking dis",True,1.5519311428070068,success
0411C4121B6780,1,"['Arena', 'Castelvecchio', 'Tomba Giulietta', 'Casa Giulietta', 'Teatro Romano']",Santa Anastasia,"['Santa Anastasia', 'Duomo', 'Palazzo della Ragione', 'Arena', 'Museo Conte']",Torre Lamberti,"Considering the time (12:57), tourists are likely to visit major landmarks like Santa Anastasia and Duomo. The Arena is a popular attraction, and nearby places like Palazzo della Ragione and Museo Con",False,1.4319770336151123,success
0411C9121B6781,1,"['Castelvecchio', 'Arena', 'Santa Anastasia']",Torre Lamberti,"['Casa Giulietta', 'Arena', 'San Fermo', 'Duomo', 'Museo Conte']",Tomba Giulietta,"These POIs are close to the current location and align with typical tourist interests in Verona, such as historical and cultural sites.",False,1.1368327140808105,success
0411C6121B6780,6,"['Arena', 'Casa Giulietta', 'Torre Lamberti', 'Palazzo della Ragione', 'Santa Anastasia']",Duomo,"['Duomo', 'Teatro Romano', 'Museo Miniscalchi', 'AMO', 'Giardino Giusti']",Castelvecchio,"The tourist is currently at the Duomo and it's a popular site to visit. Given the time (14:29), they might be looking for nearby attractions that are open in the afternoon. The Teatro Romano, Museo Mi",False,1.89583158493042,success
0411D8121B6780,6,['Arena'],Castelvecchio,"['Museo Lapidario', 'Verona Tour', 'San Zeno', 'Casa Giulietta', 'Torre Lamberti']",Duomo,These POIs are closest to Castelvecchio and align with typical tourist patterns of visiting multiple historical sites in a short distance.,False,1.0927495956420898,success
0411D0121B6781,6,"['Castelvecchio', 'Duomo', 'Santa Anastasia']",Palazzo della Ragione,"['Palazzo della Ragione', 'AMO', 'Museo Conte', 'Torre Lamberti', 'Centro Fotografia']",Arena,"The tourist is currently at Palazzo della Ragione and the suggested POIs are within close proximity, making them likely next stops based on typical visiting patterns.",False,1.2828526496887207,success
0411DE121B6781,1,"['Arena', 'Santa Anastasia']",Palazzo della Ragione,"['AMO', 'Museo Conte', 'Torre Lamberti']",Torre Lamberti,"These points of interest are closest to Palazzo della Ragione and align with typical tourist patterns, focusing on nearby attractions within walking distance.",True,1.0483388900756836,success
0411C7121B6781,6,"['Arena', 'Casa Giulietta']",Duomo,"['Duomo', 'Teatro Romano', 'Palazzo della Ragione', 'Santa Anastasia', 'Museo Conte']",Palazzo della Ragione,"The tourist is currently at the Duomo and the next likely destinations are nearby historical sites such as Teatro Romano, Palazzo della Ragione, Santa Anastasia, and Museo Conte. These locations align",True,1.592505693435669,success
0411CC4A216281,1,"['Casa Giulietta', 'Torre Lamberti', 'Palazzo della Ragione']",Arena,"['Arena', 'Verona Tour', 'Museo Lapidario', 'Castelvecchio', 'Tomba Giulietta']",Castelvecchio,"The tourist is currently at the Arena, which is a major attraction in Verona. Given the time (12:42), they might be looking for something to do nearby. The suggested POIs are within reasonable walking",True,1.5216305255889893,success
0411DF121B6780,2,"['Arena', 'San Zeno', 'Castelvecchio', 'San Fermo']",Casa Giulietta,"['Torre Lamberti', 'Centro Fotografia', 'San Zeno', 'Museo Conte', 'Palazzo della Ragione']",Tomba Giulietta,"These points of interest are close to Casa Giulietta, align with typical tourist patterns, and the time suggests they might be visited before the usual end of the day.",False,1.0903239250183105,success
0411D7121B6781,6,"['Arena', 'Torre Lamberti', 'Palazzo della Ragione', 'Duomo']",Casa Giulietta,"['Arena', 'Duomo', 'San Fermo', 'Museo Conte', 'Casa Giulietta']",San Fermo,"The tourist is likely to continue visiting nearby landmarks, with the Arena and Duomo being popular attractions. San Fermo is a church that might interest history enthusiasts, while Museo Conte offers",True,1.4057962894439697,success
0411DC121B6781,1,"['Arena', 'Casa Giulietta']",Torre Lamberti,"['Centro Fotografia', 'Museo Conte', 'Palazzo della Ragione', 'AMO', 'Museo Miniscalchi']",Palazzo della Ragione,"These POIs are relatively close to the current location and align with typical tourist interests in Verona, such as photography centers and historical museums.",True,1.20920729637146,success
0411DB121B6780,1,"['Casa Giulietta', 'San Fermo', 'Arena', 'Castelvecchio']",Torre Lamberti,"['Centro Fotografia', 'Museo Conte', 'Palazzo della Ragione', 'AMO', 'Museo Miniscalchi']",Santa Anastasia,"These points of interest are close to the current location, within a reasonable walking distance. They align with typical tourist patterns and the remaining time in the afternoon.",False,1.3379051685333252,success
0411E1121B6780,0,"['Casa Giulietta', 'Torre Lamberti', 'Palazzo della Ragione', 'San Fermo', 'Museo Storia', 'Tomba Giulietta', 'Museo Lapidario', 'Arena', 'San Zeno', 'Castelvecchio', 'Santa Anastasia']",Duomo,"['Duomo', 'Teatro Romano', 'Museo Miniscalchi']",Teatro Romano,"The tourist is likely to continue exploring nearby religious and historical sites, with the Duomo being a significant landmark. The Teatro Romano and Museo Miniscalchi are also close by and relevant t",True,1.3750004768371582,success
0411E3121B6780,1,"['Castelvecchio', 'Arena']",Torre Lamberti,"['Casa Giulietta', 'Arena', 'Museo Conte', 'Palazzo della Ragione', 'Sighseeing']",Palazzo della Ragione,"These POIs are close to Torre Lamberti, relevant to the tourist's interests in Verona landmarks, and fit the time context for a visit.",True,1.2245855331420898,success
0411E64A216281,3,['Arena'],Castelvecchio,"['Museo Lapidario', 'Verona Tour', 'San Zeno', 'Casa Giulietta', 'Torre Lamberti']",Casa Giulietta,These POIs are closest to Castelvecchio and align with typical tourist patterns of exploring nearby historical sites and attractions.,True,1.1548428535461426,success
0411F44A216281,3,"['Arena', 'San Fermo', 'Casa Giulietta']",Palazzo della Ragione,"['Torre Lamberti', 'Museo Conte', 'AMO', 'Centro Fotografia', 'Sighseeing']",Santa Anastasia,"These points of interest are closest to Palazzo della Ragione and align well with typical tourist patterns, offering a mix of historical and cultural attractions.",False,1.2228624820709229,success
0412014A216285,0,['Arena'],Casa Giulietta,"['Torre Lamberti', 'Centro Fotografia', 'Sighseeing', 'Museo Conte', 'Palazzo della Ragione']",Museo Lapidario,"These points of interest are closest to Casa Giulietta and are within a reasonable walking distance. They also align with typical tourist patterns, offering both cultural and photographic opportunitie",False,1.3540034294128418,success
041216121B6781,2,"['Arena', 'Casa Giulietta', 'San Fermo', 'Torre Lamberti', 'Santa Anastasia']",Duomo,"['Duomo', 'Teatro Romano', 'Palazzo della Ragione', 'Museo Miniscalchi', 'AMO']",San Zeno,"The tourist is currently at the Duomo and it's close to other historical sites like Teatro Romano and Palazzo della Ragione. These locations are popular among tourists in Verona, especially during the",False,1.3902058601379395,success
041218121B6781,6,"['Arena', 'Castelvecchio', 'Duomo', 'Teatro Romano', 'Santa Anastasia']",Palazzo della Ragione,"['Torre Lamberti', 'AMO', 'Museo Conte', 'Centro Fotografia', 'Sighseeing']",Casa Giulietta,"These points of interest are close in proximity to Palazzo della Ragione, making them convenient for a quick visit. The time is early evening, which might be suitable for shorter stops before the usua",False,1.3666083812713623,success
04120B4A216285,6,"['Arena', 'Torre Lamberti', 'Castelvecchio']",Santa Anastasia,"['Santa Anastasia', 'Duomo', 'Palazzo della Ragione', 'Teatro Romano', 'Museo Conte']",Duomo,"The tourist is currently at Santa Anastasia and the next likely destinations are nearby landmarks such as Duomo, Palazzo della Ragione, Teatro Romano, and Museo Conte, considering the short distances ",True,1.4787943363189697,success
0412114A216285,2,['Arena'],Castelvecchio,"['Castelvecchio', 'Museo Lapidario', 'Verona Tour', 'San Zeno', 'Casa Giulietta']",San Zeno,"The tourist is likely to continue exploring nearby historical and cultural sites, given the short distances between them. The Castelvecchio is a popular destination for visitors in Verona, followed by",True,1.451378345489502,success
041220121B6781,1,"['Arena', 'Torre Lamberti', 'Palazzo della Ragione']",Casa Giulietta,"['Centro Fotografia', 'Sighseeing', 'Museo Conte']",San Fermo,"These points of interest are close to Casa Giulietta, within a reasonable walking distance for tourists. The Centro Fotografia and Sighseeing options provide opportunities for visitors to engage in ac",False,1.2684779167175293,success
04121F121B6781,3,['Arena'],Casa Giulietta,"['Arena', 'Torre Lamberti', 'San Fermo', 'Palazzo della Ragione', 'Museo Conte']",Torre Lamberti,"The tourist is likely to continue exploring nearby historical and cultural sites, given the proximity of these POIs. The Arena and Torre Lamberti are popular attractions in Verona, making them strong ",True,1.5303220748901367,success
041212121B6781,1,"['Arena', 'Torre Lamberti', 'Palazzo della Ragione']",Casa Giulietta,"['Casa Giulietta', 'Centro Fotografia', 'Sighseeing', 'Museo Conte', 'Museo Radio']",Santa Anastasia,"The tourist is currently at Casa Giulietta, a popular site related to Romeo and Juliet. Given the time (13:50), they are likely to move to another nearby attraction. The suggested POIs are within clos",False,1.72725248336792,success
04121C121B6781,6,"['Arena', 'Duomo', 'San Fermo']",Tomba Giulietta,"['Casa Giulietta', 'Museo Storia', 'Castelvecchio', 'Torre Lamberti', 'Verona Tour']",Castelvecchio,"The tourist is likely to visit nearby attractions such as Casa Giulietta, which is closely related to the theme of Verona. Museo Storia and Castelvecchio are also popular historical sites. Torre Lambe",True,1.7834739685058594,success
0412294A216285,6,"['Arena', 'Torre Lamberti']",Duomo,"['Duomo', 'Santa Anastasia', 'Teatro Romano', 'Palazzo della Ragione', 'Casa Giulietta']",Santa Anastasia,"The tourist is currently at the Duomo and has visited Arena and Torre Lamberti. Given the short distances to other religious or historical sites, these are likely next stops based on common tourist pa",True,1.4119915962219238,success
0412304A216285,1,"['Arena', 'Casa Giulietta', 'Palazzo della Ragione']",Torre Lamberti,"['Sighseeing', 'Centro Fotografia', 'Museo Conte']",Castelvecchio,"The tourist is likely to continue exploring nearby attractions, and the short distances make these options convenient. The Sighseeing point of interest is directly adjacent.",False,1.0738468170166016,success
04122F121B6781,3,"['Arena', 'Casa Giulietta']",Santa Anastasia,"['Museo Conte', 'Palazzo della Ragione', 'Teatro Romano', 'Duomo', 'Torre Lamberti']",Castelvecchio,"These points of interest are within a short walking distance from Santa Anastasia and align with typical tourist patterns, including historical and cultural attractions.",False,1.1360437870025635,success
04122A121B6781,2,"['Arena', 'Santa Anastasia', 'Duomo', 'Casa Giulietta', 'San Zeno', 'Castelvecchio']",San Fermo,"['Tomba Giulietta', 'Museo Conte', 'Palazzo della Ragione', 'Torre Lamberti', 'Centro Fotografia']",Torre Lamberti,"These POIs are close to San Fermo and align with the typical tourist visit pattern, including nearby attractions like Tomba Giulietta and historical sites such as Palazzo della Ragione.",True,1.4508426189422607,success
04122F4A216285,6,"['Arena', 'Casa Giulietta', 'Torre Lamberti', 'Palazzo della Ragione', 'Duomo', 'Santa Anastasia']",San Fermo,"['Tomba Giulietta', 'Museo Storia', 'Giardino Giusti', 'Duomo', 'Centro Fotografia']",Tomba Giulietta,"These POIs are close to the current location, align with typical tourist interests in Verona, and fit within the remaining time.",True,1.2124905586242676,success
041224121B6781,3,"['San Fermo', 'Arena']",Torre Lamberti,"['Casa Giulietta', 'Museo Conte', 'Arena', 'San Fermo', 'Torre Lamberti']",Casa Giulietta,"Given the current time (Mon 14:06) and proximity to several attractions, tourists are likely to visit Casa Giulietta for its cultural significance. Museo Conte is also a popular choice due to its hist",True,2.0643513202667236,success
041239121B6781,0,"['Arena', 'Museo Lapidario']",Castelvecchio,"['Casa Giulietta', 'San Zeno', 'Torre Lamberti', 'Palazzo della Ragione', 'Verona Tour']",Teatro Romano,"These POIs are close to Castelvecchio and are popular tourist destinations in Verona, aligning with the typical visit pattern for tourists at this time of day.",False,1.141160488128662,success
04122C121B6781,3,"['Arena', 'Torre Lamberti', 'Santa Anastasia', 'San Fermo']",Casa Giulietta,"['Casa Giulietta', 'Arena', 'Duomo', 'Palazzo della Ragione', 'Museo Conte']",Teatro Romano,"The tourist is currently at Casa Giulietta and the next likely destinations are nearby points of interest. The Arena, Duomo, and Palazzo della Ragione are significant landmarks in Verona that tourists",False,1.6043496131896973,success
04123B4A216285,3,['Arena'],Casa Giulietta,"['Torre Lamberti', 'Centro Fotografia', 'Sighseeing', 'Museo Conte', 'Palazzo della Ragione']",Torre Lamberti,"These POIs are closest to Casa Giulietta and within a reasonable walking distance, making them the most likely next stops for tourists. The time context suggests they might be looking for quick photo ",True,1.414116382598877,success
041238121B6781,1,"['Arena', 'Tomba Giulietta', 'Casa Giulietta']",Palazzo della Ragione,"['Museo Conte', 'AMO', 'Torre Lamberti', 'Santa Anastasia', 'Centro Fotografia']",Torre Lamberti,"These points of interest are within close proximity to Palazzo della Ragione and align with typical tourist patterns, considering the time of visit is in the afternoon where visitors might explore mul",True,1.506112813949585,success
04123C4A216285,3,['Casa Giulietta'],Arena,"['Arena', 'Verona Tour', 'Museo Lapidario', 'Castelvecchio', 'Tomba Giulietta']",Castelvecchio,"The tourist is currently at the Arena and has recently visited Casa Giulietta. Given the time context, they are likely to explore nearby attractions like Verona Tour, Museo Lapidario, Castelvecchio, a",True,1.6418523788452148,success
04122E121B6781,6,"['Arena', 'Casa Giulietta', 'Santa Anastasia']",Duomo,"['Duomo', 'Teatro Romano', 'Palazzo della Ragione', 'Museo Miniscalchi', 'AMO']",Castelvecchio,"The tourist is currently at the Duomo and has visited other major attractions like Arena, Casa Giulietta, and Santa Anastasia. Given the time (14:51), they are likely to explore nearby historical site",False,2.0864639282226562,success
04123E121B6781,1,"['Casa Giulietta', 'Arena', 'Castelvecchio']",Torre Lamberti,"['Centro Fotografia', 'Museo Conte', 'Palazzo della Ragione', 'AMO', 'Museo Miniscalchi']",Teatro Romano,"These points of interest are relatively close to Torre Lamberti, making them convenient for a short walk. They also offer cultural experiences that tourists often seek in Verona.",False,1.2318124771118164,success
04123D4A216285,1,['Arena'],Torre Lamberti,"['Casa Giulietta', 'Museo Conte', 'Palazzo della Ragione', 'Arena', 'Centro Fotografia']",Palazzo della Ragione,"These POIs are close to Torre Lamberti and are popular tourist attractions in Verona. The Arena is already visited, but the others offer a variety of cultural experiences that tourists often seek.",True,1.5721302032470703,success
041260121B6781,1,"['Arena', 'Torre Lamberti', 'Palazzo della Ragione']",Castelvecchio,"['Museo Lapidario', 'Verona Tour', 'Casa Giulietta', 'San Zeno', 'Centro Fotografia']",Santa Anastasia,These POIs are closest to Castelvecchio and align with typical tourist patterns of visiting related attractions.,False,1.2054252624511719,success
041242121B6781,3,"['Arena', 'Casa Giulietta']",Palazzo della Ragione,"['Casa Giulietta', 'Arena', 'Torre Lamberti', 'Santa Anastasia', 'Museo Conte']",Santa Anastasia,"The tourist is likely to continue exploring nearby attractions, with a preference for those within walking distance. Casa Giuletta and Arena are popular sites in Verona, while Torre Lamberti offers a ",True,1.605379343032837,success
041249121B6781,6,['Santa Anastasia'],Duomo,"['Duomo', 'Teatro Romano', 'Palazzo della Ragione', 'Museo Miniscalchi', 'AMO']",Arena,"The tourist is currently at the Duomo and has visited Santa Anastasia. Given the short distances to other historical sites like Teatro Romano, Palazzo della Ragione, Museo Miniscalchi, and AMO, these ",False,1.602647304534912,success
041277121B6781,2,"['Castelvecchio', 'San Zeno', 'Arena', 'Torre Lamberti']",Santa Anastasia,"['Santa Anastasia', 'Museo Conte', 'Palazzo della Ragione', 'Duomo', 'Teatro Romano']",Casa Giulietta,"The tourist is currently at Santa Anastasia and the next likely destinations are nearby points of interest. Considering the time (17:31) and typical visiting patterns, tourists often explore multiple ",False,1.4822907447814941,success
0412AD4A216281,3,['Castelvecchio'],Casa Giulietta,"['Torre Lamberti', 'Centro Fotografia', 'Sighseeing', 'Museo Conte', 'Palazzo della Ragione']",Santa Anastasia,"These points of interest are closest to Casa Giulietta and within a reasonable walking distance, making them the most likely next stops for tourists. The time context suggests that visitors might want",False,1.3728585243225098,success
04127D121B6781,6,"['Arena', 'Torre Lamberti']",Duomo,"['Duomo', 'Teatro Romano', 'Palazzo della Ragione', 'Santa Anastasia', 'Casa Giulietta']",Teatro Romano,"The tourist is currently at the Duomo and it's a popular spot. Given the time, they might want to visit nearby attractions like the Teatro Romano or Palazzo della Ragione which are close by. Additiona",True,1.6991798877716064,success
041291121B6780,3,"['Casa Giulietta', 'Casa Giulietta']",Arena,"['Arena', 'Verona Tour', 'Museo Lapidario', 'Castelvecchio', 'Tomba Giulietta']",Castelvecchio,"The tourist is currently at the Arena, which is a major attraction in Verona. Given the time (14:11), they might be looking for something to do nearby. The other suggested POIs are within reasonable w",True,1.7028355598449707,success
0412B0121B6781,6,"['Arena', 'Torre Lamberti', 'Santa Anastasia']",Duomo,"['Duomo', 'Teatro Romano', 'Palazzo della Ragione', 'Museo Miniscalchi', 'AMO']",Castelvecchio,"The tourist is currently at the Duomo and has visited other major landmarks like Arena, Torre Lamberti, and Santa Anastasia. Given the time (15:17), they might want to explore nearby attractions befor",False,1.6630208492279053,success
0412B1121B6780,1,"['Castelvecchio', 'Arena']",Torre Lamberti,"['Casa Giulietta', 'Arena', 'Museo Conte', 'Palazzo della Ragione', 'Sighseeing']",Palazzo della Ragione,"These POIs are close to Torre Lamberti and are popular tourist destinations in Verona. The time is early afternoon, making these more likely choices for a short break or photo opportunity.",True,1.392425298690796,success
0412B7121B6780,2,"['Castelvecchio', 'Arena']",San Zeno,"['Casa Giulietta', 'Duomo', 'Palazzo della Ragione', 'Torre Lamberti', 'Verona Tour']",Santa Anastasia,"These POIs are popular among tourists and are within a reasonable walking distance from San Zeno. The time is early in the day, so visitors might want to explore more attractions before lunch.",False,1.3102028369903564,success
0412BA4A216281,1,"['Arena', 'Castelvecchio']",Torre Lamberti,"['Casa Giulietta', 'Museo Conte', 'Palazzo della Ragione', 'Sighseeing', 'Centro Fotografia']",Casa Giulietta,"These POIs are closest to Torre Lamberti and align with typical tourist patterns, including popular attractions like Casa Giulietta and Museo Conte.",True,1.281745433807373,success
0412B9121B6781,1,"['Casa Giulietta', 'Torre Lamberti']",Arena,"['Arena', 'Verona Tour', 'Museo Lapidario', 'Castelvecchio', 'Tomba Giulietta']",Castelvecchio,"The tourist is currently at the Arena, which is a major attraction in Verona. Given the time and proximity of other points of interest, these are likely to be the next stops based on typical tourist p",True,1.3818597793579102,success
0412B5121B6780,6,"['Casa Giulietta', 'San Fermo', 'Santa Anastasia']",Arena,"['Arena', 'Verona Tour', 'Museo Lapidario', 'Castelvecchio', 'Tomba Giulietta']",Duomo,"The tourist is currently at the Arena and has just visited Casa Giulietta, San Fermo, and Santa Anastasia. Given the time context and distances, the next likely stops would be nearby attractions like ",False,1.7031588554382324,success
0412BB4A216281,3,['Arena'],Santa Anastasia,"['Arena', 'Duomo', 'Palazzo della Ragione', 'Teatro Romano', 'Museo Conte']",Castelvecchio,"The tourist is likely to continue exploring nearby historical and cultural sites, given the proximity of these POIs and the time context.",False,1.1755592823028564,success
0412BE4A216281,1,"['Arena', 'Torre Lamberti', 'Casa Giulietta']",Teatro Romano,"['Santa Anastasia', 'Duomo', 'Palazzo della Ragione', 'Museo Conte', 'Giardino Giusti']",Castelvecchio,"These points of interest are within close proximity to the Teatro Romano and align with typical tourist patterns, offering a mix of historical and cultural attractions.",False,1.215517520904541,success
0412C5121B6781,1,"['Palazzo della Ragione', 'Arena', 'Castelvecchio']",Casa Giulietta,"['Torre Lamberti', 'Centro Fotografia', 'Sighseeing', 'Museo Conte', 'Museo Radio']",Palazzo della Ragione,"These points of interest are closest to Casa Giulietta and align with typical tourist patterns, offering a mix of cultural and photographic experiences.",False,1.1952152252197266,success
0412C8121B6780,1,"['Arena', 'Castelvecchio', 'Santa Anastasia', 'Casa Giulietta', 'Torre Lamberti', 'Palazzo della Ragione']",San Fermo,"['Tomba Giulietta', 'Museo Storia', 'Giardino Giusti', 'Verona Tour', 'Centro Fotografia']",Tomba Giulietta,"These POIs are close to the current location, align with tourist interests in Verona, and fit within typical visiting patterns.",True,1.2037501335144043,success
0412C4121B6781,3,"['Torre Lamberti', 'Tomba Giulietta']",Arena,"['Arena', 'Verona Tour', 'Casa Giulietta', 'Museo Lapidario', 'San Fermo']",Teatro Romano,"The tourist is currently at the Arena, which is a major attraction in Verona. Given the early time of 11:47 AM (compared to usual visiting times), they are likely to visit other attractions nearby bef",False,1.718665599822998,success
0412DB121B6781,3,"['Arena', 'Tomba Giulietta', 'San Fermo', 'Santa Anastasia', 'Teatro Romano']",Casa Giulietta,"['Torre Lamberti', 'Centro Fotografia', 'Sighseeing', 'Museo Conte', 'Museo Radio']",Torre Lamberti,"These points of interest are closest to Casa Giulietta and align with typical tourist patterns, offering a mix of historical and cultural attractions within walking distance.",True,1.2026841640472412,success
0412DE121B6781,1,"['Arena', 'Santa Anastasia']",Palazzo della Ragione,"['AMO', 'Museo Conte', 'Torre Lamberti']",Torre Lamberti,"These points of interest are closest to Palazzo della Ragione and align with typical tourist patterns, focusing on nearby attractions within walking distance.",True,1.0379974842071533,success
0412C6121B6780,4,"['Arena', 'Castelvecchio', 'Duomo', 'Teatro Romano', 'Museo Storia']",Torre Lamberti,"['Casa Giulietta', 'Arena', 'Duomo', 'Teatro Romano', 'Palazzo della Ragione']",Palazzo della Ragione,"These POIs are popular among tourists and are relatively close to the current location. Casa Giulietta is a well-known attraction, while the Arena and Duomo are major landmarks in Verona. The Teatro R",True,1.654315710067749,success
0412CC4A216281,1,"['Casa Giulietta', 'Torre Lamberti', 'Palazzo della Ragione']",Arena,"['Arena', 'Verona Tour', 'Museo Lapidario', 'Castelvecchio', 'Tomba Giulietta']",Castelvecchio,"The tourist is currently at the Arena, which is a major attraction in Verona. Given the time (12:42), they might be looking for something to do before or after their visit. The nearby points of intere",True,1.7959859371185303,success
0412DE121B6780,1,"['Arena', 'Castelvecchio', 'Santa Anastasia', 'Casa Giulietta']",Teatro Romano,"['Teatro Romano', 'Duomo', 'Palazzo della Ragione', 'Museo Conte', 'Centro Fotografia']",Torre Lamberti,"The current location is near the Teatro Romano, and it's a popular site for tourists. The next likely destinations are other nearby attractions like Duomo, Palazzo della Ragione, Museo Conte, and Cent",False,1.5006167888641357,success
0412DF121B6780,6,"['Casa Giulietta', 'Santa Anastasia', 'Duomo']",Torre Lamberti,"['Torre Lamberti', 'Centro Fotografia', 'Palazzo della Ragione', 'Sighseeing', 'Museo Conte']",Arena,"The tourist is currently at Torre Lamberti and the next most likely destinations are nearby points of interest. Considering the time, which is close to the usual visiting hours, and the proximity of t",False,1.4398558139801025,success
0412E6121B6780,0,"['Arena', 'Museo Lapidario', 'Duomo', 'Torre Lamberti', 'Casa Giulietta', 'Teatro Romano']",Castelvecchio,"['Castelvecchio', 'Verona Tour', 'San Zeno', 'Palazzo della Ragione', 'Museo Conte']",San Zeno,"The tourist is currently at Castelvecchio and the next likely destination would be nearby points of interest. Considering the time context, the tourist might want to explore more historical sites in V",True,1.2726678848266602,success
0412E64A216281,3,['Arena'],Castelvecchio,"['Museo Lapidario', 'Verona Tour', 'San Zeno', 'Casa Giulietta', 'Torre Lamberti']",Casa Giulietta,These POIs are closest to Castelvecchio and align with typical tourist patterns of exploring nearby historical sites and attractions.,True,1.0945360660552979,success
0412DC121B6780,1,['Castelvecchio'],Arena,"['Arena', 'Verona Tour', 'Casa Giulietta', 'San Fermo', 'Museo Lapidario']",Torre Lamberti,"The tourist is currently at the Arena, which is a major attraction in Verona. Given the time (15:59), they might be finishing their visit or leaving soon. The nearby points of interest like Verona Tou",False,1.9349024295806885,success
041311121B6781,6,['Arena'],Torre Lamberti,"['Casa Giulietta', 'Museo Conte', 'Palazzo della Ragione', 'Arena', 'Centro Fotografia']",Duomo,"These POIs are close to the current location and align with typical tourist interests in Verona, such as historical and cultural sites.",False,1.0441570281982422,success
0412F44A216281,6,"['Arena', 'Castelvecchio', 'Torre Lamberti', 'Palazzo della Ragione']",Duomo,"['Santa Anastasia', 'Teatro Romano', 'Museo Miniscalchi', 'Casa Giulietta', 'Giardino Giusti']",Teatro Romano,"These points of interest are relatively close to the Duomo, making them convenient for a quick visit. They also align with common tourist interests in Verona, such as historical sites and attractions ",True,1.4471564292907715,success
0412E3121B6780,3,"['Casa Giulietta', 'Santa Anastasia', 'Tomba Giulietta']",Arena,"['Arena', 'Verona Tour', 'Museo Lapidario', 'Castelvecchio', 'Torre Lamberti']",Castelvecchio,"The tourist is currently at the Arena, which is a major attraction in Verona. Given the time context and distances, the next likely stops would be nearby attractions such as Verona Tour for guided tou",True,1.9435224533081055,success
04131E121B6781,3,['Arena'],Casa Giulietta,"['Torre Lamberti', 'Centro Fotografia', 'Sighseeing', 'Museo Conte', 'Palazzo della Ragione']",Torre Lamberti,"These points of interest are closest to Casa Giulietta and within a reasonable walking distance. They also align with typical tourist patterns, offering both cultural and photographic opportunities.",True,1.2881100177764893,success
04130B4A216285,6,"['Arena', 'Torre Lamberti', 'Castelvecchio']",Santa Anastasia,"['Santa Anastasia', 'Duomo', 'Teatro Romano', 'Palazzo della Ragione', 'Museo Conte']",Duomo,"The tourist is currently at Santa Anastasia and the next likely destinations are nearby landmarks such as Duomo, Teatro Romano, Palazzo della Ragione, and Museo Conte, considering the short distances ",True,1.6857852935791016,success
04132B121B6781,3,"['Arena', 'Castelvecchio', 'Casa Giulietta']",San Fermo,"['Torre Lamberti', 'Museo Storia', 'Palazzo della Ragione', 'Verona Tour', 'Tomba Giulietta']",Santa Anastasia,"These points of interest are close to the current location and align with typical tourist interests in Verona, such as historical and cultural attractions.",False,1.14581298828125,success
0413174A216285,3,"['Casa Giulietta', 'Arena']",Castelvecchio,"['Arena', 'Museo Lapidario', 'San Zeno', 'Palazzo della Ragione', 'Torre Lamberti']",Tomba Giulietta,"The tourist is likely to continue exploring the historical and cultural sites of Verona. The Arena, being a major attraction, is a probable next stop. Museo Lapidario and San Zeno are nearby and offer",False,1.659355878829956,success
04132A121B6781,2,"['Santa Anastasia', 'Duomo', 'Casa Giulietta', 'San Zeno', 'Castelvecchio']",San Fermo,"['Arena', 'Tomba Giulietta', 'Palazzo della Ragione', 'Museo Conte', 'Verona Tour']",Torre Lamberti,"The Arena and Tomba Giulietta are popular tourist attractions in Verona, close to the current location. Palazzo della Ragione and Museo Conte offer historical insights, while Verona Tour provides a co",False,1.4318389892578125,success
0413294A216285,3,['Casa Giulietta'],Arena,"['Arena', 'Verona Tour', 'Museo Lapidario', 'Castelvecchio', 'Tomba Giulietta']",Castelvecchio,"The tourist is currently at the Arena and has recently visited Casa Giulietta. Given the time (13:15), they are likely to explore nearby attractions like Verona Tour, Museo Lapidario, Castelvecchio, a",True,1.6011557579040527,success
041338121B6781,1,"['Arena', 'Tomba Giulietta', 'Casa Giulietta']",Palazzo della Ragione,"['Museo Conte', 'AMO', 'Torre Lamberti', 'Santa Anastasia', 'Centro Fotografia']",Torre Lamberti,"These points of interest are closest to Palazzo della Ragione and align with typical tourist patterns, focusing on nearby cultural and historical sites.",True,1.1334929466247559,success
04132C121B6781,3,"['Arena', 'Torre Lamberti', 'Santa Anastasia', 'San Fermo']",Casa Giulietta,"['Casa Giulietta', 'Arena', 'Duomo', 'Palazzo della Ragione', 'Museo Conte']",Teatro Romano,"The tourist is likely to continue visiting famous landmarks and attractions in Verona. Casa Giulietta is the next logical step after the current location, followed by other major sites like Arena and ",False,1.5602128505706787,success
041339121B6781,4,['Arena'],Palazzo della Ragione,"['Arena', 'Santa Anastasia', 'Museo Conte', 'Torre Lamberti', 'AMO']",Museo Storia,"The tourist is likely to visit nearby attractions, and given the time context (after visiting Arena), they might want to explore historical and cultural sites like Santa Anastasia and Torre Lamberti. ",False,1.1716625690460205,success
04132F4A216285,3,['Arena'],Santa Anastasia,"['Arena', 'Duomo', 'Palazzo della Ragione', 'Teatro Romano', 'Casa Giulietta']",Casa Giulietta,"The tourist is likely to continue exploring nearby historical and cultural sites, given the proximity of these POIs. The Arena, Duomo, and Palazzo della Ragione are major attractions in Verona, while ",True,1.5203218460083008,success
04133D4A216285,3,['Arena'],Torre Lamberti,"['Casa Giulietta', 'Arena', 'Palazzo della Ragione', 'Museo Conte', 'Centro Fotografia']",Teatro Romano,"These POIs are close to the current location and align with typical tourist interests in Verona, such as visiting famous landmarks like Casa Giulietta and Arena.",False,1.321922779083252,success
04133B4A216285,3,['Arena'],Casa Giulietta,"['Torre Lamberti', 'Centro Fotografia', 'Sighseeing', 'Museo Conte', 'Palazzo della Ragione']",Torre Lamberti,"These points of interest are closest to Casa Giulietta and within a reasonable walking distance, making them the most likely next stops for tourists. The time context suggests that visitors might want",True,1.6237146854400635,success
041320121B6781,6,"['Arena', 'Torre Lamberti']",Duomo,"['Duomo', 'Santa Anastasia', 'Teatro Romano', 'Palazzo della Ragione', 'Casa Giulietta']",Santa Anastasia,"The tourist is currently at the Duomo and has visited Arena and Torre Lamberti. Given the time (16:22), they might be looking for a place to visit before it gets too dark. The nearby points of interes",True,2.3460240364074707,success
04134A4A216285,6,"['Castelvecchio', 'Palazzo della Ragione', 'Torre Lamberti', 'Santa Anastasia', 'Duomo']",Teatro Romano,"['Teatro Romano', 'Giardino Giusti', 'Casa Giulietta', 'Museo Conte', 'Centro Fotografia']",Arena,"The Teatro Romano is the current location, and it's common for tourists to explore nearby attractions. The suggested POIs are within a reasonable walking distance and align with typical tourist intere",False,1.2776823043823242,success
041349121B6781,3,['Arena'],Castelvecchio,"['Castelvecchio', 'Museo Lapidario', 'Verona Tour', 'San Zeno', 'Casa Giulietta']",Casa Giulietta,"The tourist is currently at Castelvecchio and the nearby points of interest (POIs) are within a short walking distance. Given the time context, it's likely they will visit more attractions in the vici",True,1.4791979789733887,success
04134C4A216285,6,"['Arena', 'Torre Lamberti']",Duomo,"['Duomo', 'Santa Anastasia', 'Teatro Romano', 'Palazzo della Ragione', 'AMO']",Castelvecchio,"The tourist is currently at the Duomo and has visited nearby landmarks like Arena and Torre Lamberti. Given the proximity of other religious and historical sites, these are likely to be the next point",False,1.578984022140503,success
04137D121B6781,3,['Casa Giulietta'],Torre Lamberti,"['Centro Fotografia', 'Museo Conte', 'Palazzo della Ragione', 'AMO']",Arena,These POIs are closest to Torre Lamberti and align with typical tourist patterns of exploring nearby cultural attractions.,False,1.0523829460144043,success
041360121B6781,1,"['Arena', 'Torre Lamberti', 'Palazzo della Ragione']",Castelvecchio,"['Museo Lapidario', 'Verona Tour', 'Casa Giulietta', 'San Zeno', 'Centro Fotografia']",Santa Anastasia,"These points of interest are close to Castelvecchio, align with typical tourist patterns by offering historical and cultural attractions, and are within a reasonable walking distance given the current",False,1.349076747894287,success
041364121B6781,3,"['Arena', 'Teatro Romano', 'Tomba Giulietta']",Casa Giulietta,"['Torre Lamberti', 'Centro Fotografia', 'Museo Conte', 'Palazzo della Ragione', 'Sighseeing']",Palazzo della Ragione,"These points of interest are within close proximity to Casa Giulietta and align with typical tourist patterns, offering a mix of historical and cultural attractions that visitors often explore in Vero",True,1.2333450317382812,success
04137F121B6780,1,['Torre Lamberti'],Arena,"['Casa Giulietta', 'Arena', 'Verona Tour', 'Museo Lapidario', 'San Fermo']",Castelvecchio,"The tourist is likely to visit popular attractions like Casa Giulietta and the Arena. The nearby Museo Lapidario, Verona Tour, and San Fermo are also plausible choices given their proximity.",False,1.3331375122070312,success
041389121B6781,3,['Arena'],Casa Giulietta,"['Torre Lamberti', 'Centro Fotografia', 'Sighseeing', 'Museo Conte']",Tomba Giulietta,"These points of interest are closest to Casa Giulietta and align with typical tourist patterns, including nearby landmarks and activities.",False,0.9940271377563477,success
04138A121B6780,3,"['Arena', 'Casa Giulietta']",Torre Lamberti,"['Centro Fotografia', 'Museo Conte', 'Palazzo della Ragione', 'Sighseeing', 'Arena']",Tomba Giulietta,"These POIs are relatively close to the current location and align with typical tourist patterns, including nearby attractions like Casa Giulietta and Arena.",False,1.1021113395690918,success
041362121B6781,3,['Arena'],Palazzo della Ragione,"['Arena', 'Santa Anastasia', 'Museo Conte', 'Torre Lamberti', 'Casa Giulietta']",Santa Anastasia,"The tourist is likely to continue exploring nearby historical and cultural sites, given the proximity of these POIs. The Arena was visited recently, so a different site might be preferred. Santa Anast",True,1.8747029304504395,success
041392121B6781,1,"['Arena', 'Torre Lamberti', 'Casa Giulietta']",San Fermo,"['Museo Storia', 'Museo Conte', 'Palazzo della Ragione', 'Verona Tour', 'Tomba Giulietta']",Castelvecchio,"These points of interest are close to the current location and align with typical tourist patterns, including historical and cultural attractions.",False,1.1619691848754883,success
041380121B6780,1,"['Casa Giulietta', 'Torre Lamberti', 'Palazzo della Ragione']",Castelvecchio,"['Arena', 'Museo Lapidario', 'Verona Tour', 'San Zeno', 'Castelvecchio']",Arena,"The Arena is a popular tourist attraction and is the closest major POI. Museo Lapidario, Verona Tour, and San Zeno are also nearby and well-visited sites. Castelvecchio, being their current location, ",True,1.7802979946136475,success
0413B5121B6781,3,"['Casa Giulietta', 'Torre Lamberti']",San Fermo,"['Arena', 'Museo Conte', 'Palazzo della Ragione', 'Verona Tour', 'Tomba Giulietta']",Arena,"These POIs are within a reasonable walking distance and are popular tourist attractions in Verona, aligning with the typical patterns of visitors exploring historical and cultural sites.",True,1.1639893054962158,success
0413B7121B6780,2,"['Arena', 'Casa Giulietta', 'Torre Lamberti', 'Santa Anastasia', 'Duomo', 'San Fermo', 'Teatro Romano']",Castelvecchio,"['Arena', 'Casa Giulietta', 'Torre Lamberti', 'Santa Anastasia', 'Duomo']",San Zeno,"These POIs are among the most visited by tourists in Verona and are located relatively close to Castelvecchio, making them a likely next destination based on typical tourist patterns.",False,1.249420404434204,success
0413BB4A216281,0,"['Museo Lapidario', 'Castelvecchio', 'Casa Giulietta', 'Torre Lamberti', 'Palazzo della Ragione']",Santa Anastasia,"['Santa Anastasia', 'Duomo', 'Teatro Romano', 'Museo Conte', 'AMO']",Teatro Romano,"The tourist is likely to continue exploring nearby historical and cultural sites, given the current location and time. Santa Anastasia is the immediate next stop, followed by other major landmarks lik",True,1.1826069355010986,success
0413B9121B6781,1,"['Casa Giulietta', 'Torre Lamberti']",Arena,"['Arena', 'Verona Tour', 'Museo Lapidario', 'Castelvecchio', 'Tomba Giulietta']",Castelvecchio,"The tourist is currently at the Arena, which is a significant historical site in Verona. Given the time and proximity of other attractions, these are likely to be the next points of interest based on ",True,1.357733964920044,success
0413BE4A216281,1,"['Arena', 'Torre Lamberti']",Palazzo della Ragione,"['Museo Conte', 'AMO', 'Centro Fotografia', 'Sighseeing', 'Santa Anastasia']",Casa Giulietta,"These points of interest are close to the current location and align with typical tourist patterns, offering a mix of cultural and historical attractions.",False,1.0766241550445557,success
0413C4121B6781,6,"['Palazzo della Ragione', 'Duomo']",Torre Lamberti,"['Casa Giulietta', 'Museo Conte', 'Arena', 'Duomo', 'San Fermo']",Arena,"These POIs are close to Torre Lamberti, align with typical tourist interests in Verona, and fit the time context of early afternoon.",True,1.091278314590454,success
0413BA4A216281,6,"['Arena', 'Casa Giulietta', 'Santa Anastasia', 'Duomo', 'Teatro Romano']",San Fermo,"['Tomba Giulietta', 'Museo Storia', 'Torre Lamberti', 'Palazzo della Ragione', 'Centro Fotografia']",Castelvecchio,"These POIs are close to the current location, align with typical tourist interests in Verona, and are visited based on their proximity and relevance.",False,1.5123028755187988,success
0413B4121B6781,2,"['Arena', 'Tomba Giulietta', 'Palazzo della Ragione', 'Torre Lamberti']",Castelvecchio,"['Casa Giulietta', 'Museo Lapidario', 'San Zeno', 'Verona Tour', 'Castelvecchio']",San Zeno,"Given the current time is later than usual tourist visiting hours, and considering proximity to Castelvecchio, tourists are likely to explore nearby iconic sites like Casa Giulietta. Museo Lapidario a",True,1.882521152496338,success
0413C8121B6781,6,"['Castelvecchio', 'Santa Anastasia', 'Palazzo della Ragione', 'Arena']",Torre Lamberti,"['Casa Giulietta', 'Torre Lamberti', 'Arena', 'Duomo', 'Teatro Romano']",Duomo,"These POIs are close to the current location and align with typical tourist interests in Verona, such as historical sites and landmarks.",True,0.9087982177734375,success
0413D1121B6780,6,"['Teatro Romano', 'Santa Anastasia', 'Duomo', 'Arena', 'San Fermo']",Torre Lamberti,"['Casa Giulietta', 'Arena', 'Duomo', 'Teatro Romano', 'San Fermo']",Palazzo della Ragione,"The tourist is likely to visit nearby attractions like Casa Giulietta, which is a popular site related to Romeo and Juliet. The Arena, Duomo, Teatro Romano, and San Fermo are also major landmarks that",False,1.4635746479034424,success
0413C5121B6781,6,"['Arena', 'Casa Giulietta', 'Torre Lamberti', 'Santa Anastasia']",Castelvecchio,"['Castelvecchio', 'Museo Lapidario', 'Verona Tour', 'San Zeno', 'Palazzo della Ragione']",Duomo,"The tourist is currently at Castelvecchio and the next likely destination would be nearby points of interest. Considering the time, which is earlier than usual, they might want to explore other attrac",False,1.764378547668457,success
0413DE121B6780,1,"['Arena', 'Castelvecchio', 'Casa Giulietta']",Teatro Romano,"['Teatro Romano', 'Santa Anastasia', 'Duomo', 'Palazzo della Ragione', 'Museo Conte']",Torre Lamberti,"The tourist is currently at the Teatro Romano and has a short distance to Santa Anastasia and Duomo. Palazzo della Ragione and Museo Conte are also within reasonable walking distance, making them like",False,1.3635046482086182,success
0413DC121B6780,1,"['Casa Giulietta', 'San Fermo', 'Arena', 'Castelvecchio']",Torre Lamberti,"['Torre Lamberti', 'Centro Fotografia', 'Palazzo della Ragione', 'Museo Conte', 'Sighseeing']",Santa Anastasia,"The tourist is currently at Torre Lamberti and the next likely destinations are nearby points of interest. Considering the time (14:32) is earlier than usual, they might want to explore other attracti",False,1.7325670719146729,success
0413F2121B6781,1,"['Castelvecchio', 'Arena', 'Casa Giulietta']",Torre Lamberti,"['Centro Fotografia', 'Museo Conte', 'Palazzo della Ragione', 'AMO', 'Museo Miniscalchi']",Teatro Romano,"These points of interest are close to the current location and align with typical tourist patterns, offering a mix of cultural and historical attractions.",False,1.145660638809204,success
0413DB121B6781,0,"['Castelvecchio', 'Duomo', 'Casa Giulietta', 'Museo Lapidario', 'Arena', 'Tomba Giulietta']",San Fermo,"['Arena', 'Tomba Giulietta', 'Torre Lamberti', 'Palazzo della Ragione', 'Verona Tour']",Museo Storia,"These POIs are popular among tourists visiting Verona, and they are relatively close to the current location of San Fermo. The Arena and Tomba Giulietta are significant landmarks related to Romeo and ",False,1.8799054622650146,success
0413E0121B6780,6,"['Arena', 'Casa Giulietta', 'Castelvecchio']",Santa Anastasia,"['Museo Conte', 'Palazzo della Ragione', 'Teatro Romano', 'Duomo', 'Torre Lamberti']",Duomo,"These points of interest are relatively close to Santa Anastasia and are popular among tourists, especially given the time context which is in the afternoon. They offer a variety of cultural experienc",True,1.4080336093902588,success
0413F4121B6781,1,"['Arena', 'Santa Anastasia', 'Casa Giulietta', 'Torre Lamberti']",San Fermo,"['Tomba Giulietta', 'Museo Storia', 'Palazzo della Ragione', 'Verona Tour', 'Centro Fotografia']",Castelvecchio,"These POIs are close in proximity to San Fermo and align with typical tourist interests in Verona, such as historical and cultural sites.",False,1.240797758102417,success
0413E6121B6780,1,"['Arena', 'San Fermo', 'Torre Lamberti', 'Castelvecchio']",Casa Giulietta,"['Casa Giulietta', 'Arena', 'San Fermo', 'Torre Lamberti', 'Castelvecchio']",Santa Anastasia,"The tourist is currently at Casa Giulietta, a popular site related to Romeo and Juliet. Given the time (9:53 AM) and proximity of other historical sites like Arena, San Fermo, Torre Lamberti, and Cast",False,1.550468921661377,success
0413DF121B6780,6,"['Casa Giulietta', 'Santa Anastasia', 'Duomo']",Torre Lamberti,"['Torre Lamberti', 'Arena', 'Teatro Romano', 'Palazzo della Ragione', 'Sighseeing']",Arena,"The tourist is currently at Torre Lamberti and the next likely destinations are nearby points of interest. The Arena and Teatro Romano are significant landmarks in Verona, making them popular stops fo",True,1.76072359085083,success
0413F44A216281,3,['Arena'],Santa Anastasia,"['Arena', 'Duomo', 'Palazzo della Ragione', 'Teatro Romano', 'Casa Giulietta']",Castelvecchio,"The tourist is likely to continue exploring nearby historical and cultural sites, given the proximity of these POIs. The Arena, Duomo, and Palazzo della Ragione are popular attractions in Verona, maki",False,1.661820411682129,success
0413FE4A216281,1,"['Arena', 'Casa Giulietta']",Torre Lamberti,"['Centro Fotografia', 'Museo Conte', 'Palazzo della Ragione', 'AMO', 'Museo Miniscalchi']",Palazzo della Ragione,"These points of interest are relatively close to Torre Lamberti, making them convenient for a quick visit. The tourist is likely to continue exploring nearby attractions during the morning hours.",True,1.2980198860168457,success
0413E2121B6781,3,"['Arena', 'Torre Lamberti', 'Santa Anastasia']",Teatro Romano,"['Teatro Romano', 'Duomo', 'Palazzo della Ragione', 'Giardino Giusti', 'Casa Giulietta']",San Fermo,"The current location is near the Teatro Romano, and it's a popular site for tourists. Given the time (4:01 PM), visitors might be looking to explore nearby attractions like Duomo or Palazzo della Ragi",False,2.110699415206909,success
0413FF4A216281,3,['Arena'],Castelvecchio,"['Museo Lapidario', 'Verona Tour', 'Museo Miniscalchi', 'Casa Giulietta', 'San Zeno']",Casa Giulietta,These POIs are closest to Castelvecchio and align with typical tourist patterns of visiting multiple museums and attractions in a short time frame.,True,1.2175250053405762,success
041401121B6785,2,['Torre Lamberti'],Castelvecchio,"['Arena', 'Museo Lapidario', 'Verona Tour', 'San Zeno', 'Casa Giulietta']",San Zeno,"These POIs are close in proximity to Castelvecchio and are popular tourist destinations, making them likely next stops for the tourists.",True,1.0857157707214355,success
041411121B6781,6,['Arena'],Torre Lamberti,"['Casa Giulietta', 'Museo Conte', 'Palazzo della Ragione', 'Arena', 'Centro Fotografia']",Duomo,"These POIs are close to the current location and align with typical tourist interests in Verona, such as historical and cultural sites.",False,1.1634249687194824,success
04141E121B6781,3,['Arena'],Casa Giulietta,"['Torre Lamberti', 'Centro Fotografia', 'Sighseeing', 'Museo Conte']",Torre Lamberti,"These points of interest are closest to Casa Giulietta and align with typical tourist patterns, offering a mix of historical and cultural experiences.",True,1.1183676719665527,success
04141C121B6785,6,"['Arena', 'San Fermo']",Santa Anastasia,"['Santa Anastasia', 'Duomo', 'Palazzo della Ragione', 'Arena', 'Casa Giulietta']",Duomo,"Given the time (Mon 10:54), tourists are likely to visit major landmarks like Santa Anastasia and Duomo. The Arena is a popular attraction, and Casa Giulietta is also a significant site for visitors i",True,1.4016759395599365,success
0414174A216285,3,"['Casa Giulietta', 'Arena']",Castelvecchio,"['Arena', 'Museo Lapidario', 'San Zeno', 'Palazzo della Ragione', 'Torre Lamberti']",Tomba Giulietta,"The tourist is likely to continue exploring the historical and cultural sites of Verona. The Arena, Museo Lapidario, San Zeno, Palazzo della Ragione, and Torre Lamberti are all nearby and align with t",False,1.5223863124847412,success
04142D121B6781,3,['Teatro Romano'],Arena,"['Casa Giulietta', 'Arena', 'San Fermo', 'Teatro Romano', 'Verona Tour']",Casa Giulietta,"The tourist is likely to visit nearby attractions, and Casa Giulietta and San Fermo are popular sites. The Teatro Romano has already been visited, but the Arena is a significant landmark in Verona.",True,1.2881088256835938,success
04140F4A216285,6,"['Arena', 'Casa Giulietta', 'Palazzo della Ragione', 'Santa Anastasia', 'Duomo']",Teatro Romano,"['Teatro Romano', 'AMO', 'Museo Conte', 'Giardino Giusti', 'Centro Fotografia']",San Fermo,"The tourist is currently at the Teatro Romano and it's a popular site in Verona. Given the time (15:17), they might want to explore nearby attractions before sunset. The suggested POIs are within reas",False,1.7567167282104492,success
041430121B6781,6,['Arena'],Casa Giulietta,"['Torre Lamberti', 'Centro Fotografia', 'Sighseeing', 'Museo Conte', 'Palazzo della Ragione']",Duomo,"These points of interest are closest to Casa Giulietta and within a reasonable walking distance, making them the most likely next stops for tourists. The time is early afternoon (14:16), which suggest",False,1.5634679794311523,success
041435121B6781,3,"['San Fermo', 'Palazzo della Ragione']",Casa Giulietta,"['Torre Lamberti', 'Centro Fotografia', 'Sighseeing', 'Arena', 'Museo Conte']",Arena,"These points of interest are closest to Casa Giulietta and align with typical tourist patterns, offering a mix of historical and cultural attractions.",True,1.205848217010498,success
041439121B6781,1,"['Arena', 'Casa Giulietta', 'Palazzo della Ragione']",Torre Lamberti,"['Sighseeing', 'Centro Fotografia', 'Museo Conte']",Santa Anastasia,These points of interest are closest to Torre Lamberti and within a reasonable walking distance. They align with the typical tourist pattern of exploring nearby attractions after visiting major sites ,False,1.2925081253051758,success
041431121B6781,1,"['Arena', 'Casa Giulietta', 'Palazzo della Ragione', 'Santa Anastasia']",Teatro Romano,"['Teatro Romano', 'Duomo', 'Museo Conte', 'Giardino Giusti', 'Centro Fotografia']",Castelvecchio,"The current location is near the Teatro Romano, which is a popular site for tourists. Given the time (16:00), visitors might be looking for nearby attractions to visit before sunset. The suggested POI",False,1.7081458568572998,success
04143A121B6781,4,"['Arena', 'Museo Storia', 'San Fermo', 'Palazzo della Ragione']",Teatro Romano,"['Santa Anastasia', 'Duomo', 'Teatro Romano', 'Giardino Giusti', 'Casa Giulietta']",Casa Giulietta,"Given the time (Sun 17:06) and proximity to Teatro Romano, tourists are likely to visit nearby attractions like Santa Anastasia and Duomo. The garden and Casa Giulietta are also popular stops in Veron",True,1.548431158065796,success
0414434A216285,1,"['Tomba Giulietta', 'Casa Giulietta']",Palazzo della Ragione,"['Palazzo della Ragione', 'AMO', 'Museo Conte', 'Torre Lamberti', 'Centro Fotografia']",Castelvecchio,"The tourist is currently at Palazzo della Ragione and the nearest points of interest are AMO, Museo Conte, Torre Lamberti, Centro Fotografia, all within a short walking distance. These locations are p",False,1.540931224822998,success
04145F121B6781,6,"['Santa Anastasia', 'Duomo', 'Teatro Romano']",Torre Lamberti,"['Casa Giulietta', 'Teatro Romano', 'Arena', 'Museo Conte', 'Palazzo della Ragione']",Arena,"These POIs are close in proximity to Torre Lamberti and are popular tourist attractions. The Teatro Romano has already been visited, but the others offer historical and cultural experiences that touri",True,1.373093843460083,success
041462121B6781,1,['Arena'],Torre Lamberti,"['Casa Giulietta', 'Museo Conte', 'Palazzo della Ragione', 'Arena', 'Centro Fotografia']",Castelvecchio,"These POIs are close to the current location and align with typical tourist interests in Verona, such as historical and cultural sites.",False,1.1341521739959717,success
04147D121B6781,3,['Casa Giulietta'],Torre Lamberti,"['Centro Fotografia', 'Museo Conte', 'Palazzo della Ragione', 'AMO', 'Museo Miniscalchi']",Arena,"These points of interest are relatively close to Torre Lamberti, making them convenient for a quick visit. They also align with typical tourist patterns in Verona, offering cultural and historical att",False,1.3930716514587402,success
041464121B6781,3,"['Arena', 'Teatro Romano', 'Tomba Giulietta']",Casa Giulietta,"['Torre Lamberti', 'Centro Fotografia', 'Sighseeing', 'Museo Conte', 'Palazzo della Ragione']",Palazzo della Ragione,"These points of interest are close to Casa Giulietta, making them convenient for a quick visit. The time is early afternoon, so tourists might want to explore nearby attractions before dinner or conti",True,1.4587831497192383,success
04144A4A216285,1,"['Castelvecchio', 'Palazzo della Ragione', 'Torre Lamberti', 'Santa Anastasia']",Teatro Romano,"['Teatro Romano', 'Duomo', 'Museo Conte', 'Giardino Giusti', 'Casa Giulietta']",Arena,"The tourist is currently at the Teatro Romano and it's a popular stop. Given the time (3:42 PM), they might want to visit nearby attractions like Duomo or Museo Conte before sunset. The proximity of G",False,1.9206464290618896,success
041492121B6781,1,"['Castelvecchio', 'Teatro Romano', 'Santa Anastasia', 'Torre Lamberti']",Casa Giulietta,"['Torre Lamberti', 'Casa Giulietta', 'Arena', 'Museo Conte', 'Palazzo della Ragione']",Tomba Giulietta,"These POIs are close in proximity, align with typical tourist patterns of visiting famous landmarks and attractions, and the time suggests they might be looking for a place to end their tour or find s",False,1.2324047088623047,success
0414A6121B6780,3,['Arena'],Casa Giulietta,"['Torre Lamberti', 'Centro Fotografia', 'Sighseeing', 'Museo Conte', 'Palazzo della Ragione']",Torre Lamberti,"These points of interest are closest to Casa Giulietta and within a reasonable walking distance. They also align with typical tourist patterns, offering both cultural and photographic opportunities.",True,1.3170428276062012,success
0414AA121B6781,1,"['Teatro Romano', 'Arena', 'Torre Lamberti']",Palazzo della Ragione,"['Museo Conte', 'AMO', 'Santa Anastasia', 'Torre Lamberti', 'Casa Giulietta']",Tomba Giulietta,"These POIs are close to the current location and align with typical tourist interests in Verona, such as historical and cultural sites.",False,1.229271411895752,success
041489121B6781,1,"['Arena', 'Torre Lamberti', 'Palazzo della Ragione']",Casa Giulietta,"['Casa Giulietta', 'Centro Fotografia', 'Sighseeing', 'Museo Conte', 'Museo Radio']",Castelvecchio,"The tourist is currently at Casa Giulietta, a popular site related to Romeo and Juliet. Given the time (15:11), they might be looking for nearby attractions that are open in the late afternoon. The su",False,1.6978788375854492,success
0414AF4A216281,3,['Casa Giulietta'],Santa Anastasia,"['Teatro Romano', 'Duomo', 'Palazzo della Ragione', 'Museo Conte', 'Centro Fotografia']",Torre Lamberti,"These POIs are relatively close to Santa Anastasia and are popular tourist destinations in Verona, aligning with the typical visiting pattern for tourists.",False,1.1406843662261963,success
0414B4121B6781,1,"['Arena', 'Castelvecchio']",Palazzo della Ragione,"['Museo Conte', 'AMO', 'Torre Lamberti', 'Santa Anastasia', 'Casa Giulietta']",Teatro Romano,"These points of interest are close to the current location and align with typical tourist patterns, including cultural and historical sites.",False,1.1234707832336426,success
0414AD4A216281,0,"['Castelvecchio', 'Museo Lapidario', 'San Fermo', 'Museo Storia', 'Duomo', 'Torre Lamberti']",Casa Giulietta,"['Arena', 'Casa Giulietta', 'Duomo', 'Palazzo della Ragione', 'Museo Conte']",Arena,"The tourist is likely to visit nearby attractions, with the Arena being a popular and iconic site. Casa Giulietta is their current location, so they might explore it further or move on to other well-k",True,1.8379175662994385,success
0414B5121B6781,3,['Casa Giulietta'],Arena,"['Arena', 'Verona Tour', 'Museo Lapidario', 'Castelvecchio', 'Tomba Giulietta']",Santa Anastasia,"The tourist is currently at the Arena and has recently visited Casa Giulietta. Given the time context, they are likely to explore nearby attractions such as Verona Tour, Museo Lapidario, Castelvecchio",False,1.6764428615570068,success
0414B54A216281,0,"['Casa Giulietta', 'Castelvecchio']",Museo Lapidario,"['Arena', 'Verona Tour', 'San Fermo', 'Tomba Giulietta', 'Torre Lamberti']",Arena,"The tourist is likely to visit nearby attractions such as the Arena, which is a popular site for tourists in Verona. The Verona Tour and other sites like San Fermo and Tomba Giulietta are also close b",True,1.6671397686004639,success
0414CD121B6781,1,"['Arena', 'Teatro Romano', 'Casa Giulietta']",Torre Lamberti,"['Centro Fotografia', 'Museo Conte', 'Palazzo della Ragione', 'AMO', 'Museo Miniscalchi']",Castelvecchio,"These points of interest are within close proximity to the current location and align with typical tourist patterns, offering a mix of cultural and photographic experiences.",False,1.1216742992401123,success
0414D0121B6780,1,"['Castelvecchio', 'Arena', 'Casa Giulietta']",Torre Lamberti,"['Centro Fotografia', 'Museo Conte', 'Palazzo della Ragione', 'AMO']",Teatro Romano,"These points of interest are within close proximity to the current location and align with typical tourist patterns, including photography stops and historical museum visits.",False,1.065546989440918,success
0414B7121B6781,0,"['Museo Lapidario', 'Casa Giulietta', 'Palazzo della Ragione', 'Torre Lamberti', 'Santa Anastasia', 'Teatro Romano', 'Castelvecchio', 'San Zeno', 'Tomba Giulietta']",San Fermo,"['Arena', 'San Zeno', 'Giardino Giusti', 'Museo Conte', 'Verona Tour']",Museo Storia,The Arena is a popular tourist attraction and close by. San Zeno is another significant church. Giardino Giusti is a beautiful garden often visited after historical sites. Museo Conte offers insight i,False,1.5002150535583496,success
0414C2121B6781,2,"['Arena', 'Casa Giulietta', 'Torre Lamberti', 'San Fermo', 'Tomba Giulietta']",Teatro Romano,"['Duomo', 'Santa Anastasia', 'Palazzo della Ragione', 'Museo Conte', 'Giardino Giusti']",San Zeno,"These POIs are close to the current location and align with typical tourist interests in Verona, such as religious sites (Duomo, Santa Anastasia) and historical buildings (Palazzo della Ragione). The ",False,1.5250983238220215,success
0414C94A216281,3,['Torre Lamberti'],Arena,"['Arena', 'Verona Tour', 'Museo Lapidario', 'Casa Giulietta', 'San Fermo']",Casa Giulietta,"The tourist is currently at the Arena and has recently visited Torre Lamberti. Given the time (17:13), they might be looking for nearby attractions to explore before sunset. The suggested POIs are wit",True,1.5572381019592285,success
0414DB121B6781,0,"['Castelvecchio', 'Casa Giulietta', 'Museo Lapidario', 'Arena', 'Tomba Giulietta']",San Fermo,"['Torre Lamberti', 'Palazzo della Ragione', 'Verona Tour', 'Arena', 'Sighseeing']",Museo Storia,"These POIs are within a reasonable walking distance, align with typical tourist interests in Verona, and offer various forms of sightseeing and historical exploration.",False,1.1759371757507324,success
0414C8121B6781,2,"['Castelvecchio', 'Casa Giulietta', 'San Zeno', 'Arena', 'Torre Lamberti', 'Palazzo della Ragione']",Duomo,"['Duomo', 'San Zeno', 'Arena', 'Teatro Romano', 'Giardino Giusti']",San Fermo,"The tourist is currently at the Duomo and has already visited several major landmarks. Given the time (15:41), they might want to visit nearby attractions before closing hours. The suggested POIs are ",False,1.7208926677703857,success
0414C5121B6781,0,"['Arena', 'Casa Giulietta', 'Palazzo della Ragione', 'Santa Anastasia', 'Duomo', 'Castelvecchio']",San Zeno,"['San Zeno', 'Verona Tour', 'Museo Lapidario', 'Torre Lamberti', 'Museo Miniscalchi']",Museo Lapidario,"The tourist is currently at San Zeno and the nearby points of interest (POIs) such as Verona Tour, Museo Lapidario, Torre Lamberti, and Museo Miniscalchi are all within a reasonable walking distance. ",True,1.8240654468536377,success
0414DC121B6780,3,"['Arena', 'Casa Giulietta']",San Fermo,"['Tomba Giulietta', 'Museo Storia', 'Torre Lamberti', 'Palazzo della Ragione', 'Verona Tour']",Castelvecchio,"These points of interest are close to the current location and align with typical tourist patterns, including historical and cultural attractions.",False,1.104146957397461,success
0414D1121B6780,1,"['Teatro Romano', 'Torre Lamberti']",Arena,"['Arena', 'Verona Tour', 'Museo Lapidario', 'Casa Giulietta', 'San Fermo']",Castelvecchio,"The tourist is currently at the Arena, which is a popular attraction in Verona. Given the time (11:33), they are likely to stay for a while or move on to nearby attractions like the Verona Tour or oth",False,2.0244293212890625,success
0414E2121B6781,3,"['Arena', 'Casa Giulietta', 'Torre Lamberti', 'Santa Anastasia']",Teatro Romano,"['Duomo', 'Palazzo della Ragione', 'Museo Conte', 'Giardino Giusti', 'Sighseeing']",San Fermo,"These points of interest are relatively close to the Teatro Romano and align with typical tourist patterns, offering a mix of historical and cultural attractions.",False,1.1447029113769531,success
0414E4121B6781,2,"['Santa Anastasia', 'Casa Giulietta']",Castelvecchio,"['Arena', 'Museo Lapidario', 'Verona Tour', 'San Zeno', 'Torre Lamberti']",San Zeno,"The Arena is a popular tourist attraction and is the closest major landmark. Museo Lapidario, Verona Tour, San Zeno, and Torre Lamberti are also nearby and align with typical interests of tourists vis",True,1.269901990890503,success
0414DC4A216281,3,"['Teatro Romano', 'Casa Giulietta']",Tomba Giulietta,"['Tomba Giulietta', 'Arena', 'San Fermo', 'Museo Storia', 'Castelvecchio']",Arena,"The tourist is likely to continue visiting related Shakespearean and historical sites, with proximity being a key factor. The Teatro Romano and Casa Giulietta suggest an interest in Verona's cultural ",True,1.6153087615966797,success
0414E7121B6780,3,"['Arena', 'Torre Lamberti']",Casa Giulietta,"['Arena', 'San Fermo', 'Palazzo della Ragione', 'Museo Conte', 'Centro Fotografia']",Santa Anastasia,"The tourist is likely to continue exploring nearby landmarks, with a preference for shorter distances. The Arena and San Fermo are popular attractions in Verona, while the other suggested sites are wi",False,1.4039781093597412,success
0414F2121B6781,2,"['Arena', 'Casa Giulietta', 'San Fermo', 'Teatro Romano', 'Torre Lamberti', 'Castelvecchio', 'Tomba Giulietta', 'Duomo']",Santa Anastasia,"['Santa Anastasia', 'AMO', 'Museo Conte', 'Palazzo della Ragione', 'Centro Fotografia']",San Zeno,"The tourist is likely to continue exploring nearby attractions, with a preference for shorter distances. Santa Anastasia is the immediate next stop, followed by other nearby points of interest.",False,1.4361424446105957,success
0415004A216285,3,['Arena'],Castelvecchio,"['Museo Lapidario', 'Verona Tour', 'San Zeno', 'Casa Giulietta', 'Torre Lamberti']",Santa Anastasia,These POIs are closest to Castelvecchio and align with typical tourist patterns of exploring nearby historical and cultural sites.,False,1.245445728302002,success
0414E0121B6780,6,"['Arena', 'Casa Giulietta', 'Castelvecchio', 'Santa Anastasia']",Duomo,"['Duomo', 'Teatro Romano', 'Palazzo della Ragione', 'Museo Miniscalchi', 'AMO']",Castelvecchio,"The tourist is currently visiting the Duomo and it's a popular site in Verona. Given the time (13:29), they might be looking for nearby attractions to visit before the usual 14h-15h lunch or early din",False,1.913269281387329,success
0414FC4A216281,2,"['Arena', 'Casa Giulietta', 'Teatro Romano', 'Duomo', 'Torre Lamberti', 'Castelvecchio']",San Zeno,"['San Zeno', 'Verona Tour', 'Museo Lapidario', 'Palazzo della Ragione', 'Centro Fotografia']",Tomba Giulietta,"The tourist is likely to visit nearby attractions, with San Zeno being the closest. Other suggested POIs are within a reasonable walking distance and align with typical tourist patterns in Verona.",False,1.3774526119232178,success
041501121B6785,2,"['Santa Anastasia', 'San Fermo', 'Casa Giulietta', 'Arena']",San Zeno,"['Castelvecchio', 'Verona Tour', 'Museo Lapidario', 'Torre Lamberti', 'Palazzo della Ragione']",Torre Lamberti,"These POIs are relatively close to San Zeno and are popular among tourists, especially during the late afternoon.",True,1.0360002517700195,success
0414F64A216281,1,"['Casa Giulietta', 'Palazzo della Ragione', 'Torre Lamberti']",Arena,"['Arena', 'Verona Tour', 'Museo Lapidario', 'Castelvecchio', 'Tomba Giulietta']",Castelvecchio,"The tourist is currently at the Arena, which is a major attraction in Verona. Given the time (15:32), they might be looking to explore nearby attractions before sunset. The suggested POIs are within r",True,1.4718663692474365,success
0414F4121B6781,0,"['Castelvecchio', 'San Zeno', 'Arena', 'Museo Lapidario', 'Santa Anastasia']",Casa Giulietta,"['Casa Giulietta', 'Torre Lamberti', 'San Zeno', 'Arena', 'Palazzo della Ragione']",Torre Lamberti,"The tourist is likely to continue visiting famous landmarks and attractions in Verona. Casa Giulietta is a popular site, while Torre Lamberti and San Zeno are nearby significant historical structures.",True,1.5309443473815918,success
04150F4A216285,6,"['Arena', 'Casa Giulietta']",Santa Anastasia,"['Palazzo della Ragione', 'Duomo', 'Teatro Romano', 'Museo Conte', 'AMO']",Duomo,"These points of interest are within close proximity to Santa Anastasia and align with common tourist patterns, including historical and cultural attractions.",True,1.1335980892181396,success
0415134A216285,1,"['Arena', 'Casa Giulietta', 'Torre Lamberti']",Palazzo della Ragione,"['AMO', 'Museo Conte', 'Centro Fotografia', 'Sighseeing', 'Santa Anastasia']",Castelvecchio,"These points of interest are closest to Palazzo della Ragione and align with typical tourist patterns, offering a mix of cultural and photographic experiences.",False,1.1252412796020508,success
04150C4A216285,0,"['Arena', 'Museo Lapidario', 'Torre Lamberti', 'Casa Giulietta']",Santa Anastasia,"['Santa Anastasia', 'Duomo', 'Palazzo della Ragione', 'Teatro Romano', 'Museo Conte']",Teatro Romano,"The tourist is likely to continue exploring nearby historical and cultural sites, with a preference for shorter distances. The Duomo and Palazzo della Ragione are popular attractions in Verona.",True,1.3166663646697998,success
0415164A216285,3,"['Casa Giulietta', 'Palazzo della Ragione']",Santa Anastasia,"['Teatro Romano', 'Duomo', 'Museo Conte', 'Torre Lamberti', 'Giardino Giusti']",Arena,"These POIs are within a short walking distance and are popular tourist attractions in Verona, aligning with the typical visiting pattern of tourists.",False,1.2872843742370605,success
04151C121B6785,6,"['Arena', 'San Fermo']",Santa Anastasia,"['Santa Anastasia', 'Duomo', 'Palazzo della Ragione', 'Arena', 'Casa Giulietta']",Duomo,"The tourist is currently at Santa Anastasia and the next likely destinations are nearby landmarks such as Duomo, Palazzo della Ragione, Arena, and Casa Giulietta, considering the short distances and t",True,1.3566632270812988,success
04152D4A216285,3,"['Arena', 'Casa Giulietta']",Torre Lamberti,"['Centro Fotografia', 'Museo Conte', 'Palazzo della Ragione', 'Sighseeing', 'Arena']",Santa Anastasia,"These POIs are relatively close to the current location and align with common tourist interests in Verona, such as photography centers and historical sites.",False,1.1683766841888428,success
041530121B6781,6,['Arena'],Casa Giulietta,"['Torre Lamberti', 'Centro Fotografia', 'Sighseeing', 'Museo Conte']",Duomo,These points of interest are closest to Casa Giulietta and are likely to be the most convenient for a quick visit given the current time. They also provide a mix of cultural and photographic opportuni,False,1.164045810699463,success
0415214A216285,6,['Arena'],Palazzo della Ragione,"['Arena', 'Santa Anastasia', 'Museo Conte', 'Torre Lamberti', 'AMO']",Duomo,"The tourist is likely to visit nearby attractions based on their proximity and the fact that they have already visited the Arena. The other suggested POIs are also within a short walking distance, mak",False,1.345731258392334,success
0415144A216285,1,"['Casa Giulietta', 'Torre Lamberti']",Castelvecchio,"['Arena', 'San Zeno', 'Palazzo della Ragione', 'Museo Lapidario', 'Verona Tour']",Arena,"The tourist is likely to continue exploring the historical and cultural sites of Verona. The Arena, San Zeno, and Palazzo della Ragione are well-known landmarks that fit this context. Museo Lapidario ",True,1.6995298862457275,success
0415354A216285,3,['Arena'],Castelvecchio,"['Museo Lapidario', 'Verona Tour', 'San Zeno', 'Casa Giulietta', 'Torre Lamberti']",Casa Giulietta,These POIs are closest to Castelvecchio and align with typical tourist patterns of exploring nearby historical sites and attractions.,True,1.2222309112548828,success
0415374A216285,6,"['Arena', 'Castelvecchio']",Torre Lamberti,"['Casa Giulietta', 'Museo Conte', 'Palazzo della Ragione', 'Arena', 'San Fermo']",Duomo,"These POIs are close to the current location and align with typical tourist interests in Verona, such as historical and cultural sites.",False,1.0196342468261719,success
041522121B6785,3,"['Casa Giulietta', 'Teatro Romano']",Arena,"['Arena', 'Verona Tour', 'Museo Lapidario', 'Castelvecchio', 'Tomba Giulietta']",Castelvecchio,"The tourist is currently at the Arena and has recently visited Casa Giulietta and Teatro Romano. Given the proximity of other related sites such as Tomba Giulietta, and considering typical tourist pat",True,1.6650738716125488,success
041535121B6781,6,"['Arena', 'Casa Giulietta', 'Torre Lamberti', 'Palazzo della Ragione', 'Santa Anastasia']",Duomo,"['Duomo', 'Teatro Romano', 'Museo Miniscalchi', 'AMO', 'Giardino Giusti']",Teatro Romano,"The tourist is currently at the Duomo and it's a popular site to visit. Given the time (14:13), they might be looking for nearby attractions to explore before dinner. The suggested POIs are within rea",True,1.7416679859161377,success
041539121B6781,3,"['Arena', 'Castelvecchio', 'Casa Giulietta']",Santa Anastasia,"['Teatro Romano', 'Duomo', 'Palazzo della Ragione', 'Museo Conte', 'AMO']",Teatro Romano,"These POIs are relatively close to Santa Anastasia and are popular tourist destinations in Verona, aligning with the typical visiting pattern for tourists.",True,1.254441738128662,success
0415384A216285,2,"['Arena', 'Torre Lamberti', 'Santa Anastasia', 'Duomo']",San Fermo,"['Casa Giulietta', 'Museo Storia', 'Centro Fotografia', 'Palazzo della Ragione', 'Tomba Giulietta']",San Zeno,"These POIs are close to the current location and align with typical tourist interests in Verona, such as visiting Juliet's House (Casa Giulietta) and other historical sites.",False,1.333759069442749,success
041591121B6781,3,['Arena'],Santa Anastasia,"['Museo Conte', 'Palazzo della Ragione', 'Teatro Romano', 'Duomo', 'Torre Lamberti']",Teatro Romano,"These POIs are relatively close to Santa Anastasia and are popular tourist attractions in Verona, aligning with the typical visiting pattern.",True,1.2006607055664062,success
0415AF4A216281,3,['Casa Giulietta'],Santa Anastasia,"['Teatro Romano', 'Duomo', 'Palazzo della Ragione', 'Museo Conte', 'Centro Fotografia']",Torre Lamberti,"These points of interest are within a reasonable walking distance from Santa Anastasia, and they align with typical tourist patterns in Verona, including historical and cultural attractions.",False,1.1914780139923096,success
04158F121B6781,0,"['Castelvecchio', 'Arena', 'Museo Lapidario']",Santa Anastasia,"['Santa Anastasia', 'Duomo', 'Palazzo della Ragione', 'Teatro Romano', 'Casa Giulietta']",Duomo,"The tourist is currently at Santa Anastasia and the next likely destinations are nearby points of interest. The Duomo, Palazzo della Ragione, Teatro Romano, and Casa Giulietta are all within a reasona",True,1.569368839263916,success
0415434A216285,1,"['Tomba Giulietta', 'Arena']",Torre Lamberti,"['Casa Giulietta', 'Arena', 'Museo Conte', 'Palazzo della Ragione', 'Sighseeing']",Castelvecchio,"The tourist is likely to visit well-known landmarks like Casa Giulietta and the Arena, which are close by. The Torre Lamberti area also offers nearby cultural attractions such as Museo Conte and Palaz",False,1.8231799602508545,success
0415B1121B6781,2,['San Zeno'],Arena,"['Arena', 'Verona Tour', 'Museo Lapidario', 'Casa Giulietta', 'Castelvecchio']",Santa Anastasia,"The tourist is currently at the Arena and has recently visited San Zeno. Given the short distances, these POIs are likely to be of interest. The time context suggests they might want to explore nearby",False,1.4540586471557617,success
04155F121B6781,6,"['Arena', 'Santa Anastasia']",Duomo,"['Teatro Romano', 'Palazzo della Ragione', 'Museo Miniscalchi', 'AMO', 'Santa Anastasia']",Castelvecchio,"The tourist is likely to visit nearby attractions, with a preference for those within walking distance. The Teatro Romano and Palazzo della Ragione are close by and popular sites. Museo Miniscalchi an",False,1.7769074440002441,success
0415B2121B6781,4,"['Casa Giulietta', 'Museo Storia', 'San Fermo']",Castelvecchio,"['Arena', 'San Zeno', 'Museo Lapidario', 'Palazzo della Ragione', 'Torre Lamberti']",Arena,The Arena is a popular tourist attraction and is close by. San Zeno and the Museo Lapidario are also nearby and well-visited sites. Palazzo della Ragione and Torre Lamberti are other significant landm,True,1.3905048370361328,success
0415B54A216281,0,"['Casa Giulietta', 'Castelvecchio']",Museo Lapidario,"['Arena', 'San Fermo', 'Tomba Giulietta', 'Sighseeing', 'Torre Lamberti']",Arena,"These points of interest are within a short walking distance and align with typical tourist patterns, such as visiting famous landmarks like the Arena and Tomba Giulietta.",True,1.1572158336639404,success
0415AA121B6781,1,"['Teatro Romano', 'Arena', 'Torre Lamberti', 'Palazzo della Ragione']",Tomba Giulietta,"['Casa Giulietta', 'Museo Storia', 'San Fermo', 'Teatro Romano', 'Arena']",Santa Anastasia,"The tourist is likely to visit Casa Giulietta next due to its proximity and the romantic theme. Museo Storia, San Fermo, and other nearby museums are also popular choices for tourists. Teatro Romano a",False,1.8467793464660645,success
0415B5121B6781,2,"['Castelvecchio', 'Casa Giulietta', 'Arena', 'San Zeno', 'Duomo']",Torre Lamberti,"['Torre Lamberti', 'Centro Fotografia', 'Palazzo della Ragione', 'Museo Conte', 'Sighseeing']",San Fermo,"The tourist is currently at Torre Lamberti and the next likely destination would be nearby points of interest. Considering the short distances, these locations are easily accessible within a reasonabl",False,1.429382562637329,success
0415B44A216281,6,"['Castelvecchio', 'Casa Giulietta', 'Torre Lamberti']",Arena,"['Arena', 'Verona Tour', 'Museo Lapidario', 'Tomba Giulietta', 'Palazzo della Ragione']",Duomo,"The tourist is currently at the Arena, which is a major attraction in Verona. Given the time (11:05) and the usual visit duration of around 2 hours, they are likely to move on soon. The nearby POIs li",False,2.081385374069214,success
0415B7121B6781,0,"['Arena', 'Museo Lapidario', 'Casa Giulietta', 'Palazzo della Ragione', 'Torre Lamberti', 'Santa Anastasia', 'Teatro Romano', 'Castelvecchio', 'San Zeno', 'Tomba Giulietta']",San Fermo,"['San Fermo', 'Giardino Giusti', 'Duomo', 'Museo Conte', 'Centro Fotografia']",Museo Storia,"The tourist is likely to choose nearby points of interest that are within a reasonable walking distance and align with the typical visiting patterns. San Fermo is the current location, so it's natural",False,1.7679448127746582,success
0415D0121B6780,1,"['Castelvecchio', 'Arena', 'Casa Giulietta']",Torre Lamberti,"['Centro Fotografia', 'Museo Conte', 'Palazzo della Ragione', 'AMO']",Teatro Romano,"These points of interest are within close proximity to the current location and align with typical tourist patterns, including photography stops and historical museum visits.",False,0.9649229049682617,success
0415B84A216281,3,"['Arena', 'San Fermo']",Casa Giulietta,"['Torre Lamberti', 'Centro Fotografia', 'Sighseeing', 'Museo Conte', 'Palazzo della Ragione']",Santa Anastasia,"These points of interest are closest to Casa Giulietta and are within a reasonable walking distance. They also align with typical tourist patterns, offering a mix of historical and cultural attraction",False,1.526188850402832,success
0415C6121B6781,4,"['Casa Giulietta', 'Arena', 'Palazzo della Ragione', 'Torre Lamberti']",Castelvecchio,"['Arena', 'Museo Lapidario', 'San Zeno', 'Tomba Giulietta', 'Verona Tour']",Museo Storia,"The Arena is a popular tourist attraction and close to Castelvecchio. Museo Lapidario, San Zeno, Tomba Giulietta, and Verona Tour are nearby and align with the typical interests of tourists visiting h",False,1.3352763652801514,success
0415C94A216281,0,"['Arena', 'Castelvecchio', 'Museo Lapidario']",Casa Giulietta,"['Torre Lamberti', 'Centro Fotografia', 'Sighseeing', 'Museo Conte', 'Palazzo della Ragione']",Palazzo della Ragione,"These points of interest are closest to Casa Giulietta and align with typical tourist patterns, offering a mix of historical and cultural attractions within walking distance.",True,1.3747529983520508,success
0415C8121B6780,6,"['Arena', 'Castelvecchio', 'Casa Giulietta']",Santa Anastasia,"['Santa Anastasia', 'Duomo', 'Teatro Romano', 'Palazzo della Ragione', 'Giardino Giusti']",Duomo,"The tourist is currently at Santa Anastasia and the next closest points of interest are Duomo, Teatro Romano, Palazzo della Ragione, and Giardino Giusti. These locations are popular in Verona and alig",True,1.549856424331665,success
0415CD121B6781,6,"['Castelvecchio', 'Arena']",Santa Anastasia,"['Santa Anastasia', 'Duomo', 'Palazzo della Ragione', 'Arena', 'Casa Giulietta']",Duomo,"The tourist is likely to continue exploring religious and historical sites in the city center, given the proximity of Santa Anastasia to other major landmarks like Duomo and Arena. Casa Giulietta is a",True,1.461371660232544,success
0415D1121B6780,2,"['Santa Anastasia', 'Casa Giulietta', 'Arena', 'Tomba Giulietta']",Castelvecchio,"['Arena', 'Tomba Giulietta', 'Casa Giulietta', 'San Zeno', 'Palazzo della Ragione']",San Zeno,"These locations are historically and culturally significant to Verona, aligning with the tourist's interests. The Arena is nearby and a major attraction, while San Zeno and Palazzo della Ragione offer",True,1.3575477600097656,success
0415C2121B6781,1,"['Arena', 'Casa Giulietta', 'Torre Lamberti', 'San Fermo', 'Tomba Giulietta']",Teatro Romano,"['Teatro Romano', 'Duomo', 'Santa Anastasia', 'Palazzo della Ragione', 'Giardino Giusti']",Castelvecchio,The tourist is currently at the Teatro Romano and it's a popular site to visit after visiting other landmarks like Arena and Casa Giulietta. The nearby Duomo and Santa Anastasia are also common stops ,False,2.0928902626037598,success
0415D3121B6781,0,"['Museo Lapidario', 'Castelvecchio', 'Arena', 'Santa Anastasia']",Casa Giulietta,"['Torre Lamberti', 'Centro Fotografia', 'Sighseeing', 'Museo Conte', 'Palazzo della Ragione']",Duomo,"These points of interest are closest to Casa Giulietta and align with typical tourist patterns, offering a mix of historical and cultural attractions within walking distance.",False,1.3811910152435303,success
0415D2121B6780,6,"['Teatro Romano', 'Duomo', 'Casa Giulietta', 'Tomba Giulietta', 'Arena']",Castelvecchio,"['Arena', 'Museo Lapidario', 'San Zeno', 'Palazzo della Ragione', 'Torre Lamberti']",Torre Lamberti,"The tourist is likely to continue visiting major landmarks and attractions in Verona. The Arena, being a significant historical site, is a probable next stop. Museo Lapidario and San Zeno are nearby a",True,1.7281060218811035,success
0415D34A216281,1,"['Castelvecchio', 'Palazzo della Ragione', 'Torre Lamberti']",Teatro Romano,"['Santa Anastasia', 'Duomo', 'Museo Conte', 'Giardino Giusti', 'Casa Giulietta']",Arena,"These POIs are close in proximity to the Teatro Romano and align with common tourist interests in Verona, such as religious sites and historical residences.",False,1.1372616291046143,success
0415D9121B6781,2,"['Arena', 'Castelvecchio', 'Casa Giulietta', 'San Zeno']",Teatro Romano,"['Arena', 'Duomo', 'Teatro Romano', 'Casa Giulietta', 'San Zeno']",Torre Lamberti,"The tourist is likely to continue visiting nearby historical sites and attractions. The Arena, Duomo, and Teatro Romano are close by and popular destinations. Casa Giulietta and San Zeno were already ",False,1.5510540008544922,success
0415D84A216281,3,['Casa Giulietta'],Arena,"['Arena', 'Verona Tour', 'Museo Lapidario', 'Castelvecchio', 'Tomba Giulietta']",Torre Lamberti,"The tourist is currently at the Arena and has recently visited Casa Giulietta. Given the time context, they are likely to explore nearby attractions such as Verona Tour for guided tours, Museo Lapidar",False,1.623032808303833,success
0415E1121B6781,0,['Museo Lapidario'],Palazzo della Ragione,"['Museo Conte', 'Torre Lamberti', 'Santa Anastasia', 'Casa Giulietta', 'Duomo']",Torre Lamberti,"These points of interest are within close proximity to Palazzo della Ragione and align with typical tourist patterns, including visits to historical and cultural sites.",True,1.148451805114746,success
0415D5121B6781,3,"['Casa Giulietta', 'Arena', 'Santa Anastasia']",Teatro Romano,"['Arena', 'Duomo', 'Palazzo della Ragione', 'Teatro Romano', 'Giardino Giusti']",Torre Lamberti,"The tourist is likely to continue exploring nearby historical and cultural sites. The Arena, Duomo, and Palazzo della Ragione are popular attractions in Verona. Teatro Romano is already visited but cl",False,1.8221871852874756,success
0415E0121B6780,3,"['Arena', 'Casa Giulietta', 'Torre Lamberti']",San Fermo,"['Tomba Giulietta', 'Museo Storia', 'Palazzo della Ragione', 'Verona Tour', 'Centro Fotografia']",Tomba Giulietta,"These points of interest are close to the current location, align with typical tourist interests in Verona, and are visited based on proximity and time context.",True,1.2509644031524658,success
0415DC121B6780,6,"['Arena', 'Teatro Romano', 'Santa Anastasia']",Duomo,"['Duomo', 'Palazzo della Ragione', 'Teatro Romano', 'Arena', 'Casa Giulietta']",Castelvecchio,"The tourist is currently at the Duomo and has visited nearby historical sites like Arena and Teatro Romano. Given the time (15:40), they might want to explore more cultural attractions in the vicinity",False,1.5489037036895752,success
0416004A216285,3,['Arena'],Torre Lamberti,"['Casa Giulietta', 'Museo Conte', 'Palazzo della Ragione', 'Centro Fotografia', 'Sighseeing']",Santa Anastasia,"These POIs are closest to Torre Lamberti and align with typical tourist patterns, including cultural attractions like museums and historical sites.",False,1.064232587814331,success
0415DF121B6781,6,"['Arena', 'Torre Lamberti', 'Casa Giulietta', 'Santa Anastasia', 'Tomba Giulietta', 'Castelvecchio', 'Duomo']",Teatro Romano,"['Teatro Romano', 'AMO', 'Palazzo della Ragione', 'Museo Conte', 'Giardino Giusti']",San Fermo,"The Teatro Romano is the next logical step for tourists after visiting the nearby Teatro Romano. Considering the time, it's early enough to visit more sites without rushing. AMO and other nearby point",False,1.749307632446289,success
0415E4121B6781,2,"['Arena', 'Casa Giulietta', 'Tomba Giulietta', 'Castelvecchio']",San Zeno,"['San Zeno', 'Verona Tour', 'Museo Lapidario', 'Torre Lamberti', 'Palazzo della Ragione']",Torre Lamberti,"The tourist is likely to continue exploring nearby historical and cultural sites, with a preference for shorter distances. San Zeno is the next site visited based on the sequence of historical locatio",True,1.6119787693023682,success
041601121B6785,1,"['Arena', 'Castelvecchio']",Torre Lamberti,"['Casa Giulietta', 'Museo Conte', 'Palazzo della Ragione', 'Sighseeing', 'Centro Fotografia']",Santa Anastasia,"These POIs are closest to Torre Lamberti and align with typical tourist patterns, including nearby attractions like Casa Giulietta and Museo Conte.",False,1.2567813396453857,success
0415F4121B6781,1,"['Arena', 'Castelvecchio', 'Casa Giulietta']",Torre Lamberti,"['Centro Fotografia', 'Palazzo della Ragione', 'Museo Conte', 'Torre Lamberti', 'Sighseeing']",Torre Lamberti,"The tourist is likely to continue exploring nearby attractions, with a preference for shorter distances. The current location of Torre Lamberti makes the other nearby points of interest like Centro Fo",True,1.6563012599945068,success
0415E7121B6780,3,['Arena'],Castelvecchio,"['Castelvecchio', 'Museo Lapidario', 'Verona Tour', 'San Zeno', 'Casa Giulietta']",Casa Giulietta,"The tourist is currently at Castelvecchio and the nearby Museo Lapidario, Verona Tour, San Zeno, Casa Giulietta are all within a short walking distance. Given the time context of 14:45, these location",True,1.8470158576965332,success
04160A4A216285,3,['Arena'],Castelvecchio,"['Museo Lapidario', 'Verona Tour', 'Museo Miniscalchi', 'Casa Giulietta', 'Torre Lamberti']",Casa Giulietta,"These POIs are closest to Castelvecchio and are likely popular tourist destinations, making them the most probable next stops.",True,1.0489108562469482,success
04160F4A216285,6,"['Arena', 'Castelvecchio', 'Duomo', 'Teatro Romano', 'Casa Giulietta']",Torre Lamberti,"['Centro Fotografia', 'Museo Conte', 'Palazzo della Ragione']",San Fermo,"These locations are close to Torre Lamberti, align with typical tourist interests in Verona, and are within a reasonable walking distance given the current time.",False,1.1109845638275146,success
0416134A216285,1,"['Arena', 'Casa Giulietta', 'Torre Lamberti']",Palazzo della Ragione,"['AMO', 'Museo Conte', 'Centro Fotografia']",Castelvecchio,"These points of interest are closest to Palazzo della Ragione and align with typical tourist patterns, focusing on nearby cultural attractions.",False,0.8798902034759521,success
0416094A216285,3,['Arena'],Torre Lamberti,"['Casa Giulietta', 'Museo Conte', 'Palazzo della Ragione', 'Sighseeing', 'Centro Fotografia']",Santa Anastasia,"These POIs are close to the current location and align with typical tourist interests in Verona, such as historical and cultural sites.",False,1.290928840637207,success
04160C4A216285,1,"['Arena', 'Castelvecchio']",Torre Lamberti,"['Casa Giulietta', 'Museo Conte', 'Palazzo della Ragione', 'Sighseeing', 'Centro Fotografia']",Teatro Romano,"These POIs are closest to Torre Lamberti and align with typical tourist patterns, including nearby attractions like Casa Giulietta and Museo Conte.",False,1.2138152122497559,success
0416214A216285,1,['Arena'],Palazzo della Ragione,"['Museo Conte', 'AMO', 'Torre Lamberti', 'Sighseeing', 'Santa Anastasia']",Torre Lamberti,These POIs are closest to Palazzo della Ragione and align with typical tourist patterns of exploring nearby cultural attractions.,True,0.878953218460083,success
041607121B6785,1,"['Arena', 'Torre Lamberti', 'Palazzo della Ragione', 'Casa Giulietta']",Santa Anastasia,"['Santa Anastasia', 'Duomo', 'Teatro Romano', 'Museo Conte', 'AMO']",Castelvecchio,"The tourist is currently at Santa Anastasia and the nearby points of interest like Duomo, Teatro Romano, Museo Conte, AMO are within a short walking distance. Considering the time (16:52) which is lat",False,1.8494019508361816,success
0416164A216285,3,"['Casa Giulietta', 'Palazzo della Ragione']",Santa Anastasia,"['Teatro Romano', 'Duomo', 'Museo Conte', 'Torre Lamberti', 'Giardino Giusti']",Arena,"These POIs are within a short walking distance and are popular tourist attractions in Verona, aligning with the typical visit pattern for tourists.",False,1.4151296615600586,success
041617121B6785,6,"['Casa Giulietta', 'Duomo']",Arena,"['Arena', 'Verona Tour', 'Museo Lapidario', 'Castelvecchio', 'Tomba Giulietta']",Castelvecchio,"The tourist is currently at the Arena and has recently visited Casa Giulietta and Duomo. Given the proximity of other related sites such as Tomba Giulietta, and considering typical tourist patterns, t",True,1.4330940246582031,success
0416144A216285,1,"['Casa Giulietta', 'Torre Lamberti']",Castelvecchio,"['Arena', 'Museo Lapidario', 'Verona Tour', 'San Zeno', 'Palazzo della Ragione']",Arena,"The tourist is likely to visit nearby attractions, with the Arena being a popular destination for its historical significance. The Museo Lapidario and Verona Tour are also close by and offer additiona",True,1.6275131702423096,success
04160D4A216285,6,"['Arena', 'Casa Giulietta', 'Torre Lamberti']",Duomo,"['Duomo', 'Teatro Romano', 'Palazzo della Ragione', 'Museo Miniscalchi', 'AMO']",Santa Anastasia,"The tourist is currently at the Duomo and has visited other major attractions like Arena, Casa Giulietta, and Torre Lamberti. Given the time context (14:45), they are likely to explore nearby historic",False,2.1343753337860107,success
0416354A216285,3,"['Arena', 'Casa Giulietta']",Torre Lamberti,"['Centro Fotografia', 'Museo Conte', 'Palazzo della Ragione', 'AMO', 'Museo Miniscalchi']",Teatro Romano,"These points of interest are relatively close to Torre Lamberti, making them convenient for a short walk. They also offer cultural and historical experiences that tourists often seek in Verona.",False,1.02885103225708,success
0416344A216285,3,['Arena'],Casa Giulietta,"['Torre Lamberti', 'Centro Fotografia', 'Sighseeing', 'Museo Conte', 'Palazzo della Ragione']",Tomba Giulietta,"These points of interest are closest to Casa Giulietta and are within a reasonable walking distance. They also align with typical tourist patterns, offering both cultural and photographic opportunitie",False,1.2604870796203613,success
041622121B6785,3,"['Casa Giulietta', 'Teatro Romano']",Arena,"['Arena', 'Verona Tour', 'Museo Lapidario', 'Castelvecchio', 'Tomba Giulietta']",Castelvecchio,"The tourist is currently at the Arena and has recently visited Casa Giulietta and Teatro Romano. Given the proximity of other related sites such as Tomba Giulietta, and considering typical tourist pat",True,1.6384737491607666,success
04162F4A216285,3,['Arena'],Casa Giulietta,"['Arena', 'Torre Lamberti', 'San Fermo', 'Palazzo della Ragione', 'Museo Conte']",Castelvecchio,"The tourist is likely to continue exploring the historical and cultural sites of Verona. The Arena, Torre Lamberti, San Fermo, Palazzo della Ragione, and Museo Conte are all popular attractions that f",False,1.7818341255187988,success
0416374A216285,1,"['Castelvecchio', 'Torre Lamberti']",Arena,"['Casa Giulietta', 'Verona Tour', 'Museo Lapidario', 'Arena', 'Tomba Giulietta']",Tomba Giulietta,"The tourist is likely to visit places related to the famous Romeo and Juliet story, such as Casa Giulietta. Verona Tour could be for a guided tour. Museo Lapidario might interest history enthusiasts. ",True,1.6927812099456787,success
0416384A216285,2,"['Arena', 'Torre Lamberti', 'Santa Anastasia', 'Duomo']",San Fermo,"['Casa Giulietta', 'Museo Storia', 'Centro Fotografia', 'Palazzo della Ragione', 'Tomba Giulietta']",San Zeno,"These POIs are close to the current location and align with typical tourist interests in Verona, such as visiting famous landmarks associated with Romeo and Juliet.",False,1.7624599933624268,success
041642121B6781,2,"['Casa Giulietta', 'Palazzo della Ragione', 'Santa Anastasia', 'Duomo', 'Teatro Romano', 'San Zeno']",Castelvecchio,"['Arena', 'San Zeno', 'Museo Lapidario', 'Teatro Romano', 'Verona Tour']",Arena,"The Arena is a popular tourist attraction and is close by. San Zeno is another significant site that tourists often visit. The Museo Lapidario, Teatro Romano, and Verona Tour are also nearby and align",True,1.31052565574646,success
041641121B6781,6,"['Arena', 'Casa Giulietta', 'Torre Lamberti', 'Palazzo della Ragione', 'Santa Anastasia', 'Duomo']",Teatro Romano,"['Teatro Romano', 'AMO', 'Museo Conte', 'Giardino Giusti', 'Centro Fotografia']",Tomba Giulietta,"The tourist is currently at the Teatro Romano and it's close to other cultural attractions like AMO, Museo Conte, and Centro Fotografia. The nearby Giardino Giusti is also a pleasant option for a shor",False,1.4844932556152344,success
04164E121B6781,2,"['Arena', 'Casa Giulietta']",Torre Lamberti,"['Centro Fotografia', 'Museo Conte', 'Palazzo della Ragione', 'Sighseeing', 'Arena']",San Zeno,"These POIs are relatively close to the current location and align with typical tourist patterns, including nearby attractions like Casa Giulietta and the Arena.",False,1.1435401439666748,success
04165D121B6781,1,"['Arena', 'Casa Giulietta']",Torre Lamberti,"['Centro Fotografia', 'Museo Conte', 'Palazzo della Ragione', 'AMO', 'Museo Miniscalchi']",Palazzo della Ragione,"These points of interest are relatively close to the current location (Torre Lamberti) and are popular tourist destinations in Verona, making them likely next stops for the tourists.",True,1.248624563217163,success
0416454A216285,6,"['Tomba Giulietta', 'Arena', 'Torre Lamberti', 'Casa Giulietta', 'Santa Anastasia']",Duomo,"['Duomo', 'Teatro Romano', 'Palazzo della Ragione', 'Museo Conte', 'AMO']",Teatro Romano,"The tourist is currently at the Duomo and it's close to other major attractions like Teatro Romano, Palazzo della Ragione, Museo Conte, and AMO. These places are popular among tourists and the short d",True,1.6744537353515625,success
04164C4A216285,3,['Torre Lamberti'],Casa Giulietta,"['Arena', 'Museo Conte', 'Palazzo della Ragione', 'San Fermo', 'Museo Miniscalchi']",Arena,"The tourist is likely to move towards larger attractions like the Arena, which is closer than other historical sites. Museo Conte and Palazzo della Ragione are also popular for their cultural signific",True,1.6780598163604736,success
04168D121B6781,2,"['Arena', 'Casa Giulietta', 'Torre Lamberti', 'Santa Anastasia', 'Duomo', 'Teatro Romano']",Castelvecchio,"['Duomo', 'Arena', 'Casa Giulietta', 'San Zeno', 'Palazzo della Ragione']",San Zeno,"These POIs are popular tourist destinations in Verona and are relatively close to Castelvecchio. The time is late afternoon, which might make visitors prefer a shorter walk or stay indoors.",True,1.1670167446136475,success
04166A121B6781,1,"['Arena', 'Palazzo della Ragione', 'Torre Lamberti']",Casa Giulietta,"['Arena', 'San Fermo', 'Museo Conte', 'Museo Radio', 'Verona Tour']",Santa Anastasia,"The tourist is likely to continue exploring the historical and cultural sites of Verona. The Arena, being a famous landmark, is a probable next stop. San Fermo and other museums are also popular for t",False,1.5222232341766357,success
041686121B6781,3,['Arena'],Casa Giulietta,"['Torre Lamberti', 'Centro Fotografia', 'Sighseeing', 'Museo Conte', 'Palazzo della Ragione']",Palazzo della Ragione,"These points of interest are closest to Casa Giulietta and within a reasonable walking distance, making them the most likely next stops for tourists. The time context suggests that visitors might want",True,1.4926297664642334,success
04168F121B6781,0,"['Castelvecchio', 'Arena', 'Museo Lapidario']",Santa Anastasia,"['Santa Anastasia', 'Duomo', 'Palazzo della Ragione', 'Teatro Romano', 'Casa Giulietta']",Duomo,"The tourist is currently at Santa Anastasia and the next likely destinations are nearby points of interest. The Duomo, Palazzo della Ragione, Teatro Romano, and Casa Giulietta are all within a reasona",True,1.5024046897888184,success
0416B14A216281,1,"['Duomo', 'Palazzo della Ragione', 'Torre Lamberti', 'Casa Giulietta']",Arena,"['Arena', 'Verona Tour', 'Museo Lapidario', 'Tomba Giulietta', 'Castelvecchio']",Castelvecchio,"The tourist is currently at the Arena and has already visited several popular sites. The suggested POIs are nearby and align with typical tourist patterns, considering the time of day and proximity.",True,1.250020980834961,success
0416A6121B6781,1,['Castelvecchio'],Torre Lamberti,"['Casa Giulietta', 'Museo Conte', 'Palazzo della Ragione', 'Centro Fotografia', 'Sighseeing']",Arena,"These points of interest are closest to Torre Lamberti and align with typical tourist patterns, including nearby attractions like Casa Giulietta and Museo Conte.",False,1.3578479290008545,success
0416B2121B6781,2,"['Santa Anastasia', 'Duomo', 'Teatro Romano', 'Arena', 'Casa Giulietta']",Torre Lamberti,"['Centro Fotografia', 'Museo Conte', 'Palazzo della Ragione', 'AMO']",San Zeno,"These points of interest are relatively close to Torre Lamberti, making them convenient for a quick visit. They also offer cultural experiences that tourists often seek in Verona.",False,1.2466812133789062,success
0416B1121B6781,2,"['San Zeno', 'San Zeno']",Arena,"['Arena', 'Verona Tour', 'Casa Giulietta', 'Castelvecchio', 'Museo Lapidario']",Santa Anastasia,"The tourist is currently at the Arena and has already visited San Zeno. Given the proximity of Verona Tour, Casa Giulietta, Castelvecchio, and Museo Lapidario, these are likely next stops based on typ",False,1.476006269454956,success
04169F121B6781,6,"['Castelvecchio', 'Santa Anastasia']",Duomo,"['Teatro Romano', 'Palazzo della Ragione', 'Museo Conte', 'AMO', 'Casa Giulietta']",Torre Lamberti,"These points of interest are relatively close to the Duomo, making them convenient for a quick visit. The Teatro Romano and Palazzo della Ragione are popular cultural sites, while AMO is likely appeal",False,1.8484396934509277,success
0416B64A216281,3,"['Arena', 'Casa Giulietta', 'San Fermo']",Torre Lamberti,"['Centro Fotografia', 'Museo Conte', 'Palazzo della Ragione', 'Sighseeing']",Santa Anastasia,"These points of interest are close to the current location, within a reasonable walking distance. They also align with typical tourist patterns in Verona, offering cultural and photographic experience",False,1.1909596920013428,success
0416B6121B6781,6,"['Arena', 'Castelvecchio', 'Casa Giulietta', 'Santa Anastasia', 'Teatro Romano', 'Duomo', 'Torre Lamberti', 'Palazzo della Ragione']",Tomba Giulietta,"['Tomba Giulietta', 'Duomo', 'Arena', 'San Fermo', 'Museo Storia']",San Fermo,"The tourist is likely to continue visiting significant historical and cultural landmarks. The Tomba Giulietta, Duomo, and Arena are popular stops in Verona. San Fermo and Museo Storia are nearby and a",True,1.4498302936553955,success
0416B5121B6781,0,"['Castelvecchio', 'Casa Giulietta']",Arena,"['Arena', 'Verona Tour', 'Museo Lapidario', 'Tomba Giulietta', 'Torre Lamberti']",Museo Lapidario,"The tourist is currently at the Arena and it's a popular spot for visitors. The nearby POIs like Verona Tour, Museo Lapidario, Tomba Giulietta, and Torre Lamberti are also likely to be of interest giv",True,1.5676319599151611,success
0416B8121B6781,6,['Teatro Romano'],Duomo,"['Palazzo della Ragione', 'Museo Miniscalchi', 'Santa Anastasia', 'AMO', 'Teatro Romano']",Palazzo della Ragione,"These POIs are relatively close to the current location, aligning with typical tourist patterns of visiting nearby attractions. The Teatro Romano is also a popular site that tourists might revisit or ",True,1.3241117000579834,success
0416B74A216281,0,['Museo Lapidario'],Arena,"['Casa Giulietta', 'Arena', 'Verona Tour', 'Castelvecchio', 'Tomba Giulietta']",Casa Giulietta,"The tourist is likely to visit nearby attractions, with a preference for those related to the famous Romeo and Juliet story. The Arena is already visited, so it's less probable but still possible. Ver",True,1.563685417175293,success
0416B44A216281,6,"['Castelvecchio', 'Casa Giulietta', 'Torre Lamberti']",Arena,"['Arena', 'Verona Tour', 'Museo Lapidario', 'Tomba Giulietta', 'Palazzo della Ragione']",Duomo,"The tourist is currently at the Arena, which is a major attraction in Verona. Given the time (11:05) and the usual visit duration of around 2 hours, they are likely to move on soon. The nearby POIs li",False,1.9769628047943115,success
0416C6121B6781,1,"['Arena', 'Casa Giulietta', 'Tomba Giulietta']",Torre Lamberti,"['Centro Fotografia', 'Museo Conte', 'Palazzo della Ragione', 'Sighseeing', 'Arena']",Castelvecchio,"These POIs are within close proximity to the current location and align with typical tourist patterns, including nearby attractions like the Arena which was already visited.",False,1.0813782215118408,success
0416B84A216281,3,"['Arena', 'San Fermo']",Casa Giulietta,"['Torre Lamberti', 'Centro Fotografia', 'Sighseeing', 'Museo Conte', 'Palazzo della Ragione']",Santa Anastasia,"These points of interest are closest to Casa Giulietta and within a reasonable walking distance. They also align with typical tourist patterns, offering both cultural and photographic opportunities.",False,1.2906670570373535,success
0416C8121B6780,2,"['Arena', 'San Zeno', 'Castelvecchio', 'Teatro Romano']",Duomo,"['Santa Anastasia', 'Palazzo della Ragione', 'Museo Conte', 'Torre Lamberti', 'AMO']",Casa Giulietta,"These points of interest are relatively close to the current location (Duomo) and align with typical tourist patterns, including proximity to historical sites and cultural attractions.",False,1.3134822845458984,success
0416D1121B6780,0,"['Castelvecchio', 'Museo Lapidario', 'Arena']",Casa Giulietta,"['Torre Lamberti', 'Centro Fotografia', 'Arena', 'Palazzo della Ragione', 'Museo Conte']",Santa Anastasia,"These POIs are close to Casa Giulietta, align with typical tourist patterns of visiting landmarks and museums, and the time suggests they might be looking for a place to rest or continue their explora",False,1.3538107872009277,success
0416D3121B6781,0,"['Museo Lapidario', 'Castelvecchio', 'Arena', 'Santa Anastasia']",Casa Giulietta,"['Torre Lamberti', 'Centro Fotografia', 'Sighseeing', 'Museo Conte', 'Palazzo della Ragione']",Duomo,"These points of interest are close to Casa Giulietta, the current location. The tourist is likely to continue exploring nearby attractions within walking distance during the morning hours.",False,1.2307209968566895,success
0416D34A216281,3,['Arena'],Torre Lamberti,"['Casa Giulietta', 'Museo Conte', 'Palazzo della Ragione', 'Arena', 'Sighseeing']",Santa Anastasia,"These POIs are close to the current location and align with typical tourist interests in Verona, such as historical and cultural sites.",False,1.2351369857788086,success
0416D2121B6780,6,"['Teatro Romano', 'Duomo', 'Casa Giulietta', 'Tomba Giulietta', 'Arena']",Castelvecchio,"['Arena', 'Museo Lapidario', 'San Zeno', 'Palazzo della Ragione', 'Torre Lamberti']",Torre Lamberti,"The tourist is likely to continue visiting major landmarks and attractions in Verona. The Arena, being a significant historical site, is a probable next stop. Museo Lapidario and San Zeno are nearby a",True,1.8388166427612305,success
0416D9121B6781,3,['Arena'],Castelvecchio,"['Castelvecchio', 'Museo Lapidario', 'Verona Tour', 'San Zeno', 'Casa Giulietta']",Casa Giulietta,"The tourist is currently at Castelvecchio and the next likely destination would be nearby points of interest. Given the time, they might want to explore other museums or historical sites in the vicini",True,1.3371257781982422,success
0416DC121B6781,2,"['Arena', 'Casa Giulietta', 'Torre Lamberti', 'Santa Anastasia', 'San Zeno', 'Castelvecchio']",Tomba Giulietta,"['Tomba Giulietta', 'Arena', 'Casa Giulietta', 'San Zeno', 'Castelvecchio']",Teatro Romano,"The tourist is likely to continue visiting related sites, such as Tomba Giulietta, and may also explore nearby attractions like Arena and Castelvecchio within a reasonable walking distance.",False,1.3038053512573242,success
0416D7121B6781,0,"['Arena', 'Casa Giulietta', 'Castelvecchio', 'Torre Lamberti', 'Palazzo della Ragione', 'Museo Lapidario', 'Tomba Giulietta', 'San Fermo', 'Duomo']",Santa Anastasia,"['Santa Anastasia', 'AMO', 'Museo Conte', 'Teatro Romano', 'Centro Fotografia']",Teatro Romano,"The tourist is currently at Santa Anastasia and the next likely destinations are nearby points of interest such as AMO, Museo Conte, Teatro Romano, and Centro Fotografia, considering the time context ",True,1.5662810802459717,success
0416E0121B6780,3,"['Arena', 'Casa Giulietta', 'Torre Lamberti']",San Fermo,"['Tomba Giulietta', 'Museo Storia', 'Palazzo della Ragione', 'Verona Tour', 'Centro Fotografia']",Tomba Giulietta,"These points of interest are close to the current location and align with typical tourist interests in Verona, such as historical and cultural sites.",True,1.1551244258880615,success
0416DB121B6780,6,"['Arena', 'Castelvecchio', 'Torre Lamberti', 'Teatro Romano', 'Duomo']",Santa Anastasia,"['Santa Anastasia', 'AMO', 'Museo Conte', 'Palazzo della Ragione', 'Casa Giulietta']",San Fermo,"The tourist is currently at Santa Anastasia and the next likely destinations are nearby points of interest such as AMO, Museo Conte, Palazzo della Ragione, and Casa Giulietta, considering the short di",False,1.4426064491271973,success
0416D7121B6780,4,"['Tomba Giulietta', 'Museo Storia', 'San Fermo', 'Torre Lamberti', 'Palazzo della Ragione', 'Arena']",Casa Giulietta,"['Arena', 'San Fermo', 'Museo Storia', 'Casa Giulietta', 'Teatro Romano']",Castelvecchio,"The tourist is likely to continue visiting major landmarks and attractions in Verona. The Arena, San Fermo, and Museo Storia are significant sites related to the city's history and culture. Casa Giuli",False,1.7052178382873535,success
0416E1121B6781,0,['Museo Lapidario'],Palazzo della Ragione,"['Museo Conte', 'AMO', 'Torre Lamberti', 'Centro Fotografia', 'Sighseeing']",Torre Lamberti,"These points of interest are closest to Palazzo della Ragione and align with typical tourist patterns, offering a mix of cultural and historical attractions within walking distance.",True,1.1449997425079346,success
0416DF121B6781,1,"['Arena', 'Santa Anastasia', 'Casa Giulietta', 'San Fermo', 'Torre Lamberti', 'Palazzo della Ragione', 'Castelvecchio']",Teatro Romano,"['Teatro Romano', 'Duomo', 'Museo Conte', 'Giardino Giusti', 'AMO']",Tomba Giulietta,"The tourist is currently at the Teatro Romano and it's earlier in the day. Given the usual visiting times, they might be looking to complete their tour before lunch or early afternoon. The nearby Duom",False,1.7808732986450195,success
0416ED121B6780,3,['Arena'],Torre Lamberti,"['Casa Giulietta', 'Museo Conte', 'Palazzo della Ragione', 'Arena', 'Centro Fotografia']",Casa Giulietta,"These POIs are close to the current location and align with typical tourist interests in Verona, such as historical and cultural sites.",True,1.0984022617340088,success
0416E24A216281,3,"['Arena', 'Casa Giulietta']",Tomba Giulietta,"['Tomba Giulietta', 'Arena', 'Casa Giulietta', 'San Fermo', 'Museo Storia']",Torre Lamberti,"The tourist is likely to continue visiting related sites such as the Tomba Giulietta, and given their interest in Romeo and Juliet, they might also visit Casa Giulietta again. The nearby San Fermo chu",False,1.5762319564819336,success
0416E8121B6780,0,"['Arena', 'Museo Lapidario']",Torre Lamberti,"['Casa Giulietta', 'Arena', 'Palazzo della Ragione', 'Museo Conte', 'Sighseeing']",Duomo,"These POIs are close to the current location and align with typical tourist interests in Verona, such as visiting Juliet's House and the Arena.",False,1.3332326412200928,success
0416F74A216281,1,"['Palazzo della Ragione', 'Casa Giulietta']",Castelvecchio,"['Arena', 'Museo Lapidario', 'Verona Tour', 'San Zeno', 'Torre Lamberti']",Arena,The Arena is a popular tourist attraction close to Castelvecchio. Museo Lapidario and Verona Tour are also nearby and likely to be of interest. San Zeno and Torre Lamberti are other well-known sites w,True,1.4125266075134277,success
0416FE121B6781,2,"['San Zeno', 'San Fermo', 'Torre Lamberti']",Casa Giulietta,"['Arena', 'Museo Conte', 'Palazzo della Ragione', 'Sighseeing', 'Centro Fotografia']",Arena,"These POIs are within a reasonable walking distance from Casa Giulietta and align with typical tourist interests in Verona, such as historical sites and cultural attractions.",True,1.2629036903381348,success
041707121B6785,4,"['Casa Giulietta', 'Palazzo della Ragione', 'Museo Storia', 'San Fermo']",Santa Anastasia,"['Teatro Romano', 'Duomo', 'Torre Lamberti', 'Museo Conte', 'San Fermo']",San Zeno,"These POIs are within a reasonable walking distance from Santa Anastasia and align with common tourist interests in Verona, such as historical sites and cultural attractions.",False,1.2250218391418457,success
0417094A216285,3,['Arena'],Torre Lamberti,"['Casa Giulietta', 'Museo Conte', 'Palazzo della Ragione', 'Centro Fotografia', 'Sighseeing']",Santa Anastasia,"These points of interest are close to the current location, align with typical tourist patterns by offering cultural and historical attractions, and are within a reasonable walking distance given the ",False,1.2243895530700684,success
041701121B6785,1,"['Arena', 'Castelvecchio']",Torre Lamberti,"['Casa Giulietta', 'Museo Conte', 'Palazzo della Ragione', 'Sighseeing', 'Centro Fotografia']",Santa Anastasia,"These POIs are closest to Torre Lamberti and align with typical tourist patterns, including nearby attractions like Casa Giulietta and Museo Conte.",False,1.3579704761505127,success
04171D121B6781,3,"['Arena', 'Casa Giulietta']",Castelvecchio,"['Museo Lapidario', 'Verona Tour', 'San Zeno', 'Palazzo della Ragione', 'Torre Lamberti']",Tomba Giulietta,"These points of interest are relatively close to Castelvecchio, making them convenient for a quick visit. They also align with typical tourist patterns in Verona.",False,1.2427647113800049,success
04170F4A216285,6,"['Arena', 'Castelvecchio', 'Santa Anastasia', 'Duomo', 'Teatro Romano', 'Casa Giulietta']",Torre Lamberti,"['Centro Fotografia', 'Palazzo della Ragione', 'Museo Conte', 'Torre Lamberti', 'Sighseeing']",San Fermo,"The tourist is likely to continue exploring nearby attractions, with a preference for shorter distances. The suggested POIs are within close proximity and align with typical visiting patterns.",False,1.3185417652130127,success
041717121B6785,6,"['Casa Giulietta', 'Duomo']",Arena,"['Arena', 'Verona Tour', 'Museo Lapidario', 'Castelvecchio', 'Tomba Giulietta']",Castelvecchio,"The tourist is currently at the Arena and has recently visited Casa Giulietta and Duomo. Given the proximity of other attractions, these are likely to be the next points of interest based on typical t",True,1.5264883041381836,success
041724121B6785,1,"['Arena', 'Torre Lamberti']",Castelvecchio,"['Casa Giulietta', 'Museo Lapidario', 'Verona Tour', 'San Zeno', 'Palazzo della Ragione']",Teatro Romano,"These POIs are close in proximity to Castelvecchio and align with typical tourist interests, such as visiting famous landmarks like Casa Giulietta and exploring museums.",False,1.3404533863067627,success
04172D121B6781,6,"['Arena', 'Palazzo della Ragione', 'Santa Anastasia']",Duomo,"['Teatro Romano', 'Museo Conte', 'Casa Giulietta', 'Giardino Giusti']",Casa Giulietta,"The tourist is likely to visit nearby attractions within walking distance. The Teatro Romano and Museo Conte are close by, while Casa Giulietta and Giardino Giusti are also popular sites that tourists",True,1.393770456314087,success
0417264A216285,0,"['Arena', 'Museo Lapidario']",Casa Giulietta,"['Torre Lamberti', 'Centro Fotografia', 'Sighseeing', 'Museo Conte', 'Palazzo della Ragione']",Palazzo della Ragione,"These points of interest are closest to Casa Giulietta and within a reasonable walking distance, making them the most likely next stops for tourists. The time context suggests they might be looking fo",True,1.4932641983032227,success
0417344A216285,1,"['Arena', 'Casa Giulietta', 'Palazzo della Ragione']",Torre Lamberti,"['Sighseeing', 'Centro Fotografia', 'Museo Conte']",Castelvecchio,"These points of interest are closest to the current location and are likely popular stops for tourists, given their proximity and Verona's cultural significance.",False,0.9620697498321533,success
04172F4A216285,3,['Arena'],Torre Lamberti,"['Casa Giulietta', 'Arena', 'Palazzo della Ragione', 'Museo Conte', 'Centro Fotografia']",Casa Giulietta,"These POIs are close to the current location and align with typical tourist interests in Verona, such as visiting famous landmarks like Casa Giulietta and Arena.",True,1.2514114379882812,success
041734121B6781,6,"['Arena', 'Casa Giulietta', 'Torre Lamberti']",Santa Anastasia,"['Museo Conte', 'Palazzo della Ragione', 'Teatro Romano', 'Duomo', 'Centro Fotografia']",Duomo,These points of interest are relatively close to Santa Anastasia and are popular among tourists for their historical and cultural significance.,True,1.1901609897613525,success
04171F4A216285,3,['Casa Giulietta'],Arena,"['Arena', 'Verona Tour', 'Museo Lapidario', 'Castelvecchio', 'Tomba Giulietta']",Castelvecchio,"The Arena is the next logical step after visiting Casa Giulietta, given its historical and cultural significance. Verona Tour offers a comprehensive overview of the city, which might interest tourists",True,1.9512214660644531,success
04174C4A216285,1,"['Palazzo della Ragione', 'Torre Lamberti']",Casa Giulietta,"['Arena', 'Museo Conte', 'San Fermo', 'Museo Miniscalchi', 'Santa Anastasia']",Arena,"The tourist is likely to continue exploring nearby attractions, with the Arena being a popular destination. Museo Conte and other museums are also common stops for tourists in Verona.",True,1.0705225467681885,success
04173C121B6781,3,['Arena'],Santa Anastasia,"['Museo Conte', 'Palazzo della Ragione', 'Teatro Romano', 'Duomo', 'Torre Lamberti']",Casa Giulietta,"These points of interest are relatively close to Santa Anastasia and are popular tourist destinations in Verona, making them likely next stops based on typical visitor patterns.",False,1.3819363117218018,success
0417454A216285,6,"['Tomba Giulietta', 'Arena', 'Torre Lamberti', 'Casa Giulietta', 'Santa Anastasia']",Duomo,"['Duomo', 'Teatro Romano', 'Palazzo della Ragione', 'Museo Conte', 'AMO']",Teatro Romano,"The tourist is currently at the Duomo and it's close to other historical sites like Teatro Romano and Palazzo della Ragione. Given the time, they might want to explore nearby museums or cultural cente",True,1.501774787902832,success
041741121B6781,6,"['Arena', 'Casa Giulietta', 'Torre Lamberti', 'Palazzo della Ragione', 'Santa Anastasia', 'Duomo']",Teatro Romano,"['Teatro Romano', 'AMO', 'Museo Conte', 'Giardino Giusti', 'Centro Fotografia']",Tomba Giulietta,"The tourist is likely to continue exploring nearby historical and cultural sites, with a preference for shorter distances. The Teatro Romano is the next logical step as it's part of Verona's rich hist",False,1.7981092929840088,success
04175D121B6781,0,"['Arena', 'Museo Lapidario', 'Castelvecchio', 'Santa Anastasia']",Palazzo della Ragione,"['Casa Giulietta', 'Duomo', 'Teatro Romano', 'Museo Miniscalchi', 'Centro Fotografia']",Torre Lamberti,"These POIs are within a reasonable walking distance, align with typical tourist interests in Verona, and are visited after the usual lunch time.",False,1.431187391281128,success
04172D4A216285,1,"['Santa Anastasia', 'Palazzo della Ragione', 'Torre Lamberti', 'San Fermo']",Arena,"['Arena', 'Verona Tour', 'Casa Giulietta', 'Museo Lapidario', 'Castelvecchio']",Castelvecchio,"The tourist is currently at the Arena and it's later in the day, suggesting they might be concluding their visit. The nearby POIs are within a reasonable walking distance, with 'Verona Tour' being an ",True,2.2907707691192627,success
04176A121B6781,1,"['Arena', 'Palazzo della Ragione', 'Torre Lamberti']",Casa Giulietta,"['Arena', 'San Fermo', 'Museo Conte', 'Museo Radio', 'Casa Giulietta']",Santa Anastasia,"The tourist is likely to continue exploring the historical and cultural sites of Verona. The Arena, being a famous landmark, is a probable next stop. San Fermo and other museums are also popular among",False,1.35347580909729,success
041763121B6781,3,['Arena'],Casa Giulietta,"['Arena', 'Torre Lamberti', 'San Fermo', 'Palazzo della Ragione', 'Casa Giulietta']",Torre Lamberti,"The tourist is likely to continue exploring the historical and cultural sites of Verona. The Arena, Torre Lamberti, San Fermo, Palazzo della Ragione, and Casa Giulietta are all popular attractions tha",True,1.51358962059021,success
04177E121B6780,3,"['Arena', 'Casa Giulietta']",Teatro Romano,"['Duomo', 'Arena', 'Teatro Romano', 'Santa Anastasia', 'Palazzo della Ragione']",Santa Anastasia,"Given the time context (after 16:00), tourists are likely to visit nearby attractions. The Teatro Romano is already visited, so the next probable stops would be other close-by points of interest like ",True,1.4379277229309082,success
041786121B6781,3,['Arena'],Casa Giulietta,"['Torre Lamberti', 'Centro Fotografia', 'Sighseeing', 'Museo Conte', 'Palazzo della Ragione']",Torre Lamberti,"These points of interest are closest to Casa Giulietta and within a reasonable walking distance. They also align with typical tourist patterns, offering both cultural and photographic opportunities.",True,1.4010953903198242,success
04178B121B6781,1,['Casa Giulietta'],Torre Lamberti,"['Centro Fotografia', 'Museo Conte', 'Palazzo della Ragione', 'AMO', 'Museo Miniscalchi']",Palazzo della Ragione,"These points of interest are relatively close to Torre Lamberti, making them convenient for a quick visit. They also align with typical tourist patterns of exploring nearby cultural and historical sit",True,1.4139199256896973,success
041794121B6781,1,"['Castelvecchio', 'Arena', 'Casa Giulietta']",Torre Lamberti,"['Torre Lamberti', 'Centro Fotografia', 'Palazzo della Ragione', 'Museo Conte', 'Arena']",Palazzo della Ragione,"The tourist is currently at Torre Lamberti and the next likely destination would be nearby points of interest. Considering the time (14:13) and typical tourist patterns, they might explore other histo",True,1.5541183948516846,success
0417A6121B6781,1,['Castelvecchio'],Torre Lamberti,"['Casa Giulietta', 'Museo Conte', 'Palazzo della Ragione', 'Sighseeing', 'Centro Fotografia']",Arena,"These POIs are closest to Torre Lamberti and align with typical tourist patterns, including nearby attractions like Casa Giulietta and Museo Conte.",False,1.3358263969421387,success
0417A8121B6781,3,['Arena'],Casa Giulietta,"['Torre Lamberti', 'Centro Fotografia', 'Sighseeing', 'Museo Conte', 'Palazzo della Ragione']",Teatro Romano,"These points of interest are closest to Casa Giulietta and within a reasonable walking distance. They also align with typical tourist patterns, offering both cultural and photographic opportunities.",False,1.3241777420043945,success
04179F121B6781,2,"['Castelvecchio', 'San Zeno', 'Palazzo della Ragione', 'Casa Giulietta']",Arena,"['Arena', 'Verona Tour', 'Tomba Giulietta', 'Museo Lapidario', 'San Fermo']",Santa Anastasia,"The tourist is currently at the Arena, which is a major attraction in Verona. Given the time (15:46), they might be finishing their visit there. The nearby POIs like Verona Tour and Tomba Giulietta ar",False,1.6366820335388184,success
0417B2121B6780,0,"['Castelvecchio', 'San Fermo', 'Santa Anastasia', 'Teatro Romano', 'Duomo', 'Torre Lamberti', 'Casa Giulietta']",Arena,"['Arena', 'Verona Tour', 'Museo Lapidario', 'Tomba Giulietta', 'Palazzo della Ragione']",Museo Lapidario,"The tourist is likely to continue exploring nearby attractions, with a preference for those closer in distance and relevant to the theme of Verona's history and culture.",True,1.3083736896514893,success
0417B1121B6781,6,"['Arena', 'Casa Giulietta', 'Torre Lamberti', 'Tomba Giulietta']",Duomo,"['Duomo', 'Teatro Romano', 'Palazzo della Ragione', 'Museo Miniscalchi', 'AMO']",Palazzo della Ragione,"The tourist is currently at the Duomo and has visited several historical sites. Given the time (16:28), they are likely to explore nearby attractions before sunset. The suggested POIs are within a sho",True,1.5437984466552734,success
0417B8121B6781,4,"['Casa Giulietta', 'Castelvecchio', 'Santa Anastasia', 'Duomo', 'Arena']",San Fermo,"['Tomba Giulietta', 'Museo Storia', 'Centro Fotografia', 'Torre Lamberti', 'Palazzo della Ragione']",Museo Storia,"These points of interest are close to the current location, align with typical tourist interests in Verona, and are visited based on proximity and time context.",True,1.261500597000122,success
0417B6121B6780,1,['Arena'],Castelvecchio,"['Castelvecchio', 'Museo Lapidario', 'Verona Tour', 'San Zeno', 'Torre Lamberti']",Palazzo della Ragione,"The tourist is currently at Castelvecchio and the nearby points of interest (POIs) are within a short walking distance. Given the time context, which suggests a typical visit pattern, these locations ",False,1.4526417255401611,success
0417B6121B6781,0,"['Arena', 'Torre Lamberti', 'Castelvecchio', 'Casa Giulietta', 'San Fermo', 'Teatro Romano']",Museo Lapidario,"['Tomba Giulietta', 'Verona Tour', 'Museo Radio', 'Palazzo della Ragione', 'Centro Fotografia']",Duomo,"These POIs are close to the current location and align with typical tourist patterns, including nearby attractions like Tomba Giulietta and Verona Tour, as well as historical sites such as Palazzo del",False,1.4140558242797852,success
0417C5121B6780,6,"['Arena', 'Casa Giulietta']",Torre Lamberti,"['Centro Fotografia', 'Museo Conte', 'Palazzo della Ragione', 'Sighseeing', 'Arena']",Duomo,"These POIs are relatively close to Torre Lamberti, align with typical tourist interests in Verona, and the time context suggests a short walk is feasible.",False,1.138636589050293,success
0417CF121B6780,0,"['Arena', 'Casa Giulietta', 'Torre Lamberti', 'Tomba Giulietta', 'Teatro Romano']",Museo Lapidario,"['Castelvecchio', 'Verona Tour', 'Museo Radio', 'San Fermo', 'Palazzo della Ragione']",Castelvecchio,"These POIs are relatively close to the current location and align with typical tourist interests in Verona, such as historical sites and museums.",True,1.1259815692901611,success
0417BC121B6781,0,"['Santa Anastasia', 'Castelvecchio', 'Arena', 'Museo Lapidario', 'Tomba Giulietta', 'San Fermo']",Duomo,"['Duomo', 'Casa Giulietta', 'Teatro Romano', 'Palazzo della Ragione', 'Museo Conte']",Casa Giulietta,"The tourist is currently at the Duomo and it's close to other popular sites like Casa Giulietta, Teatro Romano, Palazzo della Ragione, and Museo Conte. The time context suggests they might be looking ",True,1.7836236953735352,success
0417D1121B6780,1,"['Castelvecchio', 'Arena', 'Torre Lamberti', 'Casa Giulietta']",San Fermo,"['Arena', 'Casa Giulietta', 'San Fermo', 'Palazzo della Ragione', 'Tomba Giulietta']",Tomba Giulietta,"The tourist is likely to continue visiting famous landmarks and attractions in Verona. The suggested POIs are close by, popular among tourists, and align with the usual visit times.",True,1.292701244354248,success
0417D04A216281,3,['Casa Giulietta'],Torre Lamberti,"['Centro Fotografia', 'Museo Conte', 'Palazzo della Ragione', 'AMO', 'Museo Miniscalchi']",Arena,"These points of interest are within close proximity to the current location, making them easily accessible for a tourist. They also offer cultural and historical experiences that align with typical in",False,1.4536781311035156,success
0417CF4A216281,1,"['Casa Giulietta', 'Torre Lamberti']",Castelvecchio,"['Arena', 'Museo Lapidario', 'Verona Tour', 'San Zeno', 'Palazzo della Ragione']",Arena,The Arena is a popular tourist attraction close to Castelvecchio. Museo Lapidario and Verona Tour are also nearby and likely to be of interest. San Zeno and Palazzo della Ragione are other well-known ,True,1.5181548595428467,success
0417D24A216281,1,"['Torre Lamberti', 'Castelvecchio', 'Arena']",Casa Giulietta,"['Casa Giulietta', 'Arena', 'San Fermo', 'Palazzo della Ragione', 'Museo Conte']",Tomba Giulietta,"The tourist is likely to continue visiting famous landmarks and attractions in Verona, given the proximity of Casa Giulietta, Arena, San Fermo, Palazzo della Ragione, and Museo Conte. These locations ",False,1.4413442611694336,success
0417D5121B6780,2,"['Teatro Romano', 'Duomo', 'Arena', 'Castelvecchio', 'San Zeno']",Casa Giulietta,"['Torre Lamberti', 'Centro Fotografia', 'San Zeno', 'Museo Conte', 'Palazzo della Ragione']",San Fermo,"These POIs are close to Casa Giulietta, align with typical tourist patterns of visiting landmarks and attractions in Verona, and are within a reasonable walking distance.",False,1.2985494136810303,success
0417D3121B6780,0,"['Arena', 'Casa Giulietta', 'Santa Anastasia', 'Duomo', 'Castelvecchio', 'Palazzo della Ragione', 'Museo Lapidario']",Tomba Giulietta,"['Tomba Giulietta', 'Arena', 'Duomo', 'Castelvecchio', 'Palazzo della Ragione']",Torre Lamberti,"The tourist is likely to continue visiting major landmarks and attractions in Verona, given the time context and proximity of these sites. The Tomba Giulietta is their current location, so it makes se",False,1.5289428234100342,success
0417D94A216281,6,['Arena'],Duomo,"['Teatro Romano', 'Palazzo della Ragione', 'Museo Miniscalchi', 'Santa Anastasia', 'Arena']",Castelvecchio,"These POIs are within close proximity to the current location and align with typical tourist interests in Verona, such as historical and cultural attractions.",False,1.2138113975524902,success
0417D7121B6781,0,"['Arena', 'Casa Giulietta', 'Castelvecchio', 'Torre Lamberti', 'Palazzo della Ragione', 'Museo Lapidario', 'Tomba Giulietta', 'San Fermo', 'Duomo']",Santa Anastasia,"['Teatro Romano', 'Museo Conte', 'AMO', 'Centro Fotografia', 'Sighseeing']",Teatro Romano,"These points of interest are relatively close to Santa Anastasia, aligning with typical tourist patterns and the current time, which is later than usual visiting hours.",True,1.2555525302886963,success
0417D7121B6780,4,"['Tomba Giulietta', 'Museo Storia', 'San Fermo', 'Torre Lamberti', 'Palazzo della Ragione', 'Arena']",Casa Giulietta,"['Arena', 'San Fermo', 'Museo Storia', 'Casa Giulietta', 'Teatro Romano']",Castelvecchio,"The tourist is likely to continue visiting major landmarks and attractions in Verona, given the proximity of the Arena, San Fermo, and Teatro Romano. The Casa Giulietta is already visited, so it's les",False,1.519871473312378,success
0417D4121B6781,6,"['Arena', 'Torre Lamberti', 'Duomo', 'Santa Anastasia', 'Casa Giulietta']",Castelvecchio,"['Arena', 'Duomo', 'Museo Lapidario', 'San Zeno', 'Palazzo della Ragione']",Teatro Romano,"The tourist is likely to visit nearby attractions, and given the time context (13:36), they might prefer places that are not too far away. The Arena and Duomo were already visited, but they may revisi",False,1.7542667388916016,success
0417DC121B6781,6,"['Teatro Romano', 'Duomo', 'Santa Anastasia']",Casa Giulietta,"['Torre Lamberti', 'Teatro Romano', 'Duomo', 'Arena', 'San Fermo']",Arena,"The tourist is likely to continue exploring nearby historical sites and landmarks, given the proximity of these POIs and the usual visiting pattern in Verona.",True,1.0788586139678955,success
0417D6121B6780,6,"['Arena', 'San Fermo']",Santa Anastasia,"['Arena', 'Duomo', 'Palazzo della Ragione', 'Teatro Romano', 'Casa Giulietta']",Duomo,"The tourist is likely to continue exploring nearby historical and cultural sites, given the proximity of these POIs. The Arena and Duomo are major landmarks in Verona, while Palazzo della Ragione and ",True,1.8278002738952637,success
0417E0121B6781,4,"['Arena', 'Casa Giulietta', 'Torre Lamberti', 'Palazzo della Ragione', 'San Zeno', 'Santa Anastasia', 'San Fermo']",Museo Storia,"['Museo Storia', 'Tomba Giulietta', 'Giardino Giusti', 'Centro Fotografia', 'Sighseeing']",Castelvecchio,"The tourist is likely to continue visiting nearby attractions, with a preference for those related to the city's history and culture. The short distances make these options convenient.",False,1.1468360424041748,success
0417DE121B6781,3,['Castelvecchio'],Casa Giulietta,"['Torre Lamberti', 'Centro Fotografia', 'Sighseeing', 'Museo Conte', 'Palazzo della Ragione']",Arena,"These points of interest are closest to Casa Giulietta and within a reasonable walking distance. They also align with typical tourist patterns, offering both cultural and photographic opportunities.",False,1.312931776046753,success
0417DB121B6780,6,"['Arena', 'Castelvecchio', 'Torre Lamberti', 'Teatro Romano', 'Duomo']",Santa Anastasia,"['Santa Anastasia', 'AMO', 'Museo Conte', 'Palazzo della Ragione', 'Casa Giulietta']",San Fermo,"The tourist is currently at Santa Anastasia and the next likely destinations are nearby points of interest such as AMO, Museo Conte, Palazzo della Ragione, and Casa Giulietta, considering the short di",False,1.6609997749328613,success
0417E5121B6780,0,"['Arena', 'Museo Lapidario']",Castelvecchio,"['Casa Giulietta', 'San Zeno', 'Torre Lamberti', 'Palazzo della Ragione', 'Verona Tour']",Teatro Romano,"These POIs are close to Castelvecchio and align with typical tourist interests in Verona, such as visiting Juliet's House and other historical landmarks.",False,1.0668466091156006,success
0417E2121B6781,1,"['Teatro Romano', 'Casa Giulietta']",Palazzo della Ragione,"['Palazzo della Ragione', 'AMO', 'Museo Conte', 'Torre Lamberti', 'Centro Fotografia']",Castelvecchio,"The tourist is currently at Palazzo della Ragione and the next most likely destinations are nearby points of interest, considering the time context and typical tourist behavior.",False,1.2476692199707031,success
0417E24A216281,4,"['Arena', 'Castelvecchio']",Museo Storia,"['Casa Giulietta', 'Torre Lamberti', 'Giardino Giusti', 'Palazzo della Ragione', 'Museo Conte']",Torre Lamberti,"These locations are popular tourist destinations in Verona, close to the current location of the tourists, and align with typical visit patterns.",True,1.2683475017547607,success
0417E8121B6781,1,"['Arena', 'Torre Lamberti']",Palazzo della Ragione,"['AMO', 'Museo Conte', 'Centro Fotografia', 'Sighseeing', 'Santa Anastasia']",Casa Giulietta,"These points of interest are closest to Palazzo della Ragione and align with typical tourist patterns, offering a mix of cultural and historical attractions.",False,1.3234469890594482,success
0417EC4A216281,6,"['Arena', 'Santa Anastasia']",Duomo,"['Teatro Romano', 'Museo Miniscalchi', 'Palazzo della Ragione', 'AMO']",Palazzo della Ragione,"These points of interest are relatively close to the current location, making them convenient for a quick visit. They also offer cultural and historical insights that align with typical tourist intere",True,1.2356045246124268,success
0417E2121B6780,0,"['Casa Giulietta', 'Torre Lamberti', 'Palazzo della Ragione', 'Museo Storia', 'Tomba Giulietta', 'Museo Lapidario', 'Arena', 'San Zeno', 'Castelvecchio', 'Santa Anastasia']",Duomo,"['Duomo', 'Teatro Romano', 'Museo Miniscalchi', 'AMO', 'Giardino Giusti']",Teatro Romano,"The tourist is currently at the Duomo and it's a common stop for visitors. The nearby Teatro Romano and Museo Miniscalchi are also popular, with shorter distances making them likely choices. AMO and G",True,1.8840086460113525,success
0417FE121B6781,3,"['San Fermo', 'Torre Lamberti']",Casa Giulietta,"['Arena', 'Museo Conte', 'Palazzo della Ragione', 'Sighseeing', 'Centro Fotografia']",Arena,"These POIs are within a reasonable walking distance from Casa Giulietta and align with typical tourist interests in Verona, such as historical sites and cultural attractions.",True,1.1715173721313477,success
0417ED121B6780,6,"['Casa Giulietta', 'Torre Lamberti', 'Santa Anastasia', 'San Fermo', 'Arena']",Tomba Giulietta,"['Tomba Giulietta', 'Museo Storia', 'Museo Lapidario', 'Verona Tour', 'Centro Fotografia']",Duomo,"The tourist is currently at Tomba Giulietta and the next likely stops are nearby points of interest. Given the time context, they might want to explore other related museums or cultural centers.",False,1.4180419445037842,success
0417FA4A216281,3,['Casa Giulietta'],Arena,"['Arena', 'Verona Tour', 'Museo Lapidario', 'Castelvecchio', 'Tomba Giulietta']",Castelvecchio,"The Arena is nearby and a popular tourist destination. Verona Tour, Museo Lapidario, Castelvecchio, and Tomba Giulietta are also close by and align with the interests of visitors to Casa Giulietta.",True,1.542989730834961,success
0417F34A216281,3,['Arena'],San Fermo,"['Casa Giulietta', 'Arena', 'Museo Storia', 'Torre Lamberti', 'Palazzo della Ragione']",Torre Lamberti,"Given the current time (13:27) and proximity, tourists are likely to visit popular attractions like Casa Giulietta and Arena. The nearby Museo Storia and Torre Lamberti are also reasonable choices bas",True,1.6943955421447754,success
0418074A216285,1,"['Arena', 'Casa Giulietta']",Torre Lamberti,"['Centro Fotografia', 'Museo Conte', 'Palazzo della Ragione', 'AMO']",Palazzo della Ragione,"These POIs are relatively close to Torre Lamberti, making them convenient for a short walk. They also offer cultural experiences that tourists often seek in Verona.",True,1.1716058254241943,success
0418094A216285,2,"['Arena', 'Torre Lamberti', 'Palazzo della Ragione', 'San Zeno']",Casa Giulietta,"['San Zeno', 'Arena', 'Museo Conte', 'Torre Lamberti', 'Palazzo della Ragione']",Duomo,"These POIs are historically and culturally significant, aligning with the tourist's interests. They are also within a reasonable walking distance from Casa Giulietta.",False,1.235257863998413,success
041813121B6781,3,['Arena'],Casa Giulietta,"['Torre Lamberti', 'Centro Fotografia', 'Sighseeing', 'Museo Conte', 'Palazzo della Ragione']",Torre Lamberti,"These points of interest are closest to Casa Giulietta and within a reasonable walking distance, making them the most likely next stops for tourists. The time context suggests that visitors might want",True,1.3190159797668457,success
0418064A216285,2,"['Arena', 'Casa Giulietta', 'Tomba Giulietta', 'Castelvecchio', 'San Zeno', 'Torre Lamberti']",Teatro Romano,"['Duomo', 'Santa Anastasia', 'Palazzo della Ragione', 'Teatro Romano', 'Giardino Giusti']",Santa Anastasia,"The current location is near the Teatro Romano, and given the time (15:13), tourists might be looking for nearby attractions. The Duomo and Santa Anastasia are close by and popular sites. Palazzo dell",True,2.0330567359924316,success
041824121B6785,1,"['Arena', 'Torre Lamberti']",Castelvecchio,"['Casa Giulietta', 'Museo Lapidario', 'Verona Tour', 'San Zeno', 'Palazzo della Ragione']",Teatro Romano,"These POIs are close to Castelvecchio and align with typical tourist interests in Verona, such as visiting Juliet's House and exploring local history through museums.",False,1.273582935333252,success
04181D121B6781,6,"['Arena', 'Casa Giulietta', 'Teatro Romano', 'Duomo', 'Palazzo della Ragione']",Torre Lamberti,"['Torre Lamberti', 'Arena', 'Casa Giulietta', 'Duomo', 'Teatro Romano']",Tomba Giulietta,"Given the current location near Torre Lamberti and considering typical tourist patterns, visitors often explore nearby landmarks such as the Arena and Casa Giulietta. The Duomo and Teatro Romano are a",False,1.53468918800354,success
04181F4A216285,3,['Casa Giulietta'],Arena,"['Arena', 'Verona Tour', 'Museo Lapidario', 'Castelvecchio', 'Tomba Giulietta']",Castelvecchio,"The tourist is currently at the Arena and has recently visited Casa Giulietta. Given the time context, they are likely to explore nearby attractions like Verona Tour, Museo Lapidario, Castelvecchio, a",True,1.6045207977294922,success
041825121B6785,4,"['Arena', 'Museo Storia']",San Fermo,"['Casa Giulietta', 'Torre Lamberti', 'Museo Storia', 'Arena', 'Palazzo della Ragione']",Castelvecchio,"Given the current location near San Fermo and considering the time (16:26), tourists are likely to visit popular landmarks like Casa Giulietta and Torre Lamberti. The nearby Museo Storia was already v",False,1.689359188079834,success
04182C121B6781,1,"['Casa Giulietta', 'Torre Lamberti']",Arena,"['Arena', 'Verona Tour', 'Museo Lapidario', 'Castelvecchio', 'Tomba Giulietta']",Castelvecchio,"The tourist is currently at the Arena, which is a major attraction in Verona. Given the time (12:28), they might be looking for something to do nearby. The suggested POIs are within reasonable walking",True,1.5407061576843262,success
04182D121B6781,6,"['Arena', 'Palazzo della Ragione', 'Santa Anastasia']",Duomo,"['Teatro Romano', 'Museo Conte', 'Casa Giulietta', 'Giardino Giusti']",Casa Giulietta,"The tourist is likely to visit nearby attractions within walking distance. The Teatro Romano and Museo Conte are close by, while Casa Giulietta and Giardino Giusti are also popular sites that tourists",True,1.372209072113037,success
0418314A216285,3,"['Arena', 'Casa Giulietta', 'Santa Anastasia']",Teatro Romano,"['Duomo', 'Palazzo della Ragione', 'Museo Conte', 'Torre Lamberti', 'Giardino Giusti']",Castelvecchio,"These points of interest are relatively close to the Teatro Romano and are popular tourist destinations in Verona, making them likely next stops for tourists.",False,1.3255577087402344,success
0418264A216285,0,"['Arena', 'Museo Lapidario', 'Casa Giulietta', 'Palazzo della Ragione', 'Torre Lamberti', 'Castelvecchio']",Tomba Giulietta,"['Tomba Giulietta', 'Arena', 'Palazzo della Ragione', 'Museo Storia', 'Verona Tour']",Santa Anastasia,"The tourist is likely to continue visiting places related to the Romeo and Juliet theme, such as Tomba Giulietta. Arena is a popular nearby attraction for tourists in Verona. Palazzo della Ragione and",False,1.9192333221435547,success
04182E4A216285,3,"['Arena', 'Torre Lamberti']",Casa Giulietta,"['Arena', 'San Fermo', 'Palazzo della Ragione', 'Museo Conte', 'Casa Giulietta']",Santa Anastasia,"The tourist is likely to continue exploring nearby landmarks, with a preference for shorter distances. The Arena and San Fermo are popular attractions in Verona, while the Palazzo della Ragione offers",False,1.511014461517334,success
0418324A216285,0,"['Museo Lapidario', 'Castelvecchio', 'Torre Lamberti']",Casa Giulietta,"['Arena', 'Palazzo della Ragione', 'Museo Conte', 'San Fermo', 'Casa Giulietta']",Arena,"The tourist is likely to continue exploring nearby attractions, with the Arena being a popular destination in Verona. Palazzo della Ragione and Museo Conte are also well-known sites. San Fermo and Cas",True,1.580864429473877,success
04183C121B6781,3,"['Arena', 'Torre Lamberti', 'Casa Giulietta']",San Fermo,"['Tomba Giulietta', 'Museo Storia', 'Palazzo della Ragione', 'Verona Tour', 'Centro Fotografia']",Santa Anastasia,"These POIs are close to the current location and align with typical tourist interests in Verona, such as historical and cultural sites.",False,1.1697547435760498,success
0418344A216285,2,"['Arena', 'Teatro Romano', 'Duomo', 'Santa Anastasia']",San Fermo,"['Casa Giulietta', 'Torre Lamberti', 'Duomo', 'Arena', 'Teatro Romano']",San Zeno,"Given the current time is slightly past noon, tourists might prefer a shorter walk to Casa Giulietta or Torre Lamberti. The Duomo and Arena are major landmarks that often attract visitors after visiti",False,1.5599470138549805,success
04183B121B6781,6,"['Arena', 'Castelvecchio', 'Palazzo della Ragione', 'Santa Anastasia']",Duomo,"['Teatro Romano', 'Casa Giulietta', 'Duomo', 'Museo Conte', 'Giardino Giusti']",Teatro Romano,"The tourist is likely to visit nearby attractions like the Teatro Romano and Casa Giulietta, which are close by. The Duomo is also a popular destination in Verona. Given the time context, visiting the",True,1.6144185066223145,success
041840121B6781,3,['Casa Giulietta'],Teatro Romano,"['Teatro Romano', 'Duomo', 'Santa Anastasia', 'Palazzo della Ragione', 'Museo Conte']",Arena,"The current location is the Teatro Romano, and given the time (15:10), tourists are likely to explore nearby attractions. The distances to the suggested POIs are within a reasonable walking distance, ",False,1.5247383117675781,success
04187D121B6780,3,['Arena'],Casa Giulietta,"['Torre Lamberti', 'Centro Fotografia', 'Sighseeing', 'Museo Conte', 'Palazzo della Ragione']",Santa Anastasia,"These points of interest are closest to Casa Giulietta and align with typical tourist patterns, offering a mix of historical and cultural attractions within walking distance.",False,1.0951178073883057,success
04186D121B6781,3,"['Arena', 'Casa Giulietta']",Torre Lamberti,"['Centro Fotografia', 'Museo Conte', 'Palazzo della Ragione', 'Sighseeing', 'Arena']",Santa Anastasia,"These POIs are relatively close to the current location, align with typical tourist interests in Verona, and fit within a reasonable walking distance from Torre Lamberti at the given time.",False,1.2632784843444824,success
04183A4A216285,6,"['Duomo', 'Santa Anastasia', 'Arena']",Torre Lamberti,"['Casa Giulietta', 'Arena', 'Palazzo della Ragione', 'Museo Conte', 'Teatro Romano']",Palazzo della Ragione,"The tourist is likely to continue exploring the historical and cultural sites of Verona. Casa Giulietta is a popular attraction related to Romeo and Juliet, while Arena is a significant landmark for t",True,1.960141658782959,success
04184B4A216285,6,"['Castelvecchio', 'Arena', 'Palazzo della Ragione', 'Santa Anastasia']",Duomo,"['Duomo', 'Teatro Romano', 'Casa Giulietta', 'Giardino Giusti']",Teatro Romano,"The tourist is currently at the Duomo and it's a popular stop. The Teatro Romano and Casa Giulietta are nearby and also common attractions. Giardino Giusti, while slightly further, offers a pleasant b",True,1.5391924381256104,success
041887E2185080,2,"['Duomo', 'Santa Anastasia', 'Torre Lamberti', 'San Zeno']",San Fermo,"['Casa Giulietta', 'Arena', 'San Zeno', 'Museo Conte', 'Palazzo della Ragione']",Castelvecchio,"These POIs are popular tourist destinations in Verona, close to the current location, and align with typical visiting patterns for a tourist cluster.",False,1.3601527214050293,success
04188B121B6781,1,['Casa Giulietta'],Torre Lamberti,"['Centro Fotografia', 'Museo Conte', 'Palazzo della Ragione', 'AMO', 'Sighseeing']",Palazzo della Ragione,"These points of interest are relatively close to Torre Lamberti, making them convenient for a short walk. The tourist is likely to choose places that are not too far and offer variety in terms of cult",True,1.3550231456756592,success
0418B1121B6781,1,"['Arena', 'Castelvecchio']",Torre Lamberti,"['Casa Giulietta', 'Museo Conte', 'Palazzo della Ragione', 'Arena', 'San Fermo']",Santa Anastasia,"These POIs are close to the current location and align with typical tourist interests in Verona, such as historical and cultural sites.",False,1.152923822402954,success
04187E121B6780,3,"['Arena', 'Casa Giulietta']",Teatro Romano,"['Duomo', 'Arena', 'Teatro Romano', 'Santa Anastasia', 'Palazzo della Ragione']",Santa Anastasia,"Given the time context (after 16:00), tourists are likely to visit nearby attractions. The Teatro Romano is already visited, so the next probable stops would be other close-by points of interest like ",True,1.698209285736084,success
0418B2121B6780,6,"['Santa Anastasia', 'Duomo', 'Arena']",Torre Lamberti,"['Casa Giulietta', 'Arena', 'Duomo', 'Museo Conte', 'Palazzo della Ragione']",San Fermo,"These POIs are close to the current location and are popular tourist attractions in Verona, aligning with typical visiting patterns.",False,1.2692210674285889,success
0418AE121B6781,6,"['Santa Anastasia', 'Arena', 'Casa Giulietta']",Teatro Romano,"['Arena', 'Duomo', 'Palazzo della Ragione', 'Teatro Romano', 'Museo Conte']",Duomo,"The tourist is likely to continue exploring nearby historical and cultural sites, with a preference for shorter distances. The Arena and Teatro Romano are major attractions in Verona, while Duomo, Pal",True,1.463754653930664,success
0418B8121B6781,3,['Arena'],Castelvecchio,"['Museo Lapidario', 'Verona Tour', 'San Zeno', 'Casa Giulietta', 'Torre Lamberti']",Teatro Romano,These POIs are closest to Castelvecchio and align with typical tourist patterns of visiting historical and cultural sites in Verona.,False,1.2373437881469727,success
0418B3121B6780,2,['Castelvecchio'],Arena,"['Casa Giulietta', 'Arena', 'Verona Tour', 'Museo Lapidario', 'San Fermo']",San Zeno,"The tourist is likely to visit Casa Giulietta due to its popularity, and the Arena is nearby. Verona Tour could be chosen for a guided tour. Museo Lapidario and Museo Radio are also close by and might",False,1.4319770336151123,success
0418B6121B6780,1,['Arena'],Castelvecchio,"['Castelvecchio', 'Museo Lapidario', 'Verona Tour', 'San Zeno', 'Casa Giulietta']",Palazzo della Ragione,"The tourist is currently at Castelvecchio and the next most likely destinations are nearby points of interest, considering the short distances and typical tourist patterns.",False,1.3241684436798096,success
0418BD121B6780,6,"['Santa Anastasia', 'Duomo', 'Arena']",Casa Giulietta,"['Torre Lamberti', 'Centro Fotografia', 'Sighseeing', 'Museo Conte', 'Museo Radio']",Castelvecchio,"These points of interest are closest to Casa Giulietta and align with typical tourist patterns, offering a mix of historical and cultural attractions within walking distance.",False,1.3160371780395508,success
0418BD4A216281,2,"['Arena', 'Torre Lamberti', 'Castelvecchio']",San Zeno,"['Casa Giulietta', 'Duomo', 'Palazzo della Ragione', 'Centro Fotografia', 'Museo Lapidario']",Teatro Romano,"These POIs are close to San Zeno and align with typical tourist interests in Verona, such as historical sites and museums.",False,1.2922730445861816,success
0418B9121B6781,1,"['Arena', 'Torre Lamberti', 'Palazzo della Ragione', 'Santa Anastasia']",Casa Giulietta,"['Casa Giulietta', 'Arena', 'Duomo', 'Museo Conte', 'San Fermo']",Castelvecchio,"The tourist is likely to visit Casa Giulietta next as it's their current location. Given the time (17:08), they might want to end their tour early. The Arena and Duomo are popular sites, close by, and",False,1.6848649978637695,success
0418BE121B6780,2,"['Arena', 'Casa Giulietta']",Castelvecchio,"['Castelvecchio', 'Museo Lapidario', 'Verona Tour', 'San Zeno', 'Palazzo della Ragione']",San Zeno,"The tourist is currently at Castelvecchio and has a short distance to the Museo Lapidario and Verona Tour. San Zeno and Palazzo della Ragione are also nearby but slightly further, making them likely c",True,1.5146987438201904,success
0418B6121B6781,0,"['Arena', 'Santa Anastasia', 'Duomo', 'Casa Giulietta', 'Castelvecchio']",San Zeno,"['San Zeno', 'Verona Tour', 'Museo Lapidario', 'Torre Lamberti', 'Palazzo della Ragione']",Museo Lapidario,"The tourist is currently at San Zeno and the next likely destinations are nearby points of interest. Considering the time (16:04) which is later in the day, visitors might be looking for shorter walki",True,2.013761520385742,success
0418C4121B6781,6,"['Arena', 'Castelvecchio', 'Casa Giulietta', 'Torre Lamberti']",Teatro Romano,"['Arena', 'Santa Anastasia', 'Duomo', 'Palazzo della Ragione', 'Teatro Romano']",Duomo,"The tourist is likely to continue visiting nearby historical sites and attractions, given the proximity of the Teatro Romano and other major landmarks like Arena and Duomo within a short walking dista",True,1.2051072120666504,success
0418C24A216281,1,"['Arena', 'Casa Giulietta', 'Palazzo della Ragione', 'Torre Lamberti']",Duomo,"['Duomo', 'AMO', 'Museo Miniscalchi', 'Santa Anastasia', 'Teatro Romano']",Castelvecchio,"The tourist is currently at the Duomo and has a short distance to AMO, Museo Miniscalchi, Santa Anastasia, and Teatro Romano. These locations are popular in Verona and fit well with the time of day fo",False,1.5439209938049316,success
0418CC121B6781,1,"['Castelvecchio', 'Arena', 'Casa Giulietta', 'Teatro Romano']",Torre Lamberti,"['Centro Fotografia', 'Museo Conte', 'Palazzo della Ragione']",Santa Anastasia,"These locations are close to the current location and are popular tourist attractions in Verona, fitting the typical visiting pattern.",False,0.862086296081543,success
0418C3121B6780,0,"['Arena', 'Santa Anastasia', 'Casa Giulietta', 'Torre Lamberti', 'Palazzo della Ragione', 'Castelvecchio', 'San Zeno', 'Museo Lapidario']",Teatro Romano,"['Teatro Romano', 'Duomo', 'Museo Conte', 'Giardino Giusti', 'AMO']",Duomo,"The current location is near the Teatro Romano, which is a popular site for tourists. Given the time (15:22), visitors might be looking for nearby attractions before dinner or to end their day. The su",True,1.8078649044036865,success
0418C5121B6780,6,"['Arena', 'Casa Giulietta']",Torre Lamberti,"['Centro Fotografia', 'Museo Conte', 'Palazzo della Ragione', 'Sighseeing', 'Arena']",Duomo,"These POIs are relatively close to Torre Lamberti, making them convenient for a quick visit. The time is early afternoon, which might be suitable for shorter stops before lunch or continuing the tour.",False,1.398561954498291,success
0418C7121B6781,6,"['Arena', 'Casa Giulietta']",Duomo,"['Duomo', 'Teatro Romano', 'Palazzo della Ragione', 'Santa Anastasia', 'Museo Miniscalchi']",Palazzo della Ragione,"The tourist is currently at the Duomo and it's close to other historical sites like Teatro Romano, Palazzo della Ragione, Santa Anastasia, and Museo Miniscalchi. These locations are popular among tour",True,1.4917664527893066,success
0418C4121B6780,4,"['Arena', 'Torre Lamberti', 'Palazzo della Ragione', 'Casa Giulietta', 'Santa Anastasia']",Tomba Giulietta,"['Tomba Giulietta', 'Arena', 'Palazzo della Ragione', 'San Fermo', 'Museo Storia']",Museo Storia,"The tourist is currently at Tomba Giulietta and has visited several major attractions. Given the time (10:04, earlier than usual), they might want to visit the Arena soon for a more popular spot. Pala",True,1.9650299549102783,success
0418C9121B6781,0,"['Castelvecchio', 'Teatro Romano', 'Arena', 'Museo Lapidario', 'Torre Lamberti', 'Museo Storia']",Tomba Giulietta,"['Casa Giulietta', 'San Fermo', 'Museo Radio', 'Verona Tour', 'Palazzo della Ragione']",Arena,"These POIs are either nearby or slightly further, aligning with typical tourist patterns of exploring related sites. Casa Giulietta is a popular destination for tourists visiting Verona, and the other",False,1.6143379211425781,success
0418CF121B6780,0,"['Arena', 'Casa Giulietta', 'Torre Lamberti', 'Santa Anastasia', 'Tomba Giulietta', 'Teatro Romano']",Museo Lapidario,"['Castelvecchio', 'Verona Tour', 'Museo Radio', 'San Fermo', 'Palazzo della Ragione']",Castelvecchio,"These POIs are relatively close to the current location and align with typical tourist interests in Verona, such as historical and cultural sites.",True,1.2052733898162842,success
0418D1121B6780,1,"['Castelvecchio', 'Arena', 'Torre Lamberti', 'Casa Giulietta']",San Fermo,"['Arena', 'Casa Giulietta', 'San Fermo', 'Palazzo della Ragione', 'Tomba Giulietta']",Tomba Giulietta,"The tourist is likely to continue visiting famous landmarks and attractions in Verona. The suggested POIs are nearby and popular among tourists, considering the time context and distances.",True,1.054931640625,success
0418D0121B6781,0,"['Arena', 'Casa Giulietta', 'Torre Lamberti', 'Castelvecchio']",Museo Storia,"['Tomba Giulietta', 'Giardino Giusti', 'Palazzo della Ragione', 'Centro Fotografia', 'Museo Conte']",Museo Lapidario,"These POIs are close to the current location and align with typical tourist interests in Verona, such as historical and cultural sites.",False,1.2898664474487305,success
0418D3121B6780,1,"['Arena', 'Castelvecchio']",Torre Lamberti,"['Casa Giulietta', 'Arena', 'Palazzo della Ragione', 'Museo Conte', 'Santa Anastasia']",Casa Giulietta,"These POIs are close to the current location and align with typical tourist interests in Verona, such as visiting Juliet's House and the Arena.",True,1.2110552787780762,success
0418D4121B6781,3,"['Arena', 'Castelvecchio']",Casa Giulietta,"['Torre Lamberti', 'Centro Fotografia', 'Sighseeing', 'Museo Conte', 'Palazzo della Ragione']",Teatro Romano,"These points of interest are closest to Casa Giulietta and within a reasonable walking distance. They also align with typical tourist patterns, offering both historical and cultural experiences.",False,1.3095710277557373,success
0418D04A216281,3,['Casa Giulietta'],Torre Lamberti,"['Centro Fotografia', 'Museo Conte', 'Palazzo della Ragione', 'AMO', 'Sighseeing']",Arena,"These points of interest are relatively close to Torre Lamberti, making them convenient for a short visit. The tourist is likely to choose places that are not too far and offer variety in experience.",False,1.535564661026001,success
0418D5121B6780,2,"['Teatro Romano', 'Santa Anastasia', 'Arena', 'Castelvecchio', 'San Zeno']",Casa Giulietta,"['Torre Lamberti', 'Centro Fotografia', 'San Zeno', 'Palazzo della Ragione', 'Museo Conte']",San Fermo,"These points of interest are close to Casa Giulietta, align with typical tourist patterns by offering a mix of historical and cultural attractions, and are within a reasonable walking distance given t",False,1.5062551498413086,success
0418DA4A216281,3,['Arena'],Palazzo della Ragione,"['Arena', 'Santa Anastasia', 'Museo Conte', 'Torre Lamberti', 'AMO']",Casa Giulietta,"The tourist is likely to visit nearby attractions based on their proximity and the fact that they have already visited the Arena. The other suggested POIs are also within a short walking distance, mak",False,1.3276922702789307,success
0418DF121B6780,4,"['San Fermo', 'Casa Giulietta', 'Museo Storia']",Palazzo della Ragione,"['Torre Lamberti', 'Museo Conte', 'AMO', 'Centro Fotografia', 'Sighseeing']",Castelvecchio,"These points of interest are closest to Palazzo della Ragione and align with typical tourist patterns, focusing on nearby historical and cultural sites.",False,1.1263103485107422,success
0418D6121B6780,3,['Arena'],San Fermo,"['Casa Giulietta', 'Torre Lamberti', 'Museo Conte', 'Arena', 'Palazzo della Ragione']",Santa Anastasia,"Given the current time and proximity to the Arena, tourists are likely to visit well-known landmarks like Casa Giulietta and Torre Lamberti. The Museo Conte is also a popular choice for history enthus",False,1.8216416835784912,success
0418DC121B6781,2,"['Arena', 'Palazzo della Ragione', 'Castelvecchio', 'Casa Giulietta', 'Torre Lamberti']",Teatro Romano,"['Arena', 'Santa Anastasia', 'Duomo', 'Giardino Giusti', 'Teatro Romano']",San Zeno,"The tourist is likely to continue exploring nearby historical sites and attractions, given the proximity of the Arena and Santa Anastasia. The Duomo and Giardino Giusti are also popular stops for tour",False,1.373424768447876,success
0418DB121B6780,0,"['Arena', 'Museo Lapidario', 'Castelvecchio', 'San Zeno', 'Casa Giulietta', 'Torre Lamberti', 'Palazzo della Ragione']",Teatro Romano,"['Teatro Romano', 'Santa Anastasia', 'Duomo', 'AMO', 'Museo Conte']",Tomba Giulietta,"The tourist is likely to continue their visit at the Teatro Romano, which is nearby. Given the time context and typical patterns, they might also explore other nearby points of interest such as Santa ",False,1.5826029777526855,success
0418DE121B6781,3,['Castelvecchio'],Casa Giulietta,"['Torre Lamberti', 'Centro Fotografia', 'Sighseeing', 'Museo Conte', 'Palazzo della Ragione']",Arena,"These points of interest are closest to Casa Giulietta and within a reasonable walking distance, making them the most likely next stops for tourists. The time is early evening, which might also sugges",False,1.4670090675354004,success
0418D7121B6781,1,"['Arena', 'Casa Giulietta', 'Santa Anastasia', 'Torre Lamberti', 'Palazzo della Ragione']",Castelvecchio,"['Castelvecchio', 'Museo Lapidario', 'Verona Tour', 'San Zeno', 'Tomba Giulietta']",Tomba Giulietta,"The tourist is likely to continue exploring nearby historical and cultural sites, with a preference for shorter distances. Castelvecchio is the current location, so it's natural to stay in the vicinit",True,1.9341862201690674,success
0418E5121B6781,3,"['Arena', 'Casa Giulietta']",Teatro Romano,"['Arena', 'Duomo', 'Teatro Romano', 'Casa Giulietta', 'Santa Anastasia']",Castelvecchio,"The tourist is likely to continue exploring nearby historical sites and attractions, given the short distances between them. The Arena and Duomo are major landmarks in Verona, while Santa Anastasia is",False,1.1560254096984863,success
0418E2121B6781,4,"['Arena', 'Museo Storia']",Casa Giulietta,"['Torre Lamberti', 'Centro Fotografia', 'Sighseeing', 'Museo Conte', 'Museo Radio']",Torre Lamberti,"These points of interest are closest to Casa Giulietta and align with typical tourist patterns, offering a mix of cultural and photographic opportunities.",True,1.2689743041992188,success
0418E2121B6780,1,"['Tomba Giulietta', 'Arena', 'Torre Lamberti']",Santa Anastasia,"['Santa Anastasia', 'Duomo', 'Casa Giulietta', 'Giardino Giusti', 'Museo Conte']",Castelvecchio,"The tourist is currently at Santa Anastasia and the next likely destinations are nearby religious or historical sites such as Duomo, Casa Giulietta, and Giardino Giusti. Museo Conte is also a reasonab",False,1.570673942565918,success
0418E0121B6781,4,"['Arena', 'Casa Giulietta', 'Torre Lamberti', 'Palazzo della Ragione', 'San Zeno', 'Santa Anastasia', 'San Fermo']",Museo Storia,"['San Zeno', 'Santa Anastasia', 'Museo Storia', 'Giardino Giusti', 'Verona Tour']",Castelvecchio,"The tourist is likely to continue visiting historical and cultural sites, with San Zeno and Santa Anastasia being nearby churches. The Museo Storia is the current location, so it's probable they will ",False,1.8910095691680908,success
0418E8121B6781,1,"['Arena', 'Torre Lamberti']",Palazzo della Ragione,"['AMO', 'Museo Conte', 'Centro Fotografia', 'Sighseeing', 'Santa Anastasia']",Casa Giulietta,"These points of interest are closest to Palazzo della Ragione and align with typical tourist patterns, focusing on nearby cultural and historical sites.",False,1.230802059173584,success
0418F3121B6780,3,['Casa Giulietta'],Torre Lamberti,"['Centro Fotografia', 'Museo Conte', 'Palazzo della Ragione', 'Sighseeing']",San Fermo,"These points of interest are closest to Torre Lamberti and align with typical tourist patterns, offering a mix of cultural and photographic experiences.",False,1.124267578125,success
0418F44A216281,3,"['Arena', 'San Fermo', 'Casa Giulietta']",Palazzo della Ragione,"['Museo Conte', 'AMO', 'Torre Lamberti', 'Sighseeing', 'Centro Fotografia']",Santa Anastasia,"These points of interest are closest to Palazzo della Ragione and align well with typical tourist patterns, offering a mix of cultural and historical attractions.",False,1.0870320796966553,success
0418F34A216281,2,"['Arena', 'Santa Anastasia']",San Fermo,"['Casa Giulietta', 'Torre Lamberti', 'Museo Conte', 'Palazzo della Ragione', 'Verona Tour']",San Zeno,"These points of interest are relatively close to San Fermo and align with typical tourist interests in Verona, such as historical and cultural sites.",False,1.2497632503509521,success
0419014A216285,0,['Arena'],Casa Giulietta,"['Torre Lamberti', 'Centro Fotografia', 'Sighseeing', 'Museo Conte', 'Palazzo della Ragione']",Museo Lapidario,"These POIs are closest to Casa Giulietta and are within a reasonable walking distance. They also align with typical tourist interests in Verona, such as historical landmarks and cultural attractions.",False,1.3747072219848633,success
0419074A216285,3,['Arena'],Casa Giulietta,"['Torre Lamberti', 'Centro Fotografia', 'Sighseeing', 'Museo Conte', 'Palazzo della Ragione']",Arena,"These points of interest are closest to Casa Giulietta and within a reasonable walking distance. They also align with common tourist patterns, offering both cultural and photographic opportunities.",False,1.2263505458831787,success
041906121B6785,3,['Arena'],Santa Anastasia,"['Arena', 'Duomo', 'Palazzo della Ragione', 'Teatro Romano', 'Casa Giulietta']",Castelvecchio,"The tourist is likely to continue exploring nearby historical and cultural sites, given the proximity of these POIs. The Arena and Casa Giulietta are popular attractions in Verona, making them strong ",False,1.399914264678955,success
0418F84A216281,1,"['Arena', 'Castelvecchio', 'Casa Giulietta']",Tomba Giulietta,"['Tomba Giulietta', 'San Fermo', 'Museo Storia', 'Museo Lapidario', 'Verona Tour']",Torre Lamberti,"The tourist is likely to continue exploring related sites in the vicinity, with a preference for shorter distances. Tomba Giulietta is the current location, and nearby points of interest like San Ferm",False,1.6045818328857422,success
0419104A216285,6,['Arena'],Casa Giulietta,"['Torre Lamberti', 'Centro Fotografia', 'Sighseeing', 'Museo Conte', 'Palazzo della Ragione']",Duomo,"These points of interest are closest to Casa Giulietta and within a reasonable walking distance, making them the most likely next stops for tourists. The time context suggests that visitors might want",False,1.4201292991638184,success
041913121B6781,3,['Arena'],Casa Giulietta,"['Torre Lamberti', 'Centro Fotografia', 'Sighseeing', 'Museo Conte', 'Palazzo della Ragione']",Torre Lamberti,"These points of interest are closest to Casa Giulietta and within a reasonable walking distance, making them the most likely next stops for tourists. The time context suggests that visitors might want",True,1.4220967292785645,success
0419094A216285,1,"['Arena', 'Torre Lamberti']",Casa Giulietta,"['Arena', 'San Fermo', 'Palazzo della Ragione', 'Museo Conte', 'Casa Giulietta']",Castelvecchio,"The tourist is likely to continue exploring nearby landmarks, given the proximity of the suggested POIs. The Arena and San Fermo are popular attractions in Verona, while Palazzo della Ragione offers a",False,1.6551141738891602,success
041918121B6781,6,"['Arena', 'Castelvecchio', 'Duomo', 'Teatro Romano', 'Santa Anastasia']",Palazzo della Ragione,"['Torre Lamberti', 'AMO', 'Museo Conte', 'Centro Fotografia', 'Sighseeing']",Casa Giulietta,"These points of interest are close in proximity to Palazzo della Ragione, making them convenient for a quick visit. The time is early evening, which might be suitable for shorter stops before the usua",False,1.4430897235870361,success
04191C121B6781,6,"['Arena', 'Duomo', 'San Fermo']",Tomba Giulietta,"['Casa Giulietta', 'Museo Storia', 'Castelvecchio', 'Torre Lamberti', 'Verona Tour']",Castelvecchio,"The tourist is likely to visit nearby attractions, with Casa Giulietta being a popular site related to the story of Romeo and Juliet. The other suggested sites are within close proximity and align wel",True,1.4617094993591309,success
041916121B6781,3,['Casa Giulietta'],Arena,"['Arena', 'Verona Tour', 'Museo Lapidario', 'Castelvecchio', 'Tomba Giulietta']",Teatro Romano,"The tourist is currently at the Arena and has just visited Casa Giulietta. Given the time context (earlier in the day), it's likely they will visit nearby attractions before the usual visiting hours o",False,1.6757152080535889,success
041921121B6781,6,"['Casa Giulietta', 'Torre Lamberti', 'Arena', 'Santa Anastasia', 'Duomo']",Teatro Romano,"['Teatro Romano', 'AMO', 'Palazzo della Ragione', 'Museo Conte', 'Giardino Giusti']",Tomba Giulietta,"The tourist is currently at the Teatro Romano and it's close to other cultural attractions like AMO, Palazzo della Ragione, Museo Conte, and Giardino Giusti. These locations are popular among tourists",False,1.5200159549713135,success
04192F121B6781,3,"['Arena', 'Casa Giulietta']",Santa Anastasia,"['Palazzo della Ragione', 'Duomo', 'Teatro Romano', 'Museo Conte', 'AMO']",Castelvecchio,"These POIs are relatively close to Santa Anastasia and are popular tourist destinations in Verona, aligning with the typical visiting pattern for tourists.",False,1.2059259414672852,success
04192C121B6781,6,"['Arena', 'Casa Giulietta', 'Torre Lamberti']",Duomo,"['Duomo', 'Teatro Romano', 'Palazzo della Ragione', 'Museo Miniscalchi', 'Santa Anastasia']",Teatro Romano,"The tourist is currently at the Duomo and it's later in the day. The next likely stops are nearby attractions such as Teatro Romano, Palazzo della Ragione, Museo Miniscalchi, and Santa Anastasia.",True,1.4474222660064697,success
041924121B6781,3,"['Casa Giulietta', 'Torre Lamberti', 'Santa Anastasia']",Arena,"['Arena', 'Verona Tour', 'Museo Lapidario', 'Castelvecchio', 'Tomba Giulietta']",Tomba Giulietta,"The tourist is currently at the Arena and has already visited Casa Giulietta, Torre Lamberti, and Santa Anastasia. Given the time (15:54), they might want to explore nearby attractions like Verona Tou",True,1.8376917839050293,success
04192E4A216285,3,"['Arena', 'Torre Lamberti']",Casa Giulietta,"['Arena', 'San Fermo', 'Palazzo della Ragione', 'Museo Conte', 'Casa Giulietta']",Santa Anastasia,"The tourist is likely to continue exploring nearby landmarks, with the Arena being a popular attraction in Verona. San Fermo and Palazzo della Ragione are also close by and well-known sites. Museo Con",False,1.4652905464172363,success
0419314A216285,1,"['Arena', 'Casa Giulietta', 'Torre Lamberti']",Teatro Romano,"['Duomo', 'Santa Anastasia', 'Palazzo della Ragione', 'Museo Conte', 'Giardino Giusti']",Castelvecchio,"These POIs are close to the current location and are popular tourist attractions in Verona, making them likely next stops for visitors.",False,1.131239891052246,success
041925121B6785,4,"['Arena', 'Museo Storia']",San Fermo,"['Casa Giulietta', 'Torre Lamberti', 'Museo Storia', 'Arena', 'Palazzo della Ragione']",Castelvecchio,"Given the current location near San Fermo and considering the time (16:26), tourists are likely to visit popular landmarks like Casa Giulietta and Torre Lamberti. The nearby Museo Storia was already v",False,1.936981201171875,success
0419304A216285,6,"['Arena', 'Torre Lamberti', 'Casa Giulietta', 'Santa Anastasia']",Duomo,"['Duomo', 'Teatro Romano', 'Palazzo della Ragione', 'Museo Miniscalchi', 'AMO']",Castelvecchio,"The tourist is currently at the Duomo and has visited several historical sites. Given the time (13:29), they might want to explore nearby attractions like the Teatro Romano or Palazzo della Ragione, w",False,1.6251747608184814,success
0419324A216285,0,"['Museo Lapidario', 'Castelvecchio', 'Torre Lamberti']",Casa Giulietta,"['Arena', 'Palazzo della Ragione', 'Museo Conte', 'San Fermo', 'Casa Giulietta']",Arena,"The tourist is likely to visit nearby attractions, and the Arena, Palazzo della Ragione, Museo Conte, San Fermo, and Casa Giulietta are all within reasonable walking distance. The Arena, being a major",True,1.6034832000732422,success
04193E121B6781,1,"['Casa Giulietta', 'Arena', 'Castelvecchio']",Torre Lamberti,"['Centro Fotografia', 'Museo Conte', 'Palazzo della Ragione']",Teatro Romano,"These locations are within close proximity to Torre Lamberti, making them convenient for a quick visit. The tourist is likely to choose places that are not too far and offer interesting sights.",False,1.2397079467773438,success
04193F121B6781,1,"['Arena', 'Castelvecchio']",Torre Lamberti,"['Casa Giulietta', 'Museo Conte', 'Palazzo della Ragione', 'Arena', 'Sighseeing']",Santa Anastasia,"These POIs are close to Torre Lamberti and align with typical tourist interests in Verona, such as historical and cultural sites.",False,1.1377105712890625,success
04193B121B6781,6,"['Arena', 'Castelvecchio', 'Palazzo della Ragione', 'Santa Anastasia']",Duomo,"['Duomo', 'Teatro Romano', 'Casa Giulietta', 'Giardino Giusti', 'Museo Conte']",Teatro Romano,"The tourist is currently at the Duomo and it's a popular site to visit. Given the short distances, Teatro Romano and Museo Conte are also likely choices. Casa Giulietta and Giardino Giusti are well-kn",True,1.5575010776519775,success
04196D121B6781,3,"['Arena', 'Casa Giulietta']",Torre Lamberti,"['Centro Fotografia', 'Museo Conte', 'Palazzo della Ragione', 'Sighseeing', 'Arena']",Santa Anastasia,"These POIs are within a short walking distance from Torre Lamberti and align with typical tourist patterns, including photography centers, museums, and historical sites.",False,1.1132197380065918,success
0419344A216285,2,"['Arena', 'Teatro Romano', 'Duomo']",San Fermo,"['Casa Giulietta', 'Torre Lamberti', 'Museo Conte', 'Arena', 'Duomo']",San Zeno,"Given the time (Mon 12:10), tourists are likely to visit popular landmarks like Casa Giulietta and Torre Lamberti. The Arena and Duomo were already visited, but due to their significance, they might b",False,1.831667184829712,success
041977121B6781,6,"['Castelvecchio', 'Arena', 'San Fermo']",Santa Anastasia,"['Santa Anastasia', 'Duomo', 'Palazzo della Ragione', 'Arena', 'Casa Giulietta']",Duomo,"The tourist is currently at Santa Anastasia and the next likely destinations are nearby religious or historical sites such as Duomo, Palazzo della Ragione, and Arena. Casa Giulietta is also a popular ",True,1.2731401920318604,success
041991121B6780,3,"['Casa Giulietta', 'Arena']",Torre Lamberti,"['Centro Fotografia', 'Museo Conte', 'Palazzo della Ragione', 'AMO', 'Museo Miniscalchi']",Santa Anastasia,"These points of interest are relatively close to Torre Lamberti, making them convenient for a short walk. They also offer cultural experiences that tourists often seek in Verona.",False,1.176004409790039,success
041949121B6781,6,['Santa Anastasia'],Duomo,"['Duomo', 'Teatro Romano', 'Palazzo della Ragione', 'Museo Miniscalchi', 'AMO']",Arena,"The tourist is currently at the Duomo and has visited Santa Anastasia. Given the time (13:55), they are likely to explore nearby attractions like the Teatro Romano, Palazzo della Ragione, Museo Minisc",False,1.881582498550415,success
04197D121B6780,3,"['Arena', 'Casa Giulietta']",Teatro Romano,"['Duomo', 'Arena', 'Santa Anastasia', 'Palazzo della Ragione', 'Giardino Giusti']",Santa Anastasia,"The tourist is likely to prefer visiting nearby and popular sites like the Duomo and Arena. The Teatro Romano has already been visited, so it's less probable as the next stop. Other close points of in",True,1.8202636241912842,success
0419B1121B6780,1,"['Castelvecchio', 'Arena']",Torre Lamberti,"['Casa Giulietta', 'Arena', 'Museo Conte', 'Palazzo della Ragione', 'Sighseeing']",Palazzo della Ragione,"These POIs are close to Torre Lamberti and are popular tourist destinations in Verona. The time is early afternoon, making these more likely choices for a short break or photo opportunity.",True,1.077796220779419,success
0419B04A216281,6,"['Casa Giulietta', 'Torre Lamberti', 'Palazzo della Ragione', 'Duomo', 'Arena']",Santa Anastasia,"['Teatro Romano', 'Museo Conte', 'AMO', 'Giardino Giusti', 'Centro Fotografia']",Teatro Romano,"These points of interest are relatively close to Santa Anastasia, aligning with typical tourist patterns and the current time which is later than usual visit times.",True,1.3697528839111328,success
04194B4A216285,6,"['Castelvecchio', 'Arena', 'Palazzo della Ragione', 'Santa Anastasia']",Duomo,"['Duomo', 'Teatro Romano', 'Casa Giulietta', 'Arena', 'Giardino Giusti']",Teatro Romano,"The tourist is currently at the Duomo and it's a popular site to visit. Given the time, they might be looking for a nearby attraction to continue their tour. The Teatro Romano and Casa Giulietta are c",True,2.227503538131714,success
041992121B6780,3,"['Casa Giulietta', 'Tomba Giulietta']",Arena,"['Arena', 'Verona Tour', 'Museo Lapidario', 'Castelvecchio', 'San Fermo']",Castelvecchio,"The tourist is currently at the Arena, which is a significant historical site in Verona. Given the time (13:39), they might be looking for nearby attractions to visit before or after their current loc",True,1.5955510139465332,success
0419AE121B6781,6,"['Santa Anastasia', 'Arena', 'Casa Giulietta']",Teatro Romano,"['Arena', 'Duomo', 'Palazzo della Ragione', 'Teatro Romano', 'Museo Conte']",Duomo,"The tourist is likely to continue visiting nearby landmarks, with the Arena being a popular site and the Duomo and Palazzo della Ragione being significant historical buildings. The Teatro Romano and M",True,1.6612534523010254,success
0419BD4A216281,1,['Arena'],Torre Lamberti,"['Casa Giulietta', 'Museo Conte', 'Palazzo della Ragione', 'Arena']",Torre Lamberti,"These POIs are close to Torre Lamberti and are popular tourist destinations in Verona, aligning with the typical visiting pattern.",False,0.8622226715087891,success
0419B3121B6780,2,['Castelvecchio'],Arena,"['Casa Giulietta', 'Arena', 'Verona Tour', 'Museo Lapidario', 'San Fermo']",San Zeno,"The tourist is likely to visit Casa Giulietta due to its popularity, and the Arena is nearby. Verona Tour could be chosen for a guided tour. Museo Lapidario and San Fermo are also close by and could b",False,1.4538695812225342,success
04197D121B6781,6,"['Arena', 'Torre Lamberti']",Duomo,"['Duomo', 'Santa Anastasia', 'Teatro Romano', 'Palazzo della Ragione', 'Casa Giulietta']",San Fermo,"The tourist is currently at the Duomo and has visited Arena and Torre Lamberti. Given the time (14:25) which is in the afternoon, they are likely to visit more attractions before dinner. The nearby PO",False,2.1947600841522217,success
0419B9121B6781,0,"['Arena', 'Casa Giulietta', 'Duomo']",Teatro Romano,"['Teatro Romano', 'Santa Anastasia', 'Palazzo della Ragione', 'Museo Conte', 'Giardino Giusti']",Museo Lapidario,"The tourist is currently at the Teatro Romano and has a short distance to Santa Anastasia, Palazzo della Ragione, Museo Conte, and Giardino Giusti. These locations are popular in Verona and align with",False,1.6583924293518066,success
0419BD121B6780,6,"['Casa Giulietta', 'Santa Anastasia', 'Torre Lamberti']",Teatro Romano,"['Teatro Romano', 'Duomo', 'Palazzo della Ragione', 'Giardino Giusti', 'Sighseeing']",Duomo,"The current location is near the Teatro Romano, which is a popular site for tourists. Given the time context and distances to other nearby points of interest, visitors are likely to continue exploring",True,1.618041753768921,success
0419C3121B6780,0,"['Arena', 'Santa Anastasia', 'Casa Giulietta', 'Torre Lamberti', 'Palazzo della Ragione', 'Castelvecchio', 'San Zeno']",Museo Lapidario,"['San Zeno', 'Verona Tour', 'Museo Radio', 'Tomba Giulietta', 'Centro Fotografia']",Teatro Romano,"These POIs are either nearby or relevant to the tourist's interests, and they fit within a reasonable walking distance from the current location.",False,1.2067070007324219,success
0419C4121B6781,1,"['Arena', 'Casa Giulietta', 'Torre Lamberti', 'Santa Anastasia']",Castelvecchio,"['Castelvecchio', 'Museo Lapidario', 'Verona Tour', 'San Zeno', 'Palazzo della Ragione']",Tomba Giulietta,"The tourist is currently at Castelvecchio and the next likely destination would be nearby points of interest. Considering the time (15:07) and typical visiting patterns, a museum or historical site cl",False,1.352280616760254,success
0419C3121B6781,3,"['Arena', 'Torre Lamberti']",Teatro Romano,"['Duomo', 'Arena', 'Teatro Romano', 'Santa Anastasia', 'Palazzo della Ragione']",Tomba Giulietta,"Given the time context (near afternoon), tourists are likely to visit major landmarks like the Arena and Duomo. The Teatro Romano is nearby and popular, while Santa Anastasia and Palazzo della Ragione",False,1.5209298133850098,success
0419C8121B6780,1,"['Arena', 'Castelvecchio', 'Santa Anastasia', 'Casa Giulietta', 'Torre Lamberti', 'Palazzo della Ragione']",San Fermo,"['Tomba Giulietta', 'Museo Storia', 'Giardino Giusti', 'Centro Fotografia', 'Museo Conte']",Tomba Giulietta,"These POIs are close to the current location, align with typical tourist interests in Verona, and fit within the time context.",True,1.286755084991455,success
0419C4121B6780,4,"['Arena', 'Torre Lamberti', 'Palazzo della Ragione', 'Casa Giulietta', 'Santa Anastasia']",Tomba Giulietta,"['Tomba Giulietta', 'Arena', 'Palazzo della Ragione', 'Castelvecchio', 'Verona Tour']",Museo Storia,"The tourist is currently at Tomba Giulietta and the next likely stops are related to famous Verona landmarks, such as Arena and Palazzo della Ragione. Castelvecchio and Verona Tour are also popular at",False,1.5631475448608398,success
0419C6121B6780,6,"['Arena', 'Casa Giulietta', 'Torre Lamberti', 'San Fermo']",Santa Anastasia,"['Santa Anastasia', 'Duomo', 'Palazzo della Ragione', 'Museo Conte', 'Teatro Romano']",Duomo,"The tourist is currently at Santa Anastasia and the next most likely destinations are nearby landmarks such as Duomo, Palazzo della Ragione, Museo Conte, and Teatro Romano. These locations are popular",True,1.5229213237762451,success
0419C84A216281,1,"['Arena', 'Castelvecchio', 'Casa Giulietta']",Torre Lamberti,"['Centro Fotografia', 'Museo Conte', 'Palazzo della Ragione', 'AMO', 'Museo Miniscalchi']",Santa Anastasia,"These points of interest are relatively close to Torre Lamberti, making them convenient for a quick visit. They also offer cultural experiences that tourists often seek in Verona.",False,1.190413236618042,success
0419C9121B6781,0,"['Castelvecchio', 'Teatro Romano', 'Arena', 'Museo Lapidario', 'Torre Lamberti']",Museo Storia,"['Casa Giulietta', 'Giardino Giusti', 'Palazzo della Ragione', 'Centro Fotografia', 'Tomba Giulietta']",Tomba Giulietta,"These locations are popular tourist spots in Verona, close to the current location, and align with typical visit patterns for a tourist cluster.",True,1.2820754051208496,success
0419C7121B6781,2,"['Tomba Giulietta', 'Castelvecchio', 'Casa Giulietta', 'Torre Lamberti', 'Santa Anastasia', 'Duomo', 'Arena', 'San Fermo']",San Zeno,"['San Zeno', 'Verona Tour', 'Museo Lapidario', 'Palazzo della Ragione', 'Teatro Romano']",Teatro Romano,"The tourist is likely to visit nearby attractions and continue exploring the city. San Zeno is close, followed by other cultural sites like Verona Tour and Museo Lapidario. Palazzo della Ragione and T",True,1.7303171157836914,success
0419D0121B6781,6,"['Castelvecchio', 'Duomo', 'Santa Anastasia']",Palazzo della Ragione,"['Palazzo della Ragione', 'AMO', 'Museo Conte', 'Torre Lamberti', 'Centro Fotografia']",Arena,"The tourist is currently at Palazzo della Ragione and the next likely destination would be nearby points of interest. Considering the time context, these locations are within a reasonable walking dist",False,1.3453989028930664,success
0419CC121B6781,6,"['Arena', 'San Fermo', 'Castelvecchio', 'Casa Giulietta', 'Torre Lamberti']",Santa Anastasia,"['Santa Anastasia', 'Duomo', 'Teatro Romano', 'Palazzo della Ragione', 'Museo Conte']",Duomo,"The tourist is likely to continue exploring nearby historical and cultural sites, given the proximity of Santa Anastasia. The Duomo and Teatro Romano are also popular destinations in Verona, making th",True,1.777796745300293,success
0419D2121B6780,3,"['Casa Giulietta', 'Castelvecchio']",Teatro Romano,"['Duomo', 'Teatro Romano', 'Santa Anastasia', 'Palazzo della Ragione', 'Giardino Giusti']",Arena,"The current location is the Teatro Romano, and considering the short distances to other major attractions like Duomo and Santa Anastasia, these are likely next stops. The nearby Palazzo della Ragione ",False,1.626889705657959,success
0419CC4A216281,1,"['Casa Giulietta', 'Torre Lamberti', 'Palazzo della Ragione']",Arena,"['Arena', 'Verona Tour', 'Museo Lapidario', 'Castelvecchio', 'Tomba Giulietta']",Castelvecchio,"The tourist is currently at the Arena, which is a major attraction in Verona. Given the time (12:42), they might want to explore other nearby attractions like the Verona Tour or Museo Lapidario. Caste",True,1.74910306930542,success
0419DC121B6781,2,"['Arena', 'Casa Giulietta', 'Palazzo della Ragione', 'Teatro Romano']",Castelvecchio,"['Museo Lapidario', 'Verona Tour', 'San Zeno', 'Torre Lamberti', 'Centro Fotografia']",San Zeno,"These POIs are closest to Castelvecchio and fit the typical tourist pattern of visiting smaller, nearby attractions after the major sites.",True,1.0883948802947998,success
0419D8121B6780,6,"['Arena', 'Palazzo della Ragione', 'Tomba Giulietta', 'Casa Giulietta', 'Torre Lamberti']",Duomo,"['Duomo', 'Teatro Romano', 'Santa Anastasia', 'Museo Conte', 'Giardino Giusti']",San Fermo,"The tourist is currently at the Duomo and it's close to other historical sites like Teatro Romano and Santa Anastasia. Given the time, they might want to explore more nearby attractions before heading",False,1.4807586669921875,success
0419DF121B6780,2,"['Arena', 'San Zeno', 'Castelvecchio', 'San Fermo', 'Casa Giulietta']",Santa Anastasia,"['Duomo', 'Teatro Romano', 'Palazzo della Ragione', 'Centro Fotografia', 'Museo Conte']",Tomba Giulietta,"These POIs are within close proximity to Santa Anastasia and align with typical tourist patterns, offering a mix of historical and cultural attractions.",False,1.2407643795013428,success
0419DB121B6780,0,"['Arena', 'Museo Lapidario', 'Castelvecchio', 'San Zeno', 'Casa Giulietta', 'Torre Lamberti', 'Palazzo della Ragione']",Teatro Romano,"['Teatro Romano', 'Santa Anastasia', 'Duomo', 'AMO', 'Museo Conte']",Tomba Giulietta,"The tourist is likely to continue their exploration of Verona's historical sites, with the Teatro Romano being a natural next step. Nearby points of interest such as Santa Anastasia and Duomo are also",False,1.3892862796783447,success
0419E64A216281,6,"['Arena', 'Casa Giulietta']",Santa Anastasia,"['Duomo', 'Palazzo della Ragione', 'Teatro Romano', 'Museo Conte', 'Centro Fotografia']",Duomo,"These POIs are within a reasonable walking distance from Santa Anastasia and align with typical tourist interests in Verona, such as historical sites and museums.",True,1.1443142890930176,success
0419E3121B6780,3,"['Casa Giulietta', 'Santa Anastasia', 'Tomba Giulietta']",Arena,"['Arena', 'Verona Tour', 'Museo Lapidario', 'San Fermo', 'Castelvecchio']",Castelvecchio,"The tourist is currently at the Arena, which is a major attraction in Verona. Given the time (Sat 11:08), they are likely to explore nearby attractions. The suggested POIs are within reasonable walkin",True,1.4511370658874512,success
0419D64A216281,3,"['Arena', 'Casa Giulietta']",Teatro Romano,"['Duomo', 'Arena', 'Teatro Romano', 'Casa Giulietta', 'Santa Anastasia']",Castelvecchio,"Given the time (Fri 11:56), tourists are likely to explore nearby landmarks. The Teatro Romano is already visited, so Duomo and Santa Anastasia, which are close by, are probable next stops. Arena and ",False,1.8714137077331543,success
0419F3121B6780,3,['Casa Giulietta'],Torre Lamberti,"['Centro Fotografia', 'Museo Conte', 'Palazzo della Ragione', 'Sighseeing']",San Fermo,These POIs are closest to Torre Lamberti and align with typical tourist patterns of exploring nearby cultural attractions.,False,0.9391298294067383,success
0419EE121B6780,4,"['Arena', 'Casa Giulietta', 'Museo Storia']",Torre Lamberti,"['Centro Fotografia', 'Museo Conte', 'Palazzo della Ragione']",Teatro Romano,"These locations are within close proximity to Torre Lamberti and are popular tourist attractions, making them likely next stops for the group.",False,1.0957605838775635,success
0419F84A216281,1,"['Arena', 'Castelvecchio', 'Casa Giulietta']",Tomba Giulietta,"['Tomba Giulietta', 'San Fermo', 'Museo Storia', 'Museo Lapidario', 'Verona Tour']",Torre Lamberti,The tourist is likely to continue exploring related historical and cultural sites in the vicinity of Tomba Giulietta. The nearby Museums and San Fermo are also popular stops for tourists visiting Vero,False,1.3315057754516602,success
0419DE121B6781,2,"['Casa Giulietta', 'Castelvecchio']",Duomo,"['Duomo', 'Santa Anastasia', 'Teatro Romano', 'Palazzo della Ragione', 'Museo Conte']",San Zeno,"The tourist is currently at the Duomo and has visited Casa Giulietta and Castelvecchio. Given the time (11:42) which is earlier than usual visiting hours, they might be exploring more sites before the",False,2.4482274055480957,success
041A06121B6785,2,"['Casa Giulietta', 'Arena']",Castelvecchio,"['Museo Lapidario', 'Verona Tour', 'Torre Lamberti', 'San Zeno', 'Palazzo della Ragione']",San Zeno,"These points of interest are relatively close to Castelvecchio, making them convenient for a short walk. They also offer cultural and historical experiences that align with typical tourist interests i",True,1.2343404293060303,success
041A014A216285,0,['Arena'],Casa Giulietta,"['Torre Lamberti', 'Centro Fotografia', 'Sighseeing', 'Museo Conte', 'Palazzo della Ragione']",Museo Lapidario,"These points of interest are closest to Casa Giulietta and are within a reasonable walking distance. They also align with typical tourist patterns, offering both cultural and photographic opportunitie",False,1.5339815616607666,success
041A1F121B6781,1,"['Arena', 'Casa Giulietta', 'Palazzo della Ragione']",Torre Lamberti,"['Sighseeing', 'Centro Fotografia', 'Museo Conte']",Teatro Romano,"These points of interest are closest to Torre Lamberti and within a reasonable walking distance for tourists, making them the most likely next stops.",False,0.9618735313415527,success
041A1C121B6781,6,['Arena'],Duomo,"['Teatro Romano', 'Palazzo della Ragione', 'Museo Miniscalchi', 'Santa Anastasia', 'AMO']",Casa Giulietta,"These points of interest are relatively close to the current location (Duomo) and are popular tourist destinations in Verona, making them likely next stops for tourists.",False,1.1413676738739014,success
041A2B121B6781,1,"['Arena', 'Castelvecchio']",Torre Lamberti,"['Casa Giulietta', 'Arena', 'Palazzo della Ragione', 'Museo Conte', 'Sighseeing']",Casa Giulietta,"These POIs are close to the current location and align with typical tourist interests in Verona, such as visiting famous landmarks like Casa Giulietta and Arena.",True,1.151519536972046,success
041A18121B6781,6,['Duomo'],Santa Anastasia,"['Palazzo della Ragione', 'Teatro Romano', 'Museo Conte', 'AMO', 'Torre Lamberti']",Arena,"These points of interest are relatively close to Santa Anastasia and are popular tourist destinations in Verona, aligning with typical visiting patterns.",False,1.3658692836761475,success
0419F44A216281,1,"['Casa Giulietta', 'Castelvecchio']",Arena,"['Arena', 'Verona Tour', 'Museo Lapidario', 'San Fermo', 'Tomba Giulietta']",Torre Lamberti,"The tourist is currently at the Arena, which is a major attraction in Verona. Given the time (14:21), they are likely to stay for some duration. The nearby points of interest such as Verona Tour and M",False,2.081206798553467,success
041A16121B6781,3,['Casa Giulietta'],Arena,"['Arena', 'Verona Tour', 'Museo Lapidario', 'Castelvecchio', 'Tomba Giulietta']",Teatro Romano,"The tourist is currently at the Arena and has just visited Casa Giulietta. Given the time (10:11), which is earlier than usual, they might be exploring early. The nearby points of interest are relativ",False,1.6416773796081543,success
041A0B4A216285,6,"['Arena', 'Casa Giulietta', 'Torre Lamberti', 'Castelvecchio', 'Santa Anastasia']",Duomo,"['Duomo', 'Teatro Romano', 'Palazzo della Ragione', 'Museo Miniscalchi', 'AMO']",Teatro Romano,"The tourist is currently at the Duomo and it's a popular site to visit. Given the time (15:45), they might want to continue their exploration of historical sites nearby, such as the Teatro Romano and ",True,1.8393292427062988,success
041A2D121B6781,0,['Casa Giulietta'],Arena,"['Arena', 'Verona Tour', 'Museo Lapidario', 'Castelvecchio', 'Tomba Giulietta']",Museo Lapidario,"The tourist is currently at the Arena and has recently visited Casa Giulietta. Given the proximity of other related sites such as Tomba Giulietta, and considering typical tourist patterns, these locat",True,1.6002345085144043,success
041A2F121B6781,3,"['Arena', 'Casa Giulietta']",Santa Anastasia,"['Duomo', 'Teatro Romano', 'Palazzo della Ragione', 'Museo Conte', 'Centro Fotografia']",Castelvecchio,"These POIs are within a reasonable walking distance from Santa Anastasia and align with typical tourist interests in Verona, such as historical sites and cultural museums.",False,1.2330260276794434,success
041A3B4A216285,6,"['Casa Giulietta', 'Torre Lamberti', 'Arena']",Santa Anastasia,"['Duomo', 'Teatro Romano', 'Palazzo della Ragione', 'Museo Conte', 'AMO']",Duomo,"These points of interest are relatively close to Santa Anastasia and align with common tourist interests in Verona, such as historical and cultural attractions.",True,1.1610393524169922,success
041A39121B6781,4,['Arena'],Palazzo della Ragione,"['Arena', 'AMO', 'Museo Conte', 'Torre Lamberti', 'Santa Anastasia']",Museo Storia,"The tourist is likely to visit nearby attractions and given the time, they might want to explore more cultural sites. The suggested POIs are within a short walking distance.",False,1.2090818881988525,success
041A3D4A216285,3,['Arena'],Torre Lamberti,"['Casa Giulietta', 'Museo Conte', 'Palazzo della Ragione', 'Arena', 'Centro Fotografia']",Teatro Romano,"These POIs are close to the current location and align with typical tourist interests in Verona, such as historical and cultural sites.",False,1.129438877105713,success
041A3E121B6781,1,"['Arena', 'Casa Giulietta']",Torre Lamberti,"['Centro Fotografia', 'Museo Conte', 'Palazzo della Ragione', 'Sighseeing', 'Arena']",Castelvecchio,"These POIs are within a short walking distance from Torre Lamberti and align with typical tourist patterns, including photography centers, museums, and historical sites.",False,1.1619927883148193,success
041A3C4A216285,3,['Arena'],Castelvecchio,"['Museo Lapidario', 'Verona Tour', 'Museo Miniscalchi', 'Casa Giulietta', 'Torre Lamberti']",Casa Giulietta,These POIs are closest to Castelvecchio and align with typical tourist patterns of visiting multiple museums and historical sites in a short period.,True,1.3263146877288818,success
041A2F4A216285,1,"['Arena', 'Casa Giulietta', 'Castelvecchio']",Tomba Giulietta,"['Tomba Giulietta', 'Museo Storia', 'San Fermo', 'Verona Tour', 'Centro Fotografia']",Torre Lamberti,"The tourist is currently at Tomba Giulietta and it's a popular stop for visitors. The next closest points of interest are San Fermo, Museo Storia, Verona Tour, and Centro Fotografia, which align with ",False,1.6789112091064453,success
041A4C4A216285,2,"['Arena', 'Torre Lamberti', 'Duomo', 'Teatro Romano', 'San Fermo', 'Tomba Giulietta']",Castelvecchio,"['Casa Giulietta', 'San Zeno', 'Museo Miniscalchi', 'Palazzo della Ragione', 'Centro Fotografia']",San Zeno,"These POIs are close to Castelvecchio and align with typical tourist patterns, offering a mix of historical and cultural attractions.",True,1.2914996147155762,success
041A304A216285,6,"['Arena', 'Torre Lamberti', 'Casa Giulietta', 'Santa Anastasia']",Duomo,"['Duomo', 'Teatro Romano', 'Palazzo della Ragione', 'Museo Miniscalchi', 'AMO']",Castelvecchio,"The tourist is currently at the Duomo and has visited several historical sites. Given the time (13:29), they might want to explore nearby attractions like the Teatro Romano or Palazzo della Ragione, w",False,1.7511746883392334,success
041A69121B6780,3,['Arena'],Casa Giulietta,"['Torre Lamberti', 'Centro Fotografia', 'Sighseeing', 'Museo Conte']",Santa Anastasia,"These POIs are closest to Casa Giulietta and are likely popular stops given the time of day, which is early afternoon, making them convenient for a short visit before potentially moving on to other at",False,1.099994421005249,success
041A3F121B6781,1,"['Arena', 'Castelvecchio']",Torre Lamberti,"['Casa Giulietta', 'Museo Conte', 'Palazzo della Ragione', 'Sighseeing', 'Centro Fotografia']",Santa Anastasia,"These points of interest are close to the current location and align with typical tourist patterns, such as visiting famous landmarks like Casa Giulietta and cultural museums like Museo Conte. The Sig",False,1.4860334396362305,success
041A77121B6781,6,"['Castelvecchio', 'Arena', 'San Fermo']",Santa Anastasia,"['Museo Conte', 'Palazzo della Ragione', 'Teatro Romano', 'Duomo', 'Torre Lamberti']",Duomo,"These points of interest are relatively close to Santa Anastasia and are popular among tourists, especially during the afternoon when they might be looking for a variety of cultural experiences.",True,1.236572504043579,success
041A7D121B6781,6,['Arena'],Torre Lamberti,"['Casa Giulietta', 'Arena', 'Palazzo della Ragione', 'Museo Conte', 'Centro Fotografia']",Duomo,"These POIs are close to the current location and align with typical tourist interests in Verona, such as visiting famous landmarks like Casa Giulietta and Arena.",False,1.2927608489990234,success
041AB04A216281,6,"['Teatro Romano', 'Duomo', 'Arena']",Castelvecchio,"['Castelvecchio', 'Museo Lapidario', 'Casa Giulietta', 'San Zeno', 'Torre Lamberti']",Casa Giulietta,"The tourist is likely to continue exploring nearby historical and cultural sites, with a preference for shorter distances due to the time of day.",True,1.1015872955322266,success
041AB1121B6780,1,"['Castelvecchio', 'Arena']",Torre Lamberti,"['Casa Giulietta', 'Arena', 'Museo Conte', 'Palazzo della Ragione', 'Sighseeing']",Palazzo della Ragione,"These POIs are close to the current location and are popular tourist attractions in Verona, aligning with typical visiting patterns.",True,1.106022596359253,success
041A7F121B6780,1,['Torre Lamberti'],Arena,"['Arena', 'Verona Tour', 'Museo Lapidario', 'Casa Giulietta', 'San Fermo']",Castelvecchio,"The tourist is currently at the Arena and has recently visited Torre Lamberti. Given the short distances, these points of interest are likely to be the next stops based on typical tourist patterns.",False,1.5030231475830078,success
041A60121B6781,1,"['Arena', 'Casa Giulietta', 'Torre Lamberti', 'Santa Anastasia', 'Palazzo della Ragione']",Castelvecchio,"['Castelvecchio', 'Museo Lapidario', 'Verona Tour', 'San Zeno', 'Tomba Giulietta']",Teatro Romano,"The tourist is likely to continue exploring nearby historical and cultural sites, with a preference for shorter distances. Castelvecchio is the current location, so it's natural to stay in the vicinit",False,2.181544065475464,success
041ABA4A216281,6,"['Arena', 'Casa Giulietta', 'Santa Anastasia', 'Duomo', 'Teatro Romano']",San Fermo,"['Torre Lamberti', 'Palazzo della Ragione', 'Tomba Giulietta', 'Museo Conte', 'Centro Fotografia']",Castelvecchio,"These POIs are close to the current location and align with typical tourist interests in Verona, such as historical landmarks and cultural attractions.",False,1.138868808746338,success
041AB6121B6781,2,"['San Zeno', 'Castelvecchio', 'Arena', 'Tomba Giulietta', 'Casa Giulietta']",Santa Anastasia,"['Duomo', 'Palazzo della Ragione', 'Teatro Romano', 'Centro Fotografia', 'Museo Conte']",Duomo,"These POIs are within close proximity to Santa Anastasia and align with typical tourist patterns, offering a mix of historical and cultural attractions that visitors often explore in Verona.",True,1.4786686897277832,success
041AB9121B6781,1,"['Casa Giulietta', 'Torre Lamberti']",Arena,"['Arena', 'Verona Tour', 'Museo Lapidario', 'Castelvecchio', 'Tomba Giulietta']",Castelvecchio,"The tourist is currently at the Arena, which is a major attraction in Verona. Given the time context and distances, the next likely stops would be nearby attractions such as Verona Tour for guided tou",True,1.6173417568206787,success
041A92121B6780,3,"['Casa Giulietta', 'Casa Giulietta']",Arena,"['Arena', 'Verona Tour', 'Museo Lapidario', 'Castelvecchio', 'Tomba Giulietta']",Castelvecchio,"The tourist is currently at the Arena and has just visited Casa Giulietta. The Arena is a major attraction in Verona, likely to be of interest after visiting Casa Giulietta. Nearby points of interest ",True,2.1121175289154053,success
041ABB4A216281,0,"['Museo Lapidario', 'Castelvecchio', 'Casa Giulietta', 'Torre Lamberti', 'Palazzo della Ragione']",Santa Anastasia,"['Santa Anastasia', 'Duomo', 'Teatro Romano', 'Museo Conte', 'AMO']",Teatro Romano,"The tourist is currently at Santa Anastasia and the next likely destinations are nearby points of interest. The Duomo, Teatro Romano, Museo Conte, and AMO are all within a short walking distance and a",True,1.6210107803344727,success
041AB7121B6780,1,"['Arena', 'Torre Lamberti', 'Castelvecchio']",Casa Giulietta,"['Casa Giulietta', 'Arena', 'Torre Lamberti', 'Palazzo della Ragione', 'Museo Conte']",Santa Anastasia,"The tourist is currently at Casa Giulietta and has already visited Arena, Torre Lamberti. Given the time (11:32 AM instead of usual afternoon visit), they might want to explore other attractions befor",False,1.8386902809143066,success
041AC4121B6781,6,"['Palazzo della Ragione', 'Duomo']",Torre Lamberti,"['Casa Giulietta', 'Museo Conte', 'Arena', 'Duomo', 'San Fermo']",Arena,"These POIs are close to Torre Lamberti and align with typical tourist interests in Verona, such as historical and cultural sites.",True,1.0575804710388184,success
041AC3121B6781,1,"['Casa Giulietta', 'Tomba Giulietta', 'Arena']",Castelvecchio,"['Castelvecchio', 'Museo Lapidario', 'Verona Tour', 'San Zeno', 'Palazzo della Ragione']",Palazzo della Ragione,"The tourist is likely to continue exploring historical and cultural sites in Verona. Castelvecchio is the current location, so it makes sense to stay nearby. The other suggested POIs are within close ",True,1.6573708057403564,success
041AD64A216281,1,"['Arena', 'Casa Giulietta', 'Torre Lamberti', 'Santa Anastasia']",Teatro Romano,"['Duomo', 'Palazzo della Ragione', 'Museo Conte', 'Giardino Giusti', 'Centro Fotografia']",Castelvecchio,"These points of interest are relatively close to the Teatro Romano and align with typical tourist patterns, including nearby religious sites, historical buildings, and gardens.",False,1.131528615951538,success
041AC7121B6780,6,"['Duomo', 'Tomba Giulietta', 'Palazzo della Ragione', 'Arena']",Castelvecchio,"['Casa Giulietta', 'San Zeno', 'Torre Lamberti', 'Museo Miniscalchi', 'Arena']",Teatro Romano,"These locations are popular among tourists and are within a reasonable walking distance. Casa Giulietta is close to Castelvecchio, making it a natural next stop for visitors interested in the Romeo an",False,1.5557301044464111,success
041AC8121B6780,6,"['Arena', 'Castelvecchio', 'Casa Giulietta', 'Torre Lamberti', 'Duomo']",Tomba Giulietta,"['Tomba Giulietta', 'Duomo', 'Arena', 'Palazzo della Ragione', 'Centro Fotografia']",San Fermo,"The tourist is currently at Tomba Giulietta, which is part of the Romeo and Juliet theme. The next likely stop would be Duomo for its historical significance. Arena is a popular attraction in Verona. ",False,1.6320436000823975,success
041ADB121B6781,2,"['Tomba Giulietta', 'Teatro Romano', 'Casa Giulietta', 'Arena', 'San Zeno']",Castelvecchio,"['Castelvecchio', 'Museo Lapidario', 'Verona Tour', 'Sighseeing', 'Palazzo della Ragione']",Torre Lamberti,"The tourist is likely to continue exploring historical and cultural sites in Verona. Castelvecchio is the next logical step as it's nearby, followed by other museums and attractions within a short wal",False,1.3645920753479004,success
041ADC121B6780,3,['Arena'],Torre Lamberti,"['Casa Giulietta', 'Museo Conte', 'Palazzo della Ragione', 'Sighseeing', 'Centro Fotografia']",Santa Anastasia,"These POIs are closest to Torre Lamberti and align with typical tourist patterns, offering a mix of historical and cultural attractions.",False,1.2316951751708984,success
041AE64A216281,6,"['Arena', 'Casa Giulietta', 'Torre Lamberti']",Santa Anastasia,"['Duomo', 'Teatro Romano', 'Palazzo della Ragione', 'Museo Conte', 'AMO']",Duomo,"These POIs are relatively close to Santa Anastasia and are popular tourist destinations in Verona, aligning with the typical visiting pattern.",True,1.1018145084381104,success
041ACC4A216281,1,"['Casa Giulietta', 'Torre Lamberti', 'Palazzo della Ragione']",Arena,"['Arena', 'Verona Tour', 'Museo Lapidario', 'Castelvecchio', 'Tomba Giulietta']",Castelvecchio,"The tourist is currently at the Arena, which is a major attraction in Verona. Given the time (12:42), they might be looking for something to do before or after their visit. The nearby POIs like Verona",True,2.049588203430176,success
041ADE121B6781,6,"['Arena', 'Santa Anastasia', 'Casa Giulietta']",Castelvecchio,"['Castelvecchio', 'Museo Lapidario', 'Verona Tour', 'San Zeno', 'Palazzo della Ragione']",Duomo,"The tourist is currently at Castelvecchio and it's later in the day. The nearby Museo Lapidario, Verona Tour, San Zeno, and Palazzo della Ragione are all within reasonable walking distance and could b",False,1.5260143280029297,success
041ADE121B6780,1,"['Arena', 'Torre Lamberti', 'Palazzo della Ragione', 'Teatro Romano', 'San Fermo']",Tomba Giulietta,"['Casa Giulietta', 'Museo Storia', 'Verona Tour', 'Teatro Romano', 'Arena']",Santa Anastasia,"The tourist is likely to visit Casa Giulietta next due to its proximity and relevance. The Museo Storia, Verona Tour, Teatro Romano, and Arena are also popular stops in Verona and close enough for a q",False,1.7472078800201416,success
041AF44A216281,3,['Arena'],Santa Anastasia,"['Arena', 'Duomo', 'Palazzo della Ragione', 'Teatro Romano', 'Casa Giulietta']",Castelvecchio,"The tourist is likely to continue exploring nearby historical and cultural sites, given the proximity of these POIs. The Arena, Duomo, and Palazzo della Ragione are popular attractions in Verona, maki",False,1.3551485538482666,success
041B154A216285,3,['Arena'],Casa Giulietta,"['Torre Lamberti', 'Centro Fotografia', 'Sighseeing', 'Museo Conte', 'Palazzo della Ragione']",Tomba Giulietta,"These points of interest are closest to Casa Giulietta and within a reasonable walking distance, making them the most likely next stops for tourists. The time context suggests that visitors might want",False,1.1705443859100342,success
041AEE121B6780,6,"['Casa Giulietta', 'Torre Lamberti', 'Santa Anastasia', 'San Fermo', 'Arena']",Tomba Giulietta,"['Tomba Giulietta', 'Museo Storia', 'Museo Lapidario', 'Verona Tour', 'Centro Fotografia']",Duomo,"The tourist is currently at Tomba Giulietta and the next likely stops are other nearby attractions such as Museo Storia, Museo Lapidario, Verona Tour, and Centro Fotografia, considering the time conte",False,1.7190091609954834,success
041B0B4A216285,6,"['Arena', 'Casa Giulietta', 'Torre Lamberti', 'Castelvecchio', 'Santa Anastasia']",Duomo,"['Duomo', 'Teatro Romano', 'Palazzo della Ragione', 'Museo Miniscalchi', 'AMO']",Teatro Romano,"The tourist is currently at the Duomo and it's a popular destination. Given the time, they might want to continue their sightseeing in nearby areas like Teatro Romano or Palazzo della Ragione. AMO is ",True,1.646151065826416,success
041B1F121B6781,1,"['Arena', 'Casa Giulietta', 'Palazzo della Ragione', 'Torre Lamberti', 'Torre Lamberti']",Santa Anastasia,"['Duomo', 'Teatro Romano', 'Museo Conte', 'AMO', 'Centro Fotografia']",Teatro Romano,"These POIs are relatively close to the current location and align with typical tourist interests in Verona, such as historical sites and museums.",True,1.2245182991027832,success
041ADF121B6780,0,"['Teatro Romano', 'Santa Anastasia', 'Casa Giulietta', 'Castelvecchio']",Arena,"['Arena', 'Verona Tour', 'Museo Lapidario', 'San Fermo', 'Tomba Giulietta']",Museo Lapidario,"The tourist is currently at the Arena, which is a popular destination in Verona. Given the time (14:54), they might be finishing their visit or leaving soon. The nearby points of interest like Verona ",True,2.1412031650543213,success
041B1E121B6781,3,['Arena'],Casa Giulietta,"['Torre Lamberti', 'Centro Fotografia', 'Sighseeing', 'Museo Conte', 'Palazzo della Ragione']",Torre Lamberti,"These POIs are closest to Casa Giulietta and are within a reasonable walking distance. They also align with typical tourist interests in Verona, such as historical sites and cultural attractions.",True,1.3234906196594238,success
041B174A216285,2,"['San Zeno', 'Arena', 'Torre Lamberti']",Casa Giulietta,"['San Zeno', 'Arena', 'Museo Conte', 'Palazzo della Ragione', 'Centro Fotografia']",Duomo,"The tourist is likely to continue exploring nearby landmarks, with a preference for shorter distances. San Zeno and Arena are popular sites in Verona, while Museo Conte and Palazzo della Ragione offer",False,1.6455650329589844,success
041B2A121B6781,3,['Arena'],Casa Giulietta,"['Torre Lamberti', 'Centro Fotografia', 'Sighseeing', 'Museo Conte']",Torre Lamberti,These POIs are closest to Casa Giulietta and align with typical tourist patterns of exploring nearby landmarks and cultural sites.,True,1.0446414947509766,success
041B284A216285,6,['Arena'],Torre Lamberti,"['Casa Giulietta', 'Museo Conte', 'Palazzo della Ragione', 'Centro Fotografia', 'Sighseeing']",Duomo,"These points of interest are close to the current location, aligning with typical tourist patterns of visiting multiple attractions in a short distance. The Arena and Torre Lamberti have already been ",False,1.476409912109375,success
041B294A216285,6,['Arena'],Duomo,"['Duomo', 'Teatro Romano', 'Palazzo della Ragione', 'Museo Conte', 'Santa Anastasia']",Santa Anastasia,"The tourist is currently at the Duomo and has visited Arena. Given the short distances, these sites are likely to be of interest due to their historical significance in Verona. The next steps might in",True,1.5341308116912842,success
041B2B121B6781,1,"['Arena', 'Castelvecchio']",Torre Lamberti,"['Casa Giulietta', 'Arena', 'Palazzo della Ragione', 'Museo Conte', 'Sighseeing']",Casa Giulietta,"These POIs are close to Torre Lamberti, relevant to the tourist's interests in Verona landmarks, and fit within a reasonable walking distance given the current time.",True,1.2654805183410645,success
041B2F4A216285,1,"['Arena', 'Casa Giulietta', 'Torre Lamberti']",Santa Anastasia,"['Duomo', 'Teatro Romano', 'Palazzo della Ragione', 'Museo Conte', 'AMO']",Castelvecchio,"These POIs are within close proximity to Santa Anastasia and align with typical tourist interests in Verona, including historical sites and museums.",False,1.0880367755889893,success
041B2E121B6781,3,['Arena'],Santa Anastasia,"['Museo Conte', 'Palazzo della Ragione', 'Teatro Romano', 'Duomo', 'Torre Lamberti']",Castelvecchio,"These POIs are relatively close to Santa Anastasia and are popular tourist destinations in Verona, making them likely next stops for the tourists.",False,1.26766037940979,success
041B2D121B6781,3,['Teatro Romano'],Casa Giulietta,"['Torre Lamberti', 'Centro Fotografia', 'Sighseeing', 'Museo Conte', 'Palazzo della Ragione']",Arena,"These points of interest are closest to Casa Giulietta and within a reasonable walking distance, making them the most likely next stops for tourists. The time context suggests that visitors might want",False,1.3913743495941162,success
041B3B4A216285,6,"['Casa Giulietta', 'Torre Lamberti', 'Arena']",Santa Anastasia,"['Duomo', 'Teatro Romano', 'Palazzo della Ragione', 'Museo Conte', 'AMO']",Duomo,"These POIs are relatively close to Santa Anastasia and are popular tourist destinations in Verona, aligning with the typical visiting pattern.",True,1.2260162830352783,success
041B4A4A216285,1,"['Castelvecchio', 'Teatro Romano', 'Palazzo della Ragione']",Torre Lamberti,"['Casa Giulietta', 'Teatro Romano', 'Museo Conte', 'Centro Fotografia', 'Sighseeing']",Arena,"These points of interest are close to the current location, align with typical tourist patterns by offering cultural and historical attractions, and are within a reasonable walking distance given the ",False,1.22536039352417,success
041B31121B6781,6,['Arena'],Casa Giulietta,"['Arena', 'Torre Lamberti', 'San Fermo', 'Palazzo della Ragione', 'Centro Fotografia']",Duomo,"The tourist is likely to continue exploring nearby historical and cultural sites, given the short distances. The Arena and San Fermo are popular attractions in Verona, while Torre Lamberti offers a go",False,1.715317964553833,success
041B62121B6781,1,['Arena'],Torre Lamberti,"['Casa Giulietta', 'Arena', 'Palazzo della Ragione', 'Museo Conte', 'Centro Fotografia']",Palazzo della Ragione,"These POIs are close to the current location and align with typical tourist interests in Verona, such as visiting famous landmarks like Casa Giulietta and Arena.",True,1.3955116271972656,success
041B64121B6781,3,"['Arena', 'Teatro Romano', 'Tomba Giulietta']",Casa Giulietta,"['Torre Lamberti', 'Centro Fotografia', 'Museo Conte', 'Palazzo della Ragione', 'Sighseeing']",Palazzo della Ragione,"These points of interest are within close proximity to Casa Giulietta, making them easily accessible for a short visit. The time is early afternoon, which suggests tourists might want to explore nearb",True,1.3711605072021484,success
041B6E121B6780,3,['Arena'],Castelvecchio,"['Castelvecchio', 'Museo Lapidario', 'Verona Tour', 'San Zeno', 'Casa Giulietta']",Casa Giulietta,"The tourist is currently at Castelvecchio and the nearby points of interest are within a short walking distance. Given the time, these locations are popular among tourists and align with typical visit",True,1.1897385120391846,success
041BA5121B6780,1,['Castelvecchio'],Casa Giulietta,"['Torre Lamberti', 'Centro Fotografia', 'Sighseeing', 'Museo Conte', 'Palazzo della Ragione']",Torre Lamberti,"These points of interest are closest to Casa Giulietta and within a reasonable walking distance, making them the most likely next stops for tourists. The time context suggests they might be looking fo",True,1.1885943412780762,success
041B39121B6781,6,"['Arena', 'Santa Anastasia']",Duomo,"['Teatro Romano', 'Museo Miniscalchi', 'Palazzo della Ragione', 'AMO', 'Santa Anastasia']",Castelvecchio,"The tourist is likely to choose nearby points of interest that are culturally significant and historically relevant, such as the Teatro Romano. The Museo Miniscalchi and Palazzo della Ragione are also",False,2.2211198806762695,success
041B7D121B6781,6,"['Arena', 'San Fermo', 'Torre Lamberti']",Santa Anastasia,"['Santa Anastasia', 'Duomo', 'Palazzo della Ragione', 'Teatro Romano', 'Museo Conte']",Duomo,"The tourist is currently at Santa Anastasia and the next most likely destinations are nearby landmarks such as Duomo, Palazzo della Ragione, Teatro Romano, and Museo Conte, considering the short dista",True,1.5970895290374756,success
041B60121B6781,1,"['Arena', 'Casa Giulietta', 'Torre Lamberti', 'Santa Anastasia', 'Palazzo della Ragione']",Castelvecchio,"['Castelvecchio', 'Museo Lapidario', 'Verona Tour', 'Tomba Giulietta', 'San Zeno']",Teatro Romano,"The tourist is likely to continue exploring nearby historical and cultural sites, with a preference for shorter distances. Castelvecchio is the current location, so it's natural to stay in the vicinit",False,2.0556371212005615,success
041B92121B6781,3,"['Arena', 'Casa Giulietta']",Castelvecchio,"['Castelvecchio', 'Museo Lapidario', 'Verona Tour', 'San Zeno', 'Palazzo della Ragione']",Santa Anastasia,"The tourist is currently at Castelvecchio and has shown interest in historical sites. The nearby Museo Lapidario, Verona Tour, San Zeno, and Palazzo della Ragione are all within a reasonable walking d",False,1.5128023624420166,success
041B7F121B6780,1,['Torre Lamberti'],Arena,"['Casa Giulietta', 'Arena', 'Verona Tour', 'Museo Lapidario', 'San Fermo']",Castelvecchio,"The tourist is likely to visit nearby attractions, with Casa Giulietta being a popular site for tourists. The Arena is the current location and might be revisited. Verona Tour could provide more infor",False,1.8710293769836426,success
041BB4121B6781,6,"['Arena', 'Castelvecchio', 'Palazzo della Ragione']",Duomo,"['Santa Anastasia', 'Teatro Romano', 'Museo Conte', 'Casa Giulietta', 'Arena']",Teatro Romano,"The tourist is likely to visit nearby attractions, with a preference for those within walking distance. The Duomo area often leads to visits at Santa Anastasia and the Teatro Romano. Given the time co",True,1.7835557460784912,success
041BB5121B6781,6,"['Casa Giulietta', 'Arena']",Santa Anastasia,"['Arena', 'Duomo', 'Palazzo della Ragione', 'Teatro Romano', 'Museo Conte']",Duomo,"The tourist is likely to continue exploring major landmarks and attractions in Verona. The Arena, Duomo, Palazzo della Ragione, Teatro Romano, and Museo Conte are all popular sites that fit the time c",True,1.4033002853393555,success
041BAD4A216281,1,['Castelvecchio'],Arena,"['Casa Giulietta', 'Arena', 'Verona Tour', 'Museo Lapidario', 'San Fermo']",Torre Lamberti,"The tourist is likely to visit Casa Giulietta due to its popularity and proximity. The Arena, being the next closest major attraction, is also a strong possibility. Verona Tour could be chosen for add",False,1.7994344234466553,success
041BBA4A216281,1,"['Arena', 'Castelvecchio']",Torre Lamberti,"['Casa Giulietta', 'Museo Conte', 'Palazzo della Ragione', 'Sighseeing', 'Centro Fotografia']",Casa Giulietta,"These POIs are closest to Torre Lamberti and align with typical tourist patterns, including nearby attractions like Casa Giulietta and Museo Conte.",True,1.2716729640960693,success
041BB7121B6780,3,"['Arena', 'Casa Giulietta']",Castelvecchio,"['Museo Lapidario', 'Verona Tour', 'San Zeno', 'Palazzo della Ragione', 'Torre Lamberti']",Tomba Giulietta,"These points of interest are relatively close to Castelvecchio, making them convenient for a quick visit. The time is early afternoon (10:57), which suggests the tourist might want to explore nearby a",False,1.433150053024292,success
041BBE4A216281,3,['Arena'],Torre Lamberti,"['Casa Giulietta', 'Museo Conte', 'Palazzo della Ragione', 'Sighseeing', 'Centro Fotografia']",Casa Giulietta,"These POIs are close to the current location and align with typical tourist interests in Verona, such as historical and cultural sites.",True,1.141059160232544,success
041BB9121B6781,1,"['Casa Giulietta', 'Torre Lamberti']",Arena,"['Arena', 'Verona Tour', 'Museo Lapidario', 'Castelvecchio', 'Tomba Giulietta']",Castelvecchio,"The tourist is currently at the Arena, which is a major attraction in Verona. Given the time and proximity of other points of interest, these are likely to be the next stops based on typical tourist p",True,1.4447293281555176,success
041BBB4A216281,0,"['Museo Lapidario', 'Castelvecchio', 'Casa Giulietta', 'Torre Lamberti', 'Palazzo della Ragione']",Santa Anastasia,"['Santa Anastasia', 'Duomo', 'Teatro Romano', 'Museo Conte', 'AMO']",Teatro Romano,"The tourist is currently at Santa Anastasia and the next logical steps would be to visit nearby significant landmarks such as Duomo, Teatro Romano, Museo Conte, and AMO, considering the time context a",True,1.401383399963379,success
041BC3121B6781,1,"['Casa Giulietta', 'Tomba Giulietta', 'Arena']",Castelvecchio,"['Museo Lapidario', 'Verona Tour', 'San Zeno', 'Palazzo della Ragione', 'Torre Lamberti']",Palazzo della Ragione,"These points of interest are relatively close to Castelvecchio, making them convenient for a quick visit. They also align with typical tourist patterns in Verona.",True,1.2865188121795654,success
041BC5121B6781,6,"['Arena', 'Casa Giulietta', 'Torre Lamberti', 'Santa Anastasia']",Castelvecchio,"['Castelvecchio', 'Museo Lapidario', 'Verona Tour', 'San Zeno', 'Palazzo della Ragione']",Duomo,"The tourist is currently at Castelvecchio and the next likely destination would be nearby points of interest. Considering the time, which is earlier than usual, they might want to explore other attrac",False,1.6393308639526367,success
041BC8121B6781,2,"['Castelvecchio', 'Casa Giulietta', 'San Zeno', 'Arena', 'Torre Lamberti', 'Palazzo della Ragione']",Duomo,"['Duomo', 'San Zeno', 'Arena', 'Teatro Romano', 'Giardino Giusti']",San Fermo,"The tourist is currently at the Duomo and has already visited several major landmarks. Given the time (15:41), they might want to visit nearby attractions before closing hours. The suggested POIs are ",False,1.5522561073303223,success
041BF0121B6780,2,"['Arena', 'Casa Giulietta', 'Santa Anastasia']",Torre Lamberti,"['Centro Fotografia', 'Museo Conte', 'Palazzo della Ragione']",San Zeno,"These locations are close to Torre Lamberti and are popular tourist spots, fitting the typical visiting pattern.",False,0.878326416015625,success
041BC4121B6781,4,"['Torre Lamberti', 'Casa Giulietta', 'Museo Storia']",Arena,"['Arena', 'Verona Tour', 'Museo Lapidario', 'Castelvecchio', 'Palazzo della Ragione']",Tomba Giulietta,"The tourist is currently at the Arena and has recently visited other significant cultural sites like Torre Lamberti, Casa Giulietta, and Museo Storia. Given the proximity of Verona Tour, Museo Lapidar",False,1.8543355464935303,success
041BE2121B6781,3,['Casa Giulietta'],Torre Lamberti,"['Centro Fotografia', 'Museo Conte', 'Palazzo della Ragione', 'Sighseeing', 'Torre Lamberti']",Arena,"These POIs are closest to the current location and align with typical tourist patterns, including photography stops and historical site visits.",False,1.1926229000091553,success
041BDB121B6781,4,"['Tomba Giulietta', 'Museo Storia', 'Teatro Romano', 'Casa Giulietta', 'Arena']",Castelvecchio,"['Arena', 'Museo Lapidario', 'Teatro Romano', 'San Zeno', 'Palazzo della Ragione']",Torre Lamberti,"The tourist is likely to continue visiting major landmarks and attractions in Verona. The Arena, Teatro Romano, and Palazzo della Ragione are popular sites. Museo Lapidario and San Zeno are nearby and",False,1.6075310707092285,success
041BDE121B6780,1,"['Arena', 'Castelvecchio', 'Santa Anastasia', 'Casa Giulietta']",Teatro Romano,"['Teatro Romano', 'Duomo', 'Palazzo della Ragione', 'Museo Conte', 'Centro Fotografia']",Torre Lamberti,"The tourist is likely to continue exploring nearby historical and cultural sites, with a preference for shorter distances. The Teatro Romano is the immediate next step as it's close by. Other options ",False,1.6419923305511475,success
041BDC121B6780,1,"['Castelvecchio', 'Arena']",Torre Lamberti,"['Casa Giulietta', 'Arena', 'San Fermo', 'Museo Conte', 'Palazzo della Ragione']",Casa Giulietta,"The tourist is likely to continue exploring nearby attractions, with a preference for those closer by such as Casa Giulietta and Museo Conte. The Arena, being another major attraction in Verona, is al",True,1.7064592838287354,success
041BDF121B6780,4,"['Castelvecchio', 'Torre Lamberti', 'Palazzo della Ragione', 'Duomo', 'Santa Anastasia', 'Arena', 'San Fermo']",Museo Storia,"['Casa Giulietta', 'Arena', 'Duomo', 'Giardino Giusti', 'Verona Tour']",Casa Giulietta,"These locations are popular among tourists and are within a reasonable walking distance. Casa Giulietta is iconic, the Arena is a must-see for its historical significance, Duomo for its architecture, ",True,1.6076111793518066,success
041BF44A216281,3,['Arena'],Santa Anastasia,"['Museo Conte', 'Palazzo della Ragione', 'Teatro Romano', 'Duomo', 'Torre Lamberti']",Castelvecchio,"These points of interest are relatively close to Santa Anastasia and are popular tourist destinations in Verona, making them likely next stops based on typical tourist behavior and available time.",False,1.375671625137329,success
041BE0121B6780,1,"['Arena', 'Palazzo della Ragione']",Castelvecchio,"['Castelvecchio', 'Museo Lapidario', 'Verona Tour', 'Casa Giulietta', 'San Zeno']",Casa Giulietta,The tourist is currently at Castelvecchio and has a short distance to the Museo Lapidario. Verona Tour is nearby and could be a convenient stop. Casa Giulietta and San Zeno are also popular sites for ,True,1.7746741771697998,success
041BF2121B6781,2,"['Casa Giulietta', 'Torre Lamberti', 'Castelvecchio', 'San Zeno']",Duomo,"['Duomo', 'Santa Anastasia', 'Teatro Romano', 'Palazzo della Ragione', 'Museo Miniscalchi']",Arena,"The tourist is currently at the Duomo and it's a popular site to visit. Given the short distances, Santa Anastasia, Teatro Romano, Palazzo della Ragione, and Museo Miniscalchi are also likely choices ",False,1.5767836570739746,success
041BFE4A216281,3,['Arena'],Santa Anastasia,"['Museo Conte', 'Palazzo della Ragione', 'Teatro Romano', 'Duomo', 'Torre Lamberti']",Casa Giulietta,"These POIs are relatively close to Santa Anastasia and are popular tourist attractions in Verona, aligning with typical visiting patterns.",False,1.0330212116241455,success
041BF94A216281,1,"['Arena', 'Casa Giulietta']",Torre Lamberti,"['Centro Fotografia', 'Museo Conte', 'Palazzo della Ragione', 'AMO', 'Museo Miniscalchi']",Palazzo della Ragione,"These POIs are relatively close to Torre Lamberti, making them convenient for a quick visit. They also offer cultural experiences that tourists often seek in Verona.",True,1.304847240447998,success
041BFF4A216281,3,"['Arena', 'San Fermo']",Casa Giulietta,"['Torre Lamberti', 'Centro Fotografia', 'Sighseeing', 'Museo Conte', 'Palazzo della Ragione']",Torre Lamberti,"These points of interest are closest to Casa Giulietta and within a reasonable walking distance. They also align with typical tourist patterns, offering both cultural and photographic opportunities.",True,1.316741704940796,success
041C01121B6785,6,"['Duomo', 'Torre Lamberti', 'Casa Giulietta']",Castelvecchio,"['Arena', 'Museo Lapidario', 'Verona Tour', 'San Zeno', 'Palazzo della Ragione']",Arena,"The Arena is a popular tourist attraction and is close by. Museo Lapidario, Verona Tour, San Zeno, and Palazzo della Ragione are also nearby and align with typical interests of tourists visiting histo",True,1.5234897136688232,success
041C154A216285,3,['Arena'],Casa Giulietta,"['Torre Lamberti', 'Centro Fotografia', 'Sighseeing', 'Museo Conte', 'Palazzo della Ragione']",Tomba Giulietta,"These POIs are closest to Casa Giulietta and are within a reasonable walking distance. They also align with typical tourist interests in Verona, such as historical sites and cultural attractions.",False,1.3671245574951172,success
041C174A216285,2,"['San Zeno', 'Arena', 'Torre Lamberti']",Casa Giulietta,"['San Zeno', 'Arena', 'Palazzo della Ragione', 'Museo Conte', 'Centro Fotografia']",Duomo,"The tourist is likely to visit nearby attractions in a logical sequence, given the proximity and typical visiting patterns. San Zeno and Arena are major landmarks that tourists often explore after Cas",False,1.2850384712219238,success
041C284A216285,6,['Arena'],Torre Lamberti,"['Casa Giulietta', 'Museo Conte', 'Palazzo della Ragione', 'Arena', 'Centro Fotografia']",Duomo,"These POIs are close to the current location and align with typical tourist interests in Verona, such as historical and cultural sites.",False,1.1809308528900146,success
041C1E121B6781,6,['Arena'],Duomo,"['Teatro Romano', 'Palazzo della Ragione', 'Museo Miniscalchi', 'Santa Anastasia', 'AMO']",Casa Giulietta,"These points of interest are relatively close to the current location and include a variety of cultural attractions that tourists often visit in Verona, such as theaters and museums.",False,1.2797574996948242,success
041C2B121B6781,3,"['Arena', 'Castelvecchio']",Teatro Romano,"['Santa Anastasia', 'Duomo', 'Palazzo della Ragione', 'Museo Conte', 'Torre Lamberti']",Casa Giulietta,"These POIs are close to the Teatro Romano and are popular tourist destinations in Verona, making them likely next stops for tourists.",False,1.260761022567749,success
041C30121B6781,3,['Castelvecchio'],Santa Anastasia,"['Museo Conte', 'Palazzo della Ragione', 'Teatro Romano', 'Duomo', 'Torre Lamberti']",Arena,"These points of interest are relatively close to Santa Anastasia and are popular tourist destinations in Verona, aligning with typical visiting patterns.",False,1.1035549640655518,success
041C2D121B6781,2,"['Teatro Romano', 'Duomo', 'San Zeno', 'Casa Giulietta']",Arena,"['Arena', 'Verona Tour', 'Museo Lapidario', 'San Fermo', 'Castelvecchio']",Castelvecchio,"The tourist is currently at the Arena and has already visited several major landmarks. The nearby POIs are within a reasonable walking distance, making them likely choices for the next visit based on ",True,1.3192665576934814,success
041C1C121B6785,3,['Arena'],San Fermo,"['Casa Giulietta', 'Torre Lamberti', 'Museo Conte', 'Arena', 'Palazzo della Ragione']",Santa Anastasia,"Given the time (Sun 15:37) and proximity, tourists are likely to visit popular attractions like Casa Giulietta and Torre Lamberti. The Arena was already visited, but it might be revisited for a longer",False,1.8198387622833252,success
041C294A216285,6,['Arena'],Duomo,"['Arena', 'Teatro Romano', 'Palazzo della Ragione', 'Museo Conte', 'Santa Anastasia']",Santa Anastasia,"The tourist is likely to continue exploring nearby historical and cultural sites, given the short distances between them. The Arena, Teatro Romano, Palazzo della Ragione, Museo Conte, and Santa Anasta",True,1.614175796508789,success
041C39121B6781,3,"['Arena', 'Castelvecchio', 'Casa Giulietta']",Santa Anastasia,"['Teatro Romano', 'Duomo', 'Palazzo della Ragione', 'Museo Conte', 'Centro Fotografia']",Teatro Romano,"These POIs are relatively close to Santa Anastasia and are popular tourist destinations in Verona, aligning with the typical visiting pattern.",True,1.2851901054382324,success
041C3A121B6781,4,"['Arena', 'Museo Storia', 'San Fermo', 'Palazzo della Ragione', 'Duomo']",Teatro Romano,"['Santa Anastasia', 'AMO', 'Museo Conte', 'Torre Lamberti', 'Giardino Giusti']",Casa Giulietta,"These points of interest are relatively close to the Teatro Romano and are popular tourist destinations in Verona, considering the time context.",False,1.1702356338500977,success
041C5B121B6781,1,"['Arena', 'Casa Giulietta', 'Palazzo della Ragione', 'Torre Lamberti']",San Fermo,"['Tomba Giulietta', 'Museo Storia', 'Centro Fotografia', 'Verona Tour', 'Museo Conte']",Tomba Giulietta,"These points of interest are close to the current location, align with typical tourist interests in Verona, and are visited based on their proximity and relevance.",True,1.1423039436340332,success
041C62121B6781,1,['Arena'],Torre Lamberti,"['Casa Giulietta', 'Museo Conte', 'Palazzo della Ragione', 'Arena', 'Centro Fotografia']",Castelvecchio,"These POIs are close to the current location and align with typical tourist interests in Verona, such as historical and cultural sites.",False,1.1479458808898926,success
041C5F121B6781,3,['Arena'],Santa Anastasia,"['Arena', 'Museo Conte', 'Palazzo della Ragione', 'Teatro Romano', 'Duomo']",Castelvecchio,"The tourist is likely to continue exploring nearby historical and cultural sites, given the proximity of these POIs and the time context.",False,1.2497613430023193,success
041C7D121B6781,6,"['Arena', 'San Fermo', 'Torre Lamberti']",Santa Anastasia,"['Santa Anastasia', 'Duomo', 'Palazzo della Ragione', 'Teatro Romano', 'Museo Conte']",Duomo,"The tourist is currently at Santa Anastasia and the next likely destinations are nearby landmarks such as Duomo, Palazzo della Ragione, Teatro Romano, and Museo Conte, considering the short distances ",True,1.3934431076049805,success
041C8A121B6780,3,"['Arena', 'Casa Giulietta']",Torre Lamberti,"['Centro Fotografia', 'Museo Conte', 'Palazzo della Ragione', 'Sighseeing', 'Arena']",Tomba Giulietta,"These POIs are relatively close to the current location and align with typical tourist patterns, including nearby attractions like Casa Giulietta and the Arena.",False,1.1680614948272705,success
041C334A216285,6,"['Arena', 'Casa Giulietta', 'Torre Lamberti']",Duomo,"['Duomo', 'Teatro Romano', 'Palazzo della Ragione', 'Museo Miniscalchi', 'Santa Anastasia']",Teatro Romano,"The tourist is currently at the Duomo and has visited other major attractions like Arena, Casa Giulietta, and Torre Lamberti. Given the time (15:53), they might want to explore nearby historical sites",True,2.11352276802063,success
041CB4121B6781,6,['Arena'],Tomba Giulietta,"['Casa Giulietta', 'Castelvecchio', 'San Fermo', 'Museo Storia', 'Torre Lamberti']",Duomo,"These POIs are relatively close to the current location and align with typical tourist interests in Verona, such as historical and cultural sites.",False,1.1104018688201904,success
041CB54A216281,0,"['Casa Giulietta', 'Castelvecchio']",Museo Lapidario,"['Arena', 'San Fermo', 'Tomba Giulietta', 'Torre Lamberti', 'Verona Tour']",Arena,"These POIs are within close proximity to the current location and align with typical tourist interests in Verona, such as historical sites and attractions related to Romeo and Juliet.",True,1.141120195388794,success
041CAD4A216281,3,['Castelvecchio'],Casa Giulietta,"['Torre Lamberti', 'Centro Fotografia', 'Sighseeing', 'Museo Conte', 'Palazzo della Ragione']",Santa Anastasia,"These points of interest are closest to Casa Giulietta and within a reasonable walking distance, making them the most likely next stops for tourists based on time context and typical tourist behavior.",False,1.5365657806396484,success
041CB7121B6781,3,['Arena'],Casa Giulietta,"['Torre Lamberti', 'Centro Fotografia', 'Sighseeing', 'Museo Conte', 'Palazzo della Ragione']",Tomba Giulietta,"These points of interest are closest to Casa Giulietta and within a reasonable walking distance, making them the most likely next stops for tourists. The time context suggests that visitors might want",False,1.467587947845459,success
041CC5121B6781,6,"['Arena', 'Casa Giulietta', 'Torre Lamberti', 'Santa Anastasia']",Castelvecchio,"['Castelvecchio', 'Museo Lapidario', 'Verona Tour', 'San Zeno', 'Palazzo della Ragione']",Duomo,"The tourist is currently at Castelvecchio and the next likely destination would be nearby points of interest. Considering the time, which is earlier than usual, they might want to explore other attrac",False,1.3668761253356934,success
041CC8121B6781,2,"['Castelvecchio', 'Casa Giulietta', 'San Zeno', 'Arena', 'Torre Lamberti', 'Palazzo della Ragione']",Duomo,"['Duomo', 'San Zeno', 'Arena', 'Teatro Romano', 'Giardino Giusti']",San Fermo,"The tourist is currently at the Duomo and has already visited several major landmarks. Given the time (15:41), they might want to visit nearby attractions before closing hours. The suggested POIs are ",False,1.5400707721710205,success
041CD0121B6780,1,"['Castelvecchio', 'Arena']",Casa Giulietta,"['Casa Giulietta', 'Torre Lamberti', 'Centro Fotografia', 'Museo Conte', 'Palazzo della Ragione']",Torre Lamberti,"The tourist is likely to continue exploring the historical and cultural sites of Verona. The suggested POIs are within close proximity, aligning with typical tourist patterns.",True,1.2167673110961914,success
041CDB121B6781,4,"['Castelvecchio', 'Arena', 'Casa Giulietta', 'Torre Lamberti', 'Palazzo della Ragione', 'Santa Anastasia']",San Fermo,"['Tomba Giulietta', 'Museo Storia', 'Giardino Giusti', 'Centro Fotografia', 'Verona Tour']",Museo Storia,"These POIs are close to the current location, align with typical tourist interests in Verona, and fit well within the given time context.",True,1.2352700233459473,success
041CC2121B6781,0,"['Arena', 'Museo Lapidario', 'San Fermo', 'Torre Lamberti', 'Casa Giulietta', 'Castelvecchio', 'San Zeno']",Tomba Giulietta,"['Tomba Giulietta', 'Arena', 'San Zeno', 'Palazzo della Ragione', 'Verona Tour']",Palazzo della Ragione,"The tourist is likely to continue visiting famous landmarks and attractions in Verona. The Tomba Giulietta is the current location, so it makes sense they might stay here or move on to nearby signific",True,1.9472734928131104,success
041CDC4A216281,3,"['Arena', 'Casa Giulietta']",Teatro Romano,"['Duomo', 'Santa Anastasia', 'Palazzo della Ragione', 'Arena', 'Giardino Giusti']",Torre Lamberti,These POIs are close in proximity to the Teatro Romano and are popular tourist destinations. The time context suggests that visitors might want to explore more historical and cultural sites nearby.,False,1.0990188121795654,success
041CD1121B6780,2,"['Teatro Romano', 'Duomo', 'Torre Lamberti', 'Palazzo della Ragione', 'San Zeno', 'Castelvecchio', 'Santa Anastasia']",San Fermo,"['San Fermo', 'Casa Giulietta', 'Arena', 'Museo Storia', 'Museo Conte']",Arena,"The tourist is likely to visit nearby attractions, with a preference for those related to the city's history and culture. The distances are within a reasonable walking range given the time of day.",True,1.2780356407165527,success
041CDC121B6780,6,"['Arena', 'Casa Giulietta']",Santa Anastasia,"['Teatro Romano', 'Duomo', 'Palazzo della Ragione', 'Museo Conte', 'Arena']",Duomo,"These POIs are within a reasonable walking distance from Santa Anastasia and align with typical tourist interests in Verona, such as historical theaters, religious sites, and famous landmarks.",True,1.3614592552185059,success
041CC7121B6780,1,"['Casa Giulietta', 'Torre Lamberti', 'Arena', 'Santa Anastasia', 'Tomba Giulietta']",Teatro Romano,"['Arena', 'Duomo', 'Palazzo della Ragione', 'Giardino Giusti', 'Sighseeing']",Palazzo della Ragione,"The tourist is likely to continue visiting major landmarks and attractions in the city center. The Arena, being a significant historical site, is a probable next stop. Nearby points of interest like D",True,1.8972818851470947,success
041CCD121B6781,3,['Casa Giulietta'],Arena,"['Arena', 'Verona Tour', 'Museo Lapidario', 'Castelvecchio', 'Tomba Giulietta']",Torre Lamberti,"The tourist is currently at the Arena and has recently visited Casa Giulietta. Given the time (15:15), they are likely to explore nearby attractions like Verona Tour, Museo Lapidario, Castelvecchio, a",False,1.919093132019043,success
041CE0121B6780,1,"['Arena', 'Palazzo della Ragione']",Castelvecchio,"['Casa Giulietta', 'San Zeno', 'Torre Lamberti', 'Museo Miniscalchi', 'Verona Tour']",Casa Giulietta,"These POIs are close to Castelvecchio and align with typical tourist patterns, including nearby attractions like Casa Giulietta and historical sites such as San Zeno.",True,1.307544469833374,success
041CE2121B6781,3,['Casa Giulietta'],Torre Lamberti,"['Centro Fotografia', 'Museo Conte', 'Palazzo della Ragione', 'Sighseeing', 'Torre Lamberti']",Arena,"These POIs are close in proximity to the current location, making them easily accessible. The tourist might continue exploring nearby cultural and photographic attractions during their visit.",False,1.1664409637451172,success
041CF0121B6780,2,"['Arena', 'Casa Giulietta', 'Santa Anastasia']",Torre Lamberti,"['Centro Fotografia', 'Museo Conte', 'Palazzo della Ragione']",San Zeno,"These locations are within close proximity to Torre Lamberti, making them convenient for a quick visit. They also offer cultural experiences that tourists often seek in Verona.",False,1.1376166343688965,success
041CF2121B6781,2,"['Arena', 'Casa Giulietta', 'San Fermo', 'Teatro Romano', 'Torre Lamberti', 'Castelvecchio', 'Tomba Giulietta', 'Duomo']",Santa Anastasia,"['Museo Conte', 'Palazzo della Ragione', 'AMO', 'Centro Fotografia', 'Sighseeing']",San Zeno,"These points of interest are relatively close to Santa Anastasia and align with typical tourist patterns, offering a mix of cultural and historical attractions.",False,1.1708979606628418,success
041D03121B6785,3,['Arena'],Tomba Giulietta,"['Casa Giulietta', 'Castelvecchio', 'Museo Storia', 'Verona Tour', 'San Fermo']",Castelvecchio,"These POIs are close to the current location and align with typical tourist interests in Verona, such as historical and cultural attractions.",True,1.1507761478424072,success
041D01121B6785,1,['Castelvecchio'],Torre Lamberti,"['Casa Giulietta', 'Museo Conte', 'Palazzo della Ragione', 'Sighseeing', 'Centro Fotografia']",San Fermo,These POIs are closest to Torre Lamberti and align with typical tourist patterns of visiting related landmarks in quick succession.,False,1.1549248695373535,success
041CE7121B6780,3,"['Arena', 'Castelvecchio']",Casa Giulietta,"['Torre Lamberti', 'Centro Fotografia', 'Sighseeing', 'Museo Conte', 'Palazzo della Ragione']",Teatro Romano,"These points of interest are within close proximity to Casa Giulietta, making them easily accessible for a short visit. The time context suggests that tourists might want to explore nearby landmarks q",False,1.2990846633911133,success
041D0A4A216285,3,['Arena'],Castelvecchio,"['Museo Lapidario', 'Verona Tour', 'Museo Miniscalchi', 'Casa Giulietta', 'San Zeno']",Casa Giulietta,These POIs are closest to Castelvecchio and align with typical tourist patterns of visiting multiple museums and attractions in a short distance.,True,1.1893846988677979,success
041D0D4A216285,2,"['Arena', 'Tomba Giulietta', 'San Zeno']",Castelvecchio,"['Casa Giulietta', 'Torre Lamberti', 'San Zeno', 'Arena', 'Museo Lapidario']",Duomo,"These POIs are either nearby the current location or have strong tourist interest, and they fit well with typical visiting patterns.",False,1.0755887031555176,success
041CE4121B6781,2,"['Arena', 'Casa Giulietta', 'Tomba Giulietta', 'Castelvecchio']",San Zeno,"['San Zeno', 'Verona Tour', 'Museo Lapidario', 'Palazzo della Ragione', 'Duomo']",Torre Lamberti,"The tourist is likely to continue exploring nearby attractions, with a preference for those within walking distance. San Zeno is the next site visited based on the sequence. Verona Tour and Museo Lapi",False,1.958402156829834,success
041CFF4A216281,3,['Arena'],Castelvecchio,"['Castelvecchio', 'Museo Lapidario', 'Verona Tour', 'San Zeno', 'Casa Giulietta']",Casa Giulietta,"The tourist is likely to continue exploring nearby historical and cultural sites, with a preference for those within walking distance. Castelvecchio is the current location, so it makes sense to sugge",True,1.571058750152588,success
041D134A216285,1,"['Torre Lamberti', 'Palazzo della Ragione', 'Santa Anastasia']",Arena,"['Arena', 'Verona Tour', 'Casa Giulietta', 'San Fermo', 'Museo Lapidario']",Castelvecchio,"The tourist is currently at the Arena and it's later in the day, so they might be looking for guided tours or attractions nearby. The suggested POIs are within a reasonable walking distance.",False,1.1713483333587646,success
041D0C4A216285,3,"['Casa Giulietta', 'San Fermo', 'Tomba Giulietta']",Arena,"['Arena', 'Verona Tour', 'Museo Lapidario', 'Castelvecchio', 'Palazzo della Ragione']",Castelvecchio,"The tourist is currently at the Arena, which is a major attraction in Verona. Given the time (15:18), they are likely to stay for a while or move on to other nearby attractions. The suggested POIs are",True,1.931001901626587,success
041D214A216285,6,"['Arena', 'Santa Anastasia', 'Torre Lamberti']",Palazzo della Ragione,"['Museo Conte', 'AMO', 'Centro Fotografia', 'Sighseeing', 'Museo Miniscalchi']",Duomo,"These points of interest are closest to Palazzo della Ragione and align with typical tourist patterns, considering the time context and proximity.",False,1.0315773487091064,success
041D144A216285,3,"['Arena', 'Tomba Giulietta']",Casa Giulietta,"['Torre Lamberti', 'Centro Fotografia', 'Sighseeing', 'Museo Conte']",Torre Lamberti,"These points of interest are close to Casa Giulietta and offer a mix of historical and cultural experiences, which aligns with typical tourist behavior. Torre Lamberti provides a view of the city, Cen",True,1.7565810680389404,success
041D2B121B6781,3,"['Arena', 'Castelvecchio']",Teatro Romano,"['Santa Anastasia', 'Duomo', 'Palazzo della Ragione', 'Museo Conte', 'Torre Lamberti']",Casa Giulietta,"These POIs are close to the Teatro Romano and are popular tourist destinations in Verona, aligning with typical visiting patterns.",False,1.1395046710968018,success
041D194A216285,1,"['Arena', 'Castelvecchio']",Torre Lamberti,"['Casa Giulietta', 'Museo Conte', 'Palazzo della Ragione', 'Sighseeing', 'Centro Fotografia']",Casa Giulietta,"These POIs are closest to Torre Lamberti and align with typical tourist patterns, including nearby attractions like Casa Giulietta and Museo Conte.",True,1.2410013675689697,success
041D384A216285,2,"['Arena', 'Duomo', 'Teatro Romano', 'San Fermo', 'San Zeno', 'Torre Lamberti']",Castelvecchio,"['Casa Giulietta', 'Museo Miniscalchi', 'Palazzo della Ragione', 'Tomba Giulietta', 'Centro Fotografia']",Casa Giulietta,"These POIs are popular tourist destinations in Verona, close to Castelvecchio, and align with typical visiting patterns.",True,1.1471037864685059,success
041D4A4A216285,1,"['Castelvecchio', 'Teatro Romano', 'Palazzo della Ragione']",Torre Lamberti,"['Casa Giulietta', 'Teatro Romano', 'Museo Conte', 'Centro Fotografia', 'Sighseeing']",Arena,"These POIs are close to the current location, align with typical tourist interests in Verona, and are visited after a cluster of historical sites.",False,1.179224967956543,success
041D30121B6781,3,['Castelvecchio'],Santa Anastasia,"['Museo Conte', 'Palazzo della Ragione', 'Teatro Romano', 'Duomo', 'Torre Lamberti']",Arena,"These points of interest are relatively close to Santa Anastasia and are popular tourist destinations in Verona, making them likely next stops based on typical tourist behavior and available time.",False,1.6258368492126465,success
041D35121B6781,4,"['Arena', 'Santa Anastasia', 'Torre Lamberti', 'Casa Giulietta', 'Palazzo della Ragione', 'Duomo', 'Teatro Romano', 'Museo Storia', 'San Fermo']",San Zeno,"['San Zeno', 'Castelvecchio', 'Verona Tour', 'Museo Lapidario', 'Museo Miniscalchi']",Castelvecchio,"The tourist is currently at San Zeno and the nearest points of interest are Castelvecchio, Verona Tour, Museo Lapidario, Museo Miniscalchi. These locations are within a reasonable walking distance and",True,1.559882402420044,success
041D164A216285,6,"['Arena', 'Torre Lamberti', 'Casa Giulietta']",Duomo,"['Duomo', 'Teatro Romano', 'Palazzo della Ragione', 'Museo Miniscalchi', 'Santa Anastasia']",Teatro Romano,"The tourist is currently at the Duomo and has visited several historical sites. Given the proximity of Teatro Romano, Palazzo della Ragione, Museo Miniscalchi, and Santa Anastasia, these are likely to",True,1.9994416236877441,success
041D39121B6781,3,['Casa Giulietta'],Castelvecchio,"['Arena', 'Museo Lapidario', 'Verona Tour', 'San Zeno', 'Castelvecchio']",Tomba Giulietta,"The Arena is a popular tourist attraction and is close by. Museo Lapidario, Verona Tour, and San Zeno are also nearby and well-visited sites. Castelvecchio is the current location but has already been",False,1.6118206977844238,success
041D8F121B6781,1,"['Castelvecchio', 'Arena', 'Casa Giulietta']",Torre Lamberti,"['Centro Fotografia', 'Museo Conte', 'Palazzo della Ragione']",Santa Anastasia,"These locations are within close proximity to Torre Lamberti, making them convenient for a quick visit. They also offer cultural experiences that tourists often seek in Verona.",False,0.9784746170043945,success
041D5F121B6781,1,"['Arena', 'Castelvecchio']",Torre Lamberti,"['Casa Giulietta', 'Museo Conte', 'Palazzo della Ragione', 'Arena', 'San Fermo']",Casa Giulietta,"These POIs are close to the current location and align with typical tourist interests in Verona, such as historical and cultural sites.",True,1.235137701034546,success
041D89121B6781,3,['Arena'],Casa Giulietta,"['Torre Lamberti', 'Centro Fotografia', 'Sighseeing', 'Museo Conte', 'Palazzo della Ragione']",Tomba Giulietta,"These points of interest are closest to Casa Giulietta and within a reasonable walking distance, making them the most likely next stops for tourists. The time context suggests they might be looking fo",False,1.215641975402832,success
041DAE121B6780,3,"['Arena', 'Casa Giulietta']",Torre Lamberti,"['Centro Fotografia', 'Museo Conte', 'Palazzo della Ragione', 'AMO']",Tomba Giulietta,These POIs are closest to Torre Lamberti and align with typical tourist patterns of exploring nearby cultural attractions.,False,1.0568177700042725,success
041D374A216285,1,"['Castelvecchio', 'Torre Lamberti']",Arena,"['Arena', 'Verona Tour', 'Museo Lapidario', 'Casa Giulietta', 'Tomba Giulietta']",Tomba Giulietta,"The tourist is currently at the Arena, which is a major attraction in Verona. Given the time (17:55), they might be finishing their visit or leaving soon. The nearby points of interest like Verona Tou",True,2.1808078289031982,success
041DB2121B6781,0,"['Casa Giulietta', 'Palazzo della Ragione', 'Duomo', 'San Fermo', 'Tomba Giulietta', 'Museo Lapidario', 'Arena']",Torre Lamberti,"['Torre Lamberti', 'Sighseeing', 'Centro Fotografia']",Teatro Romano,"The tourists are likely to continue their sightseeing pattern, visiting nearby attractions like Torre Lamberti. The 'Sighseeing' and 'Centro Fotografia' are also close by and could be of interest.",False,1.079406976699829,success
041DB1121B6781,2,['San Zeno'],Arena,"['Arena', 'Verona Tour', 'Museo Lapidario', 'Casa Giulietta', 'Castelvecchio']",Santa Anastasia,"The tourist is currently at the Arena and has recently visited San Zeno. Given the short distances, these sites are likely to be of interest. The time context suggests they might want to explore nearb",False,1.4090769290924072,success
041DB14A216281,6,['Duomo'],Torre Lamberti,"['Casa Giulietta', 'Museo Conte', 'Palazzo della Ragione', 'Sighseeing', 'Centro Fotografia']",Arena,"These POIs are close to Torre Lamberti, align with typical tourist interests in Verona, and fit the time context for a visit.",False,1.3838179111480713,success
041DB54A216281,1,"['Arena', 'Casa Giulietta', 'Teatro Romano']",Torre Lamberti,"['Centro Fotografia', 'Museo Conte', 'Palazzo della Ragione', 'AMO']",Palazzo della Ragione,"These points of interest are closest to the current location and include cultural attractions that tourists often visit in Verona, considering the time is early afternoon.",True,1.1114497184753418,success
041D8A121B6780,1,"['Torre Lamberti', 'Casa Giulietta']",Arena,"['Arena', 'Verona Tour', 'Museo Lapidario', 'Castelvecchio', 'Tomba Giulietta']",Castelvecchio,"The tourist is currently at the Arena, which is a major attraction in Verona. Given the time (17:50), they might be looking to conclude their visit or move on to another significant site nearby. The s",True,1.9577178955078125,success
041DB5121B6781,3,"['Tomba Giulietta', 'Casa Giulietta', 'Arena']",Torre Lamberti,"['Centro Fotografia', 'Museo Conte', 'Palazzo della Ragione', 'AMO', 'Museo Miniscalchi']",Santa Anastasia,"These points of interest are relatively close to Torre Lamberti, making them convenient for a short walk. They also offer cultural experiences that tourists often seek in Verona.",False,1.332869529724121,success
041DB64A216281,3,"['Arena', 'Casa Giulietta', 'San Fermo']",Torre Lamberti,"['Centro Fotografia', 'Museo Conte', 'Palazzo della Ragione']",Santa Anastasia,"These points of interest are relatively close to Torre Lamberti, making them convenient for a short walk. They also offer cultural experiences that tourists often seek in Verona.",False,1.2099497318267822,success
041DB7121B6781,3,['Arena'],Casa Giulietta,"['Torre Lamberti', 'Centro Fotografia', 'Sighseeing', 'Museo Conte', 'Palazzo della Ragione']",Tomba Giulietta,"These points of interest are closest to Casa Giulietta and within a reasonable walking distance. They also align with typical tourist patterns, offering both cultural and photographic opportunities.",False,1.1989161968231201,success
041DC6121B6781,1,"['Arena', 'Casa Giulietta', 'Tomba Giulietta']",Torre Lamberti,"['Centro Fotografia', 'Palazzo della Ragione', 'Museo Conte', 'Sighseeing', 'Arena']",Castelvecchio,"These POIs are close to the current location and align with typical tourist patterns, including nearby attractions like the Arena which was already visited.",False,1.1420271396636963,success
041DC8121B6780,2,"['Arena', 'San Zeno', 'Castelvecchio', 'Teatro Romano']",Duomo,"['Santa Anastasia', 'Palazzo della Ragione', 'Museo Conte', 'Torre Lamberti', 'AMO']",Casa Giulietta,"These POIs are relatively close to the Duomo and align with typical tourist patterns, focusing on historical and cultural sites.",False,1.2278313636779785,success
041DC94A216281,0,"['Arena', 'Castelvecchio', 'Museo Lapidario']",Casa Giulietta,"['Torre Lamberti', 'Centro Fotografia', 'Sighseeing', 'Museo Conte', 'Palazzo della Ragione']",Palazzo della Ragione,"These points of interest are closest to Casa Giulietta and align with typical tourist patterns, offering a mix of historical and cultural attractions within walking distance.",True,1.1824567317962646,success
041DCD121B6781,1,"['Arena', 'Teatro Romano', 'Casa Giulietta']",Torre Lamberti,"['Centro Fotografia', 'Museo Conte', 'Palazzo della Ragione', 'AMO', 'Museo Miniscalchi']",Castelvecchio,"These points of interest are within close proximity to the current location, aligning with typical tourist patterns and considering the time context.",False,1.290367603302002,success
041DC2121B6781,0,"['Arena', 'Museo Lapidario', 'San Fermo', 'Torre Lamberti', 'Casa Giulietta', 'Castelvecchio', 'San Zeno']",Tomba Giulietta,"['Tomba Giulietta', 'Arena', 'San Zeno', 'Palazzo della Ragione', 'Verona Tour']",Palazzo della Ragione,"The tourist is likely to continue visiting famous landmarks and attractions in Verona. The Tomba Giulietta is the current location, so it makes sense they might stay there or move nearby. The Arena an",True,1.8575940132141113,success
041DD0121B6780,1,"['Castelvecchio', 'Arena']",Casa Giulietta,"['Torre Lamberti', 'Centro Fotografia', 'Sighseeing', 'Museo Conte', 'Palazzo della Ragione']",Torre Lamberti,"These points of interest are closest to Casa Giulietta and align with typical tourist patterns, offering a mix of historical and cultural attractions within walking distance.",True,1.2445154190063477,success
041DD9121B6781,0,"['Torre Lamberti', 'Palazzo della Ragione', 'San Fermo', 'Museo Lapidario', 'Castelvecchio', 'San Zeno']",Tomba Giulietta,"['Casa Giulietta', 'Arena', 'Museo Storia', 'San Zeno', 'Verona Tour']",Teatro Romano,"These POIs are popular tourist destinations in Verona, close to the current location, and align with typical visiting patterns.",False,1.0328953266143799,success
041DD84A216281,6,['Arena'],Duomo,"['Teatro Romano', 'Museo Miniscalchi', 'Santa Anastasia', 'Palazzo della Ragione', 'AMO']",Torre Lamberti,"These points of interest are within close proximity to the current location at Duomo and align with typical tourist patterns, including historical and cultural attractions.",False,1.1825370788574219,success
041DD1121B6780,1,"['Casa Giulietta', 'Teatro Romano', 'Arena', 'Palazzo della Ragione', 'Torre Lamberti']",Castelvecchio,"['Castelvecchio', 'Museo Lapidario', 'Verona Tour', 'San Zeno', 'Tomba Giulietta']",Santa Anastasia,"The tourist is likely to continue exploring historical and cultural sites, with Castelvecchio being the next logical step. Nearby attractions like Museo Lapidario and Verona Tour are also popular choi",False,1.4649896621704102,success
041DD2121B6780,2,"['Arena', 'Palazzo della Ragione', 'San Zeno']",Castelvecchio,"['Castelvecchio', 'Museo Lapidario', 'Casa Giulietta', 'Torre Lamberti', 'San Zeno']",Teatro Romano,"The tourist is currently at Castelvecchio and has a short distance to the Museo Lapidario. Casa Giulietta and Torre Lamberti are popular nearby attractions, and San Zeno was already visited but might ",False,1.4839391708374023,success
041DD34A216281,3,['Arena'],Casa Giulietta,"['Arena', 'Torre Lamberti', 'San Fermo', 'Palazzo della Ragione', 'Centro Fotografia']",Palazzo della Ragione,"The tourist is likely to continue exploring the historical and cultural sites of Verona. The Arena, Torre Lamberti, San Fermo, Palazzo della Ragione, and Centro Fotografia are all nearby and popular a",True,1.496875286102295,success
041DD3121B6781,6,"['Arena', 'Casa Giulietta', 'Palazzo della Ragione']",Duomo,"['Duomo', 'Santa Anastasia', 'Teatro Romano', 'Museo Conte', 'Torre Lamberti']",Castelvecchio,"The tourist is currently at the Duomo and has visited several historical sites. Given the proximity of Santa Anastasia, Teatro Romano, Museo Conte, and Torre Lamberti, these are likely to be the next ",False,1.689971685409546,success
041DDC121B6780,3,"['Arena', 'Casa Giulietta']",San Fermo,"['Torre Lamberti', 'Museo Storia', 'Palazzo della Ragione', 'Verona Tour', 'Tomba Giulietta']",Castelvecchio,"These points of interest are close to the current location and align with typical tourist interests in Verona, such as historical and cultural sites.",False,1.239758014678955,success
041DDB121B6781,0,"['Castelvecchio', 'Casa Giulietta', 'Torre Lamberti', 'Santa Anastasia', 'Duomo', 'Arena']",Museo Lapidario,"['Arena', 'San Fermo', 'Tomba Giulietta', 'Palazzo della Ragione', 'Verona Tour']",San Zeno,"The tourist is likely to continue visiting major landmarks like the Arena and Tomba Giulietta, given their popularity. San Fermo and Palazzo della Ragione are also close by and offer historical signif",False,1.8240163326263428,success
041DDC4A216281,3,"['Arena', 'Casa Giulietta']",Teatro Romano,"['Duomo', 'Teatro Romano', 'Arena', 'Casa Giulietta', 'Santa Anastasia']",Torre Lamberti,"Given the time (afternoon) and proximity of other major attractions, tourists are likely to visit nearby landmarks like Duomo and Santa Anastasia. The Teatro Romano is already visited but may be revis",False,1.666144847869873,success
041DE4121B6781,6,"['Arena', 'Duomo']",Santa Anastasia,"['Museo Conte', 'Palazzo della Ragione', 'Teatro Romano', 'Torre Lamberti', 'AMO']",Castelvecchio,"These points of interest are within close proximity to Santa Anastasia and align with typical tourist patterns, offering a mix of cultural and historical attractions that visitors often explore in Ver",False,1.1686632633209229,success
041DE1121B6781,0,['Museo Lapidario'],Palazzo della Ragione,"['Museo Conte', 'Torre Lamberti', 'Santa Anastasia', 'Casa Giulietta', 'Duomo']",Torre Lamberti,"These points of interest are within a short walking distance from Palazzo della Ragione and align with typical tourist patterns, such as visiting historical and cultural sites.",True,1.35459566116333,success
041DE7121B6780,1,"['Palazzo della Ragione', 'Arena']",Torre Lamberti,"['Casa Giulietta', 'Arena', 'Museo Conte', 'Santa Anastasia', 'Duomo']",Castelvecchio,"These locations are popular among tourists visiting Verona, and they are within a reasonable walking distance from Torre Lamberti. The time is early afternoon, making cultural sites more appealing.",False,1.2371079921722412,success
041DDF121B6781,1,"['Arena', 'Santa Anastasia', 'Casa Giulietta', 'San Fermo', 'Torre Lamberti', 'Palazzo della Ragione', 'Castelvecchio']",Teatro Romano,"['Teatro Romano', 'Duomo', 'Museo Conte', 'Giardino Giusti', 'AMO']",Tomba Giulietta,"The tourist is currently at the Teatro Romano and it's earlier in the day. Given the usual visiting times, they might be looking to complete their tour before lunch or early afternoon. The nearby Duom",False,1.577052116394043,success
041E01121B6785,1,"['Tomba Giulietta', 'Arena', 'Casa Giulietta']",Torre Lamberti,"['Centro Fotografia', 'Museo Conte', 'Palazzo della Ragione', 'AMO']",Castelvecchio,These POIs are closest to Torre Lamberti and are within a reasonable walking distance. They also align with the typical tourist pattern of exploring nearby cultural attractions after visiting major la,False,1.1403467655181885,success
041DF74A216281,1,"['Palazzo della Ragione', 'Casa Giulietta']",Castelvecchio,"['Arena', 'Museo Lapidario', 'Verona Tour', 'San Zeno', 'Castelvecchio']",Arena,"The Arena is a popular tourist attraction close by, and other nearby museums and historical sites are also likely to be of interest given the current location.",True,1.2177908420562744,success
041E094A216285,1,"['Arena', 'Casa Giulietta']",Torre Lamberti,"['Centro Fotografia', 'Museo Conte', 'Palazzo della Ragione', 'AMO', 'Museo Miniscalchi']",Castelvecchio,"These POIs are relatively close to the current location (Torre Lamberti) and include a mix of cultural attractions that tourists often visit in Verona, such as museums and photography centers.",False,1.404021978378296,success
041E0A4A216285,6,['Arena'],Torre Lamberti,"['Casa Giulietta', 'Museo Conte', 'Palazzo della Ragione', 'Arena', 'Centro Fotografia']",Duomo,"These POIs are close to Torre Lamberti and align with typical tourist interests in Verona, such as historical and cultural sites.",False,1.3307273387908936,success
041DF4121B6781,1,"['Arena', 'Torre Lamberti', 'Palazzo della Ragione', 'Castelvecchio']",Santa Anastasia,"['Santa Anastasia', 'Duomo', 'Casa Giulietta', 'Giardino Giusti', 'Teatro Romano']",Teatro Romano,"The tourist is likely to continue exploring nearby historical and cultural sites, with a preference for shorter distances. Santa Anastasia is the current location, so it's natural to move on. Duomo, C",True,1.8903095722198486,success
041E0F4A216285,6,"['Arena', 'Castelvecchio', 'Santa Anastasia', 'Duomo', 'Teatro Romano']",Casa Giulietta,"['Torre Lamberti', 'Centro Fotografia', 'Sighseeing', 'Museo Conte', 'Museo Radio']",San Fermo,"These points of interest are close to Casa Giulietta, making them easily accessible within the given time. They also align with typical tourist interests in Verona.",False,1.1680827140808105,success
041E0C4A216285,3,"['Casa Giulietta', 'San Fermo', 'Tomba Giulietta']",Arena,"['Arena', 'Verona Tour', 'Museo Lapidario', 'Castelvecchio', 'Palazzo della Ragione']",Castelvecchio,"The tourist is currently at the Arena, which is a significant historical site in Verona. Given the time (15:18), they might be looking for guided tours or other nearby attractions to explore before su",True,1.6754977703094482,success
041E134A216285,1,"['Torre Lamberti', 'Palazzo della Ragione', 'Santa Anastasia']",Arena,"['Arena', 'Verona Tour', 'Casa Giulietta', 'San Fermo', 'Museo Lapidario']",Castelvecchio,"The tourist is currently at the Arena and it's a bit later than usual visit time. The next likely stops are nearby attractions like Verona Tour, Casa Giulietta, San Fermo, and Museo Lapidario.",False,1.4245460033416748,success
041E214A216285,6,['Arena'],Palazzo della Ragione,"['Arena', 'Santa Anastasia', 'Museo Conte', 'Torre Lamberti', 'AMO']",Duomo,"The tourist is likely to visit nearby attractions based on the time context and previous location. The suggested POIs are within close proximity, making them convenient for a quick visit.",False,1.1669769287109375,success
041E194A216285,3,['Arena'],Castelvecchio,"['Museo Lapidario', 'Verona Tour', 'Museo Miniscalchi', 'Casa Giulietta', 'San Zeno']",Casa Giulietta,These POIs are closest to Castelvecchio and align with typical tourist patterns of visiting multiple museums and cultural sites in a short distance.,True,1.1999526023864746,success
041E2F4A216285,3,['Arena'],Torre Lamberti,"['Casa Giulietta', 'Arena', 'Palazzo della Ragione', 'Museo Conte', 'Centro Fotografia']",Casa Giulietta,"These POIs are close to the current location and align with typical tourist interests in Verona, such as visiting famous landmarks like Casa Giulietta and Arena.",True,1.2900192737579346,success
041E17121B6785,6,"['Arena', 'Casa Giulietta', 'Torre Lamberti', 'Castelvecchio']",Duomo,"['Duomo', 'Teatro Romano', 'Palazzo della Ragione', 'Museo Miniscalchi', 'Santa Anastasia']",Teatro Romano,"The tourist is currently at the Duomo and it's earlier in their visit compared to usual times. The nearby Teatro Romano, Palazzo della Ragione, Museo Miniscalchi, and Santa Anastasia are all within re",True,1.5849101543426514,success
041E344A216285,1,"['Casa Giulietta', 'Palazzo della Ragione']",Torre Lamberti,"['Torre Lamberti', 'Sighseeing', 'Centro Fotografia', 'Museo Conte', 'AMO']",Castelvecchio,"The tourist is currently at Torre Lamberti and the next likely destination would be nearby points of interest. Sighseeing, Centro Fotografia, Museo Conte, and AMO are all within a short walking distan",False,1.4551124572753906,success
041E354A216285,0,"['Arena', 'Museo Lapidario', 'Casa Giulietta', 'Santa Anastasia']",Torre Lamberti,"['Torre Lamberti', 'Centro Fotografia', 'Palazzo della Ragione', 'Sighseeing', 'Museo Conte']",Palazzo della Ragione,"The tourist is currently at Torre Lamberti and the next logical steps would be to explore nearby attractions. The time context suggests they are in the evening, so shorter distances are preferred. Tou",True,1.418503761291504,success
041E164A216285,6,"['Arena', 'Torre Lamberti', 'Casa Giulietta']",Duomo,"['Duomo', 'Teatro Romano', 'Palazzo della Ragione', 'Museo Miniscalchi', 'AMO']",Teatro Romano,"The tourist is currently at the Duomo and has visited other significant historical sites like Arena, Torre Lamberti, and Casa Giulietta. Given the time (14:38) and proximity of other notable attractio",True,2.219012975692749,success
041E384A216285,2,"['Arena', 'Santa Anastasia', 'Duomo', 'Teatro Romano', 'San Fermo', 'San Zeno', 'Torre Lamberti']",Castelvecchio,"['Casa Giulietta', 'Museo Miniscalchi', 'Palazzo della Ragione', 'Tomba Giulietta', 'Centro Fotografia']",Casa Giulietta,"These POIs are popular tourist destinations in Verona, close to the current location of the tourists, and align with typical visit patterns.",True,1.2203667163848877,success
041E35121B6781,4,"['Arena', 'Santa Anastasia', 'Torre Lamberti', 'Casa Giulietta', 'Palazzo della Ragione', 'Duomo', 'Teatro Romano', 'Museo Storia', 'San Fermo']",San Zeno,"['San Zeno', 'Castelvecchio', 'Verona Tour', 'Museo Lapidario', 'Museo Miniscalchi']",Castelvecchio,"The tourist is currently at San Zeno and has visited several major landmarks. Given the time (10:03 AM) which is earlier than usual visiting hours, they might be looking for nearby attractions to visi",True,1.735912799835205,success
041E69121B6781,0,"['Museo Lapidario', 'Castelvecchio']",Casa Giulietta,"['Torre Lamberti', 'Centro Fotografia', 'Sighseeing', 'Museo Conte', 'Palazzo della Ragione']",Tomba Giulietta,"These points of interest are closest to Casa Giulietta and within a reasonable walking distance. They also align with typical tourist patterns, offering both cultural and photographic opportunities.",False,1.1598725318908691,success
041E41121B6781,6,"['Arena', 'Casa Giulietta', 'Torre Lamberti', 'Santa Anastasia', 'Duomo']",Teatro Romano,"['Teatro Romano', 'AMO', 'Palazzo della Ragione', 'Museo Conte', 'Giardino Giusti']",Castelvecchio,"The tourist is currently at the Teatro Romano and it's a popular site to visit in Verona. Given the time context, they might want to continue their exploration of historical sites and cultural attract",False,1.6665754318237305,success
041E61121B6781,6,"['Arena', 'Duomo', 'Santa Anastasia']",Palazzo della Ragione,"['Palazzo della Ragione', 'AMO', 'Museo Conte', 'Torre Lamberti', 'Centro Fotografia']",Torre Lamberti,"The tourist is currently at Palazzo della Ragione and the suggested POIs are within close proximity, making them likely next stops based on typical tourist behavior and time constraints.",True,1.464756965637207,success
041E374A216285,3,"['Casa Giulietta', 'Torre Lamberti']",Arena,"['Arena', 'Verona Tour', 'Museo Lapidario', 'Castelvecchio', 'Tomba Giulietta']",Santa Anastasia,The tourist is currently at the Arena and it's a popular spot to visit after Casa Giulietta and Torre Lamberti. The nearby Verona Tour and Museo Lapidario are also likely choices given their proximity,False,1.9356133937835693,success
041E454A216285,6,"['Tomba Giulietta', 'Arena', 'Casa Giulietta', 'Santa Anastasia']",Duomo,"['Duomo', 'Teatro Romano', 'Palazzo della Ragione', 'Museo Miniscalchi', 'AMO']",Castelvecchio,"The tourist is currently at the Duomo and it's a popular site to visit. Given the time (15:00), they might want to explore nearby attractions before sunset. The suggested POIs are within reasonable wa",False,1.5379376411437988,success
041E6A121B6781,1,"['Arena', 'Palazzo della Ragione', 'Torre Lamberti']",Casa Giulietta,"['Arena', 'San Fermo', 'Museo Conte', 'Museo Radio', 'Casa Giulietta']",Santa Anastasia,"The tourist is likely to continue exploring the historical and cultural sites of Verona. The Arena, a famous landmark, is a popular next stop after Casa Giulietta. San Fermo and nearby museums are als",False,1.3744175434112549,success
041E6A121B6780,3,['Arena'],Casa Giulietta,"['Arena', 'Torre Lamberti', 'San Fermo', 'Palazzo della Ragione', 'Centro Fotografia']",Santa Anastasia,"The tourist is likely to continue exploring nearby historical and cultural sites, given the proximity of these POIs. The Arena and Torre Lamberti are popular attractions in Verona, making them strong ",False,1.4377729892730713,success
041E76121B6781,2,"['Arena', 'Tomba Giulietta', 'San Fermo', 'Casa Giulietta', 'Torre Lamberti']",Palazzo della Ragione,"['Museo Conte', 'AMO', 'Santa Anastasia', 'Teatro Romano', 'Duomo']",San Zeno,"These points of interest are close to the current location and align with typical tourist patterns, offering a mix of cultural and historical sites.",False,1.2259793281555176,success
041E86121B6781,3,['Arena'],Casa Giulietta,"['Torre Lamberti', 'Centro Fotografia', 'Sighseeing', 'Museo Conte', 'Palazzo della Ragione']",Palazzo della Ragione,"These points of interest are closest to Casa Giulietta and within a reasonable walking distance, making them the most likely next stops for tourists. The time context suggests that visitors might want",True,1.305929183959961,success
041E89121B6780,3,"['Arena', 'Casa Giulietta']",Santa Anastasia,"['Teatro Romano', 'Duomo', 'Palazzo della Ragione', 'Museo Conte', 'AMO']",Torre Lamberti,"These POIs are relatively close to Santa Anastasia and are popular tourist destinations in Verona. The time is early afternoon, making cultural sites like the Teatro Romano and Duomo more likely choic",False,1.4175934791564941,success
041E8F121B6781,1,"['Castelvecchio', 'Arena', 'Casa Giulietta']",Torre Lamberti,"['Centro Fotografia', 'Museo Conte', 'Palazzo della Ragione', 'AMO', 'Museo Miniscalchi']",Santa Anastasia,"These points of interest are relatively close to Torre Lamberti, making them convenient for a quick visit. They also offer cultural experiences that tourists often seek in Verona.",False,1.3846995830535889,success
041E8A121B6780,3,['Casa Giulietta'],Arena,"['Arena', 'Verona Tour', 'Museo Lapidario', 'Castelvecchio', 'Tomba Giulietta']",Castelvecchio,"The tourist is currently at the Arena and has recently visited Casa Giulietta. Given the time (17:50), they might be looking for nearby attractions to explore before sunset. The suggested POIs are wit",True,1.5946247577667236,success
041EB5121B6781,3,"['Tomba Giulietta', 'Casa Giulietta', 'Arena']",Torre Lamberti,"['Centro Fotografia', 'Museo Conte', 'Palazzo della Ragione']",Santa Anastasia,"These locations are closest to the current location and are popular tourist attractions, making them likely next stops for tourists.",False,0.9367868900299072,success
041EA6121B6781,1,['Castelvecchio'],Torre Lamberti,"['Casa Giulietta', 'Museo Conte', 'Palazzo della Ragione', 'Sighseeing', 'Centro Fotografia']",Arena,"These POIs are closest to Torre Lamberti and align with typical tourist patterns, including popular attractions like Casa Giulietta and Museo Conte.",False,1.2588214874267578,success
041EAE121B6780,3,"['Arena', 'Casa Giulietta']",Torre Lamberti,"['Centro Fotografia', 'Museo Conte', 'Palazzo della Ragione', 'Sighseeing', 'Arena']",Tomba Giulietta,"These POIs are relatively close to the current location and align with typical tourist interests in Verona, such as photography centers and historical sites.",False,1.2468838691711426,success
041EB74A216281,4,"['Santa Anastasia', 'Duomo']",Museo Storia,"['Casa Giulietta', 'Arena', 'Torre Lamberti', 'Giardino Giusti', 'Museo Conte']",San Fermo,"These POIs are popular tourist destinations in Verona, close to the current location, and align with typical visit patterns for this time of day.",False,1.203275442123413,success
041EB64A216281,3,['Arena'],Torre Lamberti,"['Casa Giulietta', 'Museo Conte', 'Palazzo della Ragione', 'Sighseeing', 'Centro Fotografia']",Tomba Giulietta,"These POIs are close to the current location and align with typical tourist interests in Verona, such as historical sites and cultural attractions.",False,1.223454236984253,success
041EB2121B6781,0,"['Casa Giulietta', 'Palazzo della Ragione', 'Duomo', 'San Fermo', 'Tomba Giulietta', 'Museo Lapidario', 'Arena']",Torre Lamberti,"['Torre Lamberti', 'Sighseeing', 'Centro Fotografia']",Teatro Romano,"The current location is near Torre Lamberti, and it's a popular tourist spot. Sighseeing is also nearby and likely to be of interest. Centro Fotografia might offer insights into the city through photo",False,1.3352303504943848,success
041E9F121B6781,3,['Castelvecchio'],Arena,"['Casa Giulietta', 'Arena', 'Verona Tour', 'Museo Lapidario', 'San Fermo']",Casa Giulietta,"The tourist is likely to visit Casa Giulietta due to its popularity and proximity. The Arena, being the next closest major attraction, is also a strong possibility. Verona Tour could be chosen for add",True,1.7661998271942139,success
041EB1121B6781,2,"['San Zeno', 'San Zeno']",Arena,"['Arena', 'Verona Tour', 'Casa Giulietta', 'Castelvecchio', 'Museo Lapidario']",Santa Anastasia,"The tourist is currently at the Arena and has already visited San Zeno. Given the proximity of Verona Tour, Casa Giulietta, Castelvecchio, and Museo Lapidario, these are likely next stops based on typ",False,1.5506641864776611,success
041EC6121B6781,1,"['Arena', 'Casa Giulietta', 'Tomba Giulietta']",Torre Lamberti,"['Centro Fotografia', 'Museo Conte', 'Palazzo della Ragione', 'Sighseeing', 'Arena']",Castelvecchio,"These POIs are relatively close to Torre Lamberti, making them convenient for a quick visit. The tourist cluster is likely to continue exploring the city's cultural and historical sites during the aft",False,1.2511396408081055,success
041EB8121B6781,4,"['Casa Giulietta', 'Castelvecchio', 'Torre Lamberti', 'Santa Anastasia', 'San Zeno', 'Duomo', 'Arena']",San Fermo,"['San Fermo', 'Tomba Giulietta', 'Museo Storia', 'Palazzo della Ragione', 'Verona Tour']",Museo Storia,"The tourist is likely to continue visiting nearby attractions, with a preference for those related to the theme of Verona and Romeo Juliet. The short distances make these options convenient.",True,1.4147789478302002,success
041EC8121B6780,6,"['Arena', 'Castelvecchio', 'Duomo']",Santa Anastasia,"['Santa Anastasia', 'AMO', 'Museo Conte', 'Palazzo della Ragione', 'Teatro Romano']",Torre Lamberti,"The tourist is currently at Santa Anastasia and the next likely destinations are nearby points of interest. Considering the usual visiting times, the tourist might be looking for a place to rest or ex",False,1.3766250610351562,success
041ED34A216281,3,['Arena'],Casa Giulietta,"['Torre Lamberti', 'Centro Fotografia', 'Sighseeing', 'Museo Conte']",Palazzo della Ragione,These locations are closest to Casa Giulietta and fit well within the tourist's usual visiting time frame.,False,0.9887776374816895,success
041ED2121B6780,0,"['Arena', 'Palazzo della Ragione', 'San Zeno', 'Castelvecchio', 'Teatro Romano']",Museo Lapidario,"['Casa Giulietta', 'Tomba Giulietta', 'Torre Lamberti', 'Verona Tour', 'San Fermo']",Museo Storia,"These POIs are close to the current location, have cultural significance related to Verona's history and literature, and are popular tourist destinations.",False,1.202582597732544,success
041ED1121B6780,3,['Arena'],Teatro Romano,"['Duomo', 'Arena', 'Santa Anastasia', 'Palazzo della Ragione', 'Museo Conte']",Castelvecchio,"These POIs are close to the current location and align with typical tourist interests in Verona, such as religious sites (Duomo) and historical venues (Arena, Santa Anastasia, Palazzo della Ragione, M",False,1.4248528480529785,success
041ECF4A216281,1,"['Casa Giulietta', 'Torre Lamberti']",Castelvecchio,"['Arena', 'Museo Lapidario', 'Verona Tour', 'San Zeno', 'Palazzo della Ragione']",Arena,"The Arena is a popular tourist attraction and is the closest major landmark. Museo Lapidario, Verona Tour, San Zeno, and Palazzo della Ragione are also within reasonable walking distance and align wit",True,1.5175821781158447,success
041ED7121B6781,4,"['Arena', 'Casa Giulietta', 'Palazzo della Ragione', 'Museo Storia', 'San Fermo']",Castelvecchio,"['Castelvecchio', 'Museo Lapidario', 'Verona Tour', 'San Zeno', 'Torre Lamberti']",Santa Anastasia,"The tourist is currently at Castelvecchio and the next most likely POIs are nearby, considering the time context and typical visit patterns.",False,1.1720192432403564,success
041EC94A216281,1,"['Arena', 'Castelvecchio', 'Casa Giulietta', 'Torre Lamberti', 'Palazzo della Ragione']",Tomba Giulietta,"['Tomba Giulietta', 'Arena', 'Castelvecchio', 'San Fermo', 'Museo Storia']",San Fermo,"The tourist is likely to continue visiting significant cultural sites and may prefer shorter distances. Tomba Giulietta is the current location, so it's a natural next step. Arena and Castelvecchio ar",True,1.6975784301757812,success
041ED7121B6780,2,"['San Zeno', 'Castelvecchio', 'Torre Lamberti', 'Casa Giulietta', 'Duomo', 'San Fermo']",Tomba Giulietta,"['Tomba Giulietta', 'Duomo', 'Arena', 'Palazzo della Ragione', 'Museo Storia']",Arena,"The tourist is currently at Tomba Giulietta, which is part of the Romeo and Juliet theme. The next likely stops would be other major landmarks like Duomo and Arena. Palazzo della Ragione is also a sig",True,1.6887080669403076,success
041ED3121B6781,6,"['Arena', 'Casa Giulietta', 'Palazzo della Ragione']",Duomo,"['Duomo', 'Teatro Romano', 'Santa Anastasia', 'Museo Miniscalchi', 'AMO']",Castelvecchio,"The tourist is currently at the Duomo and has visited several historical sites. Given the proximity of Teatro Romano, Santa Anastasia, Museo Miniscalchi, and AMO, these are likely to be the next point",False,1.7550280094146729,success
041ED94A216281,3,"['Arena', 'Santa Anastasia']",San Fermo,"['Casa Giulietta', 'Torre Lamberti', 'Arena', 'Palazzo della Ragione', 'Museo Conte']",Tomba Giulietta,"These POIs are close to the current location and align with typical tourist interests in Verona, such as historical and cultural sites.",False,1.1581313610076904,success
041ED84A216281,3,['Casa Giulietta'],Arena,"['Arena', 'Verona Tour', 'Museo Lapidario', 'Castelvecchio', 'Tomba Giulietta']",Torre Lamberti,"The tourist is currently at the Arena and has recently visited Casa Giulietta. Given the time (Sun 14:18), these locations are popular among tourists, and they are within a reasonable distance from ea",False,1.5827748775482178,success
041ED9121B6781,2,"['Arena', 'Castelvecchio', 'San Zeno', 'Casa Giulietta']",Santa Anastasia,"['Santa Anastasia', 'Duomo', 'Palazzo della Ragione', 'Teatro Romano', 'Giardino Giusti']",Torre Lamberti,"The tourist is likely to continue exploring nearby historical and cultural sites, with a preference for shorter distances. The suggested POIs are all within close proximity and align with typical tour",False,1.3240923881530762,success
041EDB121B6780,4,"['Arena', 'Casa Giulietta', 'Museo Storia', 'Teatro Romano', 'San Zeno']",Castelvecchio,"['Castelvecchio', 'Museo Lapidario', 'Verona Tour', 'Teatro Romano', 'San Zeno']",Duomo,"The tourist is currently at Castelvecchio and it's a popular site to visit. The nearby Museo Lapidario, Verona Tour, Teatro Romano, and San Zeno are also close by and likely to be of interest based on",False,1.481461524963379,success
041EE0121B6780,6,"['Arena', 'Casa Giulietta', 'Santa Anastasia', 'Castelvecchio']",Torre Lamberti,"['Centro Fotografia', 'Museo Conte', 'Palazzo della Ragione', 'AMO', 'Museo Miniscalchi']",Duomo,"These points of interest are relatively close to Torre Lamberti, making them convenient for a short walk. They also offer cultural and historical experiences that tourists often seek in Verona.",False,1.2470760345458984,success
041EDF4A216281,1,"['Arena', 'Castelvecchio']",Casa Giulietta,"['Torre Lamberti', 'Centro Fotografia', 'Sighseeing', 'Museo Conte', 'Palazzo della Ragione']",Torre Lamberti,"These points of interest are closest to Casa Giulietta and within a reasonable walking distance, making them the most likely next stops for tourists based on time context and typical tourist behavior.",True,1.2804272174835205,success
041EE24A216281,4,"['Arena', 'Castelvecchio', 'Museo Storia']",Torre Lamberti,"['Casa Giulietta', 'Arena', 'Palazzo della Ragione', 'Museo Storia', 'San Fermo']",Duomo,"These POIs are close to the current location, popular among tourists, and align with the usual visiting pattern.",False,1.1640050411224365,success
041EE1121B6781,3,"['Arena', 'Casa Giulietta']",Torre Lamberti,"['Centro Fotografia', 'Museo Conte', 'Palazzo della Ragione', 'AMO', 'Museo Miniscalchi']",Tomba Giulietta,"These POIs are relatively close to Torre Lamberti, making them convenient for a quick visit. They also offer cultural experiences that tourists often seek in Verona.",False,1.334839105606079,success
041EDF121B6781,6,"['Arena', 'Teatro Romano', 'Torre Lamberti', 'Casa Giulietta']",Duomo,"['Duomo', 'Santa Anastasia', 'Palazzo della Ragione', 'Museo Conte', 'Giardino Giusti']",Castelvecchio,The tourist is currently at the Duomo and it's close to other religious sites like Santa Anastasia. Palazzo della Ragione is a popular stop for tourists due to its historical significance. Museo Conte,False,1.7162089347839355,success
041EDC121B6781,1,['Castelvecchio'],Arena,"['Casa Giulietta', 'Arena', 'Verona Tour', 'Museo Lapidario', 'San Fermo']",Torre Lamberti,"The tourist is likely to visit Casa Giulietta due to its popularity and proximity. The Arena, being the next closest major attraction, is also a strong possibility. Verona Tour could be chosen for add",False,1.850236177444458,success
041EE5121B6780,0,"['Arena', 'Museo Lapidario']",Castelvecchio,"['Casa Giulietta', 'San Zeno', 'Palazzo della Ragione', 'Torre Lamberti', 'Verona Tour']",Teatro Romano,"These POIs are close to Castelvecchio and align with typical tourist interests in Verona, such as visiting Juliet's House and other historical landmarks.",False,1.3162860870361328,success
041EEC4A216281,6,"['Arena', 'Arena', 'Santa Anastasia']",Duomo,"['Arena', 'Duomo', 'Teatro Romano', 'Palazzo della Ragione', 'Santa Anastasia']",Palazzo della Ragione,"The tourist has already visited the Arena and Duomo, showing interest in historical sites. The nearby Teatro Romano and Palazzo della Ragione are also historical and cultural points of interest at sho",True,1.312070369720459,success
041EED121B6780,3,['Arena'],Torre Lamberti,"['Casa Giulietta', 'Museo Conte', 'Palazzo della Ragione', 'Centro Fotografia', 'Sighseeing']",Casa Giulietta,"These POIs are closest to Torre Lamberti and are popular tourist attractions in Verona, making them likely next stops for the tourists.",True,1.2217419147491455,success
041EE34A216281,6,"['Arena', 'Torre Lamberti', 'Duomo']",Santa Anastasia,"['Santa Anastasia', 'AMO', 'Museo Conte', 'Palazzo della Ragione', 'Teatro Romano']",Castelvecchio,"The tourist is currently at Santa Anastasia and the nearest points of interest are AMO, Museo Conte, Palazzo della Ragione, Teatro Romano. These locations are within a short walking distance and align",False,1.4348793029785156,success
041EE3121B6780,2,"['Castelvecchio', 'Casa Giulietta', 'Santa Anastasia']",Arena,"['Arena', 'Verona Tour', 'Museo Lapidario', 'San Fermo', 'Tomba Giulietta']",San Zeno,"The tourist is currently at the Arena, which is a major attraction in Verona. Given the time (15:24), they might be looking for nearby activities or sights to explore before sunset. The suggested POIs",False,1.5780439376831055,success
041F01121B6785,1,"['Tomba Giulietta', 'Arena', 'Casa Giulietta']",Torre Lamberti,"['Centro Fotografia', 'Museo Conte', 'Palazzo della Ragione', 'Sighseeing']",Castelvecchio,"These points of interest are close to the current location, within a reasonable walking distance. They also offer cultural and photographic experiences that tourists often seek in Verona.",False,1.1983397006988525,success
041F084A216285,3,['Arena'],Tomba Giulietta,"['Casa Giulietta', 'Castelvecchio', 'Museo Storia', 'Verona Tour', 'San Fermo']",Torre Lamberti,"These POIs are close to the current location and align with typical tourist interests in Verona, such as historical sites and museums.",False,1.2152202129364014,success
041EFE121B6781,2,"['San Zeno', 'San Fermo', 'Torre Lamberti']",Casa Giulietta,"['Arena', 'Museo Storia', 'Palazzo della Ragione', 'Sighseeing', 'Centro Fotografia']",Arena,"The tourist is likely to visit nearby attractions, and the Arena and Museo Storia are popular sites in Verona. The Sighseeing and Centro Fotografia are also close by and could be of interest.",True,1.382157325744629,success
041F1D121B6781,6,"['Arena', 'Casa Giulietta', 'Teatro Romano', 'Duomo', 'Palazzo della Ragione']",Torre Lamberti,"['Centro Fotografia', 'Museo Conte', 'AMO']",Tomba Giulietta,"These points of interest are close to the current location and align well with typical tourist patterns, offering a mix of cultural and photographic experiences.",False,0.908381462097168,success
041F24121B6785,1,"['Arena', 'Tomba Giulietta', 'San Fermo', 'Casa Giulietta']",Torre Lamberti,"['Centro Fotografia', 'Museo Conte', 'Palazzo della Ragione']",Palazzo della Ragione,"These POIs are close to the current location and are popular tourist attractions in Verona, fitting the typical visiting pattern.",True,0.9691002368927002,success
041F094A216285,4,"['Arena', 'Casa Giulietta', 'Torre Lamberti']",Castelvecchio,"['Museo Lapidario', 'Verona Tour', 'San Zeno', 'Palazzo della Ragione', 'Centro Fotografia']",Museo Storia,"These points of interest are close in proximity to Castelvecchio, making them convenient for a quick visit. The time is early afternoon, which is a common time for tourists to explore multiple sites.",False,1.4836351871490479,success
041F0F4A216285,6,"['Arena', 'Castelvecchio', 'Duomo', 'Teatro Romano', 'Casa Giulietta']",Torre Lamberti,"['Centro Fotografia', 'Museo Conte', 'Palazzo della Ragione', 'AMO', 'Museo Miniscalchi']",San Fermo,"These points of interest are relatively close to Torre Lamberti, making them convenient for a quick visit. They also offer cultural experiences that tourists often seek in Verona.",False,1.321681022644043,success
041EF4121B6781,1,"['Arena', 'Torre Lamberti', 'Palazzo della Ragione', 'Castelvecchio']",Santa Anastasia,"['Santa Anastasia', 'Duomo', 'Casa Giulietta', 'Giardino Giusti', 'Teatro Romano']",Teatro Romano,"The tourist is likely to continue exploring nearby historical and cultural sites, with a preference for shorter distances. Santa Anastasia is the current location, so it's natural to move on. Duomo, C",True,1.9285774230957031,success
041F264A216285,3,['Arena'],Castelvecchio,"['Museo Lapidario', 'Verona Tour', 'Museo Miniscalchi', 'Casa Giulietta', 'Torre Lamberti']",Santa Anastasia,These POIs are closest to Castelvecchio and align with typical tourist patterns of visiting multiple museums and historical sites in a short distance.,False,1.2319397926330566,success
041F17121B6785,6,"['Arena', 'Casa Giulietta', 'Torre Lamberti', 'Castelvecchio']",Duomo,"['Duomo', 'Teatro Romano', 'Palazzo della Ragione', 'Museo Miniscalchi', 'Santa Anastasia']",Teatro Romano,"The tourist is currently at the Duomo and it's earlier in their visit compared to usual times. The nearby Teatro Romano, Palazzo della Ragione, Museo Miniscalchi, and Santa Anastasia are all within re",True,1.5702190399169922,success
041F2D121B6781,6,"['Arena', 'Palazzo della Ragione', 'Santa Anastasia']",Duomo,"['Teatro Romano', 'Museo Conte', 'Casa Giulietta', 'Giardino Giusti']",Casa Giulietta,"The tourist is likely to visit nearby attractions within walking distance. The Teatro Romano and Museo Conte are close by, while Casa Giulietta and Giardino Giusti are also popular sites that tourists",True,1.3644309043884277,success
041F1F4A216285,0,"['Arena', 'Museo Lapidario', 'Casa Giulietta', 'Palazzo della Ragione', 'Teatro Romano', 'Duomo', 'Santa Anastasia', 'Castelvecchio', 'Tomba Giulietta']",Museo Storia,"['Teatro Romano', 'Duomo', 'San Fermo', 'Giardino Giusti', 'Verona Tour']",Torre Lamberti,"The tourist is likely to continue visiting historical and cultural sites, with the closest options being San Fermo and Museo Radio. However, considering the usual visit duration and proximity of other",False,1.750168800354004,success
041F344A216285,6,"['Arena', 'Casa Giulietta', 'Santa Anastasia', 'Duomo', 'Teatro Romano']",San Fermo,"['Torre Lamberti', 'Palazzo della Ragione', 'Tomba Giulietta', 'Museo Conte', 'Centro Fotografia']",Castelvecchio,"These POIs are close to the current location and align with typical tourist interests in Verona, such as historical landmarks and cultural attractions.",False,1.2189149856567383,success
041F42121B6781,6,"['Santa Anastasia', 'Duomo', 'Torre Lamberti']",Palazzo della Ragione,"['Museo Conte', 'AMO', 'Centro Fotografia', 'Sighseeing', 'Museo Miniscalchi']",Casa Giulietta,"These points of interest are closest to Palazzo della Ragione and align with typical tourist patterns, offering a mix of cultural and photographic attractions.",False,1.1013484001159668,success
041F34121B6781,6,"['Arena', 'Casa Giulietta', 'Torre Lamberti', 'Santa Anastasia']",Duomo,"['Duomo', 'Teatro Romano', 'Palazzo della Ragione', 'Museo Miniscalchi', 'AMO']",Castelvecchio,"The tourist is currently at the Duomo and it's a popular stop. Given the time (4:01 PM), they might want to explore nearby attractions before sunset. The close proximity of Teatro Romano, Palazzo dell",False,1.6156487464904785,success
041F3A4A216285,2,"['Arena', 'Castelvecchio']",San Zeno,"['Casa Giulietta', 'Duomo', 'Palazzo della Ragione', 'Torre Lamberti', 'Verona Tour']",Casa Giulietta,"These points of interest are close to San Zeno and align with typical tourist patterns, offering historical and cultural attractions.",True,1.2843050956726074,success
041F2D4A216285,1,"['Santa Anastasia', 'Torre Lamberti', 'Palazzo della Ragione', 'Casa Giulietta', 'Arena', 'Castelvecchio']",Teatro Romano,"['Arena', 'Castelvecchio', 'Duomo', 'Giardino Giusti', 'Teatro Romano']",San Fermo,"The tourist is likely to continue visiting nearby landmarks, with the Arena and Castelvecchio being popular sites. The Teatro Romano is also close by and a reasonable next step. The Duomo and Giardino",False,1.8027458190917969,success
041F4E121B6781,4,"['Arena', 'Casa Giulietta', 'Palazzo della Ragione']",Torre Lamberti,"['Sighseeing', 'Centro Fotografia', 'Museo Conte']",Museo Storia,"These points of interest are closest to the current location and align with typical tourist patterns, offering a mix of cultural and photographic experiences.",False,1.0950698852539062,success
041F354A216285,0,"['Arena', 'Museo Lapidario', 'Casa Giulietta', 'Santa Anastasia']",Torre Lamberti,"['Torre Lamberti', 'Centro Fotografia', 'Palazzo della Ragione', 'Sighseeing', 'Museo Conte']",Palazzo della Ragione,"The tourist is currently at Torre Lamberti and it's close to other attractions like Centro Fotografia, Palazzo della Ragione. Given the time (17:05), they might be looking for a shorter distance attra",True,1.5373661518096924,success
041F63121B6781,2,"['Arena', 'Casa Giulietta', 'Torre Lamberti', 'Santa Anastasia', 'Duomo']",Castelvecchio,"['Arena', 'Casa Giulietta', 'Duomo', 'San Zeno', 'Palazzo della Ragione']",San Zeno,"These locations are popular among tourists and are relatively close to Castelvecchio, allowing for a convenient visit within the given time.",True,0.9148008823394775,success
041F5D121B6781,0,"['Arena', 'Museo Lapidario']",Castelvecchio,"['Casa Giulietta', 'San Zeno', 'Torre Lamberti', 'Palazzo della Ragione', 'Verona Tour']",Casa Giulietta,"These POIs are close to Castelvecchio and align with typical tourist interests in Verona, such as visiting Juliet's House and other historical landmarks.",True,1.2765264511108398,success
041F3C121B6781,1,"['Casa Giulietta', 'Palazzo della Ragione', 'Torre Lamberti']",Arena,"['Arena', 'Verona Tour', 'Museo Lapidario', 'Castelvecchio', 'Tomba Giulietta']",Castelvecchio,"The tourist is currently at the Arena and has just visited several popular sites in Verona. Given the time (17:12), they might be looking for something to do before dinner or as an evening activity. T",True,1.906994342803955,success
041F454A216285,6,"['Tomba Giulietta', 'Arena', 'Casa Giulietta']",Duomo,"['Duomo', 'Santa Anastasia', 'Teatro Romano', 'Palazzo della Ragione', 'AMO']",Castelvecchio,"The tourist is currently at the Duomo and has visited other significant sites like Tomba Giulietta, Arena, and Casa Giulietta. Given the time (15:00) and proximity of other notable attractions such as",False,1.9378376007080078,success
041F6A121B6780,3,['Arena'],Casa Giulietta,"['Arena', 'Torre Lamberti', 'San Fermo', 'Palazzo della Ragione', 'Centro Fotografia']",Santa Anastasia,"The tourist is likely to continue exploring nearby landmarks, with a preference for shorter distances. The Arena and Torre Lamberti are popular attractions in Verona, making them probable next stops.",False,1.4365882873535156,success
041F89121B6780,6,['Arena'],Santa Anastasia,"['Teatro Romano', 'Duomo', 'Palazzo della Ragione', 'Casa Giulietta', 'Museo Conte']",Duomo,"These POIs are within a reasonable walking distance and are popular tourist attractions in Verona, aligning with the typical patterns of visitors exploring the city's historical sites.",True,1.0680506229400635,success
041F93121B6780,1,"['Castelvecchio', 'Arena']",Casa Giulietta,"['Torre Lamberti', 'Centro Fotografia', 'Museo Conte']",Torre Lamberti,"These locations are close to Casa Giulietta and align with typical tourist interests in Verona, such as historical sites and cultural museums.",True,1.0519285202026367,success
041F86121B6781,3,['Arena'],Casa Giulietta,"['Torre Lamberti', 'Centro Fotografia', 'Sighseeing', 'Museo Conte', 'Palazzo della Ragione']",Torre Lamberti,"These POIs are closest to Casa Giulietta and are within a reasonable walking distance. They also align with typical tourist interests in Verona, such as historical landmarks and cultural attractions.",True,1.4069032669067383,success
041F6A121B6781,1,"['Arena', 'Palazzo della Ragione', 'Torre Lamberti']",Casa Giulietta,"['Arena', 'Museo Conte', 'San Fermo', 'Verona Tour', 'Museo Storia']",Santa Anastasia,"The tourist is likely to continue visiting major landmarks and attractions in Verona. The Arena, being a famous landmark, is a probable next stop. Museo Conte and San Fermo are also close by and could",False,1.825868844985962,success
041FB1121B6781,3,['Arena'],Casa Giulietta,"['Torre Lamberti', 'Centro Fotografia', 'Sighseeing', 'Museo Conte', 'Palazzo della Ragione']",Santa Anastasia,"These points of interest are closest to Casa Giulietta and within a reasonable walking distance, making them the most likely next stops for tourists. The time context suggests that visitors might want",False,1.4313569068908691,success
041F9F121B6781,3,['Castelvecchio'],Arena,"['Arena', 'Verona Tour', 'Museo Lapidario', 'Casa Giulietta', 'San Fermo']",Casa Giulietta,"The tourist is currently at the Arena and has recently visited Castelvecchio. Given the short distances, these POIs are likely to be of interest. Verona Tour offers a guided tour which could be appeal",True,1.6292157173156738,success
041FA6121B6781,4,"['Castelvecchio', 'San Zeno', 'Arena', 'Torre Lamberti', 'Casa Giulietta', 'Teatro Romano']",Duomo,"['Duomo', 'San Zeno', 'Arena', 'Casa Giulietta', 'Teatro Romano']",Museo Storia,"The tourist is currently at the Duomo and has already visited several major attractions like Castelvecchio, San Zeno, Arena, Torre Lamberti, Casa Giulietta, and Teatro Romano. Given the time context (",False,1.580881118774414,success
041F94121B6781,6,"['Arena', 'Casa Giulietta', 'Palazzo della Ragione', 'Santa Anastasia', 'Duomo']",Teatro Romano,"['Teatro Romano', 'AMO', 'Museo Conte', 'Giardino Giusti', 'Centro Fotografia']",Castelvecchio,"The tourist is currently at the Teatro Romano and it's later in the day. The next likely destination would be nearby attractions like AMO, Museo Conte, or Giardino Giusti, which are close by and could",False,1.6905171871185303,success
041FB2121B6780,6,"['Santa Anastasia', 'Duomo', 'Arena']",Torre Lamberti,"['Casa Giulietta', 'Arena', 'Duomo', 'Museo Conte', 'Palazzo della Ragione']",San Fermo,"The tourist is likely to continue exploring the historical and cultural sites of Verona. Casa Giulietta is a popular attraction related to Romeo and Juliet, while Arena is a famous landmark for touris",False,1.6800601482391357,success
041FB6121B6781,0,"['Arena', 'Torre Lamberti', 'Castelvecchio', 'Casa Giulietta', 'San Fermo', 'Teatro Romano', 'Tomba Giulietta']",Museo Lapidario,"['Museo Lapidario', 'Verona Tour', 'Palazzo della Ragione', 'Centro Fotografia', 'Museo Miniscalchi']",Duomo,"The tourist is currently at the Museo Lapidario and it's close to other museums. Given the time, they might want to explore more cultural sites nearby.",False,1.2984049320220947,success
041FB8121B6781,6,"['Santa Anastasia', 'San Fermo', 'Casa Giulietta', 'Palazzo della Ragione']",Torre Lamberti,"['Torre Lamberti', 'Duomo', 'Arena', 'Teatro Romano', 'Verona Tour']",Duomo,"The tourist is currently at Torre Lamberti and the next logical steps would be to explore nearby major landmarks such as Duomo, Arena, and Teatro Romano. Verona Tour could also be a good choice for ad",True,1.2723093032836914,success
041FBC121B6781,2,"['Arena', 'Castelvecchio']",Santa Anastasia,"['Museo Conte', 'Palazzo della Ragione', 'Teatro Romano', 'Duomo', 'Torre Lamberti']",San Zeno,"These points of interest are relatively close to Santa Anastasia and are popular tourist destinations in Verona, aligning with typical visiting patterns.",False,1.299044132232666,success
041FB6121B6780,4,"['Casa Giulietta', 'Palazzo della Ragione', 'Torre Lamberti', 'Santa Anastasia', 'Castelvecchio', 'Museo Storia', 'Tomba Giulietta', 'Duomo']",Arena,"['Arena', 'Verona Tour', 'Museo Storia', 'Tomba Giulietta', 'Duomo']",San Zeno,"The tourist is currently at the Arena, which is a significant attraction in Verona. Given the time (15:26), they might be looking for something to do before dinner or evening activities. The nearby PO",False,2.0218069553375244,success
041FC5121B6780,2,"['Castelvecchio', 'Duomo', 'Santa Anastasia', 'Torre Lamberti', 'Palazzo della Ragione', 'Casa Giulietta']",Arena,"['Arena', 'Verona Tour', 'Museo Lapidario', 'Tomba Giulietta', 'San Fermo']",San Zeno,"The tourist is currently at the Arena, which is a major attraction in Verona. Given the earlier visiting times and the proximity of other cultural sites like Museo Lapidario and Tomba Giulietta, these",False,1.6495742797851562,success
041FD04A216281,3,['Casa Giulietta'],Arena,"['Arena', 'Verona Tour', 'Museo Lapidario', 'Castelvecchio', 'Tomba Giulietta']",Castelvecchio,"The tourist is currently at the Arena and has recently visited Casa Giulietta. Given the proximity of other related sites such as Tomba Giulietta, and considering typical tourist patterns, these locat",True,1.4218735694885254,success
041FD6121B6780,1,"['Arena', 'Casa Giulietta', 'Torre Lamberti', 'Palazzo della Ragione']",Castelvecchio,"['Castelvecchio', 'Museo Lapidario', 'Verona Tour', 'San Zeno', 'Tomba Giulietta']",Tomba Giulietta,"The tourist is currently at Castelvecchio and the next most likely destinations are nearby points of interest, considering the time context and typical tourist patterns.",True,1.2038235664367676,success
041FCF121B6780,0,"['Arena', 'Casa Giulietta']",Museo Lapidario,"['Castelvecchio', 'Verona Tour', 'Tomba Giulietta', 'San Fermo', 'Museo Storia']",Tomba Giulietta,"These points of interest are relatively close to the current location, aligning with typical tourist patterns of exploring nearby historical and cultural sites. Castelvecchio is a major attraction, wh",True,1.737701654434204,success
041FD7121B6781,4,"['Arena', 'Casa Giulietta', 'Palazzo della Ragione', 'Museo Storia', 'San Fermo', 'San Zeno']",Castelvecchio,"['Castelvecchio', 'Museo Lapidario', 'Verona Tour', 'Tomba Giulietta', 'Torre Lamberti']",Santa Anastasia,"The tourist is currently at Castelvecchio and the next most likely destinations are nearby points of interest, considering the time context and typical visiting patterns.",False,1.1853814125061035,success
041FD34A216281,1,"['Casa Giulietta', 'Castelvecchio', 'Arena']",Torre Lamberti,"['Centro Fotografia', 'Museo Conte', 'Palazzo della Ragione', 'AMO', 'Museo Miniscalchi']",Palazzo della Ragione,"These points of interest are relatively close to Torre Lamberti, making them convenient for a quick visit. They also offer cultural experiences that tourists often seek in Verona.",True,1.4190459251403809,success
041FD1121B6780,2,"['Arena', 'Torre Lamberti', 'Castelvecchio', 'Teatro Romano', 'San Zeno']",Duomo,"['Duomo', 'Santa Anastasia', 'Palazzo della Ragione', 'Casa Giulietta', 'Giardino Giusti']",Santa Anastasia,"The tourist is currently at the Duomo and has visited several historical sites. Given the time (16:19), they might want to explore nearby attractions before it gets too dark. The suggested POIs are wi",True,1.5617036819458008,success
041FD5121B6780,3,['Arena'],Santa Anastasia,"['Arena', 'Duomo', 'Palazzo della Ragione', 'Teatro Romano', 'Casa Giulietta']",Casa Giulietta,"The tourist is likely to continue exploring nearby historical and cultural sites, given the proximity of these POIs. The Arena has already been visited, but other significant landmarks such as Duomo a",True,1.4798369407653809,success
041FD94A216281,6,['Arena'],Duomo,"['Teatro Romano', 'Palazzo della Ragione', 'Museo Miniscalchi', 'Santa Anastasia', 'AMO']",Castelvecchio,"These points of interest are relatively close to the current location (Duomo) and are popular tourist destinations in Verona, aligning with typical visiting patterns.",False,1.322188138961792,success
041FDC121B6781,3,"['Arena', 'Casa Giulietta']",Torre Lamberti,"['Centro Fotografia', 'Museo Conte', 'Palazzo della Ragione', 'Sighseeing', 'Arena']",Santa Anastasia,"These POIs are relatively close to the current location of Torre Lamberti, making them convenient for a short walk. The time is late afternoon (16:20), which suggests tourists might be looking for sho",False,1.4295721054077148,success
041FDB121B6780,4,"['Arena', 'Casa Giulietta', 'Museo Storia', 'Teatro Romano', 'San Zeno']",Castelvecchio,"['Castelvecchio', 'Museo Lapidario', 'Verona Tour', 'Teatro Romano', 'San Zeno']",Duomo,"The tourist is currently at Castelvecchio and the next most likely destinations are nearby points of interest such as Museo Lapidario, Verona Tour, Teatro Romano, and San Zeno, considering their proxi",False,1.5581891536712646,success
041FDF4A216281,1,"['Arena', 'Palazzo della Ragione', 'Torre Lamberti', 'Casa Giulietta', 'Tomba Giulietta']",Duomo,"['Santa Anastasia', 'Teatro Romano', 'Museo Conte', 'Giardino Giusti', 'San Fermo']",Castelvecchio,"These locations are within a reasonable walking distance from the Duomo, which is the current location of the tourists. They also include a mix of historical and cultural sites that align with typical",False,1.4553537368774414,success
041FE24A216281,3,"['Arena', 'Tomba Giulietta']",Santa Anastasia,"['Museo Conte', 'Palazzo della Ragione', 'Teatro Romano', 'Duomo', 'Casa Giulietta']",Palazzo della Ragione,"These points of interest are within a reasonable walking distance and align with typical tourist patterns, including historical and cultural attractions.",True,1.155540943145752,success
041FE8121B6780,1,['Arena'],Torre Lamberti,"['Casa Giulietta', 'Museo Conte', 'Palazzo della Ragione', 'Arena', 'Centro Fotografia']",Palazzo della Ragione,"These POIs are close to the current location and align with typical tourist interests in Verona, such as historical and cultural sites.",True,1.140355110168457,success
041FE5121B6780,2,"['Arena', 'Castelvecchio', 'Torre Lamberti']",Duomo,"['Santa Anastasia', 'Teatro Romano', 'Palazzo della Ragione', 'Museo Miniscalchi', 'AMO']",San Zeno,"These POIs are closest to the current location and align with typical tourist patterns, offering a mix of historical and cultural attractions.",False,1.181269645690918,success
041FE34A216281,1,['Casa Giulietta'],Palazzo della Ragione,"['Palazzo della Ragione', 'Torre Lamberti', 'Museo Conte', 'Santa Anastasia', 'AMO']",Torre Lamberti,"The tourist is currently at Palazzo della Ragione and the next most likely destinations are nearby points of interest. Given the short distances, these locations are easily accessible within a reasona",True,1.401724100112915,success
041FE2121B6781,3,['Casa Giulietta'],Arena,"['Arena', 'Verona Tour', 'Museo Lapidario', 'Castelvecchio', 'Tomba Giulietta']",Castelvecchio,"The tourist is currently at the Arena and has recently visited Casa Giulietta. Given the proximity of other related sites such as Tomba Giulietta, and considering typical tourist patterns, these locat",True,1.4859619140625,success
041FFE121B6781,6,"['Tomba Giulietta', 'Duomo', 'Teatro Romano', 'Santa Anastasia']",Arena,"['Casa Giulietta', 'Verona Tour', 'Teatro Romano', 'Castelvecchio', 'San Fermo']",Castelvecchio,"These POIs are popular among tourists, relatively close to the Arena, and align with common visit patterns in Verona.",True,0.9306275844573975,success
041FE8121B6781,3,"['Arena', 'Torre Lamberti']",Casa Giulietta,"['Arena', 'San Fermo', 'Palazzo della Ragione', 'Museo Conte', 'Casa Giulietta']",Tomba Giulietta,"The tourist is likely to continue exploring nearby landmarks, given the proximity of the suggested POIs. The Arena and San Fermo are popular attractions in Verona, while Palazzo della Ragione offers a",False,1.5001366138458252,success
041FE2121B6780,3,['Arena'],San Fermo,"['Casa Giulietta', 'Torre Lamberti', 'Museo Conte', 'Arena', 'Palazzo della Ragione']",Casa Giulietta,"Given the current time (15:22) and the tourist's proximity to San Fermo, Casa Giulietta is a popular attraction for visitors. Torre Lamberti and Museo Conte are also close by and well-visited sites. T",True,2.0840272903442383,success
041FF74A216281,1,"['Palazzo della Ragione', 'Teatro Romano']",Torre Lamberti,"['Casa Giulietta', 'Museo Conte', 'Teatro Romano', 'Sighseeing', 'Centro Fotografia']",Arena,"These POIs are closest to Torre Lamberti and align with typical tourist patterns, including cultural attractions like the Museo Conte and Casa Giulietta.",False,1.2069110870361328,success
041FED121B6780,6,['Arena'],Casa Giulietta,"['Torre Lamberti', 'Centro Fotografia', 'Sighseeing', 'Museo Conte', 'Palazzo della Ragione']",Duomo,"These points of interest are closest to Casa Giulietta and within a reasonable walking distance, making them the most likely next stops for tourists. The time context suggests that visitors might want",False,1.5976593494415283,success
0420064A216285,2,"['Arena', 'Castelvecchio', 'Duomo']",Santa Anastasia,"['Santa Anastasia', 'AMO', 'Museo Conte', 'Palazzo della Ragione', 'Teatro Romano']",San Zeno,"The tourist is currently at Santa Anastasia and the nearest points of interest are AMO, Museo Conte, Palazzo della Ragione, Teatro Romano, all within walking distance. These locations are popular amon",False,1.4332902431488037,success
042021121B6781,6,['Santa Anastasia'],Duomo,"['Duomo', 'Teatro Romano', 'Palazzo della Ragione', 'Casa Giulietta', 'Museo Conte']",Torre Lamberti,"The tourist is currently at the Duomo and has visited Santa Anastasia. Given the time (14:57), they are likely to explore nearby attractions within walking distance. The suggested POIs are close by an",False,1.2349357604980469,success
0420084A216285,3,['Arena'],Tomba Giulietta,"['Casa Giulietta', 'Castelvecchio', 'Museo Storia', 'Verona Tour', 'San Fermo']",Torre Lamberti,"These POIs are close to the current location and align with typical tourist interests in Verona, such as historical sites and museums.",False,1.4446251392364502,success
041FE4121B6780,2,"['Arena', 'Castelvecchio', 'San Zeno', 'Duomo']",Teatro Romano,"['Teatro Romano', 'Santa Anastasia', 'Palazzo della Ragione', 'Museo Conte', 'Giardino Giusti']",Torre Lamberti,"The tourist is currently at the Teatro Romano and has a short distance to Santa Anastasia, AMO, Palazzo della Ragione, Museo Conte, Centro Fotografia, Museo Miniscalchi, Torre Lamberti, Giardino Giust",False,2.520489454269409,success
0420264A216285,3,['Arena'],Castelvecchio,"['Museo Lapidario', 'Verona Tour', 'San Zeno', 'Casa Giulietta', 'Torre Lamberti']",Santa Anastasia,These POIs are closest to Castelvecchio and align with typical tourist patterns of visiting multiple historical sites in a short distance.,False,1.1443393230438232,success
04201F4A216285,0,"['Arena', 'Museo Lapidario', 'Casa Giulietta', 'Palazzo della Ragione', 'Teatro Romano', 'Duomo', 'Santa Anastasia', 'Castelvecchio', 'Tomba Giulietta']",Museo Storia,"['Teatro Romano', 'Duomo', 'San Fermo', 'Giardino Giusti', 'Torre Lamberti']",Torre Lamberti,"The tourist is likely to continue visiting historical and cultural sites, given the pattern of previous visits. The Teatro Romano and Duomo are significant landmarks in Verona. San Fermo, Torre Lamber",True,1.6981215476989746,success
042022121B6785,6,"['Arena', 'Casa Giulietta', 'Torre Lamberti']",Duomo,"['Duomo', 'Teatro Romano', 'Palazzo della Ragione', 'Museo Miniscalchi', 'Santa Anastasia']",Castelvecchio,"The tourist is currently at the Duomo and has visited other major landmarks like Arena, Casa Giulietta, and Torre Lamberti. Given the time (14:14), they might be looking for a place to rest or continu",False,1.743901014328003,success
04202C121B6781,1,"['Arena', 'Castelvecchio']",Casa Giulietta,"['Torre Lamberti', 'Centro Fotografia', 'Sighseeing', 'Museo Conte', 'Palazzo della Ragione']",Torre Lamberti,These POIs are closest to Casa Giulietta and align with typical tourist patterns of exploring nearby landmarks and attractions.,True,1.25370192527771,success
0420244A216285,6,"['Arena', 'Casa Giulietta', 'Santa Anastasia', 'Teatro Romano', 'Castelvecchio', 'Torre Lamberti']",Duomo,"['Duomo', 'Palazzo della Ragione', 'Museo Miniscalchi', 'AMO', 'Centro Fotografia']",Tomba Giulietta,"The tourist is currently at the Duomo and has visited several historical sites. Given the time context, they are likely to explore nearby cultural attractions like Palazzo della Ragione and Museo Mini",False,1.6263530254364014,success
042025121B6785,6,"['Arena', 'Casa Giulietta', 'Torre Lamberti']",Duomo,"['Duomo', 'Teatro Romano', 'Palazzo della Ragione', 'Museo Miniscalchi', 'Santa Anastasia']",Tomba Giulietta,"The tourist is currently at the Duomo and has visited other major attractions like Arena, Casa Giulietta, and Torre Lamberti. Given the time (14:01), they are likely to visit nearby attractions such a",False,1.6008446216583252,success
04202D121B6781,6,"['Arena', 'Santa Anastasia', 'Duomo']",Casa Giulietta,"['Torre Lamberti', 'Centro Fotografia', 'Sighseeing', 'Museo Conte', 'Museo Radio']",San Fermo,"These points of interest are close to Casa Giulietta, align with typical tourist patterns by offering a mix of historical and cultural attractions, and are within a reasonable walking distance given t",False,1.4454717636108398,success
042024121B6785,1,"['Arena', 'Tomba Giulietta', 'San Fermo', 'Casa Giulietta']",Torre Lamberti,"['Torre Lamberti', 'Centro Fotografia', 'Palazzo della Ragione', 'Sighseeing', 'Museo Conte']",Palazzo della Ragione,"The tourist is currently at Torre Lamberti and the next likely destinations are nearby points of interest. Considering the time (15:55) and typical visiting patterns, tourists often move to nearby att",True,2.094310760498047,success
0420324A216285,3,"['Arena', 'Casa Giulietta', 'Torre Lamberti']",Santa Anastasia,"['Duomo', 'Teatro Romano', 'Palazzo della Ragione', 'Museo Conte', 'AMO']",Teatro Romano,"These POIs are relatively close to Santa Anastasia and are popular tourist destinations in Verona, aligning with the typical visiting pattern.",True,1.2246322631835938,success
04202E4A216285,3,"['Arena', 'Torre Lamberti']",Casa Giulietta,"['Arena', 'San Fermo', 'Palazzo della Ragione', 'Museo Conte', 'Centro Fotografia']",Santa Anastasia,"The tourist is likely to continue exploring nearby landmarks, with a preference for shorter distances. The Arena and San Fermo are popular attractions in Verona, while the other suggested POIs are wit",False,1.3284821510314941,success
04202D4A216285,3,"['Arena', 'Teatro Romano']",Teatro Romano,"['Duomo', 'Arena', 'Palazzo della Ragione', 'Santa Anastasia', 'Museo Conte']",Santa Anastasia,"Given the current location at Teatro Romano, tourists are likely to visit nearby landmarks such as Duomo and Arena. The close proximity of other points of interest like Palazzo della Ragione, Santa An",True,1.4685163497924805,success
042034121B6781,6,"['Arena', 'Casa Giulietta', 'Torre Lamberti', 'Santa Anastasia']",Duomo,"['Teatro Romano', 'Museo Miniscalchi', 'Palazzo della Ragione', 'AMO', 'Sighseeing']",Castelvecchio,"These points of interest are relatively close to the Duomo, making them convenient for a quick visit. The time is early afternoon, so tourists might be looking for shorter stops before potentially hav",False,1.4077262878417969,success
0420314A216285,1,"['Arena', 'Casa Giulietta', 'Torre Lamberti']",Teatro Romano,"['Duomo', 'Santa Anastasia', 'Palazzo della Ragione', 'Museo Conte', 'Giardino Giusti']",Castelvecchio,"These POIs are close to the current location and align with typical tourist interests in Verona, such as religious sites (Duomo, Santa Anastasia) and historical buildings (Palazzo della Ragione). The ",False,1.7922406196594238,success
04203B121B6781,2,"['Arena', 'Torre Lamberti', 'Casa Giulietta', 'Santa Anastasia']",San Zeno,"['Castelvecchio', 'Verona Tour', 'Museo Lapidario', 'Palazzo della Ragione', 'Duomo']",Tomba Giulietta,"These points of interest are relatively close to San Zeno and are popular among tourists, especially during the afternoon when they might be looking for a mix of historical and cultural experiences.",False,1.2040724754333496,success
04203A4A216285,6,"['Arena', 'Castelvecchio', 'Casa Giulietta', 'Santa Anastasia', 'Torre Lamberti']",Palazzo della Ragione,"['Duomo', 'Teatro Romano', 'Museo Conte', 'AMO', 'Centro Fotografia']",Duomo,"These POIs are relatively close to Palazzo della Ragione and align with typical tourist interests in Verona, such as historical sites and museums.",True,1.2813889980316162,success
042040121B6781,1,"['Casa Giulietta', 'Torre Lamberti', 'Santa Anastasia', 'Arena']",Castelvecchio,"['Castelvecchio', 'Museo Lapidario', 'Verona Tour', 'San Zeno', 'Palazzo della Ragione']",Tomba Giulietta,"The tourist is currently at Castelvecchio and the next logical steps would be to explore nearby museums and historical sites, considering the short distances.",False,1.1969330310821533,success
0420344A216285,3,"['Arena', 'Torre Lamberti']",Santa Anastasia,"['Arena', 'Duomo', 'Palazzo della Ragione', 'Teatro Romano', 'Casa Giulietta']",Teatro Romano,"The tourist is likely to continue exploring nearby historical and cultural sites, given the proximity of these POIs. The Arena and Duomo are major landmarks in Verona, while Palazzo della Ragione and ",True,1.701427698135376,success
042061121B6780,1,"['Arena', 'Torre Lamberti', 'Palazzo della Ragione']",Santa Anastasia,"['Duomo', 'Teatro Romano', 'Museo Conte', 'AMO', 'Casa Giulietta']",Teatro Romano,"These POIs are within close proximity to Santa Anastasia and align with typical tourist interests in Verona, such as historical sites and cultural attractions. The time context suggests a visit during",True,1.4041471481323242,success
04205D121B6781,3,['Arena'],Casa Giulietta,"['Torre Lamberti', 'Centro Fotografia', 'Sighseeing', 'Museo Conte', 'Palazzo della Ragione']",Santa Anastasia,"These points of interest are closest to Casa Giulietta and within a reasonable walking distance, making them the most likely next stops for tourists. The time context suggests that visitors might want",False,1.509199857711792,success
04203C121B6781,1,"['Casa Giulietta', 'Palazzo della Ragione', 'Torre Lamberti']",Arena,"['Arena', 'Verona Tour', 'Museo Lapidario', 'Castelvecchio', 'Tomba Giulietta']",Castelvecchio,"The tourist is currently at the Arena, which is a major attraction in Verona. Given the time (17:12), they might be finishing their visit or leaving soon. The nearby POIs like Verona Tour and Museo La",True,1.8127472400665283,success
042069121B6781,0,"['Museo Lapidario', 'Castelvecchio']",Casa Giulietta,"['Torre Lamberti', 'Centro Fotografia', 'Sighseeing', 'Museo Conte', 'Palazzo della Ragione']",Tomba Giulietta,These POIs are closest to Casa Giulietta and align with typical tourist patterns of exploring nearby landmarks and attractions.,False,1.1439108848571777,success
042064121B6780,6,"['Arena', 'Torre Lamberti', 'Casa Giulietta', 'Santa Anastasia', 'Duomo']",Teatro Romano,"['Teatro Romano', 'AMO', 'Palazzo della Ragione', 'Museo Conte', 'Giardino Giusti']",Castelvecchio,"The tourist is currently at the Teatro Romano and it's close to other cultural attractions like AMO, Palazzo della Ragione, Museo Conte, and Giardino Giusti. These locations are popular among tourists",False,1.5156478881835938,success
042094121B6781,1,"['Castelvecchio', 'Arena', 'Casa Giulietta']",Torre Lamberti,"['Centro Fotografia', 'Museo Conte', 'Palazzo della Ragione']",Palazzo della Ragione,"These POIs are relatively close to Torre Lamberti, making them convenient for a quick visit. They are also popular tourist attractions in Verona.",True,1.1699378490447998,success
04206D121B6781,3,['Santa Anastasia'],Teatro Romano,"['Duomo', 'Palazzo della Ragione', 'Museo Conte', 'Torre Lamberti', 'Giardino Giusti']",Arena,"These points of interest are relatively close to the Teatro Romano and are popular tourist destinations in Verona, making them likely next stops for tourists.",False,1.2260181903839111,success
0420AE121B6781,6,"['Arena', 'Castelvecchio', 'Duomo', 'Santa Anastasia']",Casa Giulietta,"['Torre Lamberti', 'Centro Fotografia', 'San Fermo', 'Palazzo della Ragione', 'Museo Conte']",Tomba Giulietta,"These points of interest are close to Casa Giulietta, align with typical tourist patterns by offering a mix of historical and cultural attractions, and are within a reasonable walking distance given t",False,1.3342790603637695,success
042062121B6780,2,"['Arena', 'San Zeno', 'Torre Lamberti']",Casa Giulietta,"['San Zeno', 'Arena', 'Palazzo della Ragione', 'Museo Conte', 'Casa Giulietta']",Santa Anastasia,"Tourists are likely to visit nearby attractions like San Zeno and Arena, which are popular sites in Verona. Palazzo della Ragione is a significant historical building close by, while Museo Conte offer",False,1.8745462894439697,success
0420B3121B6780,1,['Castelvecchio'],Arena,"['Arena', 'Verona Tour', 'Casa Giulietta', 'San Fermo', 'Museo Lapidario']",Palazzo della Ragione,"The tourist is likely to stay in the area of the Arena, given its proximity to the current location. The suggested POIs are within a short walking distance and align with typical tourist interests in ",False,1.390254020690918,success
0420B6121B6780,2,"['Castelvecchio', 'Duomo', 'Santa Anastasia']",Torre Lamberti,"['Casa Giulietta', 'Arena', 'Palazzo della Ragione', 'Museo Conte', 'San Fermo']",San Zeno,"These POIs are close to the current location, align with typical tourist interests in Verona, and are visited after Castelvecchio, Duomo, and Santa Anastasia.",False,1.4116528034210205,success
0420B2121B6780,6,"['Torre Lamberti', 'Santa Anastasia', 'Duomo']",Arena,"['Arena', 'Verona Tour', 'Casa Giulietta', 'San Fermo', 'Museo Lapidario']",Castelvecchio,"The tourist is currently at the Arena and has just visited several historical sites. Given the time context, they might want to explore nearby attractions like Verona Tour for a guided experience or v",False,1.8200297355651855,success
0420B94A216281,6,"['Arena', 'Palazzo della Ragione', 'Casa Giulietta']",Santa Anastasia,"['Teatro Romano', 'Duomo', 'Torre Lamberti', 'Museo Conte', 'Centro Fotografia']",Duomo,"These POIs are within close proximity to Santa Anastasia and align with typical tourist patterns, offering a mix of historical and cultural attractions that visitors often explore in Verona.",True,1.269820213317871,success
0420BD121B6780,6,"['Santa Anastasia', 'Duomo', 'Arena']",Casa Giulietta,"['Torre Lamberti', 'Centro Fotografia', 'San Fermo', 'Palazzo della Ragione', 'Museo Conte']",Castelvecchio,"These points of interest are close to Casa Giulietta, align with typical tourist patterns by offering a mix of historical and cultural attractions, and are within a reasonable walking distance given t",False,1.338474988937378,success
0420B9121B6781,0,"['Arena', 'Casa Giulietta', 'Santa Anastasia', 'Duomo']",Teatro Romano,"['Teatro Romano', 'AMO', 'Palazzo della Ragione', 'Museo Conte', 'Giardino Giusti']",Museo Lapidario,"The tourist is currently at Teatro Romano and the next likely destination would be nearby points of interest. AMO, Palazzo della Ragione, Museo Conte, and Giardino Giusti are all within close proximit",False,1.625232219696045,success
0420C4121B6780,3,['Arena'],Casa Giulietta,"['Torre Lamberti', 'Centro Fotografia', 'Sighseeing', 'Museo Conte', 'Palazzo della Ragione']",Torre Lamberti,"These points of interest are closest to Casa Giulietta and within a reasonable walking distance. They also align with typical tourist patterns, offering both cultural and photographic opportunities.",True,1.3162248134613037,success
0420C5121B6780,1,"['Arena', 'Castelvecchio']",Santa Anastasia,"['Museo Conte', 'Palazzo della Ragione', 'Teatro Romano', 'Duomo', 'Torre Lamberti']",Torre Lamberti,"These POIs are relatively close to Santa Anastasia and are popular tourist destinations in Verona, aligning with typical visiting patterns.",True,1.1345643997192383,success
0420BD4A216281,1,['Arena'],Torre Lamberti,"['Casa Giulietta', 'Arena', 'Palazzo della Ragione', 'Museo Conte', 'Centro Fotografia']",Torre Lamberti,"These POIs are close to Torre Lamberti and are popular tourist attractions in Verona. Casa Giulietta is a well-known site, Arena is the next visited location, Palazzo della Ragione is a significant hi",False,1.7296180725097656,success
0420C3121B6780,6,"['Arena', 'Casa Giulietta', 'Torre Lamberti', 'Palazzo della Ragione', 'Duomo']",Castelvecchio,"['Castelvecchio', 'Museo Lapidario', 'Verona Tour', 'San Zeno', 'Tomba Giulietta']",Santa Anastasia,"The tourist is currently at Castelvecchio and the next likely destination would be nearby points of interest. Considering the time context, it's reasonable to assume they might want to visit other his",False,1.513181447982788,success
0420C4121B6781,1,"['Arena', 'Casa Giulietta', 'Torre Lamberti', 'Santa Anastasia']",Castelvecchio,"['Castelvecchio', 'Museo Lapidario', 'Verona Tour', 'San Zeno', 'Palazzo della Ragione']",Tomba Giulietta,"The tourist is currently at Castelvecchio and the next likely destination would be nearby points of interest. Considering the time context, it's reasonable to assume they might want to explore other h",False,1.4246525764465332,success
0420CC121B6781,3,['Arena'],Casa Giulietta,"['Torre Lamberti', 'Centro Fotografia', 'Sighseeing', 'Museo Conte', 'Palazzo della Ragione']",Torre Lamberti,"These points of interest are closest to Casa Giulietta and within a reasonable walking distance. They also align with typical tourist patterns, offering both cultural and photographic opportunities.",True,1.2742640972137451,success
0420C7121B6781,2,"['Tomba Giulietta', 'Castelvecchio', 'Casa Giulietta', 'Torre Lamberti', 'Santa Anastasia', 'Duomo', 'Arena', 'San Fermo']",San Zeno,"['San Zeno', 'Verona Tour', 'Museo Lapidario', 'Palazzo della Ragione', 'Teatro Romano']",Teatro Romano,"The tourist is likely to visit nearby attractions, with San Zeno being the current location. The other suggested POIs are within a reasonable walking distance and align with typical tourist patterns i",True,1.4354918003082275,success
0420CF121B6780,2,"['Arena', 'Arena', 'San Fermo', 'Casa Giulietta', 'Torre Lamberti', 'Santa Anastasia', 'Palazzo della Ragione', 'Duomo']",Castelvecchio,"['Castelvecchio', 'Museo Lapidario', 'Verona Tour', 'Tomba Giulietta', 'San Zeno']",San Zeno,"The tourist is likely to continue visiting historical and cultural sites, with Castelvecchio being the next logical step. Nearby attractions like Museo Lapidario and Verona Tour are also probable choi",True,1.4243626594543457,success
0420D04A216281,3,['Casa Giulietta'],Arena,"['Arena', 'Verona Tour', 'Museo Lapidario', 'Castelvecchio', 'Tomba Giulietta']",Castelvecchio,"The tourist is currently at the Arena and has recently visited Casa Giulietta. Given the proximity of other related sites such as Tomba Giulietta, and considering typical tourist patterns, these locat",True,1.4118549823760986,success
0420D5121B6780,2,"['Teatro Romano', 'Castelvecchio', 'Arena']",San Zeno,"['Casa Giulietta', 'Duomo', 'Palazzo della Ragione', 'Torre Lamberti', 'Museo Lapidario']",San Zeno,"These locations are popular tourist destinations in Verona, close to the current location of San Zeno, and align with typical visiting patterns.",False,1.2173597812652588,success
0420DB121B6780,1,"['Arena', 'Torre Lamberti', 'Castelvecchio', 'Casa Giulietta']",Palazzo della Ragione,"['AMO', 'Museo Conte', 'Centro Fotografia', 'Sighseeing', 'Santa Anastasia']",Santa Anastasia,"These points of interest are closest to Palazzo della Ragione and align well with typical tourist patterns, offering a mix of cultural and historical attractions.",True,1.1714229583740234,success
0420D34A216281,3,['Casa Giulietta'],Arena,"['Arena', 'Verona Tour', 'Museo Lapidario', 'Castelvecchio', 'Tomba Giulietta']",Torre Lamberti,"The tourist is currently at the Arena and has recently visited Casa Giulietta. Given the time context, they are likely to explore nearby attractions like Verona Tour, Museo Lapidario, Castelvecchio, a",False,1.6359779834747314,success
0420D1121B6780,2,"['Arena', 'Torre Lamberti', 'Castelvecchio', 'Teatro Romano', 'San Zeno']",Duomo,"['Duomo', 'Santa Anastasia', 'Palazzo della Ragione', 'AMO', 'Museo Miniscalchi']",Santa Anastasia,"The tourist is currently at the Duomo and has visited several historical sites. Given the time (16:19) which is later in the afternoon, they might be looking for a shorter walk to nearby attractions l",True,1.8198869228363037,success
0420DF121B6780,2,"['Arena', 'San Zeno', 'Castelvecchio', 'San Fermo', 'Casa Giulietta']",Santa Anastasia,"['Teatro Romano', 'Duomo', 'Palazzo della Ragione', 'Museo Conte', 'Centro Fotografia']",Tomba Giulietta,"These POIs are relatively close to Santa Anastasia and are popular tourist destinations in Verona, aligning with the typical visiting pattern.",False,1.2150399684906006,success
0420D4121B6781,0,"['Arena', 'Museo Lapidario', 'Casa Giulietta']",Santa Anastasia,"['Santa Anastasia', 'Duomo', 'Palazzo della Ragione', 'Teatro Romano', 'Giardino Giusti']",Teatro Romano,"The tourist is currently at Santa Anastasia and the nearby Duomo, Palazzo della Ragione, Teatro Romano are all within walking distance. The time is late afternoon (16:36), which might prompt a visit t",True,1.706965446472168,success
0420E2121B6781,1,"['Arena', 'Casa Giulietta', 'Palazzo della Ragione']",Torre Lamberti,"['Sighseeing', 'Centro Fotografia', 'Museo Conte']",Castelvecchio,"These points of interest are closest to Torre Lamberti and within a reasonable walking distance for tourists. The Sighseeing point is directly nearby, followed by Centro Fotografia and Museo Conte.",False,1.108203411102295,success
0420DC121B6781,6,"['Arena', 'Torre Lamberti', 'Duomo', 'Tomba Giulietta', 'Castelvecchio', 'Palazzo della Ragione']",Santa Anastasia,"['Casa Giulietta', 'Teatro Romano', 'Giardino Giusti', 'Museo Conte', 'AMO']",San Fermo,"These POIs are close to Santa Anastasia and align with typical tourist patterns, including nearby attractions like Casa Giulietta (related to Romeo and Juliet) and cultural sites such as the Teatro Ro",False,1.4852259159088135,success
0420D6121B6780,1,"['Arena', 'Casa Giulietta', 'Torre Lamberti', 'Palazzo della Ragione']",Castelvecchio,"['Castelvecchio', 'Museo Lapidario', 'Verona Tour', 'San Zeno', 'Tomba Giulietta']",Tomba Giulietta,"The tourist is currently at Castelvecchio and the next likely destination would be nearby points of interest. Considering the time, Castelvecchio is a popular stop, followed by other close attractions",True,1.6857936382293701,success
0420E5121B6781,1,"['Arena', 'Casa Giulietta', 'Torre Lamberti']",Palazzo della Ragione,"['Museo Conte', 'AMO', 'Centro Fotografia', 'Sighseeing']",Tomba Giulietta,These POIs are closest to the current location and align with typical tourist patterns of exploring nearby cultural attractions after visiting major sites like Palazzo della Ragione.,False,1.1551077365875244,success
0420E8121B6781,1,"['Arena', 'Torre Lamberti']",Palazzo della Ragione,"['AMO', 'Museo Conte', 'Centro Fotografia', 'Sighseeing', 'Santa Anastasia']",Casa Giulietta,"These points of interest are closest to Palazzo della Ragione and align with typical tourist patterns, offering a mix of cultural and historical attractions.",False,1.1423509120941162,success
0421064A216285,2,"['Arena', 'Castelvecchio', 'Duomo', 'Santa Anastasia']",Casa Giulietta,"['Torre Lamberti', 'Centro Fotografia', 'Museo Conte', 'Palazzo della Ragione', 'San Fermo']",San Zeno,"These points of interest are close to Casa Giulietta, align with typical tourist patterns, and offer a mix of historical and cultural experiences.",False,1.0947027206420898,success
0421014A216285,6,['Arena'],Duomo,"['Teatro Romano', 'Palazzo della Ragione', 'Museo Miniscalchi', 'Santa Anastasia', 'AMO']",Castelvecchio,"These POIs are closest to the current location and align with typical tourist patterns, including historical and cultural sites.",False,1.1564626693725586,success
0420E2121B6780,3,['Arena'],San Fermo,"['Casa Giulietta', 'Torre Lamberti', 'Museo Conte', 'Arena', 'Palazzo della Ragione']",Casa Giulietta,"Given the current time (15:22) and proximity to the Arena, tourists are likely to visit well-known landmarks like Casa Giulietta and Torre Lamberti. The Arena is already visited, but it's a popular sp",True,2.1056809425354004,success
042118121B6781,6,['Duomo'],Santa Anastasia,"['Palazzo della Ragione', 'Teatro Romano', 'Museo Conte', 'AMO', 'Torre Lamberti']",Arena,"These points of interest are relatively close to Santa Anastasia and are popular tourist destinations in Verona, aligning with typical visiting patterns.",False,1.1163833141326904,success
04211C121B6781,6,['Arena'],Duomo,"['Teatro Romano', 'Palazzo della Ragione', 'Museo Miniscalchi', 'Santa Anastasia', 'AMO']",Casa Giulietta,"These points of interest are relatively close to the current location (Duomo) and are popular tourist destinations in Verona, making them likely next stops for tourists.",False,1.0858066082000732,success
0421124A216285,3,['Castelvecchio'],Casa Giulietta,"['Torre Lamberti', 'Centro Fotografia', 'Sighseeing', 'Museo Conte', 'Palazzo della Ragione']",Tomba Giulietta,"These points of interest are closest to Casa Giulietta and are within a reasonable walking distance. They also align with typical tourist patterns, offering both cultural and photographic opportunitie",False,1.3667457103729248,success
0421074A216285,1,"['Arena', 'Casa Giulietta']",Torre Lamberti,"['Centro Fotografia', 'Museo Conte', 'Palazzo della Ragione', 'AMO', 'Museo Miniscalchi']",Palazzo della Ragione,"These points of interest are within close proximity to the current location and align with typical tourist patterns, offering a mix of cultural and photographic experiences.",True,1.532153606414795,success
0420F44A216281,1,"['Casa Giulietta', 'Castelvecchio']",Arena,"['Arena', 'Verona Tour', 'Museo Lapidario', 'Tomba Giulietta', 'Torre Lamberti']",Torre Lamberti,"The tourist is currently at the Arena, which is a major attraction in Verona. Given the time (14:21), they are likely to stay for some duration. The nearby points of interest like Verona Tour and Muse",True,1.849062442779541,success
042124121B6781,3,"['Casa Giulietta', 'Torre Lamberti', 'Santa Anastasia']",Arena,"['Arena', 'Verona Tour', 'Museo Lapidario', 'Tomba Giulietta', 'Castelvecchio']",Tomba Giulietta,"The tourist is currently at the Arena and it's later in the day, suggesting they might be concluding their visit. The nearby points of interest are relatively close, making them convenient for a quick",True,1.2179992198944092,success
0421244A216285,6,"['Arena', 'Casa Giulietta', 'Santa Anastasia', 'Teatro Romano', 'Castelvecchio', 'Torre Lamberti']",Duomo,"['Duomo', 'Palazzo della Ragione', 'Museo Miniscalchi', 'AMO', 'Centro Fotografia']",Tomba Giulietta,"The tourist is currently at the Duomo and has visited several historical sites. Given the time context, they are likely to explore nearby attractions before lunch or continue their tour with shorter d",False,1.2061645984649658,success
042121121B6781,6,['Santa Anastasia'],Duomo,"['Duomo', 'Teatro Romano', 'Palazzo della Ragione', 'Museo Conte', 'Casa Giulietta']",Torre Lamberti,"The tourist is currently at the Duomo and has visited Santa Anastasia. Given the time (14:57), they are likely to explore nearby attractions within walking distance. The suggested POIs are all within ",False,1.883072853088379,success
0420FB4A216281,6,"['Casa Giulietta', 'Torre Lamberti']",Arena,"['Arena', 'Verona Tour', 'Museo Lapidario', 'Castelvecchio', 'Tomba Giulietta']",Duomo,"The tourist is currently at the Arena, which is a major attraction in Verona. Given the time (13:20), they are likely to stay for some duration. The nearby POIs such as Verona Tour and Museo Lapidario",False,2.3807120323181152,success
042122121B6785,6,"['Arena', 'Casa Giulietta', 'Torre Lamberti']",Duomo,"['Duomo', 'Teatro Romano', 'Palazzo della Ragione', 'Museo Miniscalchi', 'Santa Anastasia']",Castelvecchio,"The tourist is currently at the Duomo and has visited other major attractions like Arena, Casa Giulietta, and Torre Lamberti. Given the time (14:14), they are likely to visit nearby attractions such a",False,1.9961862564086914,success
04212D121B6781,0,"['Casa Giulietta', 'Arena']",Museo Lapidario,"['Arena', 'Verona Tour', 'Castelvecchio', 'Tomba Giulietta', 'San Fermo']",Tomba Giulietta,"The tourist is likely to continue exploring nearby attractions, with the Arena being a popular site after Museo Lapidario. Verona Tour and Castelvecchio are also close by and well-visited. Tomba Giuli",True,1.4734389781951904,success
0421304A216285,3,['Arena'],Casa Giulietta,"['Torre Lamberti', 'Centro Fotografia', 'Sighseeing', 'Museo Conte', 'Palazzo della Ragione']",Torre Lamberti,"These points of interest are closest to Casa Giulietta and within a reasonable walking distance. They also align with typical tourist patterns, offering both cultural and photographic opportunities.",True,1.3307886123657227,success
0421324A216285,1,"['Arena', 'Teatro Romano', 'Casa Giulietta', 'Castelvecchio']",Torre Lamberti,"['Centro Fotografia', 'Museo Conte', 'Palazzo della Ragione', 'AMO', 'Museo Miniscalchi']",Tomba Giulietta,"These points of interest are relatively close to Torre Lamberti, making them convenient for a short walk. They also offer cultural experiences that tourists often seek in Verona.",False,1.1961009502410889,success
04212C121B6781,3,"['Casa Giulietta', 'Teatro Romano', 'Torre Lamberti', 'San Fermo', 'Tomba Giulietta']",Arena,"['Arena', 'Verona Tour', 'Museo Lapidario', 'Sighseeing', 'Castelvecchio']",Santa Anastasia,"The tourist is currently at the Arena, which is a major attraction in Verona. Given the time (16:10), they might be looking to end their visit or move on to another site. The nearby POIs are within re",False,1.9393675327301025,success
042125121B6785,6,"['Arena', 'Casa Giulietta', 'Torre Lamberti']",Duomo,"['Duomo', 'Santa Anastasia', 'Teatro Romano', 'Palazzo della Ragione', 'Museo Miniscalchi']",Tomba Giulietta,"The tourist is currently at the Duomo and has visited other major attractions like Arena, Casa Giulietta, and Torre Lamberti. Given the time (14:01), they are likely to visit nearby attractions before",False,2.034536600112915,success
04212E4A216285,6,"['Casa Giulietta', 'Torre Lamberti', 'Arena', 'Castelvecchio']",Duomo,"['Duomo', 'Santa Anastasia', 'Teatro Romano', 'Palazzo della Ragione', 'Museo Conte']",Teatro Romano,"The tourist is currently at the Duomo and it's a popular site to visit in Verona. Given the time (15:56), they might want to continue their sightseeing before the usual end of the day. The nearby POIs",True,1.8455274105072021,success
04212F121B6781,3,['Arena'],Casa Giulietta,"['Arena', 'Torre Lamberti', 'San Fermo', 'Palazzo della Ragione', 'Casa Giulietta']",Torre Lamberti,"Given the time context (after visiting Casa Giulietta) and proximity, tourists are likely to visit nearby attractions like Arena or Torre Lamberti. San Fermo and Palazzo della Ragione are also popular",True,1.8508715629577637,success
04213F121B6781,1,"['Arena', 'Castelvecchio']",Torre Lamberti,"['Casa Giulietta', 'Museo Conte', 'Palazzo della Ragione', 'Sighseeing', 'Centro Fotografia']",Santa Anastasia,"These POIs are closest to Torre Lamberti and align with typical tourist patterns, including nearby attractions like Casa Giulietta and Museo Conte.",False,1.0825865268707275,success
0421344A216285,3,"['Arena', 'Torre Lamberti']",Santa Anastasia,"['Arena', 'Duomo', 'Palazzo della Ragione', 'Teatro Romano', 'Casa Giulietta']",Teatro Romano,"The tourist is likely to continue exploring nearby historical and cultural sites, given the proximity of these POIs. The Arena and Duomo are major landmarks in Verona, while Palazzo della Ragione and ",True,1.6206555366516113,success
04213B121B6781,2,"['Arena', 'Torre Lamberti', 'Casa Giulietta', 'Santa Anastasia']",San Zeno,"['Castelvecchio', 'Verona Tour', 'Museo Lapidario', 'Palazzo della Ragione', 'Duomo']",Tomba Giulietta,"These points of interest are relatively close to San Zeno and are popular among tourists, considering the time context and proximity.",False,1.2711832523345947,success
04213E121B6781,1,"['Arena', 'Casa Giulietta']",Torre Lamberti,"['Centro Fotografia', 'Museo Conte', 'Palazzo della Ragione', 'Sighseeing', 'Arena']",Castelvecchio,"These POIs are within a short walking distance from Torre Lamberti and align with typical tourist patterns, including nearby attractions like Casa Giulietta and the Arena.",False,1.2502586841583252,success
042140121B6781,1,"['Casa Giulietta', 'Torre Lamberti', 'Santa Anastasia', 'Arena']",Castelvecchio,"['Castelvecchio', 'Museo Lapidario', 'Verona Tour', 'San Zeno', 'Palazzo della Ragione']",Tomba Giulietta,"The tourist is currently at Castelvecchio and the next likely destination would be nearby points of interest. Given the time context, they might want to explore other historical sites or museums in th",False,1.4336018562316895,success
042149121B6781,0,"['Arena', 'Casa Giulietta', 'Torre Lamberti', 'Teatro Romano', 'Tomba Giulietta']",Museo Lapidario,"['Castelvecchio', 'Verona Tour', 'Museo Radio', 'San Fermo', 'Palazzo della Ragione']",Castelvecchio,"These POIs are relatively close to the current location and align with typical tourist interests in Verona, such as historical and cultural attractions.",True,1.2637202739715576,success
04215C121B6781,3,['Arena'],Casa Giulietta,"['Torre Lamberti', 'Centro Fotografia', 'Sighseeing', 'Museo Conte', 'Palazzo della Ragione']",Torre Lamberti,"These POIs are closest to Casa Giulietta and are within a reasonable walking distance. They also align with typical tourist interests in Verona, such as historical sites and cultural attractions.",True,1.3511459827423096,success
042162121B6780,3,['Arena'],Casa Giulietta,"['Torre Lamberti', 'Centro Fotografia', 'Sighseeing', 'Museo Conte', 'Palazzo della Ragione']",Santa Anastasia,"These points of interest are closest to Casa Giulietta and within a reasonable walking distance, making them the most likely next stops for tourists. The time context suggests that visitors might want",False,1.3447530269622803,success
042169121B6780,3,"['Arena', 'Casa Giulietta', 'Santa Anastasia', 'Castelvecchio']",Teatro Romano,"['Duomo', 'Palazzo della Ragione', 'Museo Conte', 'Torre Lamberti', 'Giardino Giusti']",Tomba Giulietta,"These points of interest are relatively close to the Teatro Romano and align with typical tourist patterns, offering a mix of historical and cultural attractions.",False,1.2733960151672363,success
04216D121B6781,3,['Santa Anastasia'],Teatro Romano,"['Duomo', 'Palazzo della Ragione', 'Museo Conte', 'Centro Fotografia', 'Torre Lamberti']",Arena,"These points of interest are within close proximity to the Teatro Romano and align with typical tourist patterns, offering a mix of historical and cultural attractions.",False,1.2085113525390625,success
04216D121B6780,3,['Arena'],Torre Lamberti,"['Casa Giulietta', 'Arena', 'Palazzo della Ragione', 'Museo Conte', 'Centro Fotografia']",Santa Anastasia,"These POIs are close to the current location and align with typical tourist interests in Verona, such as visiting famous landmarks like Casa Giulietta and Arena.",False,1.285249948501587,success
0421B1121B6780,1,"['Castelvecchio', 'Arena']",Torre Lamberti,"['Casa Giulietta', 'Arena', 'Museo Conte', 'Palazzo della Ragione', 'Sighseeing']",Palazzo della Ragione,"These POIs are close to Torre Lamberti and are popular tourist destinations in Verona. The time is early afternoon, making these more likely choices for a short break or photo opportunity.",True,1.315577745437622,success
0421AE121B6781,6,"['Arena', 'Castelvecchio', 'Duomo', 'Santa Anastasia']",Casa Giulietta,"['Torre Lamberti', 'Centro Fotografia', 'San Fermo', 'Palazzo della Ragione', 'Museo Conte']",Tomba Giulietta,"These points of interest are close to Casa Giulietta, align with typical tourist patterns by offering a mix of historical and cultural attractions, and are within a reasonable walking distance given t",False,1.377751350402832,success
042177121B6781,3,['Castelvecchio'],Arena,"['Casa Giulietta', 'Arena', 'Verona Tour', 'Museo Lapidario', 'San Fermo']",Santa Anastasia,"The tourist is likely to visit Casa Giulietta due to its popularity and proximity. The Arena, being the next closest major attraction, is also a strong possibility. Verona Tour could be chosen for add",False,1.6597058773040771,success
0421B0121B6781,3,"['Arena', 'Casa Giulietta', 'Torre Lamberti']",Santa Anastasia,"['Duomo', 'Teatro Romano', 'Palazzo della Ragione', 'Museo Conte', 'AMO']",Teatro Romano,"These POIs are within close proximity to Santa Anastasia and align with typical tourist interests in Verona, including historical sites and museums. The time context suggests visitors might be looking",True,1.4579811096191406,success
042191121B6780,0,"['Casa Giulietta', 'Arena', 'Museo Lapidario', 'Castelvecchio']",Duomo,"['Duomo', 'Santa Anastasia', 'Teatro Romano', 'Palazzo della Ragione', 'AMO']",Teatro Romano,"The tourist is currently at the Duomo and has visited several historical sites. Given the time (13:43) which is close to lunchtime, they might take a short break or visit nearby attractions like Santa",True,1.831235408782959,success
0421B8121B6781,3,['Arena'],Castelvecchio,"['Museo Lapidario', 'Verona Tour', 'San Zeno', 'Casa Giulietta', 'Torre Lamberti']",Teatro Romano,"These points of interest are closest to Castelvecchio and align with typical tourist patterns, focusing on nearby historical and cultural sites.",False,1.1350507736206055,success
0421B4121B6780,2,"['Teatro Romano', 'Santa Anastasia', 'Duomo', 'Arena', 'Casa Giulietta']",Castelvecchio,"['Arena', 'Casa Giulietta', 'Duomo', 'Teatro Romano', 'San Zeno']",San Zeno,"These POIs are historically significant and popular among tourists. The Arena is nearby, as is Casa Giulietta, both of which are often visited after Castelvecchio. Duomo and Teatro Romano are also clo",True,1.459855318069458,success
0421BD4A216281,4,['San Zeno'],Torre Lamberti,"['Casa Giulietta', 'Museo Conte', 'Palazzo della Ragione', 'Sighseeing', 'Centro Fotografia']",Museo Storia,"These POIs are closest to Torre Lamberti and align with typical tourist patterns, focusing on historical and cultural attractions.",False,1.1812522411346436,success
0421BD121B6780,3,"['Santa Anastasia', 'Arena']",Casa Giulietta,"['Torre Lamberti', 'Centro Fotografia', 'Sighseeing', 'Museo Conte', 'Palazzo della Ragione']",Castelvecchio,"These points of interest are closest to Casa Giulietta and within a reasonable walking distance. They also align with typical tourist patterns, offering both cultural and photographic opportunities.",False,1.223694086074829,success
0421B6121B6781,6,"['Castelvecchio', 'Arena', 'Tomba Giulietta']",Casa Giulietta,"['Torre Lamberti', 'Centro Fotografia', 'Museo Conte', 'Palazzo della Ragione', 'Sighseeing']",Duomo,"These points of interest are close to Casa Giulietta, align with typical tourist patterns by offering a mix of historical and cultural attractions, and are within a reasonable walking distance given t",False,1.4028480052947998,success
0421B3121B6780,1,['Castelvecchio'],Arena,"['Arena', 'Verona Tour', 'Museo Lapidario', 'Casa Giulietta', 'San Fermo']",Palazzo della Ragione,"The tourist is currently at the Arena, which is a major attraction in Verona. Given the time (11:34), they might want to explore nearby attractions like the Verona Tour or other museums. The closer lo",False,1.7987384796142578,success
0421C4121B6780,3,['Arena'],Casa Giulietta,"['Torre Lamberti', 'Centro Fotografia', 'Sighseeing', 'Museo Conte', 'Palazzo della Ragione']",Torre Lamberti,"These points of interest are closest to Casa Giulietta and within a reasonable walking distance. They also align with typical tourist patterns, offering both cultural and photographic opportunities.",True,1.173435926437378,success
0421B9121B6781,0,"['Arena', 'Casa Giulietta', 'Duomo']",Teatro Romano,"['Teatro Romano', 'Santa Anastasia', 'Palazzo della Ragione', 'Museo Conte', 'Giardino Giusti']",Museo Lapidario,"The tourist is currently at the Teatro Romano and has a short distance to Santa Anastasia, Palazzo della Ragione, Museo Conte, and Giardino Giusti. These locations are likely of interest due to their ",False,1.8157520294189453,success
0421BE121B6780,6,"['Arena', 'Torre Lamberti', 'Casa Giulietta', 'Santa Anastasia', 'Castelvecchio', 'Teatro Romano']",Duomo,"['Duomo', 'Palazzo della Ragione', 'Museo Miniscalchi', 'AMO', 'Centro Fotografia']",San Fermo,"The tourist is currently at the Duomo and has visited several historical sites. Given the time context, they are likely to explore nearby attractions within walking distance such as Palazzo della Ragi",False,1.4814159870147705,success
0421C3121B6780,6,"['Arena', 'Casa Giulietta', 'Torre Lamberti', 'Palazzo della Ragione', 'Duomo']",Castelvecchio,"['Castelvecchio', 'Museo Lapidario', 'Verona Tour', 'San Zeno', 'Tomba Giulietta']",Santa Anastasia,"The tourist is currently at Castelvecchio and the next likely destination would be nearby points of interest. Considering the time context, it's reasonable to assume they might want to visit other his",False,1.4347376823425293,success
0421C24A216281,1,"['Casa Giulietta', 'Torre Lamberti']",Arena,"['Arena', 'Verona Tour', 'Museo Lapidario', 'Castelvecchio', 'Tomba Giulietta']",Castelvecchio,"The tourist is currently at the Arena, which is a popular attraction in Verona. Given the time context and distances to other nearby points of interest (POIs), these locations are likely to be the nex",True,1.5892202854156494,success
0421CC121B6781,1,"['Castelvecchio', 'Arena', 'Casa Giulietta', 'Teatro Romano']",Torre Lamberti,"['Centro Fotografia', 'Museo Conte', 'Palazzo della Ragione', 'Torre Lamberti']",Santa Anastasia,"The tourist is likely to continue exploring nearby attractions, with shorter distances preferred. The current location (Torre Lamberti) and the suggested POIs are within close proximity.",False,1.0263571739196777,success
0421C7121B6780,2,['Torre Lamberti'],Santa Anastasia,"['Palazzo della Ragione', 'Teatro Romano', 'Duomo', 'Museo Conte', 'AMO']",San Zeno,"These POIs are relatively close to Santa Anastasia and are popular tourist destinations in Verona, aligning with typical visiting patterns.",False,1.283104419708252,success
0421C4121B6781,6,['Arena'],Castelvecchio,"['Castelvecchio', 'Museo Lapidario', 'Verona Tour', 'San Zeno', 'Casa Giulietta']",Duomo,"The tourist is currently at Castelvecchio and has shown interest in historical sites. The nearby Museo Lapidario, Verona Tour, San Zeno, and Casa Giulietta are all within reasonable walking distance a",False,1.6860697269439697,success
0421D64A216281,1,"['Arena', 'Casa Giulietta', 'Torre Lamberti']",Santa Anastasia,"['Duomo', 'Teatro Romano', 'Palazzo della Ragione', 'Museo Conte', 'AMO']",Castelvecchio,"These POIs are relatively close to Santa Anastasia and are popular tourist destinations in Verona, aligning with the typical visiting pattern of tourists.",False,1.2660255432128906,success
0421D2121B6780,0,"['Teatro Romano', 'Casa Giulietta']",Arena,"['Arena', 'Verona Tour', 'Museo Lapidario', 'San Fermo', 'Castelvecchio']",Museo Lapidario,"The tourist is currently at the Arena and has recently visited Teatro Romano and Casa Giulietta. Given the short distances, these sites are likely to be of interest. The time context suggests they mig",True,1.580033302307129,success
0421D8121B6780,1,"['Casa Giulietta', 'San Fermo', 'Tomba Giulietta', 'Castelvecchio']",Arena,"['Arena', 'Verona Tour', 'Museo Lapidario', 'Torre Lamberti', 'Palazzo della Ragione']",Torre Lamberti,"The tourist is likely to stay at the Arena for an event or sightseeing, given its proximity and relevance. Other nearby attractions like Verona Tour and Museo Lapidario are also popular choices due to",True,1.4761695861816406,success
0421DC121B6781,1,"['Arena', 'Palazzo della Ragione', 'Castelvecchio', 'Casa Giulietta']",Torre Lamberti,"['Sighseeing', 'Centro Fotografia', 'Museo Conte']",Teatro Romano,"These points of interest are closest to Torre Lamberti and within a reasonable walking distance, making them the most likely next stops for tourists.",False,0.9679229259490967,success
0421DA4A216281,3,['Arena'],Palazzo della Ragione,"['Arena', 'Santa Anastasia', 'Museo Conte', 'Torre Lamberti', 'AMO']",Casa Giulietta,"The tourist is likely to visit nearby attractions based on their proximity and the time context. The Arena, Santa Anastasia, Museo Conte, Torre Lamberti, and AMO are all within close walking distance.",False,1.2661051750183105,success
0421DB121B6780,1,"['Arena', 'Torre Lamberti', 'Castelvecchio', 'Casa Giulietta']",Palazzo della Ragione,"['AMO', 'Museo Conte', 'Centro Fotografia', 'Sighseeing', 'Santa Anastasia']",Santa Anastasia,"These points of interest are closest to Palazzo della Ragione and align well with typical tourist patterns, offering a mix of cultural and historical attractions within walking distance.",True,1.2917988300323486,success
0421C8121B6780,6,"['Arena', 'Castelvecchio', 'Casa Giulietta', 'Torre Lamberti', 'Duomo']",Tomba Giulietta,"['Tomba Giulietta', 'Duomo', 'Arena', 'Palazzo della Ragione', 'Centro Fotografia']",San Fermo,"The tourist is currently at Tomba Giulietta and has already visited key sites like Arena, Duomo, Casa Giulietta, Castelvecchio, and Torre Lamberti. Given the time context (11:30), the next logical ste",False,2.099292278289795,success
0421E3121B6780,0,"['Casa Giulietta', 'Arena', 'Museo Lapidario']",Torre Lamberti,"['Arena', 'Casa Giulietta', 'Museo Lapidario', 'Torre Lamberti', 'Centro Fotografia']",Santa Anastasia,"The tourist is likely to continue exploring nearby historical and cultural sites, given the proximity of the suggested points of interest. The Arena and Casa Giulietta have already been visited, but T",False,1.4922268390655518,success
0421F34A216281,2,"['Arena', 'Santa Anastasia', 'Duomo']",San Fermo,"['Casa Giulietta', 'Torre Lamberti', 'Museo Conte', 'Arena', 'Duomo']",San Zeno,"Given the time (15:23) and proximity, tourists are likely to visit popular attractions like Casa Giulietta and Torre Lamberti. Arena and Duomo were already visited but might be revisited for photos or",False,1.3131914138793945,success
0421DE121B6781,2,"['Torre Lamberti', 'Palazzo della Ragione']",San Zeno,"['Arena', 'Casa Giulietta', 'Duomo', 'Castelvecchio', 'Verona Tour']",Castelvecchio,"These POIs are popular among tourists and are relatively close to San Zeno. The Arena is a major attraction, Casa Giulietta is famous for its literary connection, Duomo offers historical significance,",True,1.6692728996276855,success
0421E5121B6781,0,"['Casa Giulietta', 'Torre Lamberti', 'Palazzo della Ragione', 'Arena', 'Museo Lapidario', 'Museo Storia']",Tomba Giulietta,"['Tomba Giulietta', 'Arena', 'Palazzo della Ragione', 'Museo Lapidario', 'Verona Tour']",Castelvecchio,"The tourist is likely to continue visiting related sites such as Tomba Giulietta, and may also explore nearby attractions like Arena and Palazzo della Ragione. Verona Tour could be a convenient stop f",False,1.458418846130371,success
0421FB4A216281,6,"['Casa Giulietta', 'Torre Lamberti']",Arena,"['Arena', 'Verona Tour', 'Museo Lapidario', 'Castelvecchio', 'Tomba Giulietta']",Duomo,"The tourist is currently at the Arena and has recently visited Casa Giulietta and Torre Lamberti. Given the proximity of the suggested POIs, the Arena's relevance to Verona's history and culture, and ",False,1.544301986694336,success
0422014A216285,6,['Arena'],Duomo,"['Teatro Romano', 'Palazzo della Ragione', 'Museo Miniscalchi', 'Santa Anastasia', 'AMO']",Castelvecchio,"These points of interest are relatively close to the current location, making them convenient for a short visit. They also offer historical and cultural attractions that align with typical tourist int",False,1.345320224761963,success
0421F44A216281,6,"['Arena', 'Casa Giulietta', 'Torre Lamberti', 'Teatro Romano']",Duomo,"['Duomo', 'AMO', 'Museo Miniscalchi', 'Santa Anastasia', 'Palazzo della Ragione']",Tomba Giulietta,"The tourist is currently at the Duomo and has visited several historical sites. Given the time (14:52), they are likely to explore nearby attractions within walking distance, such as AMO, Museo Minisc",False,1.691394329071045,success
04221C121B6781,1,"['Arena', 'Casa Giulietta', 'Torre Lamberti']",Santa Anastasia,"['Museo Conte', 'Palazzo della Ragione', 'Teatro Romano', 'Duomo', 'Centro Fotografia']",Castelvecchio,"These points of interest are within a short walking distance and include cultural and historical sites that tourists often visit in Verona, considering the time of day.",False,1.2071654796600342,success
04221F121B6781,2,['San Zeno'],Casa Giulietta,"['Torre Lamberti', 'Centro Fotografia', 'Sighseeing', 'Museo Conte', 'Palazzo della Ragione']",Torre Lamberti,"These points of interest are closest to Casa Giulietta and within a reasonable walking distance. They also align with typical tourist patterns, offering both cultural and photographic opportunities.",True,1.2627131938934326,success
04220B4A216285,4,"['Arena', 'Torre Lamberti']",Palazzo della Ragione,"['Arena', 'Santa Anastasia', 'Museo Conte', 'AMO', 'Casa Giulietta']",Museo Storia,"The tourist is likely to continue exploring the historical and cultural sites in Verona. The Arena, Santa Anastasia, Museo Conte, AMO, and Casa Giulietta are all popular attractions close to Palazzo d",False,1.5827827453613281,success
042206121B6785,0,"['Arena', 'Museo Lapidario', 'Castelvecchio', 'Torre Lamberti']",Duomo,"['Duomo', 'Santa Anastasia', 'Teatro Romano', 'Palazzo della Ragione', 'Casa Giulietta']",Santa Anastasia,"The tourist is currently at the Duomo and has visited other major attractions like Arena, Museo Lapidario, Castelvecchio, and Torre Lamberti. Given the time (16:04) which is late afternoon, they are l",True,1.9669511318206787,success
04222E121B6781,3,['Arena'],Santa Anastasia,"['Museo Conte', 'Palazzo della Ragione', 'Teatro Romano', 'Duomo', 'Torre Lamberti']",Castelvecchio,"These points of interest are relatively close to Santa Anastasia and are popular tourist destinations in Verona, making them likely next stops based on typical tourist behavior and available time.",False,1.2867753505706787,success
04222B121B6781,1,"['Arena', 'Castelvecchio', 'Casa Giulietta']",Torre Lamberti,"['Centro Fotografia', 'Museo Conte', 'Palazzo della Ragione', 'Sighseeing', 'Torre Lamberti']",Tomba Giulietta,"The tourist is likely to continue exploring nearby attractions, with preferences for shorter distances. The suggested POIs are within close proximity and align with typical tourist patterns.",False,1.3412656784057617,success
04222A121B6781,3,['Arena'],Casa Giulietta,"['Torre Lamberti', 'Centro Fotografia', 'Sighseeing', 'Museo Conte', 'Palazzo della Ragione']",Torre Lamberti,"These points of interest are closest to Casa Giulietta and within a reasonable walking distance, making them the most likely next stops for tourists. The time context suggests they might be looking fo",True,1.4451651573181152,success
04222D121B6781,1,"['Arena', 'Arena', 'Casa Giulietta']",Castelvecchio,"['Castelvecchio', 'Museo Lapidario', 'Verona Tour', 'San Zeno', 'Palazzo della Ragione']",Torre Lamberti,"The tourist is currently at Castelvecchio and has a short distance to the Museo Lapidario and Verona Tour. San Zeno and Palazzo della Ragione are also nearby but slightly further, making them likely c",False,1.402390480041504,success
042216121B6781,3,['Casa Giulietta'],Arena,"['Arena', 'Verona Tour', 'Museo Lapidario', 'Castelvecchio', 'Tomba Giulietta']",Teatro Romano,"The tourist is currently at the Arena and has just visited Casa Giulietta. Given the time (10:11), which is earlier than usual, they might want to explore nearby attractions quickly. The closest point",False,2.0876049995422363,success
042239121B6781,1,"['Torre Lamberti', 'Arena', 'Castelvecchio']",Tomba Giulietta,"['Casa Giulietta', 'Arena', 'San Fermo', 'Museo Storia']",Santa Anastasia,"The tourist is likely to continue visiting famous landmarks and attractions in the area. Casa Giulietta is a popular site related to Romeo and Juliet, while Arena is a major attraction. San Fermo and ",False,1.3298308849334717,success
04222F121B6781,3,['Arena'],Casa Giulietta,"['Torre Lamberti', 'Centro Fotografia', 'Sighseeing', 'Museo Conte', 'Palazzo della Ragione']",Torre Lamberti,"These points of interest are closest to Casa Giulietta and within a reasonable walking distance, making them the most likely next stops for tourists. The time is early afternoon (14:59), which suggest",True,1.5751008987426758,success
0422304A216285,6,"['Arena', 'Torre Lamberti', 'Casa Giulietta']",Santa Anastasia,"['Santa Anastasia', 'Duomo', 'Teatro Romano', 'Palazzo della Ragione', 'Museo Conte']",Duomo,"The tourist is likely to continue exploring nearby historical and cultural sites, given the proximity of Santa Anastasia. The Duomo and Teatro Romano are also popular destinations for visitors in Vero",True,1.6359450817108154,success
04223C121B6781,2,"['San Fermo', 'Casa Giulietta', 'Arena']",Teatro Romano,"['Duomo', 'Santa Anastasia', 'Palazzo della Ragione', 'Arena', 'Museo Conte']",San Zeno,"These POIs are close to the Teatro Romano and are popular tourist destinations in Verona. The time is early in the day, so there's still plenty of time to visit more sites.",False,1.3751559257507324,success
04222F4A216285,1,"['Arena', 'Casa Giulietta', 'Santa Anastasia', 'Castelvecchio']",Tomba Giulietta,"['Tomba Giulietta', 'Arena', 'Casa Giulietta', 'San Fermo', 'Museo Storia']",Torre Lamberti,"The tourist is likely to continue visiting related sites, such as the Tomba Giulietta near Casa Giulietta. The Arena is a major attraction in Verona and close by. Nearby museums like San Fermo and Mus",False,1.7191028594970703,success
04223C4A216285,1,"['Arena', 'Torre Lamberti', 'Casa Giulietta']",Santa Anastasia,"['Museo Conte', 'Palazzo della Ragione', 'Teatro Romano', 'Duomo', 'Centro Fotografia']",Castelvecchio,"These POIs are relatively close to Santa Anastasia and are popular tourist destinations in Verona, aligning with the typical visiting pattern of a tourist cluster.",False,1.1907942295074463,success
04223D4A216285,6,"['Arena', 'Casa Giulietta', 'Palazzo della Ragione']",Santa Anastasia,"['Teatro Romano', 'Duomo', 'Museo Conte', 'AMO', 'Centro Fotografia']",Duomo,"These points of interest are relatively close to Santa Anastasia and are popular tourist destinations in Verona, aligning with typical visiting patterns.",True,1.1128945350646973,success
042260121B6781,4,"['Arena', 'Tomba Giulietta', 'Museo Storia', 'San Fermo', 'Torre Lamberti', 'Santa Anastasia', 'Castelvecchio']",San Zeno,"['Casa Giulietta', 'Duomo', 'San Zeno', 'Palazzo della Ragione', 'Centro Fotografia']",Teatro Romano,"These POIs are close to the current location and align with typical tourist interests in Verona, such as historical sites and cultural attractions.",False,1.098139762878418,success
04223F121B6781,1,"['Arena', 'Castelvecchio']",Torre Lamberti,"['Casa Giulietta', 'Museo Conte', 'Palazzo della Ragione', 'Arena', 'Santa Anastasia']",Santa Anastasia,"These POIs are close to the current location and align with typical tourist interests in Verona, such as historical and cultural sites.",True,1.222787857055664,success
04223B4A216285,2,"['Duomo', 'Santa Anastasia', 'Torre Lamberti', 'Arena']",San Zeno,"['Casa Giulietta', 'Arena', 'San Zeno', 'Palazzo della Ragione', 'Museo Lapidario']",Castelvecchio,"The tourist is likely to visit Casa Giulietta due to its popularity, followed by the Arena as it's a major attraction in Verona. San Zeno and Palazzo della Ragione are nearby and align with typical si",False,1.7677812576293945,success
042249121B6781,0,"['Arena', 'Casa Giulietta', 'Torre Lamberti', 'Teatro Romano', 'Tomba Giulietta']",Museo Lapidario,"['Castelvecchio', 'Verona Tour', 'Museo Radio', 'San Fermo', 'Palazzo della Ragione']",Castelvecchio,"These POIs are within a reasonable walking distance from the current location, aligning with typical tourist patterns of exploring nearby attractions after visiting museums and historical sites.",True,1.2649633884429932,success
042262121B6780,0,"['Arena', 'Museo Lapidario', 'Castelvecchio', 'Torre Lamberti', 'Santa Anastasia', 'Duomo']",Museo Storia,"['Casa Giulietta', 'Giardino Giusti', 'San Fermo', 'Museo Conte', 'Palazzo della Ragione']",Teatro Romano,"These locations are popular tourist spots in Verona, close to the current location, and align with typical visiting patterns.",False,1.2449817657470703,success
0422444A216285,3,['Tomba Giulietta'],Arena,"['Casa Giulietta', 'Verona Tour', 'Museo Lapidario', 'Arena', 'San Fermo']",Torre Lamberti,"The tourist is likely to visit Casa Giulietta due to its proximity and relevance. Verona Tour could be their next stop for a guided tour. Museo Lapidario and San Fermo are also close by, making them p",False,1.8551290035247803,success
04227F121B6780,1,['Torre Lamberti'],Arena,"['Arena', 'Verona Tour', 'Museo Lapidario', 'Casa Giulietta', 'San Fermo']",Castelvecchio,"The tourist is currently at the Arena and has recently visited Torre Lamberti. Given the short distances, these POIs are likely to be of interest. The sequence also considers typical tourist patterns ",False,1.1456210613250732,success
0422B1121B6780,2,"['San Zeno', 'Arena', 'Santa Anastasia', 'Duomo']",San Fermo,"['Casa Giulietta', 'Torre Lamberti', 'Museo Conte', 'Arena', 'San Zeno']",Torre Lamberti,"These POIs are close in proximity to San Fermo and align with typical tourist interests in Verona, such as historical and cultural attractions.",True,1.024782657623291,success
04226D121B6780,3,['Arena'],Torre Lamberti,"['Casa Giulietta', 'Arena', 'Palazzo della Ragione', 'Museo Conte', 'Centro Fotografia']",Santa Anastasia,"These POIs are close to the current location and align with typical tourist interests in Verona, such as visiting famous landmarks like Casa Giulietta and Arena. The proximity of other cultural sites ",False,1.6177144050598145,success
0422A7121B6781,0,"['Arena', 'Museo Lapidario', 'Castelvecchio']",Palazzo della Ragione,"['Museo Conte', 'AMO', 'Torre Lamberti', 'Centro Fotografia', 'Sighseeing']",Torre Lamberti,"These points of interest are close to the current location and align with typical tourist patterns, offering a mix of cultural and historical attractions.",True,1.3160481452941895,success
042291121B6780,3,"['Casa Giulietta', 'Arena']",Torre Lamberti,"['Centro Fotografia', 'Museo Conte', 'Palazzo della Ragione', 'AMO', 'Museo Miniscalchi']",Santa Anastasia,"These points of interest are relatively close to Torre Lamberti, making them convenient for a quick visit. The time is early afternoon, so there might be less pressure on popular sites like Arena or C",False,1.4828643798828125,success
0422B4121B6780,2,"['Teatro Romano', 'Santa Anastasia', 'Arena', 'Casa Giulietta']",Castelvecchio,"['Museo Lapidario', 'Verona Tour', 'San Zeno', 'Torre Lamberti', 'Palazzo della Ragione']",San Zeno,"These points of interest are close to Castelvecchio, the current location. They are popular among tourists and fit well with the time context.",True,1.2127470970153809,success
0422B5121B6780,2,"['Casa Giulietta', 'Torre Lamberti', 'Santa Anastasia', 'Duomo', 'Arena', 'Palazzo della Ragione']",San Zeno,"['San Zeno', 'Castelvecchio', 'Verona Tour']",Castelvecchio,The tourist is currently at San Zeno and the nearby Castelvecchio and Verona Tour are close by. These sites are popular among tourists due to their historical significance and proximity.,True,1.2150006294250488,success
0422B0121B6781,3,"['Arena', 'Casa Giulietta', 'Torre Lamberti']",Santa Anastasia,"['Duomo', 'Teatro Romano', 'Palazzo della Ragione', 'Museo Conte', 'AMO']",Teatro Romano,"These POIs are within close proximity to Santa Anastasia and align with typical tourist interests in Verona, including historical sites and museums. The time context suggests visitors might be looking",True,1.4953842163085938,success
042277121B6781,3,['Castelvecchio'],Arena,"['Casa Giulietta', 'Arena', 'Verona Tour', 'Museo Lapidario', 'San Fermo']",Santa Anastasia,"The tourist is likely to visit Casa Giulietta due to its popularity and proximity. The Arena, being the next closest major attraction, is also a strong possibility. Verona Tour could be chosen for add",False,1.7707631587982178,success
0422BA4A216281,1,"['Arena', 'Castelvecchio']",Casa Giulietta,"['Torre Lamberti', 'Centro Fotografia', 'Sighseeing', 'Museo Conte']",Torre Lamberti,These POIs are closest to Casa Giulietta and align with typical tourist patterns of exploring nearby landmarks and cultural sites.,True,1.0000498294830322,success
0422B7121B6780,3,"['Arena', 'Casa Giulietta']",Castelvecchio,"['Castelvecchio', 'Museo Lapidario', 'Verona Tour', 'San Zeno', 'Palazzo della Ragione']",Tomba Giulietta,"The tourist is currently at Castelvecchio and has shown interest in historical sites. The nearby Museo Lapidario, Verona Tour, San Zeno, and Palazzo della Ragione are all within a reasonable walking d",False,1.5102479457855225,success
0422B6121B6781,4,"['Duomo', 'Santa Anastasia', 'Casa Giulietta', 'Arena', 'Castelvecchio', 'Torre Lamberti', 'Palazzo della Ragione']",San Fermo,"['Tomba Giulietta', 'Giardino Giusti', 'Museo Storia', 'Arena', 'San Fermo']",Museo Storia,"The tourist is likely to visit places associated with the famous characters and locations of Verona, such as Tomba Giulietta. The Giardino Giusti is a popular nearby attraction. Museo Storia could be ",True,2.0361554622650146,success
0422B9121B6781,3,"['Casa Giulietta', 'Torre Lamberti', 'Arena']",Tomba Giulietta,"['Tomba Giulietta', 'San Fermo', 'Museo Storia', 'Castelvecchio', 'Palazzo della Ragione']",Arena,"The tourist is likely to continue visiting related sites such as Tomba Giulietta, and then explore nearby attractions like San Fermo and Castelvecchio within a reasonable walking distance. Palazzo del",False,1.5381920337677002,success
0422C6121B6780,3,"['Arena', 'Santa Anastasia']",Torre Lamberti,"['Casa Giulietta', 'Museo Conte', 'Palazzo della Ragione', 'Arena', 'Duomo']",Casa Giulietta,"These POIs are close to the current location and align with typical tourist interests in Verona, such as historical and cultural sites.",True,1.0474185943603516,success
0422BE4A216281,1,"['Arena', 'Torre Lamberti']",Palazzo della Ragione,"['Museo Conte', 'AMO', 'Centro Fotografia', 'Sighseeing', 'Santa Anastasia']",Casa Giulietta,"These points of interest are close to the current location and align with typical tourist patterns, offering a mix of cultural and historical attractions.",False,1.2481646537780762,success
0422D0121B6781,6,"['Castelvecchio', 'Duomo', 'Santa Anastasia']",Palazzo della Ragione,"['Museo Conte', 'AMO', 'Torre Lamberti', 'Centro Fotografia', 'Sighseeing']",Arena,"These points of interest are close to the current location and align with typical tourist patterns, offering a mix of cultural and historical attractions.",False,1.1406276226043701,success
0422C7121B6780,2,['Torre Lamberti'],Santa Anastasia,"['Palazzo della Ragione', 'Teatro Romano', 'Duomo', 'Museo Conte', 'Casa Giulietta']",San Zeno,"These POIs are relatively close to Santa Anastasia and are popular tourist destinations in Verona, aligning with typical visiting patterns.",False,1.3001749515533447,success
0422C5121B6781,2,"['Palazzo della Ragione', 'Casa Giulietta', 'San Zeno', 'San Fermo', 'Tomba Giulietta']",Arena,"['Arena', 'Verona Tour', 'Museo Lapidario', 'Castelvecchio', 'Torre Lamberti']",Castelvecchio,"The tourist is likely to stay at the Arena for a while due to its significance. Nearby attractions like Verona Tour and Museo Lapidario are close in distance, making them convenient choices. Castelvec",True,1.5668895244598389,success
0422D14A216281,3,"['Casa Giulietta', 'Torre Lamberti']",Arena,"['Arena', 'Verona Tour', 'Museo Lapidario', 'Castelvecchio', 'Tomba Giulietta']",Tomba Giulietta,"The tourist is currently at the Arena and has recently visited Casa Giulietta and Torre Lamberti. Given the proximity of the suggested POIs, the Arena's relevance to Verona’s history and tourism, and ",True,1.418835163116455,success
0422C4121B6781,3,['Torre Lamberti'],Teatro Romano,"['Teatro Romano', 'Duomo', 'Santa Anastasia', 'Palazzo della Ragione', 'Museo Conte']",Arena,"The current location is Teatro Romano, and given the time of 15:33, tourists are likely to explore nearby attractions. The close proximity of Duomo, Santa Anastasia, Palazzo della Ragione, and Museo C",False,1.762812852859497,success
0422CC4A216281,1,"['Casa Giulietta', 'Torre Lamberti', 'Palazzo della Ragione']",Arena,"['Arena', 'Verona Tour', 'Museo Lapidario', 'Castelvecchio', 'Tomba Giulietta']",Castelvecchio,"The tourist is currently at the Arena, which is a major attraction in Verona. Given the time (12:42), they might want to explore other nearby attractions like the Verona Tour or Museo Lapidario. Caste",True,1.8603839874267578,success
0422DB121B6781,6,"['Duomo', 'Arena']",Castelvecchio,"['Casa Giulietta', 'San Zeno', 'Torre Lamberti', 'Museo Miniscalchi', 'Verona Tour']",Casa Giulietta,"These POIs are close to Castelvecchio and align with typical tourist interests in Verona, such as visiting Juliet's House and other historical landmarks.",True,1.1927218437194824,success
0422D6121B6781,6,"['Arena', 'Duomo']",Santa Anastasia,"['Museo Conte', 'Palazzo della Ragione', 'Teatro Romano', 'Torre Lamberti', 'AMO']",Torre Lamberti,"These points of interest are within close proximity to Santa Anastasia and align with typical tourist patterns, offering a mix of historical and cultural attractions that visitors often explore in Ver",True,1.2674870491027832,success
0422DC121B6780,4,"['Arena', 'Casa Giulietta', 'Palazzo della Ragione', 'Museo Storia', 'Tomba Giulietta', 'Castelvecchio', 'San Fermo']",Santa Anastasia,"['Teatro Romano', 'Duomo', 'San Fermo', 'Museo Conte', 'AMO']",Duomo,"These POIs are relatively close to Santa Anastasia and align with typical tourist interests in Verona, such as historical sites and museums.",True,1.2266478538513184,success
0422D2121B6780,3,"['Santa Anastasia', 'Casa Giulietta', 'Castelvecchio']",Teatro Romano,"['Teatro Romano', 'Duomo', 'Palazzo della Ragione', 'Museo Conte', 'Giardino Giusti']",Arena,"The current location is the Teatro Romano, and considering the time (16:39) it's likely tourists will stay for a while. The nearby Duomo and Palazzo della Ragione are popular attractions that visitors",False,1.767317771911621,success
0422D64A216281,1,"['Arena', 'Casa Giulietta', 'Torre Lamberti', 'Santa Anastasia']",Teatro Romano,"['Duomo', 'Palazzo della Ragione', 'Museo Conte', 'Giardino Giusti', 'Centro Fotografia']",Castelvecchio,"These points of interest are relatively close to the Teatro Romano and align with typical tourist patterns, including nearby religious sites (Duomo), historical buildings (Palazzo della Ragione), cult",False,1.6654272079467773,success
0422DF121B6780,0,"['Teatro Romano', 'Santa Anastasia', 'Casa Giulietta', 'Torre Lamberti', 'Castelvecchio']",Arena,"['Arena', 'Verona Tour', 'Museo Lapidario', 'Tomba Giulietta', 'Palazzo della Ragione']",Museo Lapidario,"The tourist is likely to stay in the area and visit nearby attractions. The Arena is a popular site, and other suggested POIs are within close proximity.",True,1.1899349689483643,success
0422D24A216281,3,['Arena'],Castelvecchio,"['Castelvecchio', 'Museo Lapidario', 'Verona Tour', 'San Zeno', 'Casa Giulietta']",Casa Giulietta,"The tourist is likely to continue exploring nearby historical and cultural sites, given the proximity of Castelvecchio and other attractions like Museo Lapidario and Verona Tour. San Zeno and Casa Giu",True,1.7643992900848389,success
0422DE121B6781,2,"['Arena', 'Torre Lamberti', 'Palazzo della Ragione']",San Zeno,"['Casa Giulietta', 'Duomo', 'AMO', 'Centro Fotografia', 'Castelvecchio']",Castelvecchio,"These locations are popular among tourists and are within a reasonable walking distance. Casa Giulietta is famous for its literary association, the Duomo offers historical insight, AMO provides modern",True,1.4529223442077637,success
0422DE121B6780,1,"['Arena', 'Torre Lamberti', 'Palazzo della Ragione', 'Teatro Romano', 'San Fermo']",Tomba Giulietta,"['Casa Giulietta', 'Museo Storia', 'Verona Tour', 'Arena', 'Teatro Romano']",Santa Anastasia,"The tourist is likely to visit Casa Giulietta next due to its proximity and relevance. Museo Storia, Verona Tour are also close by and popular. Arena and Teatro Romano were already visited but might b",False,1.506819486618042,success
0422F44A216281,3,['Arena'],Santa Anastasia,"['Museo Conte', 'Palazzo della Ragione', 'Teatro Romano', 'Duomo', 'Torre Lamberti']",Castelvecchio,"These points of interest are within a short walking distance from Santa Anastasia and align with typical tourist patterns, including historical and cultural attractions.",False,1.2428653240203857,success
0422E6121B6780,1,"['Arena', 'San Fermo', 'Torre Lamberti', 'Castelvecchio']",Casa Giulietta,"['Casa Giulietta', 'Arena', 'San Fermo', 'Torre Lamberti', 'Castelvecchio']",Santa Anastasia,"The tourist is currently at Casa Giulietta and has already visited nearby landmarks such as Arena, San Fermo, Torre Lamberti, and Castelvecchio. These locations are popular among tourists in Verona, m",False,1.5285606384277344,success
0422FE4A216281,3,['Arena'],Santa Anastasia,"['Museo Conte', 'Palazzo della Ragione', 'Teatro Romano', 'Duomo', 'Torre Lamberti']",Casa Giulietta,"These POIs are relatively close to Santa Anastasia and are popular tourist attractions in Verona, aligning with typical visit patterns.",False,1.0599071979522705,success
0422E0121B6780,2,"['Castelvecchio', 'Casa Giulietta']",Arena,"['Arena', 'Verona Tour', 'Museo Lapidario', 'Tomba Giulietta', 'Torre Lamberti']",San Zeno,"The tourist is currently at the Arena and has recently visited Castelvecchio and Casa Giulietta. Given the proximity of Verona Tour, Museo Lapidario, Tomba Giulietta, and Torre Lamberti, these are lik",False,1.7963910102844238,success
0423154A216285,1,"['Castelvecchio', 'Torre Lamberti']",Santa Anastasia,"['Museo Conte', 'Palazzo della Ragione', 'Teatro Romano', 'Duomo', 'Centro Fotografia']",Arena,"These points of interest are within a short walking distance from Santa Anastasia and align with typical tourist patterns, including cultural and historical sites.",False,1.2219388484954834,success
0423174A216285,3,['Arena'],Santa Anastasia,"['Museo Conte', 'Palazzo della Ragione', 'Teatro Romano', 'Duomo', 'Torre Lamberti']",Teatro Romano,"These points of interest are within close proximity to Santa Anastasia and are popular tourist destinations, making them likely next stops based on typical visitor patterns.",True,1.228985071182251,success
04232B121B6781,1,"['Arena', 'Castelvecchio', 'Casa Giulietta']",Torre Lamberti,"['Centro Fotografia', 'Museo Conte', 'Palazzo della Ragione', 'AMO', 'Museo Miniscalchi']",Tomba Giulietta,"These points of interest are close to the current location and align with typical tourist patterns, offering a mix of cultural and photographic experiences.",False,1.106137752532959,success
04232A121B6781,6,['Arena'],Casa Giulietta,"['Torre Lamberti', 'Centro Fotografia', 'Sighseeing', 'Museo Conte', 'Palazzo della Ragione']",Duomo,"These POIs are closest to Casa Giulietta and align with typical tourist patterns, offering a mix of historical and cultural attractions.",False,1.1760060787200928,success
04231F121B6781,1,"['Arena', 'Casa Giulietta']",Castelvecchio,"['Museo Lapidario', 'Verona Tour', 'San Zeno', 'Torre Lamberti', 'Palazzo della Ragione']",Torre Lamberti,"These points of interest are closest to Castelvecchio and align with typical tourist patterns, offering a mix of historical and cultural attractions within walking distance.",True,1.2465152740478516,success
04232C121B6781,6,"['Arena', 'Torre Lamberti']",Santa Anastasia,"['Museo Conte', 'Palazzo della Ragione', 'Teatro Romano', 'Duomo', 'Centro Fotografia']",Santa Anastasia,"These points of interest are within a short walking distance and include cultural and historical sites that tourists often visit in Verona, especially during the afternoon.",False,1.198866605758667,success
0423294A216285,6,['Arena'],Duomo,"['Arena', 'Teatro Romano', 'Palazzo della Ragione', 'Museo Conte', 'Santa Anastasia']",Santa Anastasia,"The tourist is likely to continue exploring nearby historical and cultural sites, given the short distances. The Arena and Teatro Romano are popular attractions in Verona, followed by other notable la",True,1.6292614936828613,success
042306121B6785,0,"['Arena', 'Museo Lapidario', 'Castelvecchio', 'Torre Lamberti']",Duomo,"['Duomo', 'Santa Anastasia', 'Teatro Romano', 'Palazzo della Ragione', 'Casa Giulietta']",Santa Anastasia,"The tourist is currently at the Duomo and has visited other historical sites. Given the time (16:04) which is in the afternoon, they are likely to visit more attractions before potentially leaving Ver",True,2.100752353668213,success
04232E121B6781,3,['Arena'],Santa Anastasia,"['Arena', 'Museo Conte', 'Palazzo della Ragione', 'Teatro Romano', 'Duomo']",Castelvecchio,"The tourist is likely to continue exploring nearby historical and cultural sites, given the proximity of these POIs and the time context.",False,1.308838129043579,success
0423334A216285,0,"['Arena', 'Museo Lapidario', 'Casa Giulietta', 'Palazzo della Ragione', 'Torre Lamberti', 'Santa Anastasia', 'Teatro Romano']",Castelvecchio,"['Tomba Giulietta', 'San Zeno', 'Museo Conte', 'Verona Tour', 'Museo Miniscalchi']",Museo Storia,"These POIs are close in distance, relevant to the tourist's interests, and align with typical visit patterns for a Veronese landmark cluster.",False,1.0734400749206543,success
042331121B6781,1,"['Arena', 'Castelvecchio', 'Casa Giulietta']",Santa Anastasia,"['Santa Anastasia', 'Duomo', 'Teatro Romano', 'Palazzo della Ragione', 'Museo Conte']",Torre Lamberti,"Given the time (Sun 16:05) and proximity of Santa Anastasia, Duomo, Teatro Romano, Palazzo della Ragione, and Museo Conte, these are likely to be popular next stops for tourists. The distances are wit",False,1.4890694618225098,success
04233B4A216285,6,"['Casa Giulietta', 'Torre Lamberti', 'Arena']",Santa Anastasia,"['Duomo', 'Teatro Romano', 'Palazzo della Ragione', 'Museo Conte', 'AMO']",Duomo,"These POIs are relatively close to Santa Anastasia and are popular tourist destinations in Verona, aligning with the typical visiting pattern for tourists.",True,1.2149603366851807,success
04232F4A216285,1,"['Arena', 'Casa Giulietta', 'Castelvecchio']",Tomba Giulietta,"['Tomba Giulietta', 'Arena', 'Casa Giulietta', 'Castelvecchio', 'San Fermo']",Torre Lamberti,"The tourist is currently at Tomba Giulietta and has already visited Arena, Casa Giulietta, and Castelvecchio. Given the short distances to nearby points of interest (POIs) like San Fermo, it's likely ",False,1.6591732501983643,success
04233D4A216285,1,['Arena'],Torre Lamberti,"['Casa Giulietta', 'Museo Conte', 'Palazzo della Ragione', 'Arena', 'Centro Fotografia']",Palazzo della Ragione,"These POIs are close to the current location and align with typical tourist interests in Verona, such as historical and cultural sites.",True,1.0116386413574219,success
04233C4A216285,3,['Arena'],Castelvecchio,"['Museo Lapidario', 'Verona Tour', 'San Zeno', 'Casa Giulietta', 'Torre Lamberti']",Casa Giulietta,"These POIs are closest to Castelvecchio and align with typical tourist patterns, offering historical and cultural attractions.",True,1.03074312210083,success
04233A121B6781,3,"['Arena', 'Casa Giulietta']",Santa Anastasia,"['Museo Conte', 'Palazzo della Ragione', 'Teatro Romano', 'Duomo', 'Torre Lamberti']",Torre Lamberti,"These points of interest are within close proximity to Santa Anastasia and align with typical tourist patterns, offering a mix of cultural and historical attractions that visitors often explore in Ver",True,1.4423582553863525,success
042360121B6781,4,"['Arena', 'Tomba Giulietta', 'Museo Storia', 'San Fermo', 'Torre Lamberti', 'Santa Anastasia', 'Castelvecchio']",San Zeno,"['Casa Giulietta', 'Duomo', 'San Zeno', 'Palazzo della Ragione', 'Centro Fotografia']",Teatro Romano,"These POIs are close to the current location and align with typical tourist interests in Verona, such as historical sites and cultural attractions.",False,1.216487169265747,success
042377121B6781,6,"['Arena', 'Duomo']",Casa Giulietta,"['Torre Lamberti', 'Centro Fotografia', 'Sighseeing', 'Museo Conte', 'Palazzo della Ragione']",Castelvecchio,These POIs are closest to Casa Giulietta and align with typical tourist patterns of exploring nearby landmarks and cultural sites.,False,1.1637535095214844,success
0423444A216285,3,['Tomba Giulietta'],Arena,"['Casa Giulietta', 'Verona Tour', 'Museo Lapidario', 'Arena', 'San Fermo']",Torre Lamberti,"The tourist is likely to visit Casa Giulietta next due to its proximity and popularity. Verona Tour could be their choice for a guided tour, Museo Lapidario offers historical artifacts, Arena might in",False,1.665525197982788,success
042362121B6781,4,"['Arena', 'Museo Storia', 'San Fermo', 'Casa Giulietta']",Castelvecchio,"['Castelvecchio', 'Museo Lapidario', 'Verona Tour', 'San Zeno', 'Palazzo della Ragione']",Torre Lamberti,"The tourist is currently at Castelvecchio and the next most likely destinations are nearby points of interest. Considering the time (14:38) and typical visit durations, a museum or historical site wou",False,1.3887622356414795,success
0423AD4A216281,1,"['Castelvecchio', 'Casa Giulietta', 'Torre Lamberti']",Palazzo della Ragione,"['Museo Conte', 'AMO', 'Centro Fotografia', 'Sighseeing']",Tomba Giulietta,These POIs are closest to Palazzo della Ragione and align with typical tourist patterns of exploring nearby cultural attractions.,False,0.9834048748016357,success
04233E121B6781,6,"['Arena', 'San Fermo', 'Casa Giulietta', 'Santa Anastasia', 'Duomo']",Teatro Romano,"['Teatro Romano', 'AMO', 'Palazzo della Ragione', 'Museo Conte', 'Giardino Giusti']",Castelvecchio,"The tourist is currently at the Teatro Romano and it's a popular site in Verona. Given the time (13:32), they might want to explore nearby attractions before heading to other parts of the city. The su",False,2.015486478805542,success
04237D121B6781,2,"['Casa Giulietta', 'Arena', 'San Fermo', 'Torre Lamberti', 'Castelvecchio']",San Zeno,"['San Zeno', 'Verona Tour', 'Museo Lapidario', 'Palazzo della Ragione', 'Duomo']",Santa Anastasia,"The tourist is currently at San Zeno and the nearby points of interest (POIs) include religious sites like Duomo and Palazzo della Ragione, which are popular among visitors. The short distances to the",False,1.51548171043396,success
0423B7121B6780,4,"['Arena', 'Castelvecchio']",Tomba Giulietta,"['Casa Giulietta', 'Museo Storia', 'Torre Lamberti', 'San Fermo', 'Museo Lapidario']",Museo Storia,"These points of interest are close to the current location and align with typical tourist patterns, including nearby historical and cultural sites.",True,1.1806612014770508,success
04237F121B6780,1,['Torre Lamberti'],Arena,"['Arena', 'Verona Tour', 'Museo Lapidario', 'Casa Giulietta', 'San Fermo']",Castelvecchio,"The tourist is currently at the Arena and has recently visited Torre Lamberti. Given the short distances, these POIs are likely to be of interest. The sequence also considers typical tourist patterns ",False,1.357318639755249,success
0423BA4A216281,1,"['Arena', 'Castelvecchio']",Casa Giulietta,"['Torre Lamberti', 'Centro Fotografia', 'Sighseeing', 'Museo Conte', 'Palazzo della Ragione']",Torre Lamberti,"These points of interest are close to Casa Giulietta, making them easily accessible for tourists. The time is early afternoon, which is a common period for sightseeing and exploring nearby attractions",True,1.4638285636901855,success
0423B9121B6781,3,"['Casa Giulietta', 'Torre Lamberti', 'Arena']",Tomba Giulietta,"['Tomba Giulietta', 'Arena', 'San Fermo', 'Museo Storia', 'Palazzo della Ragione']",Arena,"The tourist is likely to continue visiting related landmarks such as Tomba Giulietta, and may also explore nearby attractions like the Arena. The closer proximity of San Fermo, Museo Storia, and Palaz",True,1.5842597484588623,success
042392121B6781,4,"['Arena', 'Museo Storia', 'San Fermo']",Duomo,"['Duomo', 'Teatro Romano', 'Palazzo della Ragione', 'San Fermo', 'Museo Miniscalchi']",Casa Giulietta,"The tourist is currently at the Duomo and has visited nearby attractions like Arena, Museo Storia, and San Fermo. Given the time context of 14:15, they are likely to visit other popular sites in the v",False,1.8506953716278076,success
0423C5121B6781,6,"['Arena', 'Castelvecchio', 'Duomo', 'Torre Lamberti', 'Tomba Giulietta', 'San Fermo']",Santa Anastasia,"['Casa Giulietta', 'Teatro Romano', 'Museo Conte', 'Palazzo della Ragione', 'AMO']",Teatro Romano,"These POIs are close to Santa Anastasia and align with typical tourist interests in Verona, such as historical sites and museums.",True,1.2423593997955322,success
0423D0121B6781,6,"['Castelvecchio', 'Duomo', 'Santa Anastasia']",Palazzo della Ragione,"['Museo Conte', 'AMO', 'Torre Lamberti', 'Centro Fotografia', 'Sighseeing']",Arena,"These points of interest are closest to the current location and fit well within typical tourist visit patterns, considering the time context.",False,1.0222535133361816,success
0423C7121B6780,1,"['Torre Lamberti', 'Arena', 'Tomba Giulietta']",Teatro Romano,"['Arena', 'Tomba Giulietta', 'Santa Anastasia', 'Duomo', 'Palazzo della Ragione']",Palazzo della Ragione,"These POIs are either already visited or nearby the current location, making them likely to be of interest based on typical tourist behavior and proximity.",True,1.220597505569458,success
0423C4121B6781,3,['Torre Lamberti'],Teatro Romano,"['Teatro Romano', 'Santa Anastasia', 'Duomo', 'Palazzo della Ragione', 'Museo Conte']",Arena,"The current location is near the Teatro Romano, and it's a popular tourist attraction. Given the time (15:33), visitors might be looking for nearby attractions to spend some more time in the afternoon",False,1.652268886566162,success
0423DB121B6781,6,"['Duomo', 'Arena']",Castelvecchio,"['Casa Giulietta', 'San Zeno', 'Torre Lamberti', 'Museo Miniscalchi', 'Verona Tour']",Casa Giulietta,"These POIs are close to Castelvecchio, align with typical tourist interests in Verona, and fit the current time slot.",True,1.2390244007110596,success
0423BB4A216281,4,"['Castelvecchio', 'Torre Lamberti', 'Casa Giulietta', 'Santa Anastasia', 'Teatro Romano']",Duomo,"['Duomo', 'AMO', 'Palazzo della Ragione', 'Museo Miniscalchi', 'Sighseeing']",Museo Storia,"The tourist is currently at the Duomo and it's a popular stop. Given the time (13:27), they might be looking for nearby attractions to visit before their next scheduled activity. AMO, Palazzo della Ra",False,1.8937792778015137,success
0423D8121B6780,1,"['Casa Giulietta', 'San Fermo', 'Tomba Giulietta', 'Castelvecchio']",Arena,"['Arena', 'Verona Tour', 'Museo Lapidario', 'Palazzo della Ragione', 'Torre Lamberti']",Torre Lamberti,"The tourist is currently at the Arena, which is a major attraction in Verona. Given the time (16:18), they are likely to stay for the remainder of the day. The suggested POIs are within reasonable wal",True,1.545421838760376,success
0423D1121B6780,0,"['Teatro Romano', 'Castelvecchio', 'San Zeno', 'Tomba Giulietta', 'Arena', 'Torre Lamberti', 'Casa Giulietta', 'Santa Anastasia']",San Fermo,"['Arena', 'San Zeno', 'Casa Giulietta', 'Teatro Romano', 'Giardino Giusti']",Museo Lapidario,"The tourist is likely to continue visiting major landmarks and attractions in Verona, given the usual visit times. The Arena and San Zeno are popular sites, while Casa Giulietta is a significant cultu",False,1.6620762348175049,success
0423DC121B6780,3,['Arena'],Torre Lamberti,"['Casa Giulietta', 'Museo Conte', 'Palazzo della Ragione', 'Centro Fotografia', 'Sighseeing']",Santa Anastasia,"These points of interest are close to the current location, align with typical tourist interests in Verona, and are within a reasonable walking distance from Torre Lamberti.",False,1.2624003887176514,success
0423DF121B6780,4,"['Castelvecchio', 'Torre Lamberti', 'Palazzo della Ragione', 'Santa Anastasia', 'Arena', 'San Fermo']",Museo Storia,"['Casa Giulietta', 'Arena', 'Giardino Giusti', 'Museo Lapidario', 'Verona Tour']",Casa Giulietta,"These POIs are close in proximity, relevant to the tourist's interests, and fit within a typical visit duration.",True,1.0738475322723389,success
0423C8121B6781,2,"['Castelvecchio', 'Casa Giulietta', 'San Zeno', 'Arena', 'Torre Lamberti', 'Palazzo della Ragione']",Duomo,"['Duomo', 'San Zeno', 'Arena', 'Teatro Romano', 'Giardino Giusti']",San Fermo,"The tourist is currently at the Duomo and has already visited several major landmarks. Given the time (15:41), they might want to visit nearby attractions before closing. The Duomo is a significant si",False,1.9131078720092773,success
0423E0121B6780,1,"['Arena', 'Casa Giulietta', 'Castelvecchio']",Torre Lamberti,"['Centro Fotografia', 'Museo Conte', 'Palazzo della Ragione']",Palazzo della Ragione,"These locations are close to Torre Lamberti and are popular tourist spots, fitting the typical visiting pattern.",True,1.0177092552185059,success
0423E2121B6781,6,"['Arena', 'Casa Giulietta', 'Torre Lamberti']",Palazzo della Ragione,"['Arena', 'Casa Giulietta', 'Torre Lamberti', 'AMO', 'Museo Conte']",Duomo,"The tourist is likely to continue exploring nearby attractions, given the short distances and the usual visit duration. The previously visited sites are close by, so a return or continuation of the to",False,1.3092925548553467,success
0423DE121B6780,1,"['Arena', 'Torre Lamberti', 'Palazzo della Ragione', 'Teatro Romano', 'San Fermo']",Tomba Giulietta,"['Casa Giulietta', 'Museo Storia', 'Museo Lapidario', 'Verona Tour', 'Arena']",Santa Anastasia,"The tourist is likely to visit Casa Giulietta next due to its proximity and popularity. Museo Storia, Museo Lapidario, and Verona Tour are also close by and offer historical insights relevant to the a",False,1.867234706878662,success
0423F0121B6780,6,"['Arena', 'Duomo', 'Casa Giulietta']",Torre Lamberti,"['Centro Fotografia', 'Museo Conte', 'Palazzo della Ragione', 'AMO', 'Museo Miniscalchi']",Teatro Romano,"These points of interest are relatively close to Torre Lamberti, making them convenient for a quick visit. They also offer cultural and historical insights that align with the tourist's interests in V",False,1.3180418014526367,success
0423F2121B6781,3,"['Casa Giulietta', 'Arena']",Castelvecchio,"['Museo Lapidario', 'Verona Tour', 'San Zeno', 'Palazzo della Ragione', 'Torre Lamberti']",Tomba Giulietta,"These points of interest are relatively close to Castelvecchio, making them convenient for a short walk. They also offer cultural and historical experiences that align with typical tourist interests i",False,1.3316364288330078,success
0423E6121B6780,0,"['Arena', 'Museo Lapidario', 'Duomo', 'Torre Lamberti', 'Casa Giulietta', 'Teatro Romano']",Castelvecchio,"['Castelvecchio', 'Verona Tour', 'Museo Miniscalchi', 'San Zeno', 'Tomba Giulietta']",San Zeno,"The tourist is currently at Castelvecchio and it's a popular site to visit. Given the time context, they might be looking for nearby attractions that are not too far away. The suggested POIs are withi",True,1.76165771484375,success
04240F4A216285,6,"['Arena', 'Casa Giulietta']",Santa Anastasia,"['Teatro Romano', 'Duomo', 'Palazzo della Ragione', 'Museo Conte', 'AMO']",Duomo,"These POIs are relatively close to Santa Anastasia and are popular tourist destinations in Verona, aligning with typical visiting patterns.",True,1.1028807163238525,success
0423F94A216281,4,"['Castelvecchio', 'Torre Lamberti', 'Santa Anastasia']",Duomo,"['Duomo', 'Teatro Romano', 'Palazzo della Ragione', 'Casa Giulietta', 'Giardino Giusti']",Museo Storia,"The tourist is currently at the Duomo and it's a popular site to visit. Given the short distances, Teatro Romano, Palazzo della Ragione, Casa Giulietta, and Giardino Giusti are also likely destination",False,1.555450201034546,success
042401121B6785,4,"['Arena', 'Casa Giulietta', 'Palazzo della Ragione', 'Duomo', 'Tomba Giulietta', 'Museo Storia']",Torre Lamberti,"['Torre Lamberti', 'Arena', 'Casa Giulietta', 'Duomo', 'Teatro Romano']",San Fermo,"The tourist is currently at Torre Lamberti and the next likely destinations are nearby landmarks such as the Arena, Casa Giulietta, Duomo, and Teatro Romano. These sites are popular among tourists vis",False,1.3514180183410645,success
0423FF4A216281,3,"['Arena', 'San Fermo']",Casa Giulietta,"['Torre Lamberti', 'Centro Fotografia', 'Sighseeing', 'Museo Conte', 'Palazzo della Ragione']",Torre Lamberti,"These points of interest are closest to Casa Giulietta and within a reasonable walking distance, making them the most likely next stops for tourists. The time context suggests they might be looking fo",True,1.3882031440734863,success
0424174A216285,3,['Arena'],Santa Anastasia,"['Teatro Romano', 'Duomo', 'Palazzo della Ragione', 'Museo Conte', 'Casa Giulietta']",Teatro Romano,"These POIs are relatively close to Santa Anastasia and are popular tourist destinations in Verona, aligning with typical visiting patterns.",True,1.1573362350463867,success
0424154A216285,1,"['Castelvecchio', 'Torre Lamberti']",Santa Anastasia,"['Palazzo della Ragione', 'Duomo', 'Teatro Romano', 'Museo Conte', 'Casa Giulietta']",Arena,"These POIs are within a reasonable walking distance from Santa Anastasia and align with typical tourist interests in Verona, such as historical buildings and cultural landmarks.",False,1.367140293121338,success
0423FE4A216281,3,['Arena'],Santa Anastasia,"['Arena', 'Duomo', 'Palazzo della Ragione', 'Teatro Romano', 'Casa Giulietta']",Casa Giulietta,"Given the time (Mon 12:55), tourists are likely to visit popular landmarks like Arena and Duomo. The close proximity of Palazzo della Ragione, Teatro Romano, and Casa Giulietta makes them probable nex",True,1.7800688743591309,success
04241E121B6781,3,['Arena'],Castelvecchio,"['Museo Lapidario', 'Verona Tour', 'San Zeno', 'Casa Giulietta', 'Torre Lamberti']",Casa Giulietta,"These points of interest are closest to Castelvecchio and align with typical tourist patterns, including proximity and historical significance.",True,1.1647441387176514,success
042420121B6785,1,"['Castelvecchio', 'Palazzo della Ragione', 'Casa Giulietta']",Torre Lamberti,"['Torre Lamberti', 'Sighseeing', 'Centro Fotografia']",Santa Anastasia,"The tourists are likely to continue their sightseeing in the vicinity of Torre Lamberti, and might stop at nearby attractions like Sighseeing or Centro Fotografia for a break or information.",False,1.2472529411315918,success
042431121B6781,1,"['Arena', 'Castelvecchio', 'Casa Giulietta']",Santa Anastasia,"['Teatro Romano', 'Duomo', 'Palazzo della Ragione', 'Museo Conte', 'Centro Fotografia']",Torre Lamberti,"These POIs are within a reasonable walking distance from Santa Anastasia and align with typical tourist patterns, including historical and cultural sites.",False,1.0778522491455078,success
04241C121B6785,3,['Arena'],San Fermo,"['Casa Giulietta', 'Torre Lamberti', 'Museo Conte', 'Arena', 'Palazzo della Ragione']",Santa Anastasia,"Given the time (Sun 15:38) and proximity, tourists are likely to visit popular attractions like Casa Giulietta and Torre Lamberti. The Arena is a major landmark nearby and often visited. Palazzo della",False,1.6698875427246094,success
042439121B6781,3,['Casa Giulietta'],Castelvecchio,"['Arena', 'Museo Lapidario', 'Verona Tour', 'San Zeno', 'Castelvecchio']",Tomba Giulietta,"The Arena is a popular tourist attraction close by, and other nearby museums and historical sites are also likely to be of interest given the current location.",False,1.1984474658966064,success
042423121B6785,4,"['Arena', 'Torre Lamberti', 'San Zeno', 'Castelvecchio', 'Santa Anastasia']",Teatro Romano,"['Teatro Romano', 'Duomo', 'Palazzo della Ragione', 'Museo Conte', 'Giardino Giusti']",Museo Storia,"The current location is near the Teatro Romano, which is a popular site for tourists. Given the time (15:40), visitors might be looking for nearby attractions to conclude their tour. The suggested POI",False,1.695331335067749,success
04243A121B6781,6,"['Arena', 'Casa Giulietta']",Santa Anastasia,"['Teatro Romano', 'Duomo', 'Palazzo della Ragione', 'Museo Conte', 'Arena']",Duomo,"The tourist is likely to continue exploring nearby historical and cultural sites, given the proximity of Teatro Romano, Duomo, Palazzo della Ragione, Museo Conte, and Arena. These locations are popula",True,1.3198604583740234,success
04245F121B6781,1,"['Arena', 'Torre Lamberti']",Castelvecchio,"['Casa Giulietta', 'Museo Lapidario', 'Verona Tour', 'San Zeno', 'Palazzo della Ragione']",Santa Anastasia,"These POIs are close to Castelvecchio and align with typical tourist interests in Verona, such as visiting famous landmarks like Casa Giulietta and exploring museums.",False,1.3135731220245361,success
042438121B6781,2,"['Arena', 'San Zeno', 'Castelvecchio', 'Tomba Giulietta', 'San Fermo']",Casa Giulietta,"['Torre Lamberti', 'Centro Fotografia', 'Sighseeing', 'Museo Conte', 'Palazzo della Ragione']",Torre Lamberti,"These points of interest are close to Casa Giulietta, making them easily accessible within a short walking distance. They also align with typical tourist patterns in Verona, offering both historical a",True,1.4379746913909912,success
04242B121B6781,6,"['Arena', 'Casa Giulietta', 'Santa Anastasia', 'Teatro Romano']",Duomo,"['Duomo', 'Palazzo della Ragione', 'Torre Lamberti', 'Museo Miniscalchi', 'AMO']",Castelvecchio,"The tourist is currently at the Duomo and has visited several historical sites. Given the time (14:32), they might want to explore nearby landmarks like Palazzo della Ragione, Torre Lamberti, or Museo",False,1.7830109596252441,success
042464121B6781,0,['Arena'],Museo Lapidario,"['Castelvecchio', 'Verona Tour', 'San Fermo', 'Casa Giulietta', 'Tomba Giulietta']",Castelvecchio,"These POIs are relatively close to the current location and are popular tourist attractions in Verona, aligning with typical tourist patterns.",True,1.2400128841400146,success
042463121B6780,3,['Arena'],Casa Giulietta,"['Torre Lamberti', 'Centro Fotografia', 'Sighseeing', 'Museo Conte', 'Palazzo della Ragione']",San Fermo,"These points of interest are closest to Casa Giulietta and within a reasonable walking distance, making them the most likely next stops for tourists. The time context suggests that visitors might want",False,1.4931983947753906,success
0424334A216285,0,"['Arena', 'Museo Lapidario', 'Casa Giulietta', 'Palazzo della Ragione', 'Torre Lamberti', 'Santa Anastasia']",Teatro Romano,"['Teatro Romano', 'Duomo', 'Museo Conte', 'Giardino Giusti', 'AMO']",Castelvecchio,"The current location is near the Teatro Romano, which is a popular site for tourists. Given the time (17:20), visitors might be looking to end their day with a visit to nearby religious or cultural si",False,1.9455749988555908,success
04246E121B6780,3,['Arena'],Castelvecchio,"['Castelvecchio', 'Museo Lapidario', 'Verona Tour', 'San Zeno', 'Casa Giulietta']",Casa Giulietta,"The tourist is currently at Castelvecchio and the nearby points of interest (POIs) are within a short walking distance. Given the time, they might explore other historical sites like San Zeno or Casa ",True,1.4879279136657715,success
0424A5121B6780,1,['Castelvecchio'],Casa Giulietta,"['Torre Lamberti', 'Centro Fotografia', 'Sighseeing', 'Museo Conte']",Torre Lamberti,These POIs are closest to Casa Giulietta and align with typical tourist patterns of exploring nearby landmarks and attractions.,True,1.0209434032440186,success
0424B54A216281,1,"['Arena', 'Casa Giulietta', 'Teatro Romano']",Torre Lamberti,"['Centro Fotografia', 'Museo Conte', 'Palazzo della Ragione', 'AMO']",Palazzo della Ragione,"These points of interest are closest to the current location and are popular tourist destinations in Verona, making them likely next stops for visitors.",True,0.9925343990325928,success
042489121B6781,1,"['Casa Giulietta', 'Torre Lamberti']",Arena,"['Arena', 'Verona Tour', 'Museo Lapidario', 'Castelvecchio', 'Tomba Giulietta']",Castelvecchio,"The tourist is currently at the Arena, which is a major attraction in Verona. Given the time (13:27), they are likely to explore nearby attractions. The suggested POIs are within reasonable walking di",True,1.5777721405029297,success
04247D121B6781,2,"['Casa Giulietta', 'San Fermo', 'Torre Lamberti']",Castelvecchio,"['Arena', 'San Zeno', 'Palazzo della Ragione', 'Museo Miniscalchi', 'Verona Tour']",San Zeno,The Arena is a popular tourist attraction and is the closest major landmark. San Zeno and Palazzo della Ragione are also well-known sites that tourists often visit. Museo Miniscalchi and Verona Tour a,True,1.6266024112701416,success
0424B4121B6781,6,['Arena'],Tomba Giulietta,"['Casa Giulietta', 'Castelvecchio', 'Museo Storia', 'San Fermo', 'Torre Lamberti']",Duomo,"These POIs are relatively close to the current location and align with typical tourist interests in Verona, such as historical and cultural attractions.",False,1.1910898685455322,success
042492121B6781,4,"['Arena', 'Museo Storia', 'San Fermo']",Duomo,"['San Fermo', 'Teatro Romano', 'Museo Miniscalchi', 'Palazzo della Ragione', 'Arena']",Casa Giulietta,"The tourist is likely to continue exploring nearby historical and cultural sites, given the proximity of these POIs. The Arena was already visited, but others like San Fermo, Teatro Romano, Museo Mini",False,1.7437865734100342,success
0424B5121B6781,3,"['Casa Giulietta', 'Teatro Romano', 'Teatro Romano', 'Arena', 'Arena']",Castelvecchio,"['Arena', 'Teatro Romano', 'Castelvecchio', 'Museo Lapidario', 'Verona Tour']",Santa Anastasia,"The tourist is likely to continue visiting historical and cultural sites, given the proximity of Arena and Teatro Romano. Castelvecchio is already visited but still a strong option due to its signific",False,1.7011346817016602,success
0424C2121B6781,3,['Casa Giulietta'],Santa Anastasia,"['Teatro Romano', 'Duomo', 'Palazzo della Ragione', 'Museo Conte', 'Centro Fotografia']",Arena,"These POIs are relatively close to Santa Anastasia and are popular tourist destinations in Verona, aligning with the typical visiting pattern for tourists.",False,1.2887294292449951,success
0424BD121B6781,3,['Casa Giulietta'],Arena,"['Arena', 'Verona Tour', 'Museo Lapidario', 'Castelvecchio', 'Tomba Giulietta']",Castelvecchio,"The tourist is currently at the Arena and has recently visited Casa Giulietta. Given the proximity of other related sites such as Tomba Giulietta, and considering typical tourist patterns, these locat",True,1.3861510753631592,success
0424AD4A216281,1,['Castelvecchio'],Arena,"['Casa Giulietta', 'Arena', 'Verona Tour', 'Museo Lapidario', 'San Fermo']",Torre Lamberti,"The tourist is likely to visit nearby attractions and given the time, they might want a quick stop. Casa Giulietta is popular and close by, Arena is already visited but tourists often revisit iconic s",False,1.8981213569641113,success
0424B7121B6781,6,"['Arena', 'Casa Giulietta', 'Torre Lamberti', 'Santa Anastasia', 'Teatro Romano']",Castelvecchio,"['Castelvecchio', 'Museo Lapidario', 'Verona Tour', 'San Zeno', 'Palazzo della Ragione']",Duomo,"The Castelvecchio is the current location, and it's likely tourists will explore nearby museums and attractions. The distances to other religious sites like San Zeno are also within a reasonable walki",False,1.5946400165557861,success
0424C5121B6781,1,"['Arena', 'Castelvecchio', 'Torre Lamberti', 'Tomba Giulietta', 'San Fermo']",Santa Anastasia,"['Santa Anastasia', 'Duomo', 'Casa Giulietta', 'Giardino Giusti', 'Teatro Romano']",Teatro Romano,"The tourist is likely to continue visiting nearby landmarks, with a preference for shorter distances. The next logical steps would be to explore the Santa Anastasia church, followed by other well-know",True,1.585909366607666,success
0424D1121B6780,0,"['Teatro Romano', 'Castelvecchio', 'Tomba Giulietta', 'Arena', 'Torre Lamberti', 'Casa Giulietta', 'Santa Anastasia']",San Fermo,"['Arena', 'Casa Giulietta', 'San Fermo', 'Palazzo della Ragione', 'Giardino Giusti']",Museo Lapidario,"The tourist is likely to continue visiting major landmarks such as the Arena and Casa Giulietta, which are popular attractions. San Fermo is their current location, so they might explore nearby points",False,1.4383800029754639,success
0424D0121B6780,6,"['Castelvecchio', 'Duomo', 'Santa Anastasia', 'Teatro Romano', 'Torre Lamberti', 'Palazzo della Ragione', 'Arena']",San Fermo,"['Casa Giulietta', 'Arena', 'San Fermo', 'Museo Storia', 'Teatro Romano']",Casa Giulietta,"Given the time context (14:45), tourists are likely to visit popular attractions like Casa Giulietta and Arena. The proximity of San Fermo, Museo Storia, and Teatro Romano also makes them probable nex",True,1.4951672554016113,success
0424E2121B6781,6,"['Arena', 'Casa Giulietta', 'Torre Lamberti']",Palazzo della Ragione,"['Museo Conte', 'AMO', 'Centro Fotografia', 'Sighseeing', 'Santa Anastasia']",Duomo,"These points of interest are close to the current location and align with typical tourist patterns, offering a mix of cultural and historical attractions.",False,1.051175832748413,success
0424CD121B6781,1,"['Teatro Romano', 'Torre Lamberti', 'Casa Giulietta']",Arena,"['Arena', 'Verona Tour', 'Museo Lapidario', 'Tomba Giulietta', 'Castelvecchio']",Castelvecchio,"The tourist is currently at the Arena and has already visited nearby attractions like Teatro Romano, Torre Lamberti, and Casa Giulietta. Given the time context and distances, the next likely stops wou",True,1.863844871520996,success
0424C8121B6781,1,"['Castelvecchio', 'Torre Lamberti', 'Palazzo della Ragione', 'Duomo']",Arena,"['Arena', 'Verona Tour', 'Museo Lapidario', 'Casa Giulietta', 'San Fermo']",Tomba Giulietta,"The tourist is currently at the Arena, which is a major attraction in Verona. Given the time (16:31), they might be finishing their visit there. The nearby POIs like Verona Tour and Museo Lapidario ar",False,1.9905500411987305,success
0424E0121B6780,1,"['Arena', 'Casa Giulietta', 'Castelvecchio']",Torre Lamberti,"['Centro Fotografia', 'Museo Conte', 'Palazzo della Ragione', 'AMO', 'Museo Miniscalchi']",Palazzo della Ragione,"These points of interest are relatively close to Torre Lamberti, making them convenient for a quick visit. They also offer cultural and historical experiences that tourists often seek in Verona.",True,1.2421278953552246,success
04250A4A216285,6,['Arena'],Torre Lamberti,"['Casa Giulietta', 'Museo Conte', 'Palazzo della Ragione', 'Arena', 'Centro Fotografia']",Duomo,"These POIs are close to the current location and align with typical tourist interests in Verona, such as historical and cultural sites.",False,1.0776309967041016,success
0424F2121B6781,0,"['Casa Giulietta', 'Arena']",Museo Lapidario,"['Castelvecchio', 'Verona Tour', 'Museo Radio', 'Tomba Giulietta', 'San Fermo']",Castelvecchio,"These POIs are relatively close to the current location and align with typical tourist interests in Verona, such as historical and cultural sites.",True,1.19968581199646,success
0424DB121B6781,4,"['Castelvecchio', 'Arena', 'Casa Giulietta', 'Torre Lamberti', 'Palazzo della Ragione', 'Santa Anastasia']",San Fermo,"['Tomba Giulietta', 'Museo Storia', 'Giardino Giusti', 'Centro Fotografia', 'Museo Conte']",Museo Storia,"The tourist is likely to visit places related to the Romeo and Juliet theme, such as Tomba Giulietta. The nearby Museo Storia and Museo Conte are also historical sites that might interest tourists. Gi",True,2.0500285625457764,success
0424DC121B6780,1,"['Arena', 'Torre Lamberti', 'Castelvecchio']",Teatro Romano,"['Arena', 'Santa Anastasia', 'Duomo', 'Palazzo della Ragione', 'Casa Giulietta']",Palazzo della Ragione,"The tourist is likely to continue exploring nearby historical sites and attractions, given the proximity of the Teatro Romano. The Arena and Santa Anastasia are close by and popular landmarks, while D",True,1.7883269786834717,success
0424FF4A216281,3,"['Arena', 'San Fermo']",Casa Giulietta,"['Torre Lamberti', 'Centro Fotografia', 'Sighseeing', 'Museo Conte', 'Palazzo della Ragione']",Torre Lamberti,"These points of interest are closest to Casa Giulietta and within a reasonable walking distance, making them the most likely next stops for tourists. They also offer various experiences that might app",True,1.6472790241241455,success
04250C4A216285,3,['Arena'],Teatro Romano,"['Duomo', 'Santa Anastasia', 'Palazzo della Ragione', 'Museo Conte', 'Centro Fotografia']",Castelvecchio,"These POIs are close to the Teatro Romano and align with typical tourist interests in Verona, such as religious sites and historical buildings.",False,1.0873515605926514,success
04250D4A216285,1,"['Castelvecchio', 'Torre Lamberti', 'Arena']",Tomba Giulietta,"['Casa Giulietta', 'Museo Storia', 'Arena', 'San Fermo', 'Palazzo della Ragione']",Casa Giulietta,"These POIs are close in proximity and align with typical tourist interests in Verona, such as historical and cultural sites.",True,1.163395643234253,success
0425214A216285,4,['Arena'],Museo Storia,"['Casa Giulietta', 'Tomba Giulietta', 'Torre Lamberti', 'Giardino Giusti', 'Palazzo della Ragione']",Castelvecchio,These POIs are closely located to the current location and are popular tourist attractions related to Verona's famous literary and historical context.,False,1.2306983470916748,success
0425194A216285,3,['Arena'],Casa Giulietta,"['Torre Lamberti', 'Centro Fotografia', 'Sighseeing', 'Museo Conte', 'Palazzo della Ragione']",Castelvecchio,"These points of interest are closest to Casa Giulietta and within a reasonable walking distance, making them the most likely next stops for tourists. The time context suggests that visitors might want",False,1.4105618000030518,success
0425164A216285,2,"['Arena', 'Casa Giulietta', 'Torre Lamberti']",Castelvecchio,"['Museo Lapidario', 'Verona Tour', 'San Zeno', 'Palazzo della Ragione', 'Centro Fotografia']",San Zeno,"These points of interest are within close proximity to Castelvecchio, making them convenient for a short walk. The time is early afternoon, which suggests tourists might be looking for shorter visits ",True,1.4508075714111328,success
0425144A216285,0,"['Arena', 'Museo Lapidario', 'Torre Lamberti']",Santa Anastasia,"['Santa Anastasia', 'Duomo', 'Palazzo della Ragione', 'Teatro Romano', 'Museo Conte']",Casa Giulietta,"The tourist is currently at Santa Anastasia and the next most likely destinations are nearby landmarks such as Duomo, Palazzo della Ragione, Teatro Romano, and Museo Conte. The time being later in the",False,1.5964455604553223,success
0425134A216285,0,"['Arena', 'Museo Lapidario', 'Casa Giulietta']",Santa Anastasia,"['Santa Anastasia', 'Duomo', 'Palazzo della Ragione', 'Teatro Romano', 'Giardino Giusti']",Duomo,"The tourist is currently at Santa Anastasia and the nearby POIs like Duomo, Palazzo della Ragione, Teatro Romano are within walking distance. The time is slightly later than usual, but still early eno",True,1.9770252704620361,success
042523121B6785,4,"['Arena', 'Torre Lamberti', 'San Zeno', 'Castelvecchio', 'Santa Anastasia']",Teatro Romano,"['Teatro Romano', 'Duomo', 'Palazzo della Ragione', 'Museo Conte', 'Giardino Giusti']",Museo Storia,"The tourist is currently at the Teatro Romano and it's close to other major attractions like Duomo, Palazzo della Ragione, Museo Conte, and Giardino Giusti. These locations are popular among tourists ",False,1.4793329238891602,success
04251C121B6785,0,"['Castelvecchio', 'Torre Lamberti', 'Palazzo della Ragione']",Museo Lapidario,"['Arena', 'Verona Tour', 'Casa Giulietta', 'Tomba Giulietta', 'San Fermo']",Arena,"The tourist is likely to visit nearby attractions, with the Arena being a major landmark. The Verona Tour and other sites like Casa Giulietta, Tomba Giulietta, and San Fermo are popular stops for tour",True,1.5889391899108887,success
04252B121B6781,6,"['Arena', 'Casa Giulietta', 'Santa Anastasia', 'Teatro Romano']",Duomo,"['Duomo', 'Palazzo della Ragione', 'Torre Lamberti', 'Museo Miniscalchi', 'AMO']",Castelvecchio,"The tourist is currently at the Duomo and it's a popular site to visit. Given the short distances, other nearby attractions like Palazzo della Ragione, Torre Lamberti, Museo Miniscalchi, and AMO are l",False,1.5225088596343994,success
04252D4A216285,1,"['Arena', 'Torre Lamberti']",Casa Giulietta,"['Arena', 'San Fermo', 'Palazzo della Ragione', 'Museo Conte', 'Centro Fotografia']",Castelvecchio,"The tourist is likely to continue exploring nearby landmarks, with a preference for shorter distances. The Arena and San Fermo are popular attractions in Verona, while the other suggested sites are wi",False,1.4142227172851562,success
042530121B6781,6,"['Arena', 'Santa Anastasia']",Duomo,"['Teatro Romano', 'Museo Miniscalchi', 'Palazzo della Ragione', 'AMO', 'Santa Anastasia']",Tomba Giulietta,"The tourist is likely to choose nearby points of interest that are culturally significant and within a reasonable walking distance. The Teatro Romano, Museo Miniscalchi, Palazzo della Ragione, AMO, an",False,1.5285215377807617,success
042535121B6781,6,['Arena'],Santa Anastasia,"['Arena', 'Duomo', 'Palazzo della Ragione', 'Teatro Romano', 'Casa Giulietta']",Duomo,"The tourist is likely to continue exploring nearby historical and cultural sites, given the proximity of these POIs. The Arena, Duomo, and Palazzo della Ragione are popular attractions in Verona, whil",True,1.6000630855560303,success
0425384A216285,3,"['Arena', 'Castelvecchio']",Teatro Romano,"['Santa Anastasia', 'Duomo', 'Palazzo della Ragione', 'Museo Conte', 'Torre Lamberti']",Casa Giulietta,"These POIs are close to the Teatro Romano and align with typical tourist interests in Verona, such as historical churches and towers.",False,1.1919212341308594,success
042539121B6781,0,"['Arena', 'Santa Anastasia', 'Torre Lamberti']",Palazzo della Ragione,"['Museo Conte', 'AMO', 'Centro Fotografia', 'Sighseeing', 'Museo Miniscalchi']",Museo Lapidario,"These points of interest are closest to the current location and align with typical tourist patterns, considering the time of visit is slightly later than usual.",False,1.206127643585205,success
0425374A216285,3,"['Casa Giulietta', 'Torre Lamberti']",Arena,"['Arena', 'Verona Tour', 'Museo Lapidario', 'Castelvecchio', 'Tomba Giulietta']",Santa Anastasia,"The tourist is currently at the Arena and has just visited Casa Giulietta and Torre Lamberti. The Arena is a major attraction in Verona, making it likely for tourists to visit next. Nearby points of i",False,1.9460856914520264,success
04255F121B6780,1,"['Arena', 'Castelvecchio', 'Santa Anastasia', 'Casa Giulietta', 'Torre Lamberti']",Palazzo della Ragione,"['Palazzo della Ragione', 'AMO', 'Museo Conte', 'Centro Fotografia', 'Sighseeing']",Teatro Romano,"The tourist is currently at Palazzo della Ragione and the next likely destination would be nearby points of interest. Given the time context, they might want to explore other cultural sites in the vic",False,1.376594066619873,success
042561121B6781,3,['Arena'],Torre Lamberti,"['Casa Giulietta', 'Museo Conte', 'Palazzo della Ragione', 'Arena']",Teatro Romano,"These POIs are close to Torre Lamberti and are popular tourist destinations in Verona, aligning with the typical visit pattern for tourists.",False,1.0919785499572754,success
042561121B6780,3,['Arena'],Casa Giulietta,"['Torre Lamberti', 'Centro Fotografia', 'Sighseeing', 'Museo Conte', 'Palazzo della Ragione']",Santa Anastasia,"These points of interest are closest to Casa Giulietta and within a reasonable walking distance, making them the most likely next stops for tourists. The time context suggests that visitors might want",False,1.3215694427490234,success
042563121B6780,3,['Arena'],Casa Giulietta,"['Torre Lamberti', 'Centro Fotografia', 'Sighseeing', 'Museo Conte', 'Palazzo della Ragione']",San Fermo,"These points of interest are closest to Casa Giulietta and within a reasonable walking distance. They also align with typical tourist patterns, offering both cultural and photographic opportunities.",False,1.3633418083190918,success
042560121B6780,6,"['Arena', 'Palazzo della Ragione', 'Casa Giulietta', 'Santa Anastasia']",Duomo,"['Duomo', 'Teatro Romano', 'Museo Conte', 'Torre Lamberti', 'AMO']",Castelvecchio,"The tourist is currently at the Duomo and it's a popular site to visit. Given the time (13:28), they might want to continue their sightseeing in the nearby area. The suggested POIs are within reasonab",False,1.6087589263916016,success
042576121B6781,2,"['Arena', 'Tomba Giulietta', 'San Fermo', 'Casa Giulietta', 'Torre Lamberti']",Palazzo della Ragione,"['Museo Conte', 'AMO', 'Santa Anastasia', 'Teatro Romano', 'Duomo']",San Zeno,"These POIs are close in proximity to Palazzo della Ragione and align with typical tourist patterns, including historical and cultural sites.",False,1.091759443283081,success
04255F121B6781,2,"['San Fermo', 'Santa Anastasia', 'Duomo']",Castelvecchio,"['Arena', 'Castelvecchio', 'San Zeno', 'Casa Giulietta', 'Museo Miniscalchi']",San Zeno,"The tourist is likely to continue exploring historical and cultural sites in Verona. The Arena, being a famous landmark, is a strong candidate. Castelvecchio, the current location, suggests proximity ",True,1.942969560623169,success
042538121B6781,2,"['Arena', 'San Zeno', 'Castelvecchio', 'Tomba Giulietta', 'San Fermo', 'Casa Giulietta']",Torre Lamberti,"['Torre Lamberti', 'Palazzo della Ragione', 'Centro Fotografia', 'Museo Conte', 'Sighseeing']",Santa Anastasia,"The tourist is currently at Torre Lamberti and the next most likely destinations are nearby points of interest. Considering the time (15:42) which is slightly later than usual, visitors might be looki",False,2.2399187088012695,success
04258D121B6781,1,['Arena'],Torre Lamberti,"['Casa Giulietta', 'Museo Conte', 'Palazzo della Ragione', 'Arena', 'Centro Fotografia']",Palazzo della Ragione,"These POIs are close to Torre Lamberti and align with typical tourist interests in Verona, such as historical and cultural sites.",True,1.1028001308441162,success
04258A121B6780,1,"['Torre Lamberti', 'Casa Giulietta']",Arena,"['Arena', 'Verona Tour', 'Museo Lapidario', 'Castelvecchio', 'Tomba Giulietta']",Castelvecchio,"The tourist is currently at the Arena and it's a popular spot to visit after seeing Casa Giulietta. The nearby Verona Tour and Museo Lapidario are also likely due to their proximity, while Castelvecch",True,1.555609941482544,success
0425AE121B6780,0,"['Arena', 'Museo Lapidario', 'Casa Giulietta']",Teatro Romano,"['Santa Anastasia', 'Duomo', 'Palazzo della Ragione', 'Museo Conte', 'Torre Lamberti']",Torre Lamberti,"These POIs are close in proximity to the Teatro Romano and are popular tourist destinations in Verona, making them likely next stops for tourists.",True,1.1314358711242676,success
0425A5121B6780,6,"['Castelvecchio', 'Duomo']",Casa Giulietta,"['Torre Lamberti', 'Centro Fotografia', 'Museo Conte', 'Palazzo della Ragione', 'San Fermo']",Torre Lamberti,"These points of interest are close to Casa Giulietta, align with typical tourist patterns by offering a mix of historical and cultural attractions, and are within a reasonable walking distance given t",True,1.5902462005615234,success
0425B64A216281,1,"['Arena', 'Palazzo della Ragione']",Casa Giulietta,"['Torre Lamberti', 'Centro Fotografia', 'Sighseeing', 'Museo Conte']",Castelvecchio,These POIs are closest to Casa Giulietta and align with typical tourist patterns of exploring nearby landmarks and cultural sites.,False,1.0115408897399902,success
0425B44A216281,3,['Arena'],Torre Lamberti,"['Casa Giulietta', 'Museo Conte', 'Palazzo della Ragione', 'Arena', 'Centro Fotografia']",Teatro Romano,"These POIs are close to the current location and align with typical tourist interests in Verona, such as historical and cultural sites.",False,1.3736672401428223,success
0425B2121B6781,4,"['Museo Storia', 'Casa Giulietta']",Arena,"['Arena', 'Verona Tour', 'Museo Lapidario', 'Castelvecchio', 'Tomba Giulietta']",Tomba Giulietta,"The tourist is currently at the Arena and has recently visited Museo Storia and Casa Giulietta. Given the short distances, these sites are likely to be of interest. The time context suggests they migh",True,1.4641883373260498,success
0425B54A216281,6,"['San Fermo', 'Teatro Romano', 'Santa Anastasia']",Casa Giulietta,"['Torre Lamberti', 'San Fermo', 'Arena', 'Museo Conte', 'Palazzo della Ragione']",Duomo,"These POIs are close to Casa Giulietta, align with typical tourist patterns of visiting landmarks and historical sites, and the time context suggests they have enough time before the next usual visita",False,1.4223484992980957,success
0425B5121B6781,4,"['Arena', 'Casa Giulietta', 'Museo Storia']",Castelvecchio,"['Castelvecchio', 'Museo Lapidario', 'Verona Tour', 'San Zeno', 'Palazzo della Ragione']",Duomo,"The tourist is currently at Castelvecchio and has a short distance to the Museo Lapidario, Verona Tour, and San Zeno. Palazzo della Ragione is slightly further but still within a reasonable walking di",False,1.46858549118042,success
0425B74A216281,3,"['Arena', 'San Fermo']",Casa Giulietta,"['Torre Lamberti', 'Centro Fotografia', 'Sighseeing', 'Museo Conte', 'Palazzo della Ragione']",Torre Lamberti,"These points of interest are closest to Casa Giulietta and within a reasonable walking distance. They also align with typical tourist patterns, offering both cultural and photographic opportunities.",True,1.1794350147247314,success
0425C6121B6781,1,"['Arena', 'Torre Lamberti']",Palazzo della Ragione,"['Museo Conte', 'AMO', 'Santa Anastasia', 'Casa Giulietta', 'Duomo']",Casa Giulietta,"These POIs are closest to Palazzo della Ragione and align with typical tourist patterns, including cultural and historical sites.",True,1.206658124923706,success
0425B1121B6781,2,"['San Zeno', 'Castelvecchio', 'Casa Giulietta']",Arena,"['Arena', 'Verona Tour', 'Museo Lapidario', 'Tomba Giulietta', 'San Fermo']",Santa Anastasia,"The tourist is currently at the Arena, which is a major attraction in Verona. Given the time (17:48), they might be finishing their visit or leaving soon. The nearby POIs are within walking distance, ",False,2.2218053340911865,success
0425CD121B6781,3,['Arena'],Casa Giulietta,"['Torre Lamberti', 'Centro Fotografia', 'Sighseeing', 'Museo Conte', 'Palazzo della Ragione']",Santa Anastasia,"These points of interest are closest to Casa Giulietta and are within a reasonable walking distance. They also align with typical tourist patterns, offering both cultural and photographic opportunitie",False,1.3956658840179443,success
0425C94A216281,1,"['Arena', 'Castelvecchio', 'Casa Giulietta', 'Torre Lamberti', 'Palazzo della Ragione']",Tomba Giulietta,"['Tomba Giulietta', 'Arena', 'Castelvecchio', 'Museo Storia', 'San Fermo']",San Fermo,"The tourist is likely to continue visiting related sites, such as Tomba Giulietta. The Arena and Castelvecchio are major attractions in Verona and may be the next stops. Nearby points of interest like",True,1.5373520851135254,success
0425B7121B6781,2,"['Arena', 'Casa Giulietta', 'Torre Lamberti', 'Santa Anastasia', 'Teatro Romano', 'Castelvecchio']",San Zeno,"['San Zeno', 'Verona Tour', 'Museo Lapidario', 'Palazzo della Ragione', 'Duomo']",Duomo,"The tourist is likely to continue exploring nearby attractions, with San Zeno being the immediate next stop. Other options like Verona Tour and Museo Lapidario are also probable due to their proximity",True,1.7753136157989502,success
0425D1121B6780,3,['Arena'],Casa Giulietta,"['Torre Lamberti', 'Centro Fotografia', 'Sighseeing', 'Museo Conte', 'Palazzo della Ragione']",Santa Anastasia,"These points of interest are closest to Casa Giulietta and are within a reasonable walking distance. They also align with typical tourist patterns, offering both cultural and photographic opportunitie",False,1.3600993156433105,success
0425D0121B6780,6,"['Castelvecchio', 'Duomo', 'Santa Anastasia', 'Teatro Romano', 'Torre Lamberti', 'Palazzo della Ragione', 'Arena']",San Fermo,"['Casa Giulietta', 'Arena', 'San Fermo', 'Museo Storia', 'Museo Conte']",Casa Giulietta,"Given the time context (14:45), tourists are likely to visit popular attractions like Casa Giulietta and Arena. The close proximity of Museo Storia, Museo Conte, and San Fermo also makes them probable",True,1.391491413116455,success
0425D3121B6781,6,['Duomo'],Santa Anastasia,"['Palazzo della Ragione', 'Teatro Romano', 'Museo Conte', 'Torre Lamberti', 'AMO']",Torre Lamberti,"These points of interest are within close proximity to Santa Anastasia, aligning with typical tourist patterns of visiting nearby attractions. The time is early afternoon, which suggests a likely cont",True,1.3971717357635498,success
0425D2121B6780,6,"['Castelvecchio', 'Arena', 'San Fermo', 'Casa Giulietta', 'Torre Lamberti', 'Santa Anastasia', 'Duomo']",Teatro Romano,"['Teatro Romano', 'AMO', 'Palazzo della Ragione', 'Museo Conte', 'Giardino Giusti']",Palazzo della Ragione,"The current location is near the Teatro Romano, and it's a popular attraction for tourists. The nearby POIs like AMO, Palazzo della Ragione, Museo Conte, and Giardini Giusti are also likely to be visi",True,1.753981113433838,success
0425D84A216281,6,['Arena'],Duomo,"['Teatro Romano', 'Palazzo della Ragione', 'Museo Miniscalchi', 'Santa Anastasia', 'AMO']",Torre Lamberti,"These points of interest are relatively close to the current location and include a variety of cultural attractions that tourists often visit in Verona, such as theaters and historical buildings.",False,1.2187483310699463,success
0425D64A216281,1,['Arena'],Castelvecchio,"['Castelvecchio', 'Museo Lapidario', 'Verona Tour', 'San Zeno', 'Casa Giulietta']",Torre Lamberti,"The tourist is likely to continue exploring nearby historical and cultural sites, given the short distances between them. The Castelvecchio museum is a popular choice for visitors due to its proximity",False,1.466632604598999,success
0425D4121B6780,2,"['Arena', 'Torre Lamberti', 'San Fermo', 'San Zeno']",Teatro Romano,"['Arena', 'San Zeno', 'Duomo', 'Santa Anastasia', 'Palazzo della Ragione']",Castelvecchio,"The tourist is likely to visit nearby and popular sites like the Arena, which is a significant landmark in Verona. San Zeno is also close by and well-visited. The Duomo and Santa Anastasia are major r",False,1.653846025466919,success
0425D34A216281,4,"['Arena', 'Castelvecchio', 'San Zeno']",Museo Storia,"['Casa Giulietta', 'Torre Lamberti', 'San Fermo', 'Giardino Giusti', 'Palazzo della Ragione']",Torre Lamberti,"These locations are popular among tourists and are within a reasonable walking distance. Casa Giulietta is famous for its literary connections, Torre Lamberti offers scenic views, San Fermo is close b",True,1.8535175323486328,success
0425DF121B6781,6,"['Arena', 'Teatro Romano', 'Torre Lamberti', 'Santa Anastasia', 'Casa Giulietta']",Duomo,"['Duomo', 'AMO', 'Palazzo della Ragione', 'Museo Miniscalchi', 'Centro Fotografia']",Castelvecchio,"The tourist is currently at the Duomo and it's a common pattern for tourists to visit nearby attractions. The suggested POIs are within reasonable walking distance, considering the time context of 14:",False,1.2865111827850342,success
0425D9121B6781,3,"['Arena', 'Casa Giulietta']",Teatro Romano,"['Duomo', 'Arena', 'Santa Anastasia', 'Palazzo della Ragione', 'Giardino Giusti']",Tomba Giulietta,"The tourist is likely to prefer visiting nearby and popular landmarks like the Duomo and Arena. The proximity of other sites such as Santa Anastasia, Palazzo della Ragione, and Giardino Giusti also ma",False,1.5201854705810547,success
0425DB121B6781,4,"['Castelvecchio', 'Arena', 'Casa Giulietta', 'Torre Lamberti', 'Palazzo della Ragione', 'Santa Anastasia']",San Fermo,"['Tomba Giulietta', 'Giardino Giusti', 'Museo Storia', 'Centro Fotografia', 'Sighseeing']",Museo Storia,"These points of interest are close to the current location, align with typical tourist patterns by offering historical and cultural attractions, and are within a reasonable walking distance given the ",True,1.3880014419555664,success
0425E1121B6781,2,"['Arena', 'Casa Giulietta', 'Torre Lamberti']",San Zeno,"['Castelvecchio', 'Verona Tour', 'Museo Lapidario', 'Palazzo della Ragione', 'Duomo']",Tomba Giulietta,"These POIs are relatively close to San Zeno and align with typical tourist patterns, offering a mix of historical and cultural attractions.",False,1.2519493103027344,success
0425E7121B6780,1,"['Palazzo della Ragione', 'Arena']",Torre Lamberti,"['Casa Giulietta', 'Museo Conte', 'Arena', 'Palazzo della Ragione', 'Centro Fotografia']",Castelvecchio,These POIs are close to Torre Lamberti and align with tourist patterns of visiting related landmarks in quick succession.,False,1.1284420490264893,success
0425DC121B6780,1,"['Arena', 'Torre Lamberti', 'Castelvecchio']",Teatro Romano,"['Arena', 'Duomo', 'Santa Anastasia', 'Palazzo della Ragione', 'Giardino Giusti']",Palazzo della Ragione,"The current location is near the Teatro Romano, and given the time (17:01), tourists might be looking for nearby attractions to visit before sunset. The suggested POIs are within a short walking dista",True,1.6208608150482178,success
0425E4121B6781,2,"['Arena', 'San Fermo', 'Duomo']",San Zeno,"['Castelvecchio', 'Museo Lapidario', 'Torre Lamberti', 'Palazzo della Ragione', 'Casa Giulietta']",Castelvecchio,"These points of interest are relatively close to San Zeno and are popular among tourists, making them likely next stops given the current time and proximity.",True,1.3293488025665283,success
042601121B6785,2,"['San Fermo', 'Arena', 'Casa Giulietta']",San Zeno,"['Castelvecchio', 'Verona Tour', 'Museo Lapidario', 'Torre Lamberti', 'Palazzo della Ragione']",Castelvecchio,"These points of interest are relatively close to San Zeno and are popular among tourists, making them likely next stops given the time context.",True,1.2601099014282227,success
042606121B6784,1,"['Arena', 'Palazzo della Ragione', 'Casa Giulietta', 'San Fermo', 'Tomba Giulietta']",Castelvecchio,"['Castelvecchio', 'Museo Lapidario', 'Verona Tour', 'San Zeno', 'Torre Lamberti']",Santa Anastasia,"The tourist is currently at Castelvecchio and the next most visited POIs are nearby, considering time context and usual visiting patterns.",False,1.2030589580535889,success
0425F4121B6780,6,"['Arena', 'San Fermo']",Duomo,"['Duomo', 'San Fermo', 'Arena', 'Palazzo della Ragione', 'Teatro Romano']",Tomba Giulietta,"The tourist is currently at the Duomo and has already visited Arena and San Fermo. Given the short distances to other major landmarks like Palazzo della Ragione and Teatro Romano, these are likely nex",False,1.4641406536102295,success
0425E7121B6781,6,"['Arena', 'Casa Giulietta', 'Tomba Giulietta', 'San Fermo']",Duomo,"['Duomo', 'Teatro Romano', 'Palazzo della Ragione', 'Santa Anastasia', 'Museo Miniscalchi']",Santa Anastasia,"The tourist is currently at the Duomo and it's a popular site to visit. Given the short distances, the next likely stops would be other nearby attractions like Teatro Romano, Palazzo della Ragione, Sa",True,1.5151805877685547,success
04260D4A216285,2,"['Arena', 'Tomba Giulietta', 'San Zeno']",Castelvecchio,"['Casa Giulietta', 'Torre Lamberti', 'San Zeno', 'Arena', 'Museo Lapidario']",Duomo,"These POIs are either nearby the current location or have strong tourist appeal, and they fit well within a reasonable walking distance from Castelvecchio.",False,1.146967887878418,success
04260A4A216285,0,"['Arena', 'Museo Lapidario']",Torre Lamberti,"['Casa Giulietta', 'Museo Conte', 'Palazzo della Ragione', 'Sighseeing', 'Centro Fotografia']",Castelvecchio,"These points of interest are close to the current location and align with typical tourist patterns, including nearby attractions like Casa Giulietta and cultural sites such as Museo Conte.",False,1.3038959503173828,success
0426194A216285,1,"['Arena', 'Castelvecchio']",Torre Lamberti,"['Casa Giulietta', 'Museo Conte', 'Palazzo della Ragione', 'Arena', 'San Fermo']",Casa Giulietta,"These POIs are close to the current location and align with typical tourist interests in Verona, such as historical and cultural sites.",True,1.0718443393707275,success
0426094A216285,0,"['Arena', 'Museo Lapidario', 'Castelvecchio', 'Casa Giulietta', 'Torre Lamberti', 'Palazzo della Ragione']",Duomo,"['Duomo', 'Teatro Romano', 'Santa Anastasia', 'Museo Miniscalchi', 'AMO']",Tomba Giulietta,"The tourist is likely to continue exploring religious and historical sites, with the Duomo being a significant landmark. The Teatro Romano, Santa Anastasia, and Museo Miniscalchi are nearby and align ",False,1.5568718910217285,success
0426164A216285,2,"['Arena', 'Casa Giulietta', 'Torre Lamberti']",Castelvecchio,"['Museo Lapidario', 'Verona Tour', 'San Zeno', 'Palazzo della Ragione', 'Centro Fotografia']",San Zeno,"These points of interest are close to Castelvecchio and align with typical tourist patterns, offering historical and cultural attractions.",True,1.2651641368865967,success
0426134A216285,6,"['Torre Lamberti', 'Santa Anastasia', 'Duomo']",San Fermo,"['Arena', 'Casa Giulietta', 'San Fermo', 'Museo Conte', 'Palazzo della Ragione']",Arena,"The tourist is likely to continue exploring historical and cultural sites in Verona. The Arena and Casa Giulietta are popular attractions, while San Fermo is the current location. Museo Conte and Pala",True,1.5445671081542969,success
042617121B6785,0,"['Arena', 'Museo Lapidario', 'Casa Giulietta', 'Torre Lamberti', 'Tomba Giulietta']",San Fermo,"['Palazzo della Ragione', 'Verona Tour', 'Giardino Giusti', 'Centro Fotografia', 'Sighseeing']",Castelvecchio,"These POIs are within a reasonable walking distance, align with typical tourist interests in Verona, and offer diverse experiences such as historical sites, photography, and gardens.",False,1.3145413398742676,success
0426214A216285,1,"['Santa Anastasia', 'Palazzo della Ragione', 'Torre Lamberti']",Arena,"['Arena', 'Verona Tour', 'Museo Lapidario', 'Casa Giulietta', 'San Fermo']",Tomba Giulietta,"The tourist is currently at the Arena and has just visited several historical sites. Given the time (15:01), they might want to continue exploring nearby attractions. The suggested POIs are within a r",False,1.5411922931671143,success
04262C4A216285,6,"['Arena', 'Torre Lamberti', 'Santa Anastasia']",Castelvecchio,"['Casa Giulietta', 'San Zeno', 'Museo Lapidario', 'Verona Tour', 'Palazzo della Ragione']",Duomo,"These POIs are close in proximity to Castelvecchio, align with typical tourist interests in Verona, and the time context suggests they might be open.",False,1.3626611232757568,success
04262D4A216285,1,"['Arena', 'Torre Lamberti']",Casa Giulietta,"['Arena', 'San Fermo', 'Palazzo della Ragione', 'Museo Conte', 'Centro Fotografia']",Castelvecchio,"The tourist is likely to continue exploring nearby landmarks, with a preference for shorter distances. The Arena and San Fermo are popular attractions in Verona, while the other suggested sites are wi",False,1.3695883750915527,success
042642121B6781,3,"['Casa Giulietta', 'Arena']",Torre Lamberti,"['Centro Fotografia', 'Museo Conte', 'Palazzo della Ragione', 'AMO']",Teatro Romano,"These points of interest are close to the current location and align with typical tourist patterns, offering a mix of cultural and photographic experiences.",False,1.041593313217163,success
0426374A216285,0,"['Arena', 'Museo Lapidario', 'Tomba Giulietta', 'San Fermo', 'Casa Giulietta', 'Torre Lamberti']",Santa Anastasia,"['Santa Anastasia', 'Duomo', 'Palazzo della Ragione', 'Teatro Romano', 'Museo Conte']",Duomo,"The tourist is likely to continue exploring nearby historical and cultural sites, with a preference for shorter distances. Santa Anastasia is the next immediate destination, followed by other major la",True,1.417069435119629,success
04265C121B6780,1,"['Arena', 'Castelvecchio']",Casa Giulietta,"['Torre Lamberti', 'Centro Fotografia', 'Sighseeing', 'Museo Conte', 'Palazzo della Ragione']",Palazzo della Ragione,These POIs are closest to Casa Giulietta and align with typical tourist patterns of exploring nearby landmarks and cultural sites.,True,1.1407959461212158,success
0426344A216285,6,"['Arena', 'Castelvecchio', 'Torre Lamberti', 'Santa Anastasia', 'Duomo']",Teatro Romano,"['Teatro Romano', 'AMO', 'Palazzo della Ragione', 'Museo Conte', 'Giardino Giusti']",Casa Giulietta,"The tourist is currently at the Teatro Romano and it's a popular site in Verona. Given the time (14:16), they might want to explore nearby attractions like AMO, Palazzo della Ragione, Museo Conte, or ",False,1.6691679954528809,success
0426354A216285,6,"['Arena', 'Tomba Giulietta', 'Casa Giulietta', 'Torre Lamberti']",Duomo,"['Duomo', 'Santa Anastasia', 'Teatro Romano', 'Palazzo della Ragione', 'Museo Miniscalchi']",Santa Anastasia,"The tourist is currently at the Duomo and has visited several historical sites. Given the time (Sun 14:55) and proximity, they are likely to explore nearby religious or cultural attractions such as Sa",True,1.8103392124176025,success
0426454A216285,2,"['Arena', 'San Zeno', 'Torre Lamberti']",Santa Anastasia,"['Santa Anastasia', 'Duomo', 'Palazzo della Ragione', 'Teatro Romano', 'Museo Conte']",Duomo,"The tourist is currently at Santa Anastasia and the next likely destinations are nearby landmarks such as Duomo, Palazzo della Ragione, Teatro Romano, and Museo Conte, considering the short distances ",True,1.503566026687622,success
04265F121B6780,1,"['Arena', 'Castelvecchio', 'Santa Anastasia', 'Casa Giulietta', 'Torre Lamberti']",Palazzo della Ragione,"['Duomo', 'Teatro Romano', 'Museo Conte', 'AMO', 'Centro Fotografia']",Teatro Romano,"The tourist is likely to prefer visiting nearby and popular sites like the Duomo and Teatro Romano. The Museo Conte, AMO, and Centro Fotografia are also close by and could be of interest based on typi",True,1.5135774612426758,success
042663121B6781,1,"['Arena', 'Casa Giulietta']",Torre Lamberti,"['Centro Fotografia', 'Museo Conte', 'Palazzo della Ragione', 'AMO']",Palazzo della Ragione,"These locations are close to Torre Lamberti and are popular tourist spots, fitting the typical visit pattern for a morning in Verona.",True,0.9049074649810791,success
0426384A216285,6,"['Duomo', 'Santa Anastasia', 'Arena']",Torre Lamberti,"['Casa Giulietta', 'Arena', 'San Fermo', 'Palazzo della Ragione', 'Museo Conte']",Palazzo della Ragione,"The tourist is likely to continue exploring the historical and cultural sites of Verona. Casa Giulietta is a popular attraction related to Romeo and Juliet, Arena is nearby and significant for its his",True,1.8834865093231201,success
042660121B6780,0,"['Arena', 'Castelvecchio', 'Museo Lapidario', 'Casa Giulietta']",Teatro Romano,"['Teatro Romano', 'Santa Anastasia', 'Duomo', 'Palazzo della Ragione', 'Museo Conte']",Palazzo della Ragione,"The tourist is currently at the Teatro Romano and it's a popular site to visit in Verona. Given the short distances, Santa Anastasia and Duomo are likely next stops due to their proximity. Palazzo del",True,1.6016616821289062,success
042661121B6780,0,"['Arena', 'Teatro Romano', 'Museo Lapidario']",Torre Lamberti,"['Casa Giulietta', 'Arena', 'Palazzo della Ragione', 'Museo Conte', 'Teatro Romano']",Tomba Giulietta,"These POIs are popular among tourists and are within a reasonable walking distance. The Arena and Teatro Romano are likely to be revisited due to their historical significance, while Casa Giulietta is",False,1.625175952911377,success
042686121B6781,3,['Arena'],Santa Anastasia,"['Arena', 'Duomo', 'Palazzo della Ragione', 'Teatro Romano', 'Casa Giulietta']",Casa Giulietta,"The tourist is likely to continue exploring nearby historical and cultural sites, given the proximity of these POIs. The Arena, Duomo, and Palazzo della Ragione are popular attractions in Verona, whil",True,1.6438186168670654,success
04269F121B6781,1,"['Castelvecchio', 'Arena', 'Torre Lamberti']",Casa Giulietta,"['Arena', 'San Fermo', 'Palazzo della Ragione', 'Museo Conte', 'Casa Giulietta']",Santa Anastasia,"The tourist is likely to continue exploring nearby historical and cultural sites, given the proximity of these POIs. The Arena and San Fermo are significant landmarks in Verona, while Palazzo della Ra",False,1.4377760887145996,success
042693121B6780,3,['Arena'],Torre Lamberti,"['Casa Giulietta', 'Arena', 'Palazzo della Ragione', 'Museo Conte', 'Centro Fotografia']",Casa Giulietta,"These POIs are close to the current location and align with typical tourist interests in Verona, such as visiting famous landmarks like Casa Giulietta and Arena. The proximity of other cultural sites ",True,1.516913890838623,success
0426AE121B6780,0,"['Arena', 'Museo Lapidario', 'Casa Giulietta', 'Teatro Romano', 'Duomo']",Palazzo della Ragione,"['Torre Lamberti', 'Museo Conte', 'AMO', 'Centro Fotografia', 'Sighseeing']",Torre Lamberti,"These points of interest are close to the current location, align with typical tourist patterns by offering a mix of historical and cultural attractions, and are within a reasonable walking distance g",True,1.3178482055664062,success
0426B5121B6781,4,"['Arena', 'Casa Giulietta', 'San Fermo']",Museo Storia,"['Tomba Giulietta', 'Torre Lamberti', 'Giardino Giusti', 'Palazzo della Ragione', 'Centro Fotografia']",Castelvecchio,"These points of interest are close to the current location and align with typical tourist patterns, including proximity to the visited sites and historical significance.",False,1.2638075351715088,success
04268A121B6780,3,['Casa Giulietta'],Arena,"['Arena', 'Verona Tour', 'Museo Lapidario', 'Castelvecchio', 'Tomba Giulietta']",Castelvecchio,"The tourist is currently at the Arena and has recently visited Casa Giulietta. Given the time (17:50), they might want to stay in the area for a bit longer. The nearby POIs like Verona Tour, Museo Lap",True,1.9524481296539307,success
0426B1121B6781,2,"['San Zeno', 'Castelvecchio', 'Casa Giulietta', 'Arena']",Santa Anastasia,"['Santa Anastasia', 'Museo Conte', 'Palazzo della Ragione', 'Teatro Romano', 'Duomo']",San Fermo,"The tourist is currently at Santa Anastasia and the next closest points of interest are Museo Conte, Palazzo della Ragione, Teatro Romano, Duomo. These locations align with typical tourist patterns in",False,1.5270516872406006,success
0426A6121B6781,6,"['Castelvecchio', 'Arena', 'Torre Lamberti', 'Palazzo della Ragione']",Duomo,"['Duomo', 'Santa Anastasia', 'Teatro Romano', 'Palazzo della Ragione', 'AMO']",Santa Anastasia,"The tourist is currently at the Duomo and has visited other major landmarks like Castelvecchio, Arena, Torre Lamberti, and Palazzo della Ragione. Given the time (15:00), they are likely to visit nearb",True,1.808837890625,success
0426B74A216281,3,['Arena'],Casa Giulietta,"['Torre Lamberti', 'Centro Fotografia', 'Sighseeing', 'Museo Conte', 'Palazzo della Ragione']",Torre Lamberti,"These points of interest are closest to Casa Giulietta and are within a reasonable walking distance. They also align with typical tourist patterns, offering both cultural and photographic opportunitie",True,1.2744204998016357,success
0426B84A216281,3,['Arena'],Castelvecchio,"['Museo Lapidario', 'Verona Tour', 'San Zeno', 'Casa Giulietta', 'Torre Lamberti']",Casa Giulietta,These POIs are closest to Castelvecchio and align with typical tourist patterns of visiting historical and cultural sites in Verona.,True,1.13057541847229,success
0426B2121B6781,4,"['Museo Storia', 'Casa Giulietta']",Arena,"['Arena', 'Verona Tour', 'Museo Lapidario', 'Castelvecchio', 'Tomba Giulietta']",Tomba Giulietta,"The tourist is currently at the Arena and has recently visited Museo Storia and Casa Giulietta. Given the short distance to other historical sites like Verona Tour, Museo Lapidario, Castelvecchio, and",True,1.677598476409912,success
0426B64A216281,1,"['Arena', 'Palazzo della Ragione']",Casa Giulietta,"['Torre Lamberti', 'Centro Fotografia', 'Sighseeing', 'Museo Conte']",Castelvecchio,"These points of interest are close to Casa Giulietta and offer a mix of historical and cultural experiences, which align with typical tourist patterns. Torre Lamberti provides a good view of the city,",False,1.776355266571045,success
0426C94A216281,0,"['Museo Lapidario', 'Castelvecchio', 'Casa Giulietta', 'Arena', 'Torre Lamberti', 'Duomo']",Teatro Romano,"['Arena', 'Duomo', 'Teatro Romano', 'Casa Giulietta', 'Castelvecchio']",Palazzo della Ragione,"The tourist is likely to continue visiting major landmarks and attractions in Verona, given the time context and proximity of these sites. The Teatro Romano is nearby and a popular site for tourists.",False,1.3651413917541504,success
0426CF4A216281,3,['Casa Giulietta'],Arena,"['Arena', 'Verona Tour', 'Museo Lapidario', 'Castelvecchio', 'Tomba Giulietta']",Castelvecchio,"The tourist is currently at the Arena and has recently visited Casa Giulietta. Given the proximity of other related sites such as Tomba Giulietta, and considering typical tourist patterns, these locat",True,1.3796589374542236,success
0426C6121B6781,1,"['Arena', 'Torre Lamberti', 'Palazzo della Ragione']",Casa Giulietta,"['Casa Giulietta', 'Arena', 'San Fermo', 'Museo Conte', 'Verona Tour']",Castelvecchio,"The tourist is likely to visit Casa Giulietta next as it's the current location. Given the time, they might want to continue their cultural tour with nearby historical sites like Arena and San Fermo. ",False,1.5647921562194824,success
0426D1121B6780,1,"['Casa Giulietta', 'Teatro Romano', 'Arena', 'Palazzo della Ragione', 'Torre Lamberti']",Castelvecchio,"['Castelvecchio', 'Museo Lapidario', 'Verona Tour', 'San Zeno', 'Tomba Giulietta']",Santa Anastasia,"The tourist is likely to continue exploring historical and cultural sites, with Castelvecchio being the next logical step. Nearby attractions like Museo Lapidario and Verona Tour are also popular choi",False,1.5016252994537354,success
0426D9121B6781,2,"['Castelvecchio', 'Casa Giulietta']",San Zeno,"['Arena', 'Duomo', 'Palazzo della Ragione', 'Museo Miniscalchi', 'Verona Tour']",Duomo,"These POIs are close to San Zeno and are popular tourist attractions in Verona, aligning with the typical visit pattern for this time of day.",True,1.1760640144348145,success
0426D7121B6781,2,"['Casa Giulietta', 'Tomba Giulietta', 'Arena', 'Teatro Romano', 'Torre Lamberti', 'Duomo']",Santa Anastasia,"['Santa Anastasia', 'AMO', 'Museo Conte', 'Palazzo della Ragione', 'Giardino Giusti']",San Zeno,"The tourist is likely to continue exploring nearby attractions, with Santa Anastasia being the immediate next stop. AMO and Museo Conte are close and popular, while Palazzo della Ragione and Giardino ",False,1.534843921661377,success
0426D4121B6780,2,"['Arena', 'Torre Lamberti', 'San Fermo', 'San Zeno', 'Santa Anastasia']",Teatro Romano,"['Teatro Romano', 'Duomo', 'Palazzo della Ragione', 'Museo Conte', 'Giardino Giusti']",Castelvecchio,"The tourist is currently at the Teatro Romano and has a short distance to the Duomo, Palazzo della Ragione, Museo Conte, and Giardino Giusti. These locations are popular in Verona and align with typic",False,1.6199994087219238,success
0426DB121B6780,4,"['Arena', 'Casa Giulietta', 'Museo Storia', 'Teatro Romano', 'San Zeno']",Castelvecchio,"['Castelvecchio', 'Museo Lapidario', 'Verona Tour', 'Teatro Romano', 'San Zeno']",Duomo,"The tourist is currently at Castelvecchio and the next likely destinations are nearby points of interest. The Teatro Romano and San Zeno were already visited, but they might be revisited for a second ",False,1.6202080249786377,success
0426DE121B6780,6,"['Arena', 'Castelvecchio', 'Torre Lamberti']",Santa Anastasia,"['Santa Anastasia', 'Duomo', 'Palazzo della Ragione', 'Teatro Romano', 'Casa Giulietta']",Duomo,"The tourist is currently at Santa Anastasia and the next likely destinations are nearby landmarks such as Duomo, Palazzo della Ragione, Teatro Romano, and Casa Giulietta, which are popular sites in Ve",True,1.405045986175537,success
0426DC121B6781,2,"['Casa Giulietta', 'Torre Lamberti', 'Santa Anastasia', 'Arena']",Castelvecchio,"['Castelvecchio', 'Museo Lapidario', 'Verona Tour', 'Palazzo della Ragione', 'San Zeno']",San Zeno,"The tourist is currently at Castelvecchio and the next likely destination would be nearby points of interest. Considering the time (Sat 10:50) and distances, Museo Lapidario, Verona Tour, Palazzo dell",True,1.790581464767456,success
0426D34A216281,4,"['Arena', 'Castelvecchio', 'San Zeno']",Museo Storia,"['Casa Giulietta', 'Torre Lamberti', 'Giardino Giusti', 'Palazzo della Ragione', 'Centro Fotografia']",Torre Lamberti,"These locations are popular tourist destinations in Verona and are within a reasonable walking distance from the current location. Casa Giulietta is famous for its literary connections, Torre Lamberti",True,2.0965561866760254,success
0426DF121B6781,2,"['Arena', 'Torre Lamberti', 'Casa Giulietta', 'San Zeno', 'Teatro Romano', 'Santa Anastasia']",Tomba Giulietta,"['Tomba Giulietta', 'San Zeno', 'Arena', 'Palazzo della Ragione', 'Castelvecchio']",Castelvecchio,"The tourist is currently at Tomba Giulietta and has already visited several major attractions. Given the time (15:13), they might want to visit more nearby sites before closing hours. San Zeno, Arena,",True,1.5379760265350342,success
0426DF4A216281,6,"['Arena', 'Casa Giulietta', 'Torre Lamberti']",Santa Anastasia,"['Duomo', 'Teatro Romano', 'Palazzo della Ragione', 'Museo Conte', 'AMO']",Duomo,"These POIs are within close proximity to Santa Anastasia and align with typical tourist patterns, offering a mix of historical and cultural attractions.",True,1.3233981132507324,success
0426E24A216281,6,"['Arena', 'Tomba Giulietta', 'Duomo']",Santa Anastasia,"['Santa Anastasia', 'AMO', 'Museo Conte', 'Palazzo della Ragione', 'Teatro Romano']",Palazzo della Ragione,"The tourist is currently at Santa Anastasia and the nearby points of interest (POIs) such as AMO, Museo Conte, Palazzo della Ragione, Teatro Romano are within close proximity. These locations are popu",True,1.5213229656219482,success
0426E34A216281,6,"['Palazzo della Ragione', 'Torre Lamberti', 'Santa Anastasia', 'Duomo']",Castelvecchio,"['Arena', 'Casa Giulietta', 'San Zeno', 'Museo Miniscalchi', 'Verona Tour']",Arena,"The Arena is a popular tourist attraction and is close by. Casa Giulietta, San Zeno, and Museo Miniscalchi are also nearby and align with the typical interests of tourists in Verona. Verona Tour could",True,1.5604872703552246,success
0426ED121B6780,3,"['Arena', 'Torre Lamberti']",San Fermo,"['Casa Giulietta', 'Museo Storia', 'Palazzo della Ragione', 'Verona Tour', 'Tomba Giulietta']",Tomba Giulietta,"These POIs are close to the current location and align with typical tourist interests in Verona, such as visiting famous landmarks associated with Romeo and Juliet.",True,1.1842803955078125,success
0426E1121B6781,6,"['Arena', 'Casa Giulietta']",Duomo,"['Duomo', 'Teatro Romano', 'Palazzo della Ragione', 'Santa Anastasia', 'Museo Miniscalchi']",Torre Lamberti,"The tourist is currently at the Duomo and has visited Arena and Casa Giulietta. Given the proximity of Teatro Romano, Palazzo della Ragione, Santa Anastasia, and Museo Miniscalchi (all within 0.3km), ",False,1.8400638103485107,success
0426E5121B6780,2,"['Arena', 'Castelvecchio', 'Torre Lamberti', 'Santa Anastasia']",Duomo,"['Duomo', 'Teatro Romano', 'Palazzo della Ragione', 'Museo Miniscalchi', 'AMO']",San Zeno,"The tourist is currently at the Duomo and it's a popular stop. Given the time, they might want to visit nearby attractions like the Teatro Romano or Palazzo della Ragione. The Museo Miniscalchi and AM",False,1.7568588256835938,success
0426E8121B6780,1,"['Teatro Romano', 'Palazzo della Ragione']",Arena,"['Arena', 'Verona Tour', 'Casa Giulietta', 'San Fermo', 'Castelvecchio']",Castelvecchio,"The tourist is likely to stay in the area due to proximity and time context. The Arena, Casa Giulietta, San Fermo, and Castelvecchio are popular sites for tourists visiting Verona.",True,1.4149417877197266,success
0426EE121B6781,1,"['Arena', 'Torre Lamberti']",Casa Giulietta,"['Arena', 'Museo Conte', 'Palazzo della Ragione', 'Sighseeing', 'Centro Fotografia']",Castelvecchio,"The tourist is likely to continue exploring nearby landmarks, with a preference for shorter distances. The Arena and Palazzo della Ragione are popular attractions in Verona, while the other suggested ",False,1.4046835899353027,success
042707121B6785,4,"['Casa Giulietta', 'Palazzo della Ragione', 'Museo Storia', 'San Fermo']",Santa Anastasia,"['Teatro Romano', 'Duomo', 'Museo Conte', 'San Fermo', 'Centro Fotografia']",San Zeno,"These POIs are within a reasonable walking distance from Santa Anastasia and align with typical tourist interests in Verona, such as historical sites and museums.",False,1.055546522140503,success
0427084A216285,6,"['Arena', 'Duomo']",Santa Anastasia,"['Museo Conte', 'Palazzo della Ragione', 'Teatro Romano', 'Torre Lamberti', 'AMO']",Torre Lamberti,"These points of interest are within close proximity to Santa Anastasia and align with typical tourist patterns, offering a mix of cultural and historical attractions.",True,1.1588618755340576,success
042701121B6785,2,"['San Fermo', 'Arena', 'Casa Giulietta']",San Zeno,"['Castelvecchio', 'Verona Tour', 'Museo Lapidario', 'Torre Lamberti', 'Palazzo della Ragione']",Castelvecchio,"These points of interest are relatively close to San Zeno and are popular among tourists, making them likely next stops given the time context.",True,1.2918343544006348,success
0426F4121B6780,6,"['Casa Giulietta', 'Torre Lamberti', 'Castelvecchio', 'Santa Anastasia']",Duomo,"['Duomo', 'Teatro Romano', 'Palazzo della Ragione', 'Museo Miniscalchi', 'AMO']",San Fermo,"The tourist is currently at the Duomo and it's a popular stop. Given the short distances, the Teatro Romano, Palazzo della Ragione, Museo Miniscalchi, and AMO are also likely options based on typical ",False,1.6149632930755615,success
0427094A216285,0,"['Arena', 'Museo Lapidario', 'Castelvecchio', 'Casa Giulietta', 'Torre Lamberti']",Palazzo della Ragione,"['Duomo', 'Teatro Romano', 'Museo Miniscalchi', 'Centro Fotografia', 'Sighseeing']",Duomo,"These POIs are within a reasonable walking distance from Palazzo della Ragione and align with the typical tourist patterns, offering a mix of historical and cultural attractions.",True,1.3395955562591553,success
042717121B6785,1,"['Arena', 'Casa Giulietta', 'Tomba Giulietta']",Torre Lamberti,"['Torre Lamberti', 'Palazzo della Ragione', 'Centro Fotografia', 'Sighseeing', 'Arena']",Palazzo della Ragione,"The tourist is currently at Torre Lamberti and the next logical steps would be to visit nearby attractions like Palazzo della Ragione, Centro Fotografia, or Sighseeing. Given the time context, visitin",True,1.4897749423980713,success
042719121B6781,1,"['Arena', 'Castelvecchio', 'Torre Lamberti', 'Casa Giulietta']",Santa Anastasia,"['Santa Anastasia', 'Duomo', 'Palazzo della Ragione', 'Teatro Romano', 'Museo Conte']",Teatro Romano,"The tourist is likely to continue exploring religious and historical sites, with Santa Anastasia being the immediate next stop. The Duomo and Palazzo della Ragione are popular nearby attractions, whil",True,1.5197422504425049,success
042724121B6785,3,"['Arena', 'Casa Giulietta']",Tomba Giulietta,"['Tomba Giulietta', 'Museo Storia', 'San Fermo', 'Verona Tour', 'Castelvecchio']",Castelvecchio,"The tourist is likely to continue exploring related historical and cultural sites in Verona. The short distances to the suggested POIs make them convenient next stops, especially given the time contex",True,1.328704595565796,success
04270F4A216285,6,"['Arena', 'Castelvecchio', 'Santa Anastasia', 'Duomo', 'Teatro Romano', 'Casa Giulietta']",Torre Lamberti,"['Centro Fotografia', 'Palazzo della Ragione', 'Museo Conte', 'Torre Lamberti', 'Sighseeing']",San Fermo,"Given the current time is earlier than usual visiting hours, tourists might be exploring nearby attractions. The short distances to Centro Fotografia and Palazzo della Ragione make them likely choices",False,1.7253828048706055,success
04272C4A216285,6,"['Arena', 'Torre Lamberti', 'Santa Anastasia']",Castelvecchio,"['Casa Giulietta', 'San Zeno', 'Museo Lapidario', 'Verona Tour', 'Palazzo della Ragione']",Duomo,"These points of interest are close in proximity to Castelvecchio, align with typical tourist patterns by including both historical and cultural sites, and are within a reasonable walking distance give",False,1.343247652053833,success
04271D121B6781,3,['Arena'],Casa Giulietta,"['Torre Lamberti', 'Centro Fotografia', 'Sighseeing', 'Museo Conte', 'Palazzo della Ragione']",Santa Anastasia,"These points of interest are closest to Casa Giulietta and within a reasonable walking distance, making them the most likely next stops for tourists. The time context suggests that visitors might want",False,1.4701149463653564,success
0427344A216285,6,"['Castelvecchio', 'Torre Lamberti', 'Santa Anastasia', 'Duomo']",Teatro Romano,"['Teatro Romano', 'Palazzo della Ragione', 'Museo Conte']",Casa Giulietta,"The tourist is currently at the Teatro Romano and it's a popular site to visit. Given the short distances, they are likely to move to nearby attractions like Palazzo della Ragione or Museo Conte next.",False,1.295344352722168,success
042734121B6781,6,"['Arena', 'Casa Giulietta', 'Torre Lamberti', 'Santa Anastasia']",Duomo,"['Duomo', 'Teatro Romano', 'Palazzo della Ragione', 'Museo Miniscalchi', 'AMO']",Castelvecchio,"The tourist is currently at the Duomo and it's a popular stop. Given the short distances, Teatro Romano, Palazzo della Ragione, Museo Miniscalchi, and AMO are also likely options based on typical tour",False,1.4053239822387695,success
042742121B6781,3,"['Casa Giulietta', 'Arena']",Torre Lamberti,"['Centro Fotografia', 'Museo Conte', 'Palazzo della Ragione', 'AMO']",Teatro Romano,"These points of interest are within close proximity to Torre Lamberti, align with typical tourist patterns for exploring historical and cultural sites in Verona, and are slightly further than the alre",False,1.3352749347686768,success
0427454A216285,2,"['Arena', 'San Zeno', 'Torre Lamberti']",Santa Anastasia,"['Santa Anastasia', 'Duomo', 'Palazzo della Ragione', 'Teatro Romano', 'Museo Conte']",Duomo,"The tourist is currently at Santa Anastasia and the next likely destinations are nearby landmarks such as Duomo, Palazzo della Ragione, Teatro Romano, and Museo Conte, considering the short distances ",True,1.474475622177124,success
04273A4A216285,6,"['Arena', 'Casa Giulietta', 'Torre Lamberti']",Duomo,"['Duomo', 'Teatro Romano', 'Palazzo della Ragione', 'Museo Miniscalchi', 'Santa Anastasia']",Santa Anastasia,"The tourist is currently at the Duomo and has visited other major attractions like Arena, Casa Giulietta, and Torre Lamberti. Given the time (15:44), they might be looking for a nearby attraction to v",True,1.8555173873901367,success
042769121B6781,0,['Museo Lapidario'],Castelvecchio,"['Arena', 'Verona Tour', 'San Zeno', 'Museo Miniscalchi', 'Casa Giulietta']",Casa Giulietta,"These POIs are relatively close to Castelvecchio and are popular tourist destinations, aligning with typical visiting patterns.",True,1.098747968673706,success
042761121B6780,6,"['Arena', 'Torre Lamberti', 'Santa Anastasia']",Duomo,"['Duomo', 'Teatro Romano', 'Palazzo della Ragione', 'Museo Miniscalchi', 'AMO']",Castelvecchio,"The tourist is currently at the Duomo and has visited other major landmarks like Arena, Torre Lamberti, and Santa Anastasia. Given the time context (14:49), they are likely to explore nearby attractio",False,1.7630057334899902,success
042762121B6780,6,"['Arena', 'Casa Giulietta']",Santa Anastasia,"['Teatro Romano', 'Duomo', 'Palazzo della Ragione', 'Museo Conte', 'Arena']",Duomo,"These POIs are within a reasonable walking distance from Santa Anastasia and align with typical tourist patterns, including historical and cultural attractions.",True,1.255262851715088,success
04276A121B6780,2,"['Arena', 'San Fermo']",Teatro Romano,"['Santa Anastasia', 'Duomo', 'Palazzo della Ragione', 'Museo Conte', 'Torre Lamberti']",San Zeno,"These POIs are close to the Teatro Romano and are popular tourist destinations in Verona, making them likely next stops for tourists.",False,1.2761003971099854,success
042764121B6780,3,"['Arena', 'Tomba Giulietta']",Torre Lamberti,"['Casa Giulietta', 'Museo Conte', 'Palazzo della Ragione', 'Sighseeing', 'Centro Fotografia']",Santa Anastasia,"These POIs are close to the current location and align with typical tourist interests in Verona, such as visiting famous landmarks like Casa Giulietta and exploring cultural museums.",False,1.3044910430908203,success
04276A121B6781,3,"['Arena', 'Palazzo della Ragione']",Casa Giulietta,"['Torre Lamberti', 'Centro Fotografia', 'Sighseeing', 'Museo Conte', 'Museo Radio']",Santa Anastasia,"These points of interest are close to Casa Giulietta, align with typical tourist patterns by offering a mix of historical and cultural attractions, and are within a reasonable walking distance given t",False,1.2936506271362305,success
042763121B6781,3,['Arena'],Castelvecchio,"['Castelvecchio', 'Museo Lapidario', 'Verona Tour', 'San Zeno', 'Casa Giulietta']",Casa Giulietta,"Given the current location at Castelvecchio and considering the short distances to nearby points of interest, tourists are likely to visit places such as Museo Lapidario, Verona Tour, San Zeno, and Ca",True,1.7046337127685547,success
04276B121B6781,4,"['Arena', 'Museo Storia', 'Teatro Romano', 'Casa Giulietta', 'Tomba Giulietta']",Castelvecchio,"['Castelvecchio', 'Museo Lapidario', 'Verona Tour', 'San Zeno', 'Palazzo della Ragione']",Torre Lamberti,"The Castelvecchio is the current location, and it's a popular site for tourists. The nearby Museo Lapidario and Verona Tour are also likely to be of interest due to their proximity. San Zeno and Palaz",False,1.690199613571167,success
04279F121B6781,1,"['Castelvecchio', 'Arena', 'Torre Lamberti']",Casa Giulietta,"['Arena', 'Casa Giulietta', 'Palazzo della Ragione', 'Museo Conte', 'San Fermo']",Santa Anastasia,"The tourist is likely to continue exploring nearby attractions, with a preference for those within walking distance. The Arena and Casa Giulietta are already visited, but the other suggested points of",False,1.467655897140503,success
042786121B6781,3,['Casa Giulietta'],Arena,"['Arena', 'Verona Tour', 'Museo Lapidario', 'Castelvecchio', 'Tomba Giulietta']",Castelvecchio,"The Arena is the next logical step after visiting Casa Giulietta, given its historical and cultural significance. Verona Tour offers a comprehensive overview of the city, which might be appealing for ",True,1.8959369659423828,success
042789121B6780,6,"['Arena', 'Casa Giulietta', 'Santa Anastasia']",Duomo,"['Duomo', 'Teatro Romano', 'Palazzo della Ragione', 'Museo Miniscalchi', 'AMO']",Torre Lamberti,"The tourist is currently at the Duomo and has visited other major attractions like Arena, Casa Giulietta, and Santa Anastasia. Given the time (14:56), they are likely to explore nearby historical site",False,1.864616870880127,success
0427B94A216281,6,"['Arena', 'Palazzo della Ragione', 'Casa Giulietta']",Santa Anastasia,"['Teatro Romano', 'Duomo', 'Torre Lamberti', 'Museo Conte', 'Centro Fotografia']",Duomo,"These POIs are relatively close to Santa Anastasia and are popular tourist attractions in Verona, aligning with the typical visiting pattern.",True,1.0896427631378174,success
0427B2121B6780,6,"['Torre Lamberti', 'Santa Anastasia', 'Duomo']",Arena,"['Arena', 'Verona Tour', 'Museo Lapidario', 'Casa Giulietta', 'San Fermo']",Castelvecchio,"The tourist is currently at the Arena and it's a popular spot to visit after visiting other historical sites. The nearby Verona Tour and Museo Lapidario are also likely choices given their proximity, ",False,1.621842861175537,success
0427C5121B6780,3,"['Casa Giulietta', 'Arena']",Santa Anastasia,"['Duomo', 'Palazzo della Ragione', 'Teatro Romano', 'Museo Conte', 'Centro Fotografia']",Teatro Romano,"These POIs are within a reasonable walking distance from Santa Anastasia and align with typical tourist interests in Verona, including historical and cultural attractions.",True,1.2239375114440918,success
0427B8121B6781,6,"['Santa Anastasia', 'San Fermo', 'Casa Giulietta', 'Palazzo della Ragione']",Torre Lamberti,"['Torre Lamberti', 'Duomo', 'Arena', 'Teatro Romano', 'Verona Tour']",Duomo,"The tourist is currently at Torre Lamberti and the next logical steps would be to explore nearby major landmarks such as Duomo, Arena, and Teatro Romano. Verona Tour could also be a good option for ad",True,1.449164867401123,success
0427CF121B6780,3,"['Arena', 'Casa Giulietta']",San Fermo,"['Torre Lamberti', 'Museo Conte', 'Palazzo della Ragione', 'Verona Tour', 'Tomba Giulietta']",Tomba Giulietta,"These POIs are within a reasonable walking distance from San Fermo and align with typical tourist interests in Verona, such as historical landmarks and cultural attractions.",True,1.367119312286377,success
0427B8121B6780,3,"['Santa Anastasia', 'Torre Lamberti']",Arena,"['Arena', 'Verona Tour', 'Museo Lapidario', 'Casa Giulietta', 'San Fermo']",San Fermo,"The tourist is currently at the Arena, which is a major attraction in Verona. Given the early time of 12:18, they might want to explore other nearby attractions before the usual visiting hours. The su",True,1.718583345413208,success
0427CF4A216281,3,['Casa Giulietta'],Arena,"['Arena', 'Verona Tour', 'Museo Lapidario', 'Castelvecchio', 'Tomba Giulietta']",Castelvecchio,"The tourist is currently at the Arena and has recently visited Casa Giulietta. Given the proximity of other related sites such as Tomba Giulietta, and considering typical tourist patterns, these locat",True,1.549692153930664,success
0427D1121B6780,0,"['Arena', 'Museo Lapidario']",Castelvecchio,"['Casa Giulietta', 'San Zeno', 'Torre Lamberti', 'Palazzo della Ragione', 'Verona Tour']",Santa Anastasia,"These points of interest are close to Castelvecchio and align with typical tourist patterns, including nearby historical and cultural sites.",False,1.160987138748169,success
0427D04A216281,3,['Casa Giulietta'],Torre Lamberti,"['Centro Fotografia', 'Museo Conte', 'Palazzo della Ragione', 'AMO', 'Museo Miniscalchi']",Arena,"These points of interest are relatively close to Torre Lamberti, making them convenient for a quick visit. The tourist is likely to choose places that are not too far and offer variety in terms of cul",False,1.2744905948638916,success
0427D34A216281,1,"['Casa Giulietta', 'Castelvecchio', 'Arena']",Torre Lamberti,"['Centro Fotografia', 'Museo Conte', 'Palazzo della Ragione', 'AMO', 'Museo Miniscalchi']",Palazzo della Ragione,"These points of interest are relatively close to Torre Lamberti, making them convenient for a quick visit. They also offer cultural experiences that tourists often seek in Verona.",True,1.3865201473236084,success
0427D6121B6780,0,"['Arena', 'Casa Giulietta']",Museo Lapidario,"['Castelvecchio', 'Verona Tour', 'Tomba Giulietta', 'San Fermo', 'Museo Storia']",Tomba Giulietta,"These points of interest are within a reasonable walking distance, align with typical tourist patterns in Verona, and offer historical and cultural attractions that complement the visited sites.",True,1.2476177215576172,success
0427D5121B6780,3,['Arena'],Santa Anastasia,"['Arena', 'Duomo', 'Palazzo della Ragione', 'Teatro Romano', 'Casa Giulietta']",Casa Giulietta,"The tourist is likely to continue exploring nearby historical and cultural sites, given the proximity of these POIs. The Arena has already been visited, but other significant landmarks such as Duomo a",True,1.4919559955596924,success
0427D7121B6780,6,"['Arena', 'Torre Lamberti', 'Duomo', 'Castelvecchio']",Teatro Romano,"['Teatro Romano', 'Santa Anastasia', 'Palazzo della Ragione', 'Museo Conte', 'Giardino Giusti']",Santa Anastasia,"The tourist is currently at the Teatro Romano and has already visited several major attractions. The next likely destinations are nearby points of interest, considering the short distances and typical",True,1.3469462394714355,success
0427D7121B6781,2,"['Casa Giulietta', 'Tomba Giulietta', 'Arena', 'Teatro Romano', 'Torre Lamberti', 'Duomo']",Santa Anastasia,"['Santa Anastasia', 'AMO', 'Museo Conte', 'Palazzo della Ragione', 'Centro Fotografia']",San Zeno,"The tourist is likely to continue exploring nearby historical and cultural sites, given the proximity of Santa Anastasia. AMO, Museo Conte, Palazzo della Ragione, and Centro Fotografia are also close ",False,1.553248405456543,success
0427E0121B6781,2,"['Santa Anastasia', 'Teatro Romano', 'San Fermo', 'Arena', 'San Zeno', 'Castelvecchio']",Palazzo della Ragione,"['Torre Lamberti', 'Museo Conte', 'AMO', 'Centro Fotografia', 'Sighseeing']",Tomba Giulietta,"These points of interest are closest to Palazzo della Ragione and align with typical tourist patterns, offering a mix of cultural and historical attractions.",False,1.2043850421905518,success
0427DF4A216281,6,"['Arena', 'Casa Giulietta', 'Torre Lamberti']",Santa Anastasia,"['Duomo', 'Teatro Romano', 'Palazzo della Ragione', 'Museo Conte', 'Arena']",Duomo,"The tourist is likely to continue exploring major landmarks and attractions in Verona. The Duomo, Teatro Romano, Palazzo della Ragione, Museo Conte, and Arena are all popular sites that fit the time c",True,1.448173999786377,success
0427DB121B6780,4,"['Casa Giulietta', 'Museo Storia', 'Teatro Romano', 'San Zeno']",Castelvecchio,"['Arena', 'Museo Lapidario', 'San Zeno', 'Teatro Romano', 'Verona Tour']",Duomo,"The Arena is a popular tourist attraction and close by. Museo Lapidario, while slightly further, is another historical site that tourists often visit. San Zeno is already visited but might be revisite",False,1.6988024711608887,success
0427DC121B6781,1,['Castelvecchio'],Arena,"['Casa Giulietta', 'Arena', 'Verona Tour', 'Museo Lapidario', 'San Fermo']",Torre Lamberti,"The tourist is likely to visit nearby attractions, with Casa Giulietta being a popular site. The Arena is the current location and may be revisited. Verona Tour could provide more context about the ar",False,1.6370611190795898,success
0427D94A216281,3,['Arena'],San Fermo,"['Casa Giulietta', 'Torre Lamberti', 'Museo Conte', 'Arena', 'Palazzo della Ragione']",Tomba Giulietta,"Given the current time (Sun 14:53) and proximity to Arena, tourists are likely to visit well-known landmarks like Casa Giulietta and Torre Lamberti. Museo Conte is also a popular choice for cultural i",False,1.8256797790527344,success
0427E2121B6781,1,"['Castelvecchio', 'Arena', 'Teatro Romano', 'Casa Giulietta']",Palazzo della Ragione,"['Arena', 'Casa Giulietta', 'Palazzo della Ragione', 'Torre Lamberti', 'AMO']",Torre Lamberti,"The tourist is likely to continue visiting major landmarks and attractions in the area, given their proximity. The Arena and Casa Giulietta are popular stops for tourists, while Palazzo della Ragione ",True,1.624032735824585,success
0427E24A216281,3,['Casa Giulietta'],Torre Lamberti,"['Centro Fotografia', 'Museo Conte', 'Palazzo della Ragione', 'Sighseeing', 'Torre Lamberti']",Arena,"These POIs are close to the current location and align with typical tourist patterns, offering a mix of photography, history, and sightseeing options.",False,1.2338943481445312,success
0427E2121B6780,3,['Arena'],San Fermo,"['Casa Giulietta', 'Torre Lamberti', 'Museo Conte', 'Arena', 'Verona Tour']",Casa Giulietta,"Given the current time (15:22) and proximity to the Arena, tourists are likely to visit well-known landmarks like Casa Giulietta and Torre Lamberti. The Museo Conte is also a popular choice for visito",True,1.8112990856170654,success
0427E34A216281,6,"['Casa Giulietta', 'Palazzo della Ragione', 'Torre Lamberti', 'Santa Anastasia', 'Duomo']",Castelvecchio,"['Arena', 'Museo Lapidario', 'San Zeno', 'Castelvecchio', 'Verona Tour']",Arena,"The Arena is a popular tourist attraction and is close by. The Museo Lapidario, San Zeno, and Castelvecchio are also nearby and well-known sites. Verona Tour might be suggested for guided information ",True,1.4642112255096436,success
0427E4121B6780,2,"['Arena', 'Castelvecchio', 'San Zeno', 'Santa Anastasia', 'Duomo']",Teatro Romano,"['Teatro Romano', 'AMO', 'Palazzo della Ragione', 'Museo Conte', 'Centro Fotografia']",Torre Lamberti,"The tourist is currently at the Teatro Romano and it's close to other cultural attractions like AMO, Palazzo della Ragione, Museo Conte, and Centro Fotografia. These places are popular among tourists ",False,1.5228376388549805,success
0427E5121B6780,2,"['Arena', 'Castelvecchio', 'Torre Lamberti', 'Santa Anastasia']",Duomo,"['Duomo', 'Teatro Romano', 'Palazzo della Ragione', 'Museo Miniscalchi', 'AMO']",San Zeno,"The tourist is currently at the Duomo and it's a popular site to visit. Given the time, they might want to continue their tour nearby. The suggested POIs are within reasonable walking distance and ali",False,1.507875919342041,success
0427E8121B6780,2,"['Casa Giulietta', 'Arena', 'Castelvecchio', 'San Fermo', 'Santa Anastasia']",San Zeno,"['San Zeno', 'Verona Tour', 'Museo Lapidario', 'Torre Lamberti', 'Palazzo della Ragione']",Torre Lamberti,"The tourist is currently at San Zeno and the next likely destination would be nearby points of interest. Considering the time context, distances, and typical tourist patterns, these locations are well",True,1.393848180770874,success
0428064A216285,1,"['Arena', 'Castelvecchio']",Torre Lamberti,"['Casa Giulietta', 'Arena', 'Palazzo della Ragione', 'Museo Conte', 'Sighseeing']",Palazzo della Ragione,"These POIs are close to the current location, popular among tourists, and align with the usual visiting pattern.",True,1.0896854400634766,success
0428074A216285,1,"['Arena', 'Casa Giulietta']",Torre Lamberti,"['Centro Fotografia', 'Museo Conte', 'Palazzo della Ragione', 'Sighseeing', 'Arena']",Castelvecchio,"These POIs are relatively close to Torre Lamberti, align with typical tourist interests in Verona, and the time context suggests a leisurely visit.",False,1.1462633609771729,success
0427ED121B6780,3,['Arena'],Casa Giulietta,"['Torre Lamberti', 'Centro Fotografia', 'Sighseeing', 'Museo Conte', 'Palazzo della Ragione']",Santa Anastasia,"These POIs are closest to Casa Giulietta and within a reasonable walking distance, making them the most likely next stops for tourists. The time context suggests that visitors might want to explore ne",False,1.4000442028045654,success
0427FE121B6781,3,['Teatro Romano'],Santa Anastasia,"['Museo Conte', 'Palazzo della Ragione', 'Duomo', 'Torre Lamberti', 'Centro Fotografia']",Castelvecchio,"These points of interest are relatively close to Santa Anastasia and are popular tourist destinations in Verona, making them likely next stops based on typical tourist behavior and available time.",False,1.333143711090088,success
042819121B6781,1,"['Arena', 'Castelvecchio', 'Torre Lamberti', 'Casa Giulietta']",Santa Anastasia,"['Palazzo della Ragione', 'Duomo', 'Teatro Romano', 'Museo Conte', 'AMO']",Teatro Romano,"These points of interest are within close proximity to Santa Anastasia and align with typical tourist patterns, including cultural and historical sites.",True,1.127439260482788,success
04281D121B6781,6,"['Arena', 'Casa Giulietta']",Santa Anastasia,"['Teatro Romano', 'Duomo', 'Palazzo della Ragione', 'Museo Conte', 'Centro Fotografia']",Duomo,"These POIs are relatively close to Santa Anastasia and are popular tourist destinations in Verona, aligning with the typical visiting pattern.",True,1.1599864959716797,success
0428224A216285,3,"['Arena', 'Torre Lamberti']",Santa Anastasia,"['Museo Conte', 'Palazzo della Ragione', 'Teatro Romano', 'Duomo', 'Centro Fotografia']",Casa Giulietta,"These POIs are relatively close to Santa Anastasia and are popular tourist destinations in Verona, aligning with typical visiting patterns.",False,1.0495855808258057,success
0428094A216285,3,['Torre Lamberti'],Arena,"['Casa Giulietta', 'Arena', 'Verona Tour', 'Museo Lapidario', 'San Fermo']",Tomba Giulietta,"The tourist is likely to visit Casa Giulietta due to its popularity and proximity. The Arena, being the next closest POI, might be their next stop for a tour or sightseeing. Verona Tour could offer gu",False,1.9315543174743652,success
04282D121B6781,6,"['Arena', 'Santa Anastasia', 'Duomo']",Casa Giulietta,"['Torre Lamberti', 'Centro Fotografia', 'Sighseeing', 'Museo Conte', 'Museo Radio']",San Fermo,"These points of interest are closest to Casa Giulietta and align with typical tourist patterns, offering a mix of cultural and photographic opportunities.",False,0.9929533004760742,success
042825121B6785,1,"['Arena', 'Santa Anastasia']",Torre Lamberti,"['Casa Giulietta', 'Museo Conte', 'Palazzo della Ragione', 'Arena', 'Duomo']",Palazzo della Ragione,"These POIs are close to the current location and align with typical tourist interests in Verona, such as historical and cultural sites.",True,1.2163281440734863,success
042821121B6781,6,['Santa Anastasia'],Duomo,"['Duomo', 'Teatro Romano', 'Palazzo della Ragione', 'Museo Miniscalchi', 'AMO']",Torre Lamberti,"The tourist is currently at the Duomo and has visited Santa Anastasia. Given the short distances, these sites are likely to be of interest. The nearby Teatro Romano, Palazzo della Ragione, Museo Minis",False,1.7306830883026123,success
042822121B6785,6,['Casa Giulietta'],Arena,"['Arena', 'Verona Tour', 'Museo Lapidario', 'Castelvecchio', 'Tomba Giulietta']",Duomo,"The tourist is currently at the Arena and has recently visited Casa Giulietta. Given the proximity of other related sites such as Tomba Giulietta, and considering typical tourist patterns, these locat",False,1.6391782760620117,success
04282D4A216285,1,"['Santa Anastasia', 'Torre Lamberti', 'Palazzo della Ragione', 'Casa Giulietta', 'Arena', 'Castelvecchio']",Teatro Romano,"['Arena', 'Castelvecchio', 'Duomo', 'Museo Conte', 'Giardino Giusti']",San Fermo,"The tourist is likely to continue visiting major landmarks such as the Arena and Castelvecchio. The nearby Duomo, Museo Conte, and Giardini Giusti are also popular attractions within a reasonable walk",False,1.3231377601623535,success
04282C121B6781,1,"['Arena', 'Castelvecchio']",Casa Giulietta,"['Torre Lamberti', 'Centro Fotografia', 'Sighseeing', 'Museo Conte', 'Palazzo della Ragione']",Torre Lamberti,"These points of interest are closest to Casa Giulietta and within a reasonable walking distance, making them the most likely next stops for tourists based on time context and typical tourist behavior.",True,1.5540246963500977,success
042834121B6781,6,"['Arena', 'Casa Giulietta', 'Torre Lamberti']",Santa Anastasia,"['Museo Conte', 'Palazzo della Ragione', 'Teatro Romano', 'Duomo', 'Centro Fotografia']",Duomo,"These points of interest are relatively close to Santa Anastasia and are popular tourist destinations in Verona, aligning with typical visiting patterns.",True,0.9193875789642334,success
0428104A216285,6,"['Arena', 'Casa Giulietta', 'Torre Lamberti']",Duomo,"['Duomo', 'Teatro Romano', 'Palazzo della Ragione', 'Museo Miniscalchi', 'Santa Anastasia']",Castelvecchio,"The tourist is currently at the Duomo and has visited other major attractions like Arena, Casa Giulietta, and Torre Lamberti. Given the time (13:38) which is close to lunchtime, they might be looking ",False,2.551124095916748,success
042824121B6785,3,"['Arena', 'Casa Giulietta', 'Tomba Giulietta']",Castelvecchio,"['Castelvecchio', 'Museo Lapidario', 'Verona Tour', 'San Zeno', 'Palazzo della Ragione']",San Fermo,"The tourist is likely to continue exploring historical and cultural sites in Verona. Castelvecchio is the current location, so it makes sense to stay nearby. Museo Lapidario and Verona Tour are close ",False,1.8773903846740723,success
04282E4A216285,6,"['Casa Giulietta', 'Torre Lamberti', 'Arena', 'Castelvecchio']",Duomo,"['Duomo', 'Santa Anastasia', 'Teatro Romano', 'Palazzo della Ragione', 'Museo Conte']",Teatro Romano,"The tourist is currently at the Duomo and it's a popular site to visit. Given the short distances, Santa Anastasia, Teatro Romano, Palazzo della Ragione, and Museo Conte are also likely destinations b",True,1.5165436267852783,success
